ts_recv_utc,bid,ask,spread,msg_seq
2026-09-11T17:28:39.672+00:00,4367.07,4367.2,0.13,4
2026-09-11T17:28:39.724+00:00,4367.03,4367.15,0.12,4
2026-09-11T17:28:39.972+00:00,4366.91,4367.02,0.11,4
2026-09-11T17:28:40.425+00:00,4367.36,4367.48,0.12,4
2026-09-11T17:28:40.651+00:00,4367.4,4367.48,0.08,4
2026-09-11T17:28:40.874+00:00,4367.41,4367.49,0.08,4
2026-09-11T17:28:41.099+00:00,4367.4,4367.51,0.11,4
2026-09-11T17:28:41.325+00:00,4367.07,4367.19,0.12,4
2026-09-11T17:28:41.552+00:00,4367.13,4367.25,0.12,4
2026-09-11T17:28:41.774+00:00,4367.14,4367.23,0.09,4
2026-09-11T17:28:42.002+00:00,4367.11,4367.2,0.09,4
2026-09-11T17:28:42.226+00:00,4367.3,4367.4,0.1,4
2026-09-11T17:28:42.588+00:00,4367.08,4367.18,0.1,4
2026-09-11T17:28:42.811+00:00,4367.03,4367.14,0.11,4
2026-09-11T17:28:43.036+00:00,4367.08,4367.21,0.13,4
2026-09-11T17:28:43.412+00:00,4367.08,4367.2,0.12,4
2026-09-11T17:28:43.713+00:00,4367.07,4367.18,0.11,4
2026-09-11T17:28:43.938+00:00,4366.99,4367.08,0.09,4
2026-09-11T17:28:44.239+00:00,4367.08,4367.18,0.1,4
2026-09-11T17:28:44.464+00:00,4367.05,4367.17,0.12,4
2026-09-11T17:28:44.688+00:00,4367.26,4367.37,0.11,4
2026-09-11T17:28:44.913+00:00,4367.59,4367.69,0.1,4
2026-09-11T17:28:45.145+00:00,4367.56,4367.64,0.08,4
2026-09-11T17:28:45.364+00:00,4367.58,4367.66,0.08,4
2026-09-11T17:28:45.741+00:00,4367.67,4367.77,0.1,4
2026-09-11T17:28:45.966+00:00,4368.02,4368.13,0.11,4
2026-09-11T17:28:46.188+00:00,4367.92,4368.01,0.09,4
2026-09-11T17:28:46.414+00:00,4367.94,4368.03,0.09,4
2026-09-11T17:28:46.639+00:00,4367.96,4368.06,0.1,4
2026-09-11T17:28:46.864+00:00,4367.99,4368.09,0.1,4
2026-09-11T17:28:47.318+00:00,4367.76,4367.87,0.11,4
2026-09-11T17:28:47.543+00:00,4368.12,4368.22,0.1,4
2026-09-11T17:28:47.919+00:00,4367.82,4367.92,0.1,4
2026-09-11T17:28:48.367+00:00,4367.84,4367.94,0.1,4
2026-09-11T17:28:48.594+00:00,4367.68,4367.79,0.11,4
2026-09-11T17:28:48.819+00:00,4367.62,4367.72,0.1,4
2026-09-11T17:28:49.049+00:00,4367.65,4367.75,0.1,4
2026-09-11T17:28:49.269+00:00,4367.69,4367.8,0.11,4
2026-09-11T17:28:49.494+00:00,4367.73,4367.85,0.12,4
2026-09-11T17:28:49.740+00:00,4367.72,4367.83,0.11,4
2026-09-11T17:28:50.019+00:00,4367.72,4367.85,0.13,4
2026-09-11T17:28:50.244+00:00,4367.75,4367.87,0.12,4
2026-09-11T17:28:50.552+00:00,4367.71,4367.82,0.11,4
2026-09-11T17:28:50.791+00:00,4367.81,4367.93,0.12,4
2026-09-11T17:28:51.017+00:00,4368.04,4368.13,0.09,4
2026-09-11T17:28:51.257+00:00,4368.01,4368.1,0.09,4
2026-09-11T17:28:51.467+00:00,4367.99,4368.09,0.1,4
2026-09-11T17:28:51.692+00:00,4367.82,4367.93,0.11,4
2026-09-11T17:28:51.916+00:00,4367.8,4367.91,0.11,4
2026-09-11T17:28:52.140+00:00,4367.79,4367.91,0.12,4
2026-09-11T17:28:52.367+00:00,4367.78,4367.91,0.13,4
2026-09-11T17:28:52.743+00:00,4367.79,4367.92,0.13,4
2026-09-11T17:28:52.998+00:00,4367.81,4367.93,0.12,4
2026-09-11T17:28:53.221+00:00,4367.87,4367.99,0.12,4
2026-09-11T17:28:53.741+00:00,4367.86,4367.99,0.13,4
2026-09-11T17:28:53.990+00:00,4367.87,4367.99,0.12,4
2026-09-11T17:28:54.208+00:00,4367.95,4368.07,0.12,4
2026-09-11T17:28:54.432+00:00,4368.0,4368.11,0.11,4
2026-09-11T17:28:54.658+00:00,4368.26,4368.37,0.11,4
2026-09-11T17:28:54.882+00:00,4368.36,4368.48,0.12,4
2026-09-11T17:28:55.182+00:00,4368.25,4368.36,0.11,4
2026-09-11T17:28:55.407+00:00,4368.04,4368.14,0.1,4
2026-09-11T17:28:55.728+00:00,4367.77,4367.87,0.1,4
2026-09-11T17:28:55.952+00:00,4367.68,4367.79,0.11,4
2026-09-11T17:28:56.179+00:00,4367.65,4367.76,0.11,4
2026-09-11T17:28:56.406+00:00,4366.87,4366.99,0.12,4
2026-09-11T17:28:56.628+00:00,4366.62,4366.73,0.11,4
2026-09-11T17:28:56.854+00:00,4366.56,4366.66,0.1,4
2026-09-11T17:28:57.078+00:00,4366.59,4366.7,0.11,4
2026-09-11T17:28:57.308+00:00,4366.57,4366.69,0.12,4
2026-09-11T17:28:57.530+00:00,4366.61,4366.71,0.1,4
2026-09-11T17:28:57.741+00:00,4366.57,4366.67,0.1,4
2026-09-11T17:28:57.985+00:00,4366.47,4366.58,0.11,4
2026-09-11T17:28:58.207+00:00,4366.48,4366.6,0.12,4
2026-09-11T17:28:58.430+00:00,4366.44,4366.56,0.12,4
2026-09-11T17:28:58.655+00:00,4366.45,4366.55,0.1,4
2026-09-11T17:28:58.966+00:00,4366.46,4366.54,0.08,4
2026-09-11T17:28:59.271+00:00,4366.77,4366.85,0.08,4
2026-09-11T17:28:59.646+00:00,4366.83,4366.94,0.11,4
2026-09-11T17:29:00.097+00:00,4366.81,4366.94,0.13,4
2026-09-11T17:29:00.320+00:00,4366.8,4366.93,0.13,4
2026-09-11T17:29:00.851+00:00,4366.95,4367.08,0.13,4
2026-09-11T17:29:01.071+00:00,4366.92,4367.04,0.12,4
2026-09-11T17:29:01.296+00:00,4366.95,4367.07,0.12,4
2026-09-11T17:29:01.522+00:00,4366.69,4366.81,0.12,4
2026-09-11T17:29:01.740+00:00,4366.71,4366.84,0.13,4
2026-09-11T17:29:01.971+00:00,4366.56,4366.68,0.12,4
2026-09-11T17:29:02.198+00:00,4366.39,4366.49,0.1,4
2026-09-11T17:29:02.421+00:00,4366.39,4366.47,0.08,4
2026-09-11T17:29:02.646+00:00,4366.46,4366.55,0.09,4
2026-09-11T17:29:02.872+00:00,4366.64,4366.72,0.08,4
2026-09-11T17:29:03.097+00:00,4366.66,4366.76,0.1,4
2026-09-11T17:29:03.321+00:00,4366.7,4366.81,0.11,4
2026-09-11T17:29:03.547+00:00,4366.71,4366.84,0.13,4
2026-09-11T17:29:03.772+00:00,4366.75,4366.88,0.13,4
2026-09-11T17:29:04.074+00:00,4366.85,4366.96,0.11,4
2026-09-11T17:29:04.302+00:00,4367.02,4367.12,0.1,4
2026-09-11T17:29:04.525+00:00,4367.03,4367.14,0.11,4
2026-09-11T17:29:04.742+00:00,4367.04,4367.15,0.11,4
2026-09-11T17:29:05.050+00:00,4367.1,4367.21,0.11,5
2026-09-11T17:29:05.276+00:00,4366.98,4367.1,0.12,5
2026-09-11T17:29:05.727+00:00,4367.08,4367.21,0.13,5
2026-09-11T17:29:06.087+00:00,4367.0,4367.12,0.12,5
2026-09-11T17:29:06.311+00:00,4366.85,4366.96,0.11,5
2026-09-11T17:29:06.537+00:00,4366.65,4366.75,0.1,5
2026-09-11T17:29:06.739+00:00,4366.53,4366.63,0.1,5
2026-09-11T17:29:06.988+00:00,4366.14,4366.24,0.1,5
2026-09-11T17:29:07.211+00:00,4366.43,4366.53,0.1,5
2026-09-11T17:29:07.437+00:00,4366.36,4366.47,0.11,5
2026-09-11T17:29:07.738+00:00,4366.2,4366.3,0.1,5
2026-09-11T17:29:07.963+00:00,4366.39,4366.49,0.1,5
2026-09-11T17:29:08.186+00:00,4366.38,4366.49,0.11,5
2026-09-11T17:29:08.414+00:00,4366.16,4366.27,0.11,5
2026-09-11T17:29:08.636+00:00,4366.38,4366.47,0.09,5
2026-09-11T17:29:08.861+00:00,4366.4,4366.49,0.09,5
2026-09-11T17:29:09.086+00:00,4366.45,4366.55,0.1,5
2026-09-11T17:29:09.311+00:00,4366.49,4366.59,0.1,5
2026-09-11T17:29:09.540+00:00,4366.43,4366.53,0.1,5
2026-09-11T17:29:09.739+00:00,4366.34,4366.44,0.1,5
2026-09-11T17:29:09.991+00:00,4366.44,4366.55,0.11,5
2026-09-11T17:29:10.212+00:00,4366.31,4366.43,0.12,5
2026-09-11T17:29:10.438+00:00,4366.35,4366.46,0.11,5
2026-09-11T17:29:10.737+00:00,4366.07,4366.19,0.12,5
2026-09-11T17:29:10.971+00:00,4366.06,4366.18,0.12,5
2026-09-11T17:29:11.335+00:00,4366.13,4366.24,0.11,5
2026-09-11T17:29:11.562+00:00,4366.42,4366.54,0.12,5
2026-09-11T17:29:11.793+00:00,4366.24,4366.37,0.13,5
2026-09-11T17:29:12.013+00:00,4366.52,4366.63,0.11,5
2026-09-11T17:29:12.238+00:00,4366.6,4366.71,0.11,5
2026-09-11T17:29:12.464+00:00,4366.22,4366.35,0.13,5
2026-09-11T17:29:12.696+00:00,4366.66,4366.79,0.13,5
2026-09-11T17:29:12.914+00:00,4366.75,4366.86,0.11,5
2026-09-11T17:29:13.138+00:00,4366.73,4366.82,0.09,5
2026-09-11T17:29:13.364+00:00,4366.7,4366.82,0.12,5
2026-09-11T17:29:13.664+00:00,4366.61,4366.74,0.13,5
2026-09-11T17:29:13.890+00:00,4366.5,4366.63,0.13,5
2026-09-11T17:29:14.117+00:00,4366.51,4366.63,0.12,5
2026-09-11T17:29:14.412+00:00,4366.6,4366.72,0.12,5
2026-09-11T17:29:14.637+00:00,4366.72,4366.83,0.11,5
2026-09-11T17:29:14.864+00:00,4366.93,4367.02,0.09,5
2026-09-11T17:29:15.089+00:00,4366.71,4366.8,0.09,5
2026-09-11T17:29:15.314+00:00,4366.66,4366.76,0.1,5
2026-09-11T17:29:15.537+00:00,4366.62,4366.73,0.11,5
2026-09-11T17:29:15.742+00:00,4366.63,4366.76,0.13,5
2026-09-11T17:29:15.989+00:00,4366.61,4366.74,0.13,5
2026-09-11T17:29:16.290+00:00,4366.6,4366.72,0.12,5
2026-09-11T17:29:16.664+00:00,4366.6,4366.71,0.11,5
2026-09-11T17:29:16.888+00:00,4366.61,4366.71,0.1,5
2026-09-11T17:29:17.114+00:00,4366.51,4366.63,0.12,5
2026-09-11T17:29:17.413+00:00,4366.49,4366.62,0.13,5
2026-09-11T17:29:17.640+00:00,4366.9,4367.03,0.13,5
2026-09-11T17:29:18.015+00:00,4366.55,4366.68,0.13,5
2026-09-11T17:29:18.314+00:00,4366.93,4367.05,0.12,5
2026-09-11T17:29:18.539+00:00,4366.98,4367.1,0.12,5
2026-09-11T17:29:18.739+00:00,4367.09,4367.19,0.1,5
2026-09-11T17:29:18.989+00:00,4367.09,4367.18,0.09,5
2026-09-11T17:29:19.214+00:00,4367.04,4367.14,0.1,5
2026-09-11T17:29:19.439+00:00,4367.0,4367.09,0.09,5
2026-09-11T17:29:19.665+00:00,4367.06,4367.17,0.11,5
2026-09-11T17:29:19.892+00:00,4367.11,4367.21,0.1,5
2026-09-11T17:29:20.114+00:00,4367.06,4367.18,0.12,5
2026-09-11T17:29:20.338+00:00,4367.08,4367.19,0.11,5
2026-09-11T17:29:20.566+00:00,4366.7,4366.81,0.11,5
2026-09-11T17:29:20.795+00:00,4366.49,4366.6,0.11,5
2026-09-11T17:29:21.018+00:00,4366.48,4366.59,0.11,5
2026-09-11T17:29:21.491+00:00,4366.49,4366.6,0.11,5
2026-09-11T17:29:21.693+00:00,4366.6,4366.72,0.12,5
2026-09-11T17:29:21.928+00:00,4366.52,4366.63,0.11,5
2026-09-11T17:29:22.146+00:00,4366.8,4366.91,0.11,5
2026-09-11T17:29:22.373+00:00,4366.49,4366.6,0.11,5
2026-09-11T17:29:22.672+00:00,4366.57,4366.68,0.11,5
2026-09-11T17:29:22.897+00:00,4366.53,4366.63,0.1,5
2026-09-11T17:29:23.214+00:00,4366.54,4366.65,0.11,5
2026-09-11T17:29:23.426+00:00,4366.55,4366.67,0.12,5
2026-09-11T17:29:23.726+00:00,4366.96,4367.08,0.12,5
2026-09-11T17:29:23.950+00:00,4366.94,4367.05,0.11,5
2026-09-11T17:29:24.173+00:00,4366.97,4367.09,0.12,5
2026-09-11T17:29:24.550+00:00,4367.02,4367.13,0.11,5
2026-09-11T17:29:24.797+00:00,4367.03,4367.14,0.11,5
2026-09-11T17:29:25.022+00:00,4367.06,4367.17,0.11,5
2026-09-11T17:29:25.247+00:00,4367.06,4367.18,0.12,5
2026-09-11T17:29:25.704+00:00,4367.02,4367.14,0.12,5
2026-09-11T17:29:25.929+00:00,4366.9,4367.02,0.12,5
2026-09-11T17:29:26.382+00:00,4366.49,4366.6,0.11,5
2026-09-11T17:29:26.606+00:00,4366.87,4366.96,0.09,5
2026-09-11T17:29:26.835+00:00,4366.9,4366.98,0.08,5
2026-09-11T17:29:27.128+00:00,4366.96,4367.05,0.09,5
2026-09-11T17:29:27.353+00:00,4366.95,4367.06,0.11,5
2026-09-11T17:29:27.579+00:00,4366.94,4367.07,0.13,5
2026-09-11T17:29:28.039+00:00,4366.63,4366.76,0.13,5
2026-09-11T17:29:28.264+00:00,4366.64,4366.77,0.13,5
2026-09-11T17:29:28.563+00:00,4367.07,4367.18,0.11,5
2026-09-11T17:29:28.786+00:00,4366.69,4366.8,0.11,5
2026-09-11T17:29:29.087+00:00,4366.68,4366.79,0.11,5
2026-09-11T17:29:29.316+00:00,4366.63,4366.74,0.11,5
2026-09-11T17:29:29.688+00:00,4366.58,4366.67,0.09,5
2026-09-11T17:29:29.915+00:00,4366.53,4366.64,0.11,6
2026-09-11T17:29:30.139+00:00,4366.64,4366.75,0.11,6
2026-09-11T17:29:30.363+00:00,4366.59,4366.7,0.11,6
2026-09-11T17:29:30.590+00:00,4366.65,4366.77,0.12,6
2026-09-11T17:29:30.813+00:00,4366.89,4367.01,0.12,6
2026-09-11T17:29:31.038+00:00,4366.6,4366.72,0.12,6
2026-09-11T17:29:31.413+00:00,4366.53,4366.66,0.13,6
2026-09-11T17:29:31.638+00:00,4366.64,4366.77,0.13,6
2026-09-11T17:29:31.867+00:00,4366.67,4366.79,0.12,6
2026-09-11T17:29:32.163+00:00,4366.72,4366.82,0.1,6
2026-09-11T17:29:32.388+00:00,4366.66,4366.76,0.1,6
2026-09-11T17:29:32.613+00:00,4366.69,4366.8,0.11,6
2026-09-11T17:29:32.838+00:00,4366.81,4366.92,0.11,6
2026-09-11T17:29:33.138+00:00,4366.84,4366.93,0.09,6
2026-09-11T17:29:33.363+00:00,4366.82,4366.92,0.1,6
2026-09-11T17:29:33.588+00:00,4366.84,4366.95,0.11,6
2026-09-11T17:29:33.813+00:00,4367.09,4367.21,0.12,6
2026-09-11T17:29:34.112+00:00,4367.02,4367.15,0.13,6
2026-09-11T17:29:34.337+00:00,4366.93,4367.06,0.13,6
2026-09-11T17:29:34.564+00:00,4367.02,4367.13,0.11,6
2026-09-11T17:29:34.787+00:00,4367.1,4367.2,0.1,6
2026-09-11T17:29:35.014+00:00,4367.12,4367.22,0.1,6
2026-09-11T17:29:35.239+00:00,4367.12,4367.23,0.11,6
2026-09-11T17:29:35.465+00:00,4367.18,4367.29,0.11,6
2026-09-11T17:29:35.690+00:00,4367.14,4367.25,0.11,6
2026-09-11T17:29:35.914+00:00,4367.19,4367.31,0.12,6
2026-09-11T17:29:36.224+00:00,4367.18,4367.31,0.13,6
2026-09-11T17:29:36.440+00:00,4367.25,4367.36,0.11,6
2026-09-11T17:29:36.740+00:00,4367.21,4367.33,0.12,6
2026-09-11T17:29:36.967+00:00,4367.18,4367.31,0.13,6
2026-09-11T17:29:37.265+00:00,4367.22,4367.33,0.11,6
2026-09-11T17:29:37.489+00:00,4367.26,4367.36,0.1,6
2026-09-11T17:29:37.715+00:00,4367.25,4367.35,0.1,6
2026-09-11T17:29:37.943+00:00,4367.3,4367.41,0.11,6
2026-09-11T17:29:38.168+00:00,4367.38,4367.49,0.11,6
2026-09-11T17:29:38.469+00:00,4367.45,4367.56,0.11,6
2026-09-11T17:29:38.740+00:00,4367.39,4367.51,0.12,6
2026-09-11T17:29:39.143+00:00,4367.41,4367.53,0.12,6
2026-09-11T17:29:39.370+00:00,4367.38,4367.51,0.13,6
2026-09-11T17:29:39.593+00:00,4367.42,4367.55,0.13,6
2026-09-11T17:29:39.892+00:00,4367.45,4367.57,0.12,6
2026-09-11T17:29:40.118+00:00,4367.38,4367.5,0.12,6
2026-09-11T17:29:40.343+00:00,4367.44,4367.56,0.12,6
2026-09-11T17:29:40.568+00:00,4367.39,4367.52,0.13,6
2026-09-11T17:29:40.793+00:00,4367.13,4367.25,0.12,6
2026-09-11T17:29:41.092+00:00,4366.94,4367.07,0.13,6
2026-09-11T17:29:41.318+00:00,4366.9,4367.02,0.12,6
2026-09-11T17:29:41.549+00:00,4366.73,4366.85,0.12,6
2026-09-11T17:29:41.770+00:00,4366.7,4366.81,0.11,6
2026-09-11T17:29:41.994+00:00,4366.83,4366.94,0.11,6
2026-09-11T17:29:42.220+00:00,4366.73,4366.83,0.1,6
2026-09-11T17:29:42.443+00:00,4366.74,4366.85,0.11,6
2026-09-11T17:29:42.767+00:00,4366.75,4366.86,0.11,6
2026-09-11T17:29:42.991+00:00,4366.72,4366.83,0.11,6
2026-09-11T17:29:43.220+00:00,4366.71,4366.84,0.13,6
2026-09-11T17:29:43.441+00:00,4366.73,4366.86,0.13,6
2026-09-11T17:29:43.669+00:00,4366.73,4366.84,0.11,6
2026-09-11T17:29:43.891+00:00,4366.78,4366.88,0.1,6
2026-09-11T17:29:44.416+00:00,4366.79,4366.9,0.11,6
2026-09-11T17:29:44.737+00:00,4366.78,4366.91,0.13,6
2026-09-11T17:29:45.112+00:00,4366.74,4366.86,0.12,6
2026-09-11T17:29:45.339+00:00,4366.8,4366.92,0.12,6
2026-09-11T17:29:45.564+00:00,4366.82,4366.92,0.1,6
2026-09-11T17:29:46.013+00:00,4366.84,4366.94,0.1,6
2026-09-11T17:29:46.241+00:00,4366.92,4367.02,0.1,6
2026-09-11T17:29:46.466+00:00,4366.95,4367.05,0.1,6
2026-09-11T17:29:46.689+00:00,4366.88,4366.99,0.11,6
2026-09-11T17:29:46.914+00:00,4366.89,4367.01,0.12,6
2026-09-11T17:29:47.139+00:00,4366.91,4367.03,0.12,6
2026-09-11T17:29:47.363+00:00,4366.94,4367.05,0.11,6
2026-09-11T17:29:47.670+00:00,4366.9,4367.03,0.13,6
2026-09-11T17:29:47.888+00:00,4366.94,4367.05,0.11,6
2026-09-11T17:29:48.212+00:00,4366.96,4367.06,0.1,6
2026-09-11T17:29:48.513+00:00,4367.05,4367.15,0.1,6
2026-09-11T17:29:48.740+00:00,4367.02,4367.12,0.1,6
2026-09-11T17:29:48.960+00:00,4366.93,4367.04,0.11,6
2026-09-11T17:29:49.187+00:00,4366.97,4367.09,0.12,6
2026-09-11T17:29:49.411+00:00,4366.95,4367.07,0.12,6
2026-09-11T17:29:49.637+00:00,4366.9,4367.01,0.11,6
2026-09-11T17:29:49.935+00:00,4366.93,4367.05,0.12,6
2026-09-11T17:29:50.163+00:00,4367.26,4367.38,0.12,6
2026-09-11T17:29:50.391+00:00,4367.02,4367.13,0.11,6
2026-09-11T17:29:50.613+00:00,4367.25,4367.36,0.11,6
2026-09-11T17:29:50.914+00:00,4367.26,4367.37,0.11,6
2026-09-11T17:29:51.140+00:00,4367.28,4367.39,0.11,6
2026-09-11T17:29:51.363+00:00,4367.34,4367.44,0.1,6
2026-09-11T17:29:51.590+00:00,4367.38,4367.49,0.11,6
2026-09-11T17:29:51.816+00:00,4367.36,4367.49,0.13,6
2026-09-11T17:29:52.047+00:00,4367.42,4367.54,0.12,6
2026-09-11T17:29:52.266+00:00,4367.44,4367.55,0.11,6
2026-09-11T17:29:52.740+00:00,4367.46,4367.58,0.12,6
2026-09-11T17:29:53.041+00:00,4367.48,4367.61,0.13,6
2026-09-11T17:29:53.245+00:00,4367.5,4367.62,0.12,6
2026-09-11T17:29:53.485+00:00,4367.47,4367.59,0.12,6
2026-09-11T17:29:53.711+00:00,4367.12,4367.23,0.11,6
2026-09-11T17:29:53.935+00:00,4367.21,4367.3,0.09,6
2026-09-11T17:29:54.161+00:00,4366.94,4367.05,0.11,6
2026-09-11T17:29:54.386+00:00,4366.93,4367.06,0.13,6
2026-09-11T17:29:54.620+00:00,4366.76,4366.88,0.12,6
2026-09-11T17:29:54.839+00:00,4366.74,4366.86,0.12,6
2026-09-11T17:29:55.065+00:00,4366.86,4366.96,0.1,7
2026-09-11T17:29:55.376+00:00,4366.85,4366.94,0.09,7
2026-09-11T17:29:55.602+00:00,4366.77,4366.85,0.08,7
2026-09-11T17:29:55.826+00:00,4366.87,4366.95,0.08,7
2026-09-11T17:29:56.126+00:00,4366.83,4366.94,0.11,7
2026-09-11T17:29:56.352+00:00,4366.79,4366.91,0.12,7
2026-09-11T17:29:56.578+00:00,4367.0,4367.11,0.11,7
2026-09-11T17:29:56.876+00:00,4366.99,4367.07,0.08,7
2026-09-11T17:29:57.187+00:00,4366.95,4367.03,0.08,7
2026-09-11T17:29:57.411+00:00,4366.71,4366.8,0.09,7
2026-09-11T17:29:57.710+00:00,4366.7,4366.81,0.11,7
2026-09-11T17:29:57.936+00:00,4367.23,4367.33,0.1,7
2026-09-11T17:29:58.163+00:00,4367.1,4367.19,0.09,7
2026-09-11T17:29:58.385+00:00,4367.17,4367.27,0.1,7
2026-09-11T17:29:58.611+00:00,4367.16,4367.26,0.1,7
2026-09-11T17:29:58.836+00:00,4367.19,4367.29,0.1,7
2026-09-11T17:29:59.762+00:00,4367.22,4367.32,0.1,7
2026-09-11T17:29:59.980+00:00,4367.18,4367.28,0.1,7
2026-09-11T17:30:00.217+00:00,4367.28,4367.4,0.12,7
2026-09-11T17:30:00.516+00:00,4367.1,4367.22,0.12,7
2026-09-11T17:30:00.746+00:00,4366.96,4367.08,0.12,7
2026-09-11T17:30:00.964+00:00,4366.83,4366.94,0.11,7
2026-09-11T17:30:01.196+00:00,4367.13,4367.25,0.12,7
2026-09-11T17:30:01.720+00:00,4367.14,4367.25,0.11,7
2026-09-11T17:30:01.942+00:00,4367.17,4367.28,0.11,7
2026-09-11T17:30:02.169+00:00,4367.17,4367.29,0.12,7
2026-09-11T17:30:02.396+00:00,4367.18,4367.31,0.13,7
2026-09-11T17:30:02.742+00:00,4367.17,4367.29,0.12,7
2026-09-11T17:30:03.101+00:00,4367.16,4367.27,0.11,7
2026-09-11T17:30:03.319+00:00,4367.09,4367.2,0.11,7
2026-09-11T17:30:03.541+00:00,4366.94,4367.04,0.1,7
2026-09-11T17:30:03.767+00:00,4366.96,4367.07,0.11,7
2026-09-11T17:30:03.991+00:00,4367.14,4367.22,0.08,7
2026-09-11T17:30:04.214+00:00,4367.15,4367.23,0.08,7
2026-09-11T17:30:04.440+00:00,4367.16,4367.24,0.08,7
2026-09-11T17:30:04.668+00:00,4367.15,4367.25,0.1,7
2026-09-11T17:30:04.898+00:00,4367.16,4367.28,0.12,7
2026-09-11T17:30:05.117+00:00,4366.93,4367.05,0.12,7
2026-09-11T17:30:05.340+00:00,4366.83,4366.95,0.12,7
2026-09-11T17:30:05.566+00:00,4367.06,4367.18,0.12,7
2026-09-11T17:30:05.791+00:00,4367.11,4367.22,0.11,7
2026-09-11T17:30:06.019+00:00,4367.23,4367.33,0.1,7
2026-09-11T17:30:06.391+00:00,4367.26,4367.34,0.08,7
2026-09-11T17:30:06.616+00:00,4367.16,4367.26,0.1,7
2026-09-11T17:30:06.842+00:00,4366.82,4366.94,0.12,7
2026-09-11T17:30:07.065+00:00,4366.24,4366.34,0.1,7
2026-09-11T17:30:07.290+00:00,4366.41,4366.5,0.09,7
2026-09-11T17:30:07.518+00:00,4366.38,4366.49,0.11,7
2026-09-11T17:30:07.742+00:00,4366.37,4366.48,0.11,7
2026-09-11T17:30:07.964+00:00,4366.19,4366.32,0.13,7
2026-09-11T17:30:08.191+00:00,4366.35,4366.46,0.11,7
2026-09-11T17:30:08.418+00:00,4366.29,4366.38,0.09,7
2026-09-11T17:30:08.644+00:00,4366.43,4366.51,0.08,7
2026-09-11T17:30:08.871+00:00,4366.46,4366.54,0.08,7
2026-09-11T17:30:09.093+00:00,4366.54,4366.62,0.08,7
2026-09-11T17:30:09.319+00:00,4366.54,4366.65,0.11,7
2026-09-11T17:30:09.543+00:00,4366.52,4366.63,0.11,7
2026-09-11T17:30:09.846+00:00,4366.55,4366.65,0.1,7
2026-09-11T17:30:10.068+00:00,4366.55,4366.66,0.11,7
2026-09-11T17:30:10.292+00:00,4366.58,4366.69,0.11,7
2026-09-11T17:30:10.518+00:00,4366.11,4366.22,0.11,7
2026-09-11T17:30:10.741+00:00,4366.25,4366.35,0.1,7
2026-09-11T17:30:10.968+00:00,4366.29,4366.4,0.11,7
2026-09-11T17:30:11.268+00:00,4366.21,4366.34,0.13,7
2026-09-11T17:30:11.497+00:00,4366.21,4366.32,0.11,7
2026-09-11T17:30:11.718+00:00,4365.86,4365.97,0.11,7
2026-09-11T17:30:11.943+00:00,4365.58,4365.7,0.12,7
2026-09-11T17:30:12.244+00:00,4365.52,4365.64,0.12,7
2026-09-11T17:30:12.474+00:00,4365.6,4365.72,0.12,7
2026-09-11T17:30:12.700+00:00,4365.51,4365.62,0.11,7
2026-09-11T17:30:13.001+00:00,4365.49,4365.6,0.11,7
2026-09-11T17:30:13.228+00:00,4365.59,4365.72,0.13,7
2026-09-11T17:30:13.449+00:00,4365.7,4365.79,0.09,7
2026-09-11T17:30:13.675+00:00,4365.72,4365.82,0.1,7
2026-09-11T17:30:13.910+00:00,4365.76,4365.84,0.08,7
2026-09-11T17:30:14.126+00:00,4365.72,4365.82,0.1,7
2026-09-11T17:30:14.349+00:00,4365.63,4365.74,0.11,7
2026-09-11T17:30:14.576+00:00,4365.53,4365.68,0.15,7
2026-09-11T17:30:14.803+00:00,4365.92,4366.03,0.11,7
2026-09-11T17:30:15.028+00:00,4365.94,4366.03,0.09,7
2026-09-11T17:30:15.252+00:00,4366.03,4366.12,0.09,7
2026-09-11T17:30:15.477+00:00,4366.05,4366.14,0.09,7
2026-09-11T17:30:15.702+00:00,4366.05,4366.15,0.1,7
2026-09-11T17:30:15.925+00:00,4365.95,4366.06,0.11,7
2026-09-11T17:30:16.477+00:00,4366.05,4366.18,0.13,7
2026-09-11T17:30:16.713+00:00,4366.04,4366.16,0.12,7
2026-09-11T17:30:16.943+00:00,4365.65,4365.77,0.12,7
2026-09-11T17:30:17.159+00:00,4365.45,4365.57,0.12,7
2026-09-11T17:30:17.382+00:00,4365.4,4365.52,0.12,7
2026-09-11T17:30:17.606+00:00,4365.39,4365.5,0.11,7
2026-09-11T17:30:17.837+00:00,4365.64,4365.74,0.1,7
2026-09-11T17:30:18.064+00:00,4365.5,4365.58,0.08,7
2026-09-11T17:30:18.364+00:00,4365.71,4365.79,0.08,7
2026-09-11T17:30:18.660+00:00,4365.7,4365.79,0.09,7
2026-09-11T17:30:18.884+00:00,4365.87,4365.97,0.1,7
2026-09-11T17:30:19.111+00:00,4365.98,4366.07,0.09,7
2026-09-11T17:30:19.335+00:00,4366.01,4366.09,0.08,7
2026-09-11T17:30:19.563+00:00,4366.07,4366.15,0.08,7
2026-09-11T17:30:19.786+00:00,4366.06,4366.16,0.1,7
2026-09-11T17:30:20.011+00:00,4365.96,4366.07,0.11,7
2026-09-11T17:30:20.239+00:00,4365.94,4366.04,0.1,8
2026-09-11T17:30:20.535+00:00,4365.99,4366.09,0.1,8
2026-09-11T17:30:20.738+00:00,4366.03,4366.12,0.09,8
2026-09-11T17:30:20.985+00:00,4366.19,4366.27,0.08,8
2026-09-11T17:30:21.209+00:00,4366.58,4366.66,0.08,8
2026-09-11T17:30:21.436+00:00,4366.59,4366.67,0.08,8
2026-09-11T17:30:21.885+00:00,4366.61,4366.71,0.1,8
2026-09-11T17:30:22.335+00:00,4366.65,4366.76,0.11,8
2026-09-11T17:30:22.570+00:00,4366.38,4366.48,0.1,8
2026-09-11T17:30:22.788+00:00,4366.26,4366.37,0.11,8
2026-09-11T17:30:23.016+00:00,4366.27,4366.36,0.09,8
2026-09-11T17:30:23.333+00:00,4366.18,4366.29,0.11,8
2026-09-11T17:30:23.542+00:00,4366.17,4366.3,0.13,8
2026-09-11T17:30:23.842+00:00,4365.93,4366.05,0.12,8
2026-09-11T17:30:24.067+00:00,4365.88,4366.0,0.12,8
2026-09-11T17:30:24.300+00:00,4365.86,4365.97,0.11,8
2026-09-11T17:30:24.517+00:00,4365.88,4366.0,0.12,8
2026-09-11T17:30:24.745+00:00,4366.12,4366.23,0.11,8
2026-09-11T17:30:24.966+00:00,4365.99,4366.1,0.11,8
2026-09-11T17:30:25.416+00:00,4365.94,4366.07,0.13,8
2026-09-11T17:30:25.645+00:00,4365.74,4365.86,0.12,8
2026-09-11T17:30:25.870+00:00,4365.66,4365.77,0.11,8
2026-09-11T17:30:26.095+00:00,4365.66,4365.76,0.1,8
2026-09-11T17:30:26.327+00:00,4365.64,4365.76,0.12,8
2026-09-11T17:30:26.553+00:00,4365.68,4365.79,0.11,8
2026-09-11T17:30:26.798+00:00,4365.75,4365.86,0.11,8
2026-09-11T17:30:27.196+00:00,4365.74,4365.86,0.12,8
2026-09-11T17:30:27.424+00:00,4365.6,4365.72,0.12,8
2026-09-11T17:30:27.654+00:00,4365.74,4365.86,0.12,8
2026-09-11T17:30:28.041+00:00,4365.66,4365.76,0.1,8
2026-09-11T17:30:28.523+00:00,4365.64,4365.75,0.11,8
2026-09-11T17:30:28.740+00:00,4365.95,4366.05,0.1,8
2026-09-11T17:30:28.971+00:00,4365.74,4365.83,0.09,8
2026-09-11T17:30:29.197+00:00,4365.67,4365.78,0.11,8
2026-09-11T17:30:29.428+00:00,4365.67,4365.79,0.12,8
2026-09-11T17:30:29.648+00:00,4365.81,4365.92,0.11,8
2026-09-11T17:30:29.875+00:00,4365.85,4365.94,0.09,8
2026-09-11T17:30:30.140+00:00,4365.83,4365.93,0.1,8
2026-09-11T17:30:30.441+00:00,4365.78,4365.9,0.12,8
2026-09-11T17:30:30.669+00:00,4366.02,4366.14,0.12,8
2026-09-11T17:30:30.893+00:00,4366.02,4366.13,0.11,8
2026-09-11T17:30:31.193+00:00,4365.83,4365.91,0.08,8
2026-09-11T17:30:31.395+00:00,4366.43,4366.52,0.09,8
2026-09-11T17:30:31.623+00:00,4366.27,4366.35,0.08,8
2026-09-11T17:30:31.849+00:00,4366.45,4366.53,0.08,8
2026-09-11T17:30:32.069+00:00,4366.56,4366.65,0.09,8
2026-09-11T17:30:32.295+00:00,4366.57,4366.68,0.11,8
2026-09-11T17:30:32.522+00:00,4366.56,4366.66,0.1,8
2026-09-11T17:30:32.739+00:00,4366.57,4366.68,0.11,8
2026-09-11T17:30:32.971+00:00,4366.32,4366.45,0.13,8
2026-09-11T17:30:33.466+00:00,4366.33,4366.45,0.12,8
2026-09-11T17:30:33.748+00:00,4366.28,4366.41,0.13,8
2026-09-11T17:30:34.213+00:00,4366.29,4366.39,0.1,8
2026-09-11T17:30:34.439+00:00,4366.1,4366.2,0.1,8
2026-09-11T17:30:34.664+00:00,4366.05,4366.16,0.11,8
2026-09-11T17:30:34.890+00:00,4366.06,4366.15,0.09,8
2026-09-11T17:30:35.116+00:00,4366.13,4366.23,0.1,8
2026-09-11T17:30:35.340+00:00,4366.34,4366.44,0.1,8
2026-09-11T17:30:35.565+00:00,4366.59,4366.68,0.09,8
2026-09-11T17:30:35.791+00:00,4366.62,4366.7,0.08,8
2026-09-11T17:30:36.016+00:00,4366.55,4366.63,0.08,8
2026-09-11T17:30:36.241+00:00,4366.5,4366.58,0.08,8
2026-09-11T17:30:36.470+00:00,4366.5,4366.6,0.1,8
2026-09-11T17:30:36.695+00:00,4366.49,4366.6,0.11,8
2026-09-11T17:30:36.920+00:00,4366.47,4366.6,0.13,8
2026-09-11T17:30:37.143+00:00,4366.53,4366.66,0.13,8
2026-09-11T17:30:37.372+00:00,4366.51,4366.63,0.12,8
2026-09-11T17:30:37.599+00:00,4366.78,4366.9,0.12,8
2026-09-11T17:30:37.827+00:00,4366.76,4366.89,0.13,8
2026-09-11T17:30:38.649+00:00,4366.53,4366.65,0.12,8
2026-09-11T17:30:39.207+00:00,4366.52,4366.63,0.11,8
2026-09-11T17:30:39.511+00:00,4366.53,4366.65,0.12,8
2026-09-11T17:30:39.953+00:00,4366.52,4366.65,0.13,8
2026-09-11T17:30:40.179+00:00,4366.51,4366.64,0.13,8
2026-09-11T17:30:40.403+00:00,4366.54,4366.66,0.12,8
2026-09-11T17:30:40.628+00:00,4366.61,4366.73,0.12,8
2026-09-11T17:30:40.930+00:00,4366.92,4367.03,0.11,8
2026-09-11T17:30:41.158+00:00,4367.12,4367.25,0.13,8
2026-09-11T17:30:41.380+00:00,4367.25,4367.37,0.12,8
2026-09-11T17:30:41.606+00:00,4366.95,4367.06,0.11,8
2026-09-11T17:30:41.830+00:00,4367.02,4367.14,0.12,8
2026-09-11T17:30:42.136+00:00,4367.03,4367.14,0.11,8
2026-09-11T17:30:42.429+00:00,4367.02,4367.15,0.13,8
2026-09-11T17:30:42.739+00:00,4367.27,4367.4,0.13,8
2026-09-11T17:30:42.955+00:00,4367.29,4367.41,0.12,8
2026-09-11T17:30:43.183+00:00,4367.28,4367.4,0.12,8
2026-09-11T17:30:43.405+00:00,4367.29,4367.4,0.11,8
2026-09-11T17:30:43.628+00:00,4367.01,4367.12,0.11,8
2026-09-11T17:30:43.855+00:00,4367.26,4367.38,0.12,8
2026-09-11T17:30:44.078+00:00,4367.02,4367.14,0.12,8
2026-09-11T17:30:44.312+00:00,4367.01,4367.12,0.11,8
2026-09-11T17:30:45.349+00:00,4367.02,4367.14,0.12,9
2026-09-11T17:30:45.574+00:00,4367.21,4367.32,0.11,9
2026-09-11T17:30:45.799+00:00,4367.26,4367.37,0.11,9
2026-09-11T17:30:46.178+00:00,4367.26,4367.34,0.08,9
2026-09-11T17:30:46.401+00:00,4367.3,4367.38,0.08,9
2026-09-11T17:30:46.623+00:00,4367.52,4367.62,0.1,9
2026-09-11T17:30:46.849+00:00,4367.54,4367.64,0.1,9
2026-09-11T17:30:47.074+00:00,4367.55,4367.65,0.1,9
2026-09-11T17:30:47.303+00:00,4367.75,4367.85,0.1,9
2026-09-11T17:30:47.675+00:00,4367.76,4367.87,0.11,9
2026-09-11T17:30:48.053+00:00,4367.81,4367.9,0.09,9
2026-09-11T17:30:48.277+00:00,4367.82,4367.91,0.09,9
2026-09-11T17:30:48.577+00:00,4367.84,4367.94,0.1,9
2026-09-11T17:30:48.975+00:00,4367.85,4367.95,0.1,9
2026-09-11T17:30:49.227+00:00,4367.75,4367.85,0.1,9
2026-09-11T17:30:49.456+00:00,4367.55,4367.65,0.1,9
2026-09-11T17:30:49.681+00:00,4367.54,4367.65,0.11,9
2026-09-11T17:30:50.055+00:00,4367.54,4367.64,0.1,9
2026-09-11T17:30:50.727+00:00,4367.75,4367.85,0.1,9
2026-09-11T17:30:51.069+00:00,4367.52,4367.63,0.11,9
2026-09-11T17:30:51.292+00:00,4367.18,4367.27,0.09,9
2026-09-11T17:30:51.517+00:00,4367.23,4367.32,0.09,9
2026-09-11T17:30:51.740+00:00,4367.19,4367.27,0.08,9
2026-09-11T17:30:51.968+00:00,4367.18,4367.28,0.1,9
2026-09-11T17:30:52.192+00:00,4367.17,4367.27,0.1,9
2026-09-11T17:30:52.424+00:00,4367.48,4367.58,0.1,9
2026-09-11T17:30:52.646+00:00,4367.45,4367.55,0.1,9
2026-09-11T17:30:53.322+00:00,4367.3,4367.41,0.11,9
2026-09-11T17:30:53.546+00:00,4367.3,4367.4,0.1,9
2026-09-11T17:30:53.771+00:00,4367.15,4367.23,0.08,9
2026-09-11T17:30:53.997+00:00,4367.45,4367.54,0.09,9
2026-09-11T17:30:54.447+00:00,4367.11,4367.2,0.09,9
2026-09-11T17:30:54.672+00:00,4367.22,4367.3,0.08,9
2026-09-11T17:30:54.902+00:00,4367.41,4367.49,0.08,9
2026-09-11T17:30:55.122+00:00,4367.48,4367.58,0.1,9
2026-09-11T17:30:55.349+00:00,4367.43,4367.52,0.09,9
2026-09-11T17:30:55.651+00:00,4367.48,4367.59,0.11,9
2026-09-11T17:30:56.106+00:00,4367.46,4367.57,0.11,9
2026-09-11T17:30:56.331+00:00,4367.76,4367.85,0.09,9
2026-09-11T17:30:56.632+00:00,4367.79,4367.89,0.1,9
2026-09-11T17:30:57.005+00:00,4367.79,4367.92,0.13,9
2026-09-11T17:30:57.305+00:00,4367.83,4367.95,0.12,9
2026-09-11T17:30:57.531+00:00,4367.74,4367.85,0.11,9
2026-09-11T17:30:57.742+00:00,4367.72,4367.83,0.11,9
2026-09-11T17:30:57.981+00:00,4367.8,4367.92,0.12,9
2026-09-11T17:30:58.205+00:00,4367.83,4367.95,0.12,9
2026-09-11T17:30:58.740+00:00,4367.84,4367.96,0.12,9
2026-09-11T17:30:59.147+00:00,4367.59,4367.71,0.12,9
2026-09-11T17:30:59.373+00:00,4367.6,4367.72,0.12,9
2026-09-11T17:30:59.969+00:00,4367.6,4367.71,0.11,9
2026-09-11T17:31:00.228+00:00,4367.58,4367.7,0.12,9
2026-09-11T17:31:00.446+00:00,4367.56,4367.68,0.12,9
2026-09-11T17:31:00.681+00:00,4367.66,4367.78,0.12,9
2026-09-11T17:31:00.904+00:00,4367.53,4367.63,0.1,9
2026-09-11T17:31:01.130+00:00,4367.44,4367.52,0.08,9
2026-09-11T17:31:01.369+00:00,4367.43,4367.51,0.08,9
2026-09-11T17:31:01.578+00:00,4367.67,4367.76,0.09,9
2026-09-11T17:31:01.804+00:00,4367.62,4367.71,0.09,9
2026-09-11T17:31:02.029+00:00,4367.63,4367.72,0.09,9
2026-09-11T17:31:02.366+00:00,4367.69,4367.78,0.09,9
2026-09-11T17:31:02.591+00:00,4367.49,4367.57,0.08,9
2026-09-11T17:31:02.816+00:00,4367.41,4367.5,0.09,9
2026-09-11T17:31:03.046+00:00,4367.4,4367.5,0.1,9
2026-09-11T17:31:03.266+00:00,4367.33,4367.44,0.11,9
2026-09-11T17:31:03.492+00:00,4367.43,4367.55,0.12,9
2026-09-11T17:31:03.943+00:00,4367.44,4367.54,0.1,9
2026-09-11T17:31:04.168+00:00,4367.45,4367.56,0.11,9
2026-09-11T17:31:04.396+00:00,4367.44,4367.55,0.11,9
2026-09-11T17:31:04.741+00:00,4367.52,4367.64,0.12,9
2026-09-11T17:31:05.160+00:00,4367.45,4367.56,0.11,9
2026-09-11T17:31:05.385+00:00,4367.47,4367.57,0.1,9
2026-09-11T17:31:05.745+00:00,4367.46,4367.57,0.11,9
2026-09-11T17:31:06.061+00:00,4367.48,4367.57,0.09,9
2026-09-11T17:31:06.364+00:00,4367.48,4367.58,0.1,9
2026-09-11T17:31:06.584+00:00,4367.45,4367.54,0.09,9
2026-09-11T17:31:06.809+00:00,4367.46,4367.57,0.11,9
2026-09-11T17:31:07.033+00:00,4367.47,4367.57,0.1,9
2026-09-11T17:31:07.261+00:00,4367.46,4367.57,0.11,9
2026-09-11T17:31:07.467+00:00,4367.48,4367.58,0.1,9
2026-09-11T17:31:07.739+00:00,4367.47,4367.58,0.11,9
2026-09-11T17:31:07.991+00:00,4367.54,4367.65,0.11,9
2026-09-11T17:31:08.365+00:00,4367.58,4367.68,0.1,9
2026-09-11T17:31:08.742+00:00,4367.66,4367.76,0.1,9
2026-09-11T17:31:08.989+00:00,4367.61,4367.71,0.1,9
2026-09-11T17:31:09.216+00:00,4367.81,4367.89,0.08,9
2026-09-11T17:31:09.439+00:00,4367.9,4367.99,0.09,9
2026-09-11T17:31:09.741+00:00,4367.93,4368.03,0.1,9
2026-09-11T17:31:09.965+00:00,4368.5,4368.61,0.11,9
2026-09-11T17:31:10.189+00:00,4368.55,4368.65,0.1,9
2026-09-11T17:31:10.492+00:00,4368.45,4368.55,0.1,10
2026-09-11T17:31:10.714+00:00,4368.42,4368.51,0.09,10
2026-09-11T17:31:10.939+00:00,4368.44,4368.53,0.09,10
2026-09-11T17:31:11.162+00:00,4368.42,4368.53,0.11,10
2026-09-11T17:31:11.464+00:00,4368.39,4368.5,0.11,10
2026-09-11T17:31:11.690+00:00,4368.41,4368.52,0.11,10
2026-09-11T17:31:11.915+00:00,4368.45,4368.56,0.11,10
2026-09-11T17:31:12.215+00:00,4368.3,4368.4,0.1,10
2026-09-11T17:31:12.594+00:00,4368.3,4368.41,0.11,10
2026-09-11T17:31:12.821+00:00,4368.25,4368.37,0.12,10
2026-09-11T17:31:13.265+00:00,4368.28,4368.38,0.1,10
2026-09-11T17:31:13.498+00:00,4368.29,4368.39,0.1,10
2026-09-11T17:31:13.740+00:00,4368.27,4368.37,0.1,10
2026-09-11T17:31:13.947+00:00,4368.36,4368.46,0.1,10
2026-09-11T17:31:14.173+00:00,4368.34,4368.45,0.11,10
2026-09-11T17:31:14.398+00:00,4368.43,4368.54,0.11,10
2026-09-11T17:31:14.621+00:00,4368.44,4368.56,0.12,10
2026-09-11T17:31:14.850+00:00,4368.45,4368.56,0.11,10
2026-09-11T17:31:15.281+00:00,4368.45,4368.57,0.12,10
2026-09-11T17:31:15.583+00:00,4368.46,4368.56,0.1,10
2026-09-11T17:31:15.809+00:00,4368.43,4368.53,0.1,10
2026-09-11T17:31:16.033+00:00,4368.37,4368.47,0.1,10
2026-09-11T17:31:16.258+00:00,4368.16,4368.27,0.11,10
2026-09-11T17:31:17.010+00:00,4368.17,4368.28,0.11,10
2026-09-11T17:31:17.257+00:00,4368.2,4368.31,0.11,10
2026-09-11T17:31:17.740+00:00,4368.19,4368.3,0.11,10
2026-09-11T17:31:18.226+00:00,4368.29,4368.41,0.12,10
2026-09-11T17:31:18.450+00:00,4368.32,4368.43,0.11,10
2026-09-11T17:31:18.673+00:00,4368.32,4368.44,0.12,10
2026-09-11T17:31:18.913+00:00,4368.33,4368.45,0.12,10
2026-09-11T17:31:19.254+00:00,4368.35,4368.45,0.1,10
2026-09-11T17:31:19.495+00:00,4368.68,4368.78,0.1,10
2026-09-11T17:31:19.931+00:00,4368.7,4368.81,0.11,10
2026-09-11T17:31:20.156+00:00,4368.71,4368.83,0.12,10
2026-09-11T17:31:20.382+00:00,4368.76,4368.88,0.12,10
2026-09-11T17:31:20.742+00:00,4368.51,4368.62,0.11,10
2026-09-11T17:31:21.013+00:00,4368.34,4368.45,0.11,10
2026-09-11T17:31:21.227+00:00,4368.43,4368.53,0.1,10
2026-09-11T17:31:21.452+00:00,4368.33,4368.44,0.11,10
2026-09-11T17:31:21.676+00:00,4368.39,4368.48,0.09,10
2026-09-11T17:31:21.902+00:00,4368.44,4368.53,0.09,10
2026-09-11T17:31:22.126+00:00,4368.56,4368.65,0.09,10
2026-09-11T17:31:22.356+00:00,4368.58,4368.67,0.09,10
2026-09-11T17:31:22.732+00:00,4368.56,4368.66,0.1,10
2026-09-11T17:31:22.958+00:00,4368.54,4368.65,0.11,10
2026-09-11T17:31:23.259+00:00,4368.56,4368.67,0.11,10
2026-09-11T17:31:23.484+00:00,4368.54,4368.65,0.11,10
2026-09-11T17:31:24.077+00:00,4368.55,4368.67,0.12,10
2026-09-11T17:31:24.280+00:00,4368.56,4368.66,0.1,10
2026-09-11T17:31:24.504+00:00,4368.71,4368.82,0.11,10
2026-09-11T17:31:24.729+00:00,4368.83,4368.91,0.08,10
2026-09-11T17:31:24.955+00:00,4368.54,4368.62,0.08,10
2026-09-11T17:31:25.182+00:00,4368.62,4368.71,0.09,10
2026-09-11T17:31:25.402+00:00,4368.6,4368.73,0.13,10
2026-09-11T17:31:26.130+00:00,4368.6,4368.72,0.12,10
2026-09-11T17:31:26.796+00:00,4368.43,4368.55,0.12,10
2026-09-11T17:31:27.169+00:00,4368.43,4368.56,0.13,10
2026-09-11T17:31:27.545+00:00,4368.38,4368.5,0.12,10
2026-09-11T17:31:27.772+00:00,4368.48,4368.59,0.11,10
2026-09-11T17:31:28.151+00:00,4368.72,4368.85,0.13,10
2026-09-11T17:31:28.595+00:00,4368.73,4368.84,0.11,10
2026-09-11T17:31:29.130+00:00,4368.72,4368.83,0.11,10
2026-09-11T17:31:29.982+00:00,4368.41,4368.52,0.11,10
2026-09-11T17:31:30.210+00:00,4368.46,4368.58,0.12,10
2026-09-11T17:31:30.430+00:00,4368.8,4368.92,0.12,10
2026-09-11T17:31:30.655+00:00,4368.99,4369.09,0.1,10
2026-09-11T17:31:30.882+00:00,4369.06,4369.16,0.1,10
2026-09-11T17:31:31.105+00:00,4369.09,4369.19,0.1,10
2026-09-11T17:31:31.499+00:00,4369.23,4369.34,0.11,10
2026-09-11T17:31:31.722+00:00,4369.21,4369.33,0.12,10
2026-09-11T17:31:32.341+00:00,4369.12,4369.25,0.13,10
2026-09-11T17:31:32.566+00:00,4369.09,4369.2,0.11,10
2026-09-11T17:31:32.793+00:00,4369.1,4369.21,0.11,10
2026-09-11T17:31:33.093+00:00,4369.09,4369.21,0.12,10
2026-09-11T17:31:33.394+00:00,4369.01,4369.13,0.12,10
2026-09-11T17:31:33.693+00:00,4368.77,4368.89,0.12,10
2026-09-11T17:31:33.917+00:00,4368.93,4369.04,0.11,10
2026-09-11T17:31:34.239+00:00,4368.86,4368.97,0.11,10
2026-09-11T17:31:34.453+00:00,4368.9,4369.01,0.11,10
2026-09-11T17:31:34.748+00:00,4368.79,4368.91,0.12,10
2026-09-11T17:31:35.056+00:00,4368.89,4369.01,0.12,10
2026-09-11T17:31:35.353+00:00,4368.88,4368.98,0.1,11
2026-09-11T17:31:35.740+00:00,4368.84,4368.94,0.1,11
2026-09-11T17:31:36.114+00:00,4368.85,4368.96,0.11,11
2026-09-11T17:31:36.336+00:00,4368.72,4368.83,0.11,11
2026-09-11T17:31:36.634+00:00,4368.7,4368.82,0.12,11
2026-09-11T17:31:36.858+00:00,4368.69,4368.82,0.13,11
2026-09-11T17:31:37.211+00:00,4369.04,4369.15,0.11,11
2026-09-11T17:31:37.419+00:00,4368.8,4368.92,0.12,11
2026-09-11T17:31:37.800+00:00,4369.04,4369.15,0.11,11
2026-09-11T17:31:37.928+00:00,4369.04,4369.17,0.13,11
2026-09-11T17:31:38.166+00:00,4369.07,4369.2,0.13,11
2026-09-11T17:31:38.377+00:00,4368.98,4369.1,0.12,11
2026-09-11T17:31:38.674+00:00,4369.0,4369.1,0.1,11
2026-09-11T17:31:38.900+00:00,4369.05,4369.16,0.11,11
2026-09-11T17:31:39.275+00:00,4369.01,4369.12,0.11,11
2026-09-11T17:31:39.500+00:00,4368.71,4368.83,0.12,11
2026-09-11T17:31:39.724+00:00,4368.35,4368.46,0.11,11
2026-09-11T17:31:39.950+00:00,4368.39,4368.48,0.09,11
2026-09-11T17:31:40.404+00:00,4368.39,4368.5,0.11,11
2026-09-11T17:31:40.629+00:00,4368.41,4368.53,0.12,11
2026-09-11T17:31:40.854+00:00,4368.74,4368.85,0.11,11
2026-09-11T17:31:41.077+00:00,4368.82,4368.92,0.1,11
2026-09-11T17:31:41.302+00:00,4368.81,4368.91,0.1,11
2026-09-11T17:31:41.640+00:00,4368.84,4368.94,0.1,11
2026-09-11T17:31:41.871+00:00,4369.03,4369.14,0.11,11
2026-09-11T17:31:42.392+00:00,4369.06,4369.17,0.11,11
2026-09-11T17:31:42.633+00:00,4369.11,4369.23,0.12,11
2026-09-11T17:31:42.856+00:00,4369.03,4369.14,0.11,11
2026-09-11T17:31:43.081+00:00,4369.0,4369.12,0.12,11
2026-09-11T17:31:43.531+00:00,4368.88,4368.98,0.1,11
2026-09-11T17:31:43.740+00:00,4368.87,4368.97,0.1,11
2026-09-11T17:31:44.057+00:00,4369.13,4369.23,0.1,11
2026-09-11T17:31:44.468+00:00,4369.12,4369.21,0.09,11
2026-09-11T17:31:44.740+00:00,4369.12,4369.22,0.1,11
2026-09-11T17:31:44.990+00:00,4369.39,4369.48,0.09,11
2026-09-11T17:31:45.218+00:00,4369.41,4369.52,0.11,11
2026-09-11T17:31:45.734+00:00,4369.42,4369.54,0.12,11
2026-09-11T17:31:45.953+00:00,4369.43,4369.55,0.12,11
2026-09-11T17:31:46.181+00:00,4369.24,4369.35,0.11,11
2026-09-11T17:31:46.404+00:00,4370.04,4370.13,0.09,11
2026-09-11T17:31:46.635+00:00,4369.99,4370.08,0.09,11
2026-09-11T17:31:46.860+00:00,4369.98,4370.08,0.1,11
2026-09-11T17:31:47.086+00:00,4370.08,4370.19,0.11,11
2026-09-11T17:31:47.384+00:00,4370.07,4370.17,0.1,11
2026-09-11T17:31:47.683+00:00,4370.05,4370.15,0.1,11
2026-09-11T17:31:48.137+00:00,4370.0,4370.11,0.11,11
2026-09-11T17:31:48.358+00:00,4369.8,4369.91,0.11,11
2026-09-11T17:31:48.960+00:00,4369.97,4370.09,0.12,11
2026-09-11T17:31:49.185+00:00,4369.98,4370.09,0.11,11
2026-09-11T17:31:49.411+00:00,4369.88,4369.99,0.11,11
2026-09-11T17:31:49.739+00:00,4369.89,4370.01,0.12,11
2026-09-11T17:31:50.236+00:00,4369.93,4370.06,0.13,11
2026-09-11T17:31:50.486+00:00,4369.94,4370.05,0.11,11
2026-09-11T17:31:50.741+00:00,4370.03,4370.15,0.12,11
2026-09-11T17:31:50.992+00:00,4370.27,4370.39,0.12,11
2026-09-11T17:31:51.217+00:00,4370.23,4370.35,0.12,11
2026-09-11T17:31:51.465+00:00,4370.12,4370.24,0.12,11
2026-09-11T17:31:51.692+00:00,4369.85,4369.95,0.1,11
2026-09-11T17:31:51.916+00:00,4369.69,4369.78,0.09,11
2026-09-11T17:31:52.216+00:00,4369.65,4369.75,0.1,11
2026-09-11T17:31:52.665+00:00,4369.87,4369.98,0.11,11
2026-09-11T17:31:52.891+00:00,4369.51,4369.62,0.11,11
2026-09-11T17:31:53.130+00:00,4369.82,4369.92,0.1,11
2026-09-11T17:31:53.341+00:00,4369.83,4369.93,0.1,11
2026-09-11T17:31:53.565+00:00,4369.85,4369.94,0.09,11
2026-09-11T17:31:53.792+00:00,4369.73,4369.83,0.1,11
2026-09-11T17:31:54.018+00:00,4369.88,4369.98,0.1,11
2026-09-11T17:31:54.242+00:00,4369.92,4370.03,0.11,11
2026-09-11T17:31:54.466+00:00,4369.97,4370.08,0.11,11
2026-09-11T17:31:54.739+00:00,4369.95,4370.06,0.11,11
2026-09-11T17:31:54.990+00:00,4369.96,4370.07,0.11,11
2026-09-11T17:31:55.386+00:00,4369.98,4370.08,0.1,11
2026-09-11T17:31:55.612+00:00,4370.07,4370.18,0.11,11
2026-09-11T17:31:55.911+00:00,4370.16,4370.27,0.11,11
2026-09-11T17:31:56.362+00:00,4370.18,4370.29,0.11,11
2026-09-11T17:31:56.587+00:00,4369.85,4369.96,0.11,11
2026-09-11T17:31:57.641+00:00,4369.86,4369.98,0.12,11
2026-09-11T17:31:58.087+00:00,4370.17,4370.29,0.12,11
2026-09-11T17:31:58.428+00:00,4370.28,4370.39,0.11,11
2026-09-11T17:31:58.739+00:00,4369.95,4370.06,0.11,11
2026-09-11T17:31:59.730+00:00,4370.0,4370.12,0.12,11
2026-09-11T17:32:00.046+00:00,4369.98,4370.09,0.11,11
2026-09-11T17:32:00.426+00:00,4369.97,4370.08,0.11,12
2026-09-11T17:32:00.652+00:00,4369.94,4370.05,0.11,12
2026-09-11T17:32:01.146+00:00,4369.99,4370.1,0.11,12
2026-09-11T17:32:01.371+00:00,4370.04,4370.15,0.11,12
2026-09-11T17:32:01.597+00:00,4370.34,4370.45,0.11,12
2026-09-11T17:32:02.045+00:00,4370.33,4370.44,0.11,12
2026-09-11T17:32:02.797+00:00,4370.01,4370.13,0.12,12
2026-09-11T17:32:03.025+00:00,4369.87,4369.98,0.11,12
2026-09-11T17:32:03.249+00:00,4369.72,4369.83,0.11,12
2026-09-11T17:32:03.474+00:00,4369.64,4369.73,0.09,12
2026-09-11T17:32:03.739+00:00,4369.63,4369.72,0.09,12
2026-09-11T17:32:04.004+00:00,4369.69,4369.79,0.1,12
2026-09-11T17:32:04.601+00:00,4369.73,4369.84,0.11,12
2026-09-11T17:32:04.826+00:00,4370.05,4370.16,0.11,12
2026-09-11T17:32:05.481+00:00,4370.02,4370.13,0.11,12
2026-09-11T17:32:05.706+00:00,4370.21,4370.32,0.11,12
2026-09-11T17:32:05.928+00:00,4370.22,4370.33,0.11,12
2026-09-11T17:32:06.154+00:00,4370.23,4370.35,0.12,12
2026-09-11T17:32:06.378+00:00,4370.23,4370.34,0.11,12
2026-09-11T17:32:06.604+00:00,4370.26,4370.37,0.11,12
2026-09-11T17:32:06.829+00:00,4370.28,4370.39,0.11,12
2026-09-11T17:32:07.055+00:00,4370.36,4370.47,0.11,12
2026-09-11T17:32:07.356+00:00,4370.4,4370.51,0.11,12
2026-09-11T17:32:07.585+00:00,4370.3,4370.42,0.12,12
2026-09-11T17:32:08.105+00:00,4369.98,4370.09,0.11,12
2026-09-11T17:32:08.343+00:00,4370.01,4370.13,0.12,12
2026-09-11T17:32:08.640+00:00,4370.0,4370.12,0.12,12
2026-09-11T17:32:08.865+00:00,4370.0,4370.11,0.11,12
2026-09-11T17:32:09.090+00:00,4370.03,4370.13,0.1,12
2026-09-11T17:32:09.315+00:00,4370.07,4370.18,0.11,12
2026-09-11T17:32:09.941+00:00,4370.09,4370.19,0.1,12
2026-09-11T17:32:10.166+00:00,4370.37,4370.48,0.11,12
2026-09-11T17:32:10.615+00:00,4370.34,4370.45,0.11,12
2026-09-11T17:32:10.840+00:00,4370.34,4370.44,0.1,12
2026-09-11T17:32:11.065+00:00,4370.39,4370.5,0.11,12
2026-09-11T17:32:11.923+00:00,4370.37,4370.49,0.12,12
2026-09-11T17:32:12.140+00:00,4370.33,4370.45,0.12,12
2026-09-11T17:32:12.366+00:00,4370.04,4370.14,0.1,12
2026-09-11T17:32:12.686+00:00,4370.02,4370.13,0.11,12
2026-09-11T17:32:12.928+00:00,4370.04,4370.16,0.12,12
2026-09-11T17:32:13.161+00:00,4370.07,4370.18,0.11,12
2026-09-11T17:32:13.400+00:00,4370.35,4370.46,0.11,12
2026-09-11T17:32:13.626+00:00,4370.2,4370.32,0.12,12
2026-09-11T17:32:13.853+00:00,4370.26,4370.36,0.1,12
2026-09-11T17:32:14.075+00:00,4370.37,4370.46,0.09,12
2026-09-11T17:32:14.301+00:00,4370.5,4370.59,0.09,12
2026-09-11T17:32:14.525+00:00,4370.48,4370.58,0.1,12
2026-09-11T17:32:14.982+00:00,4370.55,4370.63,0.08,12
2026-09-11T17:32:15.206+00:00,4370.46,4370.54,0.08,12
2026-09-11T17:32:15.432+00:00,4370.41,4370.5,0.09,12
2026-09-11T17:32:15.728+00:00,4370.46,4370.54,0.08,12
2026-09-11T17:32:15.953+00:00,4370.45,4370.55,0.1,12
2026-09-11T17:32:16.172+00:00,4370.45,4370.56,0.11,12
2026-09-11T17:32:16.399+00:00,4370.34,4370.45,0.11,12
2026-09-11T17:32:16.774+00:00,4370.35,4370.46,0.11,12
2026-09-11T17:32:16.999+00:00,4370.36,4370.48,0.12,12
2026-09-11T17:32:17.302+00:00,4370.34,4370.45,0.11,12
2026-09-11T17:32:17.601+00:00,4370.03,4370.15,0.12,12
2026-09-11T17:32:17.827+00:00,4370.03,4370.13,0.1,12
2026-09-11T17:32:18.540+00:00,4370.03,4370.14,0.11,12
2026-09-11T17:32:18.739+00:00,4370.05,4370.16,0.11,12
2026-09-11T17:32:18.994+00:00,4370.11,4370.2,0.09,12
2026-09-11T17:32:19.367+00:00,4370.07,4370.15,0.08,12
2026-09-11T17:32:19.739+00:00,4370.1,4370.18,0.08,12
2026-09-11T17:32:20.171+00:00,4370.06,4370.14,0.08,12
2026-09-11T17:32:20.395+00:00,4370.1,4370.18,0.08,12
2026-09-11T17:32:20.740+00:00,4370.11,4370.2,0.09,12
2026-09-11T17:32:21.448+00:00,4370.06,4370.15,0.09,12
2026-09-11T17:32:21.672+00:00,4370.0,4370.09,0.09,12
2026-09-11T17:32:22.122+00:00,4369.98,4370.09,0.11,12
2026-09-11T17:32:22.585+00:00,4369.96,4370.07,0.11,12
2026-09-11T17:32:22.798+00:00,4369.91,4370.02,0.11,12
2026-09-11T17:32:23.026+00:00,4369.95,4370.06,0.11,12
2026-09-11T17:32:23.324+00:00,4369.96,4370.06,0.1,12
2026-09-11T17:32:23.777+00:00,4370.03,4370.13,0.1,12
2026-09-11T17:32:24.001+00:00,4369.99,4370.1,0.11,12
2026-09-11T17:32:24.948+00:00,4370.09,4370.2,0.11,12
2026-09-11T17:32:25.172+00:00,4370.08,4370.19,0.11,12
2026-09-11T17:32:25.373+00:00,4369.97,4370.08,0.11,12
2026-09-11T17:32:25.580+00:00,4369.98,4370.09,0.11,13
2026-09-11T17:32:25.819+00:00,4369.96,4370.08,0.12,13
2026-09-11T17:32:26.046+00:00,4369.96,4370.07,0.11,13
2026-09-11T17:32:26.271+00:00,4369.97,4370.06,0.09,13
2026-09-11T17:32:26.500+00:00,4369.93,4370.04,0.11,13
2026-09-11T17:32:27.411+00:00,4369.95,4370.06,0.11,13
2026-09-11T17:32:27.636+00:00,4370.0,4370.11,0.11,13
2026-09-11T17:32:28.089+00:00,4370.07,4370.17,0.1,13
2026-09-11T17:32:28.313+00:00,4370.05,4370.15,0.1,13
2026-09-11T17:32:28.537+00:00,4369.99,4370.09,0.1,13
2026-09-11T17:32:29.063+00:00,4370.07,4370.16,0.09,13
2026-09-11T17:32:29.640+00:00,4369.98,4370.08,0.1,13
2026-09-11T17:32:29.865+00:00,4370.06,4370.15,0.09,13
2026-09-11T17:32:30.089+00:00,4369.98,4370.08,0.1,13
2026-09-11T17:32:30.315+00:00,4370.33,4370.42,0.09,13
2026-09-11T17:32:30.541+00:00,4370.09,4370.2,0.11,13
2026-09-11T17:32:30.770+00:00,4370.31,4370.42,0.11,13
2026-09-11T17:32:30.991+00:00,4370.32,4370.43,0.11,13
2026-09-11T17:32:31.217+00:00,4370.01,4370.12,0.11,13
2026-09-11T17:32:31.442+00:00,4370.32,4370.42,0.1,13
2026-09-11T17:32:31.666+00:00,4370.01,4370.11,0.1,13
2026-09-11T17:32:32.280+00:00,4370.01,4370.12,0.11,13
2026-09-11T17:32:32.505+00:00,4370.24,4370.34,0.1,13
2026-09-11T17:32:32.739+00:00,4370.47,4370.57,0.1,13
2026-09-11T17:32:32.955+00:00,4370.44,4370.53,0.09,13
2026-09-11T17:32:33.179+00:00,4370.36,4370.46,0.1,13
2026-09-11T17:32:33.404+00:00,4370.16,4370.26,0.1,13
2026-09-11T17:32:33.629+00:00,4370.09,4370.18,0.09,13
2026-09-11T17:32:34.021+00:00,4370.04,4370.14,0.1,13
2026-09-11T17:32:34.310+00:00,4370.02,4370.13,0.11,13
2026-09-11T17:32:34.551+00:00,4370.04,4370.14,0.1,13
2026-09-11T17:32:34.779+00:00,4369.99,4370.1,0.11,13
2026-09-11T17:32:35.002+00:00,4370.37,4370.47,0.1,13
2026-09-11T17:32:35.227+00:00,4370.36,4370.48,0.12,13
2026-09-11T17:32:35.455+00:00,4370.17,4370.28,0.11,13
2026-09-11T17:32:35.680+00:00,4370.25,4370.35,0.1,13
2026-09-11T17:32:35.904+00:00,4370.27,4370.37,0.1,13
2026-09-11T17:32:36.352+00:00,4370.16,4370.25,0.09,13
2026-09-11T17:32:36.653+00:00,4370.09,4370.18,0.09,13
2026-09-11T17:32:36.877+00:00,4370.08,4370.18,0.1,13
2026-09-11T17:32:37.102+00:00,4370.12,4370.23,0.11,13
2026-09-11T17:32:37.477+00:00,4370.13,4370.24,0.11,13
2026-09-11T17:32:37.739+00:00,4370.03,4370.14,0.11,13
2026-09-11T17:32:38.453+00:00,4370.02,4370.14,0.12,13
2026-09-11T17:32:38.680+00:00,4370.05,4370.17,0.12,13
2026-09-11T17:32:38.980+00:00,4370.07,4370.17,0.1,13
2026-09-11T17:32:39.504+00:00,4370.32,4370.42,0.1,13
2026-09-11T17:32:39.742+00:00,4370.33,4370.41,0.08,13
2026-09-11T17:32:40.327+00:00,4370.34,4370.42,0.08,13
2026-09-11T17:32:40.627+00:00,4370.09,4370.18,0.09,13
2026-09-11T17:32:41.448+00:00,4370.03,4370.12,0.09,13
2026-09-11T17:32:41.672+00:00,4370.02,4370.12,0.1,13
2026-09-11T17:32:42.423+00:00,4370.02,4370.11,0.09,13
2026-09-11T17:32:42.651+00:00,4370.1,4370.2,0.1,13
2026-09-11T17:32:43.100+00:00,4370.0,4370.1,0.1,13
2026-09-11T17:32:43.332+00:00,4369.99,4370.09,0.1,13
2026-09-11T17:32:43.629+00:00,4369.98,4370.07,0.09,13
2026-09-11T17:32:44.010+00:00,4369.74,4369.84,0.1,13
2026-09-11T17:32:44.235+00:00,4369.59,4369.68,0.09,13
2026-09-11T17:32:44.461+00:00,4369.84,4369.92,0.08,13
2026-09-11T17:32:44.683+00:00,4369.68,4369.78,0.1,13
2026-09-11T17:32:44.910+00:00,4369.68,4369.79,0.11,13
2026-09-11T17:32:45.132+00:00,4369.67,4369.78,0.11,13
2026-09-11T17:32:45.664+00:00,4369.66,4369.78,0.12,13
2026-09-11T17:32:45.890+00:00,4369.51,4369.62,0.11,13
2026-09-11T17:32:46.115+00:00,4369.52,4369.62,0.1,13
2026-09-11T17:32:46.341+00:00,4369.53,4369.64,0.11,13
2026-09-11T17:32:46.564+00:00,4369.59,4369.69,0.1,13
2026-09-11T17:32:47.098+00:00,4369.65,4369.76,0.11,13
2026-09-11T17:32:47.394+00:00,4369.64,4369.75,0.11,13
2026-09-11T17:32:47.843+00:00,4369.62,4369.71,0.09,13
2026-09-11T17:32:48.068+00:00,4369.64,4369.74,0.1,13
2026-09-11T17:32:48.294+00:00,4369.72,4369.81,0.09,13
2026-09-11T17:32:48.670+00:00,4369.75,4369.86,0.11,13
2026-09-11T17:32:48.894+00:00,4369.73,4369.85,0.12,13
2026-09-11T17:32:49.132+00:00,4368.87,4368.97,0.1,13
2026-09-11T17:32:49.357+00:00,4369.17,4369.26,0.09,13
2026-09-11T17:32:49.580+00:00,4368.87,4368.95,0.08,13
2026-09-11T17:32:49.807+00:00,4368.68,4368.76,0.08,13
2026-09-11T17:32:50.029+00:00,4368.61,4368.69,0.08,13
2026-09-11T17:32:50.254+00:00,4368.58,4368.66,0.08,13
2026-09-11T17:32:50.479+00:00,4368.57,4368.66,0.09,13
2026-09-11T17:32:50.704+00:00,4368.58,4368.67,0.09,13
2026-09-11T17:32:51.737+00:00,4368.59,4368.68,0.09,14
2026-09-11T17:32:51.990+00:00,4368.25,4368.35,0.1,14
2026-09-11T17:32:52.217+00:00,4368.32,4368.42,0.1,14
2026-09-11T17:32:52.739+00:00,4368.29,4368.4,0.11,14
2026-09-11T17:32:52.999+00:00,4368.29,4368.41,0.12,14
2026-09-11T17:32:53.246+00:00,4368.3,4368.41,0.11,14
2026-09-11T17:32:53.706+00:00,4368.29,4368.39,0.1,14
2026-09-11T17:32:53.931+00:00,4368.44,4368.54,0.1,14
2026-09-11T17:32:54.158+00:00,4368.5,4368.59,0.09,14
2026-09-11T17:32:54.388+00:00,4368.49,4368.6,0.11,14
2026-09-11T17:32:54.611+00:00,4368.42,4368.53,0.11,14
2026-09-11T17:32:54.849+00:00,4368.42,4368.52,0.1,14
2026-09-11T17:32:55.074+00:00,4368.43,4368.54,0.11,14
2026-09-11T17:32:55.522+00:00,4368.41,4368.52,0.11,14
2026-09-11T17:32:55.739+00:00,4368.42,4368.53,0.11,14
2026-09-11T17:32:56.670+00:00,4368.42,4368.54,0.12,14
2026-09-11T17:32:57.122+00:00,4368.06,4368.17,0.11,14
2026-09-11T17:32:57.392+00:00,4368.31,4368.4,0.09,14
2026-09-11T17:32:57.615+00:00,4368.81,4368.89,0.08,14
2026-09-11T17:32:57.842+00:00,4368.95,4369.05,0.1,14
2026-09-11T17:32:58.078+00:00,4369.01,4369.11,0.1,14
2026-09-11T17:32:58.292+00:00,4368.97,4369.06,0.09,14
2026-09-11T17:32:58.516+00:00,4368.97,4369.08,0.11,14
2026-09-11T17:32:59.267+00:00,4368.95,4369.07,0.12,14
2026-09-11T17:32:59.493+00:00,4368.87,4368.97,0.1,14
2026-09-11T17:32:59.735+00:00,4368.74,4368.84,0.1,14
2026-09-11T17:32:59.957+00:00,4368.53,4368.64,0.11,14
2026-09-11T17:33:00.257+00:00,4368.5,4368.62,0.12,14
2026-09-11T17:33:00.557+00:00,4368.51,4368.63,0.12,14
2026-09-11T17:33:00.786+00:00,4368.83,4368.95,0.12,14
2026-09-11T17:33:01.012+00:00,4369.13,4369.23,0.1,14
2026-09-11T17:33:01.233+00:00,4369.16,4369.25,0.09,14
2026-09-11T17:33:01.536+00:00,4369.18,4369.29,0.11,14
2026-09-11T17:33:02.060+00:00,4369.12,4369.23,0.11,14
2026-09-11T17:33:02.285+00:00,4369.2,4369.31,0.11,14
2026-09-11T17:33:02.735+00:00,4369.2,4369.3,0.1,14
2026-09-11T17:33:02.959+00:00,4369.19,4369.31,0.12,14
2026-09-11T17:33:03.860+00:00,4369.19,4369.3,0.11,14
2026-09-11T17:33:04.314+00:00,4369.24,4369.35,0.11,14
2026-09-11T17:33:04.538+00:00,4369.26,4369.38,0.12,14
2026-09-11T17:33:04.739+00:00,4369.21,4369.33,0.12,14
2026-09-11T17:33:05.064+00:00,4368.9,4369.01,0.11,14
2026-09-11T17:33:05.889+00:00,4368.95,4369.06,0.11,14
2026-09-11T17:33:06.285+00:00,4368.96,4369.08,0.12,14
2026-09-11T17:33:06.637+00:00,4368.96,4369.07,0.11,14
2026-09-11T17:33:06.896+00:00,4368.96,4369.06,0.1,14
2026-09-11T17:33:07.144+00:00,4369.0,4369.11,0.11,14
2026-09-11T17:33:07.738+00:00,4368.98,4369.09,0.11,14
2026-09-11T17:33:08.126+00:00,4369.29,4369.4,0.11,14
2026-09-11T17:33:08.396+00:00,4368.99,4369.1,0.11,14
2026-09-11T17:33:08.695+00:00,4368.97,4369.09,0.12,14
2026-09-11T17:33:09.264+00:00,4368.92,4369.03,0.11,14
2026-09-11T17:33:09.491+00:00,4369.28,4369.39,0.11,14
2026-09-11T17:33:09.732+00:00,4369.17,4369.29,0.12,14
2026-09-11T17:33:10.105+00:00,4369.16,4369.28,0.12,14
2026-09-11T17:33:10.734+00:00,4369.17,4369.28,0.11,14
2026-09-11T17:33:10.956+00:00,4368.78,4368.89,0.11,14
2026-09-11T17:33:11.180+00:00,4369.0,4369.11,0.11,14
2026-09-11T17:33:11.406+00:00,4369.02,4369.14,0.12,14
2026-09-11T17:33:11.628+00:00,4369.04,4369.15,0.11,14
2026-09-11T17:33:11.856+00:00,4369.06,4369.18,0.12,14
2026-09-11T17:33:12.079+00:00,4369.06,4369.17,0.11,14
2026-09-11T17:33:12.531+00:00,4369.07,4369.17,0.1,14
2026-09-11T17:33:12.739+00:00,4369.05,4369.16,0.11,14
2026-09-11T17:33:12.980+00:00,4368.76,4368.87,0.11,14
2026-09-11T17:33:13.507+00:00,4368.91,4369.02,0.11,14
2026-09-11T17:33:13.729+00:00,4368.8,4368.9,0.1,14
2026-09-11T17:33:13.957+00:00,4369.05,4369.15,0.1,14
2026-09-11T17:33:14.408+00:00,4369.03,4369.13,0.1,14
2026-09-11T17:33:14.918+00:00,4369.04,4369.14,0.1,14
2026-09-11T17:33:15.167+00:00,4369.03,4369.12,0.09,14
2026-09-11T17:33:15.389+00:00,4368.99,4369.1,0.11,14
2026-09-11T17:33:15.826+00:00,4368.97,4369.09,0.12,15
2026-09-11T17:33:16.049+00:00,4368.89,4369.0,0.11,15
2026-09-11T17:33:16.273+00:00,4368.83,4368.93,0.1,15
2026-09-11T17:33:16.499+00:00,4368.47,4368.58,0.11,15
2026-09-11T17:33:16.725+00:00,4368.46,4368.57,0.11,15
2026-09-11T17:33:16.968+00:00,4368.0,4368.11,0.11,15
2026-09-11T17:33:17.192+00:00,4367.97,4368.07,0.1,15
2026-09-11T17:33:17.414+00:00,4367.98,4368.09,0.11,15
2026-09-11T17:33:17.638+00:00,4367.99,4368.1,0.11,15
2026-09-11T17:33:17.862+00:00,4368.19,4368.29,0.1,15
2026-09-11T17:33:18.092+00:00,4368.21,4368.3,0.09,15
2026-09-11T17:33:18.319+00:00,4368.65,4368.74,0.09,15
2026-09-11T17:33:18.544+00:00,4368.72,4368.86,0.14,15
2026-09-11T17:33:18.770+00:00,4368.73,4368.87,0.14,15
2026-09-11T17:33:18.993+00:00,4368.77,4368.91,0.14,15
2026-09-11T17:33:19.219+00:00,4368.82,4368.93,0.11,15
2026-09-11T17:33:19.519+00:00,4368.78,4368.89,0.11,15
2026-09-11T17:33:19.739+00:00,4368.77,4368.88,0.11,15
2026-09-11T17:33:20.194+00:00,4368.42,4368.53,0.11,15
2026-09-11T17:33:20.753+00:00,4368.38,4368.49,0.11,15
2026-09-11T17:33:20.983+00:00,4368.67,4368.78,0.11,15
2026-09-11T17:33:21.210+00:00,4368.35,4368.46,0.11,15
2026-09-11T17:33:21.607+00:00,4368.68,4368.8,0.12,15
2026-09-11T17:33:21.828+00:00,4368.63,4368.74,0.11,15
2026-09-11T17:33:22.635+00:00,4368.61,4368.73,0.12,15
2026-09-11T17:33:23.084+00:00,4368.41,4368.51,0.1,15
2026-09-11T17:33:23.310+00:00,4368.58,4368.68,0.1,15
2026-09-11T17:33:23.538+00:00,4368.61,4368.72,0.11,15
2026-09-11T17:33:23.890+00:00,4368.6,4368.71,0.11,15
2026-09-11T17:33:24.191+00:00,4368.62,4368.73,0.11,15
2026-09-11T17:33:24.746+00:00,4368.6,4368.71,0.11,15
2026-09-11T17:33:24.970+00:00,4368.93,4369.04,0.11,15
2026-09-11T17:33:25.191+00:00,4368.9,4369.0,0.1,15
2026-09-11T17:33:25.415+00:00,4368.89,4369.0,0.11,15
2026-09-11T17:33:25.639+00:00,4368.89,4369.01,0.12,15
2026-09-11T17:33:25.941+00:00,4368.53,4368.64,0.11,15
2026-09-11T17:33:26.315+00:00,4368.46,4368.57,0.11,15
2026-09-11T17:33:26.541+00:00,4368.48,4368.59,0.11,15
2026-09-11T17:33:26.844+00:00,4368.47,4368.59,0.12,15
2026-09-11T17:33:27.067+00:00,4368.59,4368.69,0.1,15
2026-09-11T17:33:27.293+00:00,4368.86,4368.97,0.11,15
2026-09-11T17:33:27.517+00:00,4368.88,4368.99,0.11,15
2026-09-11T17:33:27.969+00:00,4368.82,4368.94,0.12,15
2026-09-11T17:33:28.268+00:00,4368.85,4368.96,0.11,15
2026-09-11T17:33:28.642+00:00,4368.77,4368.89,0.12,15
2026-09-11T17:33:29.162+00:00,4368.55,4368.66,0.11,15
2026-09-11T17:33:29.704+00:00,4368.77,4368.88,0.11,15
2026-09-11T17:33:30.207+00:00,4368.78,4368.89,0.11,15
2026-09-11T17:33:30.638+00:00,4368.88,4368.99,0.11,15
2026-09-11T17:33:30.900+00:00,4368.97,4369.08,0.11,15
2026-09-11T17:33:31.124+00:00,4368.96,4369.07,0.11,15
2026-09-11T17:33:31.425+00:00,4368.95,4369.06,0.11,15
2026-09-11T17:33:31.740+00:00,4368.84,4368.96,0.12,15
2026-09-11T17:33:32.026+00:00,4368.62,4368.72,0.1,15
2026-09-11T17:33:32.327+00:00,4368.95,4369.06,0.11,15
2026-09-11T17:33:32.551+00:00,4368.87,4368.99,0.12,15
2026-09-11T17:33:32.858+00:00,4368.87,4368.98,0.11,15
2026-09-11T17:33:33.295+00:00,4368.77,4368.89,0.12,15
2026-09-11T17:33:33.520+00:00,4368.69,4368.8,0.11,15
2026-09-11T17:33:33.738+00:00,4368.68,4368.8,0.12,15
2026-09-11T17:33:33.970+00:00,4368.39,4368.51,0.12,15
2026-09-11T17:33:34.195+00:00,4368.33,4368.44,0.11,15
2026-09-11T17:33:34.422+00:00,4368.34,4368.45,0.11,15
2026-09-11T17:33:34.646+00:00,4368.37,4368.48,0.11,15
2026-09-11T17:33:34.947+00:00,4368.39,4368.5,0.11,15
2026-09-11T17:33:35.173+00:00,4368.48,4368.59,0.11,15
2026-09-11T17:33:35.472+00:00,4368.47,4368.57,0.1,15
2026-09-11T17:33:35.706+00:00,4368.78,4368.9,0.12,15
2026-09-11T17:33:36.000+00:00,4368.46,4368.55,0.09,15
2026-09-11T17:33:36.226+00:00,4368.45,4368.56,0.11,15
2026-09-11T17:33:36.452+00:00,4368.45,4368.58,0.13,15
2026-09-11T17:33:36.676+00:00,4368.46,4368.57,0.11,15
2026-09-11T17:33:36.903+00:00,4368.33,4368.44,0.11,15
2026-09-11T17:33:37.127+00:00,4368.31,4368.42,0.11,15
2026-09-11T17:33:37.351+00:00,4368.36,4368.47,0.11,15
2026-09-11T17:33:37.576+00:00,4368.66,4368.78,0.12,15
2026-09-11T17:33:37.801+00:00,4368.69,4368.8,0.11,15
2026-09-11T17:33:38.251+00:00,4368.67,4368.79,0.12,15
2026-09-11T17:33:38.556+00:00,4368.69,4368.8,0.11,15
2026-09-11T17:33:38.796+00:00,4368.75,4368.86,0.11,15
2026-09-11T17:33:39.022+00:00,4368.81,4368.91,0.1,15
2026-09-11T17:33:39.397+00:00,4368.91,4369.0,0.09,15
2026-09-11T17:33:39.739+00:00,4368.87,4368.97,0.1,15
2026-09-11T17:33:40.072+00:00,4368.9,4369.0,0.1,15
2026-09-11T17:33:40.956+00:00,4368.89,4369.0,0.11,16
2026-09-11T17:33:41.186+00:00,4368.85,4368.96,0.11,16
2026-09-11T17:33:41.408+00:00,4368.79,4368.9,0.11,16
2026-09-11T17:33:41.632+00:00,4368.78,4368.9,0.12,16
2026-09-11T17:33:41.858+00:00,4368.75,4368.87,0.12,16
2026-09-11T17:33:42.082+00:00,4368.52,4368.63,0.11,16
2026-09-11T17:33:42.382+00:00,4368.79,4368.91,0.12,16
2026-09-11T17:33:42.610+00:00,4368.45,4368.56,0.11,16
2026-09-11T17:33:42.834+00:00,4368.42,4368.53,0.11,16
2026-09-11T17:33:43.058+00:00,4368.5,4368.61,0.11,16
2026-09-11T17:33:43.360+00:00,4368.46,4368.56,0.1,16
2026-09-11T17:33:43.657+00:00,4368.53,4368.63,0.1,16
2026-09-11T17:33:43.958+00:00,4368.37,4368.48,0.11,16
2026-09-11T17:33:44.709+00:00,4368.38,4368.49,0.11,16
2026-09-11T17:33:45.084+00:00,4368.39,4368.5,0.11,16
2026-09-11T17:33:45.427+00:00,4368.69,4368.79,0.1,16
2026-09-11T17:33:45.804+00:00,4368.67,4368.78,0.11,16
2026-09-11T17:33:46.229+00:00,4368.69,4368.79,0.1,16
2026-09-11T17:33:46.529+00:00,4368.45,4368.55,0.1,16
2026-09-11T17:33:46.738+00:00,4368.42,4368.52,0.1,16
2026-09-11T17:33:46.979+00:00,4368.62,4368.73,0.11,16
2026-09-11T17:33:47.204+00:00,4368.61,4368.71,0.1,16
2026-09-11T17:33:47.429+00:00,4368.31,4368.41,0.1,16
2026-09-11T17:33:47.739+00:00,4368.33,4368.44,0.11,16
2026-09-11T17:33:47.955+00:00,4368.36,4368.47,0.11,16
2026-09-11T17:33:48.405+00:00,4368.37,4368.49,0.12,16
2026-09-11T17:33:48.631+00:00,4368.47,4368.58,0.11,16
2026-09-11T17:33:48.929+00:00,4368.48,4368.59,0.11,16
2026-09-11T17:33:49.156+00:00,4368.78,4368.89,0.11,16
2026-09-11T17:33:49.380+00:00,4368.83,4368.92,0.09,16
2026-09-11T17:33:49.604+00:00,4368.89,4368.98,0.09,16
2026-09-11T17:33:49.979+00:00,4368.9,4369.0,0.1,16
2026-09-11T17:33:50.354+00:00,4368.87,4368.99,0.12,16
2026-09-11T17:33:50.581+00:00,4368.91,4369.01,0.1,16
2026-09-11T17:33:51.564+00:00,4368.92,4369.02,0.1,16
2026-09-11T17:33:51.793+00:00,4369.21,4369.3,0.09,16
2026-09-11T17:33:52.014+00:00,4369.05,4369.14,0.09,16
2026-09-11T17:33:52.240+00:00,4369.14,4369.22,0.08,16
2026-09-11T17:33:52.464+00:00,4369.07,4369.17,0.1,16
2026-09-11T17:33:52.914+00:00,4369.27,4369.39,0.12,16
2026-09-11T17:33:53.443+00:00,4369.04,4369.16,0.12,16
2026-09-11T17:33:53.738+00:00,4369.01,4369.13,0.12,16
2026-09-11T17:33:53.973+00:00,4368.95,4369.06,0.11,16
2026-09-11T17:33:54.196+00:00,4368.93,4369.05,0.12,16
2026-09-11T17:33:54.421+00:00,4368.87,4368.99,0.12,16
2026-09-11T17:33:54.646+00:00,4369.02,4369.14,0.12,16
2026-09-11T17:33:54.871+00:00,4369.0,4369.11,0.11,16
2026-09-11T17:33:55.094+00:00,4368.98,4369.09,0.11,16
2026-09-11T17:33:55.738+00:00,4368.98,4369.08,0.1,16
2026-09-11T17:33:56.441+00:00,4368.99,4369.09,0.1,16
2026-09-11T17:33:56.663+00:00,4368.97,4369.07,0.1,16
2026-09-11T17:33:56.963+00:00,4368.98,4369.08,0.1,16
2026-09-11T17:33:57.189+00:00,4368.97,4369.08,0.11,16
2026-09-11T17:33:57.413+00:00,4368.92,4369.02,0.1,16
2026-09-11T17:33:57.638+00:00,4368.9,4369.01,0.11,16
2026-09-11T17:33:58.315+00:00,4368.5,4368.61,0.11,16
2026-09-11T17:33:58.537+00:00,4368.55,4368.66,0.11,16
2026-09-11T17:33:58.740+00:00,4368.59,4368.69,0.1,16
2026-09-11T17:33:58.990+00:00,4368.52,4368.62,0.1,16
2026-09-11T17:33:59.215+00:00,4368.52,4368.63,0.11,16
2026-09-11T17:33:59.439+00:00,4368.56,4368.67,0.11,16
2026-09-11T17:33:59.964+00:00,4368.48,4368.59,0.11,16
2026-09-11T17:34:00.414+00:00,4368.47,4368.58,0.11,16
2026-09-11T17:34:00.716+00:00,4368.45,4368.55,0.1,16
2026-09-11T17:34:01.165+00:00,4368.47,4368.56,0.09,16
2026-09-11T17:34:01.390+00:00,4368.48,4368.58,0.1,16
2026-09-11T17:34:01.619+00:00,4368.47,4368.58,0.11,16
2026-09-11T17:34:02.067+00:00,4368.57,4368.68,0.11,16
2026-09-11T17:34:02.390+00:00,4368.6,4368.71,0.11,16
2026-09-11T17:34:02.617+00:00,4368.61,4368.71,0.1,16
2026-09-11T17:34:02.850+00:00,4369.07,4369.16,0.09,16
2026-09-11T17:34:03.065+00:00,4369.03,4369.13,0.1,16
2026-09-11T17:34:03.290+00:00,4369.01,4369.12,0.11,16
2026-09-11T17:34:03.739+00:00,4369.0,4369.12,0.12,16
2026-09-11T17:34:04.456+00:00,4368.7,4368.81,0.11,16
2026-09-11T17:34:05.086+00:00,4368.7,4368.82,0.12,16
2026-09-11T17:34:05.739+00:00,4368.68,4368.79,0.11,16
2026-09-11T17:34:06.009+00:00,4368.72,4368.83,0.11,16
2026-09-11T17:34:06.565+00:00,4368.72,4368.82,0.1,17
2026-09-11T17:34:06.940+00:00,4368.8,4368.9,0.1,17
2026-09-11T17:34:07.165+00:00,4368.74,4368.84,0.1,17
2026-09-11T17:34:07.541+00:00,4368.83,4368.94,0.11,17
2026-09-11T17:34:08.066+00:00,4368.91,4369.02,0.11,17
2026-09-11T17:34:08.366+00:00,4369.09,4369.18,0.09,17
2026-09-11T17:34:08.589+00:00,4369.1,4369.19,0.09,17
2026-09-11T17:34:08.818+00:00,4369.1,4369.18,0.08,17
2026-09-11T17:34:09.041+00:00,4369.14,4369.23,0.09,17
2026-09-11T17:34:09.268+00:00,4369.11,4369.22,0.11,17
2026-09-11T17:34:09.718+00:00,4369.12,4369.2,0.08,17
2026-09-11T17:34:09.944+00:00,4369.16,4369.25,0.09,17
2026-09-11T17:34:10.150+00:00,4368.88,4368.97,0.09,17
2026-09-11T17:34:10.425+00:00,4368.81,4368.92,0.11,17
2026-09-11T17:34:10.740+00:00,4368.87,4368.98,0.11,17
2026-09-11T17:34:10.984+00:00,4368.84,4368.94,0.1,17
2026-09-11T17:34:11.209+00:00,4368.85,4368.97,0.12,17
2026-09-11T17:34:11.509+00:00,4368.85,4368.95,0.1,17
2026-09-11T17:34:11.989+00:00,4368.89,4368.99,0.1,17
2026-09-11T17:34:12.358+00:00,4368.9,4368.99,0.09,17
2026-09-11T17:34:12.735+00:00,4368.87,4368.97,0.1,17
2026-09-11T17:34:12.959+00:00,4368.83,4368.92,0.09,17
2026-09-11T17:34:13.545+00:00,4368.77,4368.87,0.1,17
2026-09-11T17:34:13.759+00:00,4368.76,4368.88,0.12,17
2026-09-11T17:34:14.106+00:00,4368.78,4368.9,0.12,17
2026-09-11T17:34:14.429+00:00,4368.79,4368.89,0.1,17
2026-09-11T17:34:14.849+00:00,4368.76,4368.86,0.1,17
2026-09-11T17:34:15.072+00:00,4368.8,4368.92,0.12,17
2026-09-11T17:34:15.449+00:00,4368.89,4369.01,0.12,17
2026-09-11T17:34:15.742+00:00,4368.79,4368.91,0.12,17
2026-09-11T17:34:15.967+00:00,4368.82,4368.93,0.11,17
2026-09-11T17:34:16.195+00:00,4368.96,4369.08,0.12,17
2026-09-11T17:34:16.463+00:00,4368.99,4369.09,0.1,17
2026-09-11T17:34:16.738+00:00,4369.02,4369.12,0.1,17
2026-09-11T17:34:16.986+00:00,4369.21,4369.3,0.09,17
2026-09-11T17:34:17.285+00:00,4369.19,4369.29,0.1,17
2026-09-11T17:34:17.553+00:00,4369.19,4369.3,0.11,17
2026-09-11T17:34:18.754+00:00,4369.16,4369.27,0.11,17
2026-09-11T17:34:19.287+00:00,4369.18,4369.3,0.12,17
2026-09-11T17:34:19.511+00:00,4369.2,4369.31,0.11,17
2026-09-11T17:34:20.416+00:00,4369.21,4369.32,0.11,17
2026-09-11T17:34:20.643+00:00,4369.18,4369.29,0.11,17
2026-09-11T17:34:20.943+00:00,4369.19,4369.28,0.09,17
2026-09-11T17:34:21.227+00:00,4368.95,4369.04,0.09,17
2026-09-11T17:34:21.450+00:00,4368.98,4369.07,0.09,17
2026-09-11T17:34:21.674+00:00,4369.01,4369.1,0.09,17
2026-09-11T17:34:21.910+00:00,4369.03,4369.13,0.1,17
2026-09-11T17:34:22.463+00:00,4369.02,4369.13,0.11,17
2026-09-11T17:34:22.739+00:00,4368.98,4369.08,0.1,17
2026-09-11T17:34:22.941+00:00,4369.0,4369.1,0.1,17
2026-09-11T17:34:23.254+00:00,4368.96,4369.06,0.1,17
2026-09-11T17:34:23.483+00:00,4368.98,4369.08,0.1,17
2026-09-11T17:34:24.190+00:00,4368.97,4369.07,0.1,17
2026-09-11T17:34:24.581+00:00,4369.02,4369.1,0.08,17
2026-09-11T17:34:25.179+00:00,4369.01,4369.09,0.08,17
2026-09-11T17:34:25.404+00:00,4368.98,4369.08,0.1,17
2026-09-11T17:34:25.630+00:00,4369.29,4369.38,0.09,17
2026-09-11T17:34:25.855+00:00,4369.25,4369.33,0.08,17
2026-09-11T17:34:26.079+00:00,4369.26,4369.34,0.08,17
2026-09-11T17:34:26.379+00:00,4369.4,4369.48,0.08,17
2026-09-11T17:34:26.679+00:00,4369.26,4369.34,0.08,17
2026-09-11T17:34:26.932+00:00,4369.25,4369.33,0.08,17
2026-09-11T17:34:27.155+00:00,4369.23,4369.31,0.08,17
2026-09-11T17:34:27.476+00:00,4369.44,4369.54,0.1,17
2026-09-11T17:34:27.737+00:00,4369.43,4369.53,0.1,17
2026-09-11T17:34:28.288+00:00,4369.26,4369.35,0.09,17
2026-09-11T17:34:28.516+00:00,4369.39,4369.49,0.1,17
2026-09-11T17:34:28.738+00:00,4369.07,4369.16,0.09,17
2026-09-11T17:34:28.962+00:00,4369.06,4369.15,0.09,17
2026-09-11T17:34:29.189+00:00,4369.08,4369.18,0.1,17
2026-09-11T17:34:29.488+00:00,4369.15,4369.24,0.09,17
2026-09-11T17:34:29.740+00:00,4369.09,4369.17,0.08,17
2026-09-11T17:34:29.941+00:00,4369.05,4369.13,0.08,17
2026-09-11T17:34:30.738+00:00,4369.04,4369.14,0.1,17
2026-09-11T17:34:31.008+00:00,4369.08,4369.16,0.08,17
2026-09-11T17:34:31.692+00:00,4369.15,4369.23,0.08,18
2026-09-11T17:34:31.917+00:00,4369.08,4369.16,0.08,18
2026-09-11T17:34:32.397+00:00,4369.15,4369.23,0.08,18
2026-09-11T17:34:32.621+00:00,4369.1,4369.18,0.08,18
2026-09-11T17:34:32.893+00:00,4369.14,4369.22,0.08,18
2026-09-11T17:34:33.118+00:00,4369.08,4369.16,0.08,18
2026-09-11T17:34:33.346+00:00,4369.19,4369.27,0.08,18
2026-09-11T17:34:33.742+00:00,4369.18,4369.27,0.09,18
2026-09-11T17:34:33.900+00:00,4369.34,4369.42,0.08,18
2026-09-11T17:34:34.099+00:00,4369.33,4369.42,0.09,18
2026-09-11T17:34:34.323+00:00,4369.3,4369.39,0.09,18
2026-09-11T17:34:34.549+00:00,4369.32,4369.4,0.08,18
2026-09-11T17:34:35.113+00:00,4369.16,4369.24,0.08,18
2026-09-11T17:34:35.926+00:00,4369.14,4369.22,0.08,18
2026-09-11T17:34:36.147+00:00,4369.11,4369.19,0.08,18
2026-09-11T17:34:36.633+00:00,4369.14,4369.22,0.08,18
2026-09-11T17:34:36.864+00:00,4369.15,4369.23,0.08,18
2026-09-11T17:34:37.161+00:00,4369.17,4369.25,0.08,18
2026-09-11T17:34:37.386+00:00,4369.4,4369.49,0.09,18
2026-09-11T17:34:37.784+00:00,4369.41,4369.5,0.09,18
2026-09-11T17:34:38.160+00:00,4369.45,4369.55,0.1,18
2026-09-11T17:34:38.384+00:00,4369.29,4369.38,0.09,18
2026-09-11T17:34:38.609+00:00,4369.32,4369.42,0.1,18
2026-09-11T17:34:38.833+00:00,4369.26,4369.35,0.09,18
2026-09-11T17:34:39.059+00:00,4369.26,4369.36,0.1,18
2026-09-11T17:34:39.283+00:00,4369.25,4369.35,0.1,18
2026-09-11T17:34:39.741+00:00,4369.25,4369.34,0.09,18
2026-09-11T17:34:39.959+00:00,4369.05,4369.14,0.09,18
2026-09-11T17:34:40.185+00:00,4369.01,4369.09,0.08,18
2026-09-11T17:34:40.416+00:00,4369.12,4369.2,0.08,18
2026-09-11T17:34:40.637+00:00,4369.08,4369.16,0.08,18
2026-09-11T17:34:41.327+00:00,4369.27,4369.35,0.08,18
2026-09-11T17:34:41.550+00:00,4369.24,4369.34,0.1,18
2026-09-11T17:34:41.775+00:00,4369.23,4369.32,0.09,18
2026-09-11T17:34:42.003+00:00,4369.31,4369.41,0.1,18
2026-09-11T17:34:42.224+00:00,4369.31,4369.39,0.08,18
2026-09-11T17:34:42.526+00:00,4369.35,4369.43,0.08,18
2026-09-11T17:34:42.739+00:00,4369.32,4369.4,0.08,18
2026-09-11T17:34:42.981+00:00,4368.87,4368.96,0.09,18
2026-09-11T17:34:43.279+00:00,4369.18,4369.27,0.09,18
2026-09-11T17:34:43.506+00:00,4369.18,4369.26,0.08,18
2026-09-11T17:34:43.730+00:00,4369.33,4369.41,0.08,18
2026-09-11T17:34:44.180+00:00,4369.35,4369.43,0.08,18
2026-09-11T17:34:44.435+00:00,4369.36,4369.45,0.09,18
2026-09-11T17:34:45.389+00:00,4369.09,4369.19,0.1,18
2026-09-11T17:34:45.638+00:00,4369.16,4369.26,0.1,18
2026-09-11T17:34:45.965+00:00,4369.36,4369.45,0.09,18
2026-09-11T17:34:46.265+00:00,4369.27,4369.37,0.1,18
2026-09-11T17:34:46.866+00:00,4369.23,4369.32,0.09,18
2026-09-11T17:34:47.164+00:00,4369.1,4369.18,0.08,18
2026-09-11T17:34:47.389+00:00,4369.22,4369.3,0.08,18
2026-09-11T17:34:47.688+00:00,4369.08,4369.16,0.08,18
2026-09-11T17:34:47.988+00:00,4369.14,4369.22,0.08,18
2026-09-11T17:34:48.370+00:00,4369.09,4369.17,0.08,18
2026-09-11T17:34:48.595+00:00,4368.99,4369.08,0.09,18
2026-09-11T17:34:48.898+00:00,4368.89,4368.98,0.09,18
2026-09-11T17:34:49.201+00:00,4368.96,4369.05,0.09,18
2026-09-11T17:34:49.425+00:00,4369.15,4369.23,0.08,18
2026-09-11T17:34:49.730+00:00,4369.24,4369.32,0.08,18
2026-09-11T17:34:50.096+00:00,4369.15,4369.23,0.08,18
2026-09-11T17:34:50.548+00:00,4369.13,4369.23,0.1,18
2026-09-11T17:34:50.854+00:00,4369.15,4369.23,0.08,18
2026-09-11T17:34:51.060+00:00,4369.15,4369.24,0.09,18
2026-09-11T17:34:51.288+00:00,4369.26,4369.35,0.09,18
2026-09-11T17:34:51.661+00:00,4369.41,4369.49,0.08,18
2026-09-11T17:34:51.904+00:00,4369.4,4369.5,0.1,18
2026-09-11T17:34:52.148+00:00,4369.48,4369.57,0.09,18
2026-09-11T17:34:52.449+00:00,4369.49,4369.58,0.09,18
2026-09-11T17:34:53.190+00:00,4369.48,4369.57,0.09,18
2026-09-11T17:34:53.412+00:00,4369.37,4369.46,0.09,18
2026-09-11T17:34:53.644+00:00,4369.33,4369.42,0.09,18
2026-09-11T17:34:53.867+00:00,4369.14,4369.23,0.09,18
2026-09-11T17:34:54.169+00:00,4369.05,4369.14,0.09,18
2026-09-11T17:34:54.690+00:00,4369.04,4369.13,0.09,18
2026-09-11T17:34:55.786+00:00,4369.04,4369.14,0.1,18
2026-09-11T17:34:56.558+00:00,4368.94,4369.03,0.09,19
2026-09-11T17:34:56.782+00:00,4368.88,4368.96,0.08,19
2026-09-11T17:34:57.159+00:00,4368.84,4368.94,0.1,19
2026-09-11T17:34:57.465+00:00,4368.87,4368.96,0.09,19
2026-09-11T17:34:57.689+00:00,4368.93,4369.02,0.09,19
2026-09-11T17:34:57.917+00:00,4369.01,4369.09,0.08,19
2026-09-11T17:34:58.374+00:00,4369.02,4369.1,0.08,19
2026-09-11T17:34:58.729+00:00,4369.19,4369.27,0.08,19
2026-09-11T17:34:59.180+00:00,4369.02,4369.11,0.09,19
2026-09-11T17:34:59.560+00:00,4369.18,4369.26,0.08,19
2026-09-11T17:34:59.853+00:00,4369.2,4369.28,0.08,19
2026-09-11T17:35:00.456+00:00,4369.23,4369.31,0.08,19
2026-09-11T17:35:00.677+00:00,4369.17,4369.25,0.08,19
2026-09-11T17:35:00.983+00:00,4369.17,4369.26,0.09,19
2026-09-11T17:35:01.209+00:00,4369.37,4369.45,0.08,19
2026-09-11T17:35:01.428+00:00,4369.36,4369.44,0.08,19
2026-09-11T17:35:01.656+00:00,4369.35,4369.43,0.08,19
2026-09-11T17:35:01.881+00:00,4369.47,4369.55,0.08,19
2026-09-11T17:35:02.185+00:00,4369.45,4369.54,0.09,19
2026-09-11T17:35:02.425+00:00,4369.48,4369.57,0.09,19
2026-09-11T17:35:03.258+00:00,4369.21,4369.3,0.09,19
2026-09-11T17:35:03.558+00:00,4369.13,4369.22,0.09,19
2026-09-11T17:35:03.860+00:00,4369.44,4369.53,0.09,19
2026-09-11T17:35:04.084+00:00,4369.53,4369.62,0.09,19
2026-09-11T17:35:04.310+00:00,4369.3,4369.39,0.09,19
2026-09-11T17:35:04.540+00:00,4369.36,4369.44,0.08,19
2026-09-11T17:35:04.738+00:00,4369.32,4369.41,0.09,19
2026-09-11T17:35:04.986+00:00,4369.6,4369.69,0.09,19
2026-09-11T17:35:05.255+00:00,4369.35,4369.45,0.1,19
2026-09-11T17:35:05.478+00:00,4369.27,4369.36,0.09,19
2026-09-11T17:35:05.740+00:00,4369.52,4369.61,0.09,19
2026-09-11T17:35:06.160+00:00,4369.57,4369.67,0.1,19
2026-09-11T17:35:06.384+00:00,4369.54,4369.62,0.08,19
2026-09-11T17:35:06.610+00:00,4369.54,4369.63,0.09,19
2026-09-11T17:35:06.835+00:00,4369.34,4369.43,0.09,19
2026-09-11T17:35:07.067+00:00,4369.27,4369.36,0.09,19
2026-09-11T17:35:07.436+00:00,4369.24,4369.33,0.09,19
2026-09-11T17:35:07.736+00:00,4369.19,4369.28,0.09,19
2026-09-11T17:35:07.961+00:00,4369.2,4369.28,0.08,19
2026-09-11T17:35:08.189+00:00,4369.19,4369.27,0.08,19
2026-09-11T17:35:08.413+00:00,4369.14,4369.22,0.08,19
2026-09-11T17:35:08.641+00:00,4369.18,4369.27,0.09,19
2026-09-11T17:35:09.192+00:00,4369.17,4369.25,0.08,19
2026-09-11T17:35:09.824+00:00,4369.16,4369.24,0.08,19
2026-09-11T17:35:10.049+00:00,4369.09,4369.17,0.08,19
2026-09-11T17:35:10.352+00:00,4369.02,4369.11,0.09,19
2026-09-11T17:35:10.576+00:00,4368.97,4369.05,0.08,19
2026-09-11T17:35:10.875+00:00,4368.77,4368.86,0.09,19
2026-09-11T17:35:11.123+00:00,4368.87,4368.96,0.09,19
2026-09-11T17:35:11.348+00:00,4369.01,4369.1,0.09,19
2026-09-11T17:35:11.572+00:00,4369.0,4369.08,0.08,19
2026-09-11T17:35:11.797+00:00,4368.8,4368.88,0.08,19
2026-09-11T17:35:12.023+00:00,4368.86,4368.94,0.08,19
2026-09-11T17:35:12.248+00:00,4368.84,4368.94,0.1,19
2026-09-11T17:35:12.864+00:00,4368.75,4368.84,0.09,19
2026-09-11T17:35:13.852+00:00,4368.77,4368.86,0.09,19
2026-09-11T17:35:14.225+00:00,4368.83,4368.92,0.09,19
2026-09-11T17:35:14.426+00:00,4368.81,4368.91,0.1,19
2026-09-11T17:35:14.725+00:00,4368.83,4368.92,0.09,19
2026-09-11T17:35:15.224+00:00,4368.91,4369.01,0.1,19
2026-09-11T17:35:15.450+00:00,4368.87,4368.97,0.1,19
2026-09-11T17:35:15.674+00:00,4368.81,4368.9,0.09,19
2026-09-11T17:35:16.199+00:00,4368.71,4368.81,0.1,19
2026-09-11T17:35:16.618+00:00,4368.73,4368.82,0.09,19
2026-09-11T17:35:16.842+00:00,4368.63,4368.71,0.08,19
2026-09-11T17:35:17.067+00:00,4368.62,4368.71,0.09,19
2026-09-11T17:35:17.294+00:00,4368.78,4368.87,0.09,19
2026-09-11T17:35:17.518+00:00,4368.87,4368.95,0.08,19
2026-09-11T17:35:17.737+00:00,4368.9,4368.98,0.08,19
2026-09-11T17:35:17.973+00:00,4369.17,4369.25,0.08,19
2026-09-11T17:35:18.199+00:00,4368.93,4369.02,0.09,19
2026-09-11T17:35:18.502+00:00,4369.17,4369.26,0.09,19
2026-09-11T17:35:18.747+00:00,4369.05,4369.13,0.08,19
2026-09-11T17:35:18.968+00:00,4369.08,4369.17,0.09,19
2026-09-11T17:35:19.348+00:00,4369.0,4369.09,0.09,19
2026-09-11T17:35:19.569+00:00,4368.99,4369.08,0.09,19
2026-09-11T17:35:20.673+00:00,4369.2,4369.29,0.09,19
2026-09-11T17:35:21.199+00:00,4369.11,4369.21,0.1,19
2026-09-11T17:35:21.574+00:00,4369.17,4369.26,0.09,20
2026-09-11T17:35:22.026+00:00,4369.2,4369.29,0.09,20
2026-09-11T17:35:22.774+00:00,4369.19,4369.29,0.1,20
2026-09-11T17:35:23.034+00:00,4369.12,4369.22,0.1,20
2026-09-11T17:35:23.259+00:00,4369.1,4369.2,0.1,20
2026-09-11T17:35:23.478+00:00,4369.08,4369.18,0.1,20
2026-09-11T17:35:23.738+00:00,4368.83,4368.93,0.1,20
2026-09-11T17:35:24.566+00:00,4368.81,4368.91,0.1,20
2026-09-11T17:35:24.788+00:00,4368.8,4368.9,0.1,20
2026-09-11T17:35:25.015+00:00,4368.79,4368.89,0.1,20
2026-09-11T17:35:25.239+00:00,4368.89,4368.99,0.1,20
2026-09-11T17:35:25.538+00:00,4368.89,4368.97,0.08,20
2026-09-11T17:35:25.842+00:00,4368.88,4368.98,0.1,20
2026-09-11T17:35:26.563+00:00,4368.86,4368.96,0.1,20
2026-09-11T17:35:27.293+00:00,4368.85,4368.95,0.1,20
2026-09-11T17:35:27.738+00:00,4368.8,4368.9,0.1,20
2026-09-11T17:35:28.346+00:00,4368.88,4368.97,0.09,20
2026-09-11T17:35:28.739+00:00,4368.79,4368.89,0.1,20
2026-09-11T17:35:29.064+00:00,4368.8,4368.9,0.1,20
2026-09-11T17:35:29.289+00:00,4368.81,4368.91,0.1,20
2026-09-11T17:35:29.665+00:00,4368.8,4368.9,0.1,20
2026-09-11T17:35:30.315+00:00,4368.79,4368.89,0.1,20
2026-09-11T17:35:30.611+00:00,4368.78,4368.88,0.1,20
2026-09-11T17:35:31.326+00:00,4369.07,4369.15,0.08,20
2026-09-11T17:35:31.699+00:00,4369.06,4369.16,0.1,20
2026-09-11T17:35:31.932+00:00,4369.11,4369.21,0.1,20
2026-09-11T17:35:32.157+00:00,4369.13,4369.23,0.1,20
2026-09-11T17:35:32.390+00:00,4369.16,4369.26,0.1,20
2026-09-11T17:35:32.608+00:00,4369.18,4369.28,0.1,20
2026-09-11T17:35:32.993+00:00,4369.17,4369.27,0.1,20
2026-09-11T17:35:33.737+00:00,4369.18,4369.28,0.1,20
2026-09-11T17:35:34.373+00:00,4369.12,4369.21,0.09,20
2026-09-11T17:35:34.639+00:00,4369.21,4369.31,0.1,20
2026-09-11T17:35:35.080+00:00,4369.17,4369.27,0.1,20
2026-09-11T17:35:35.306+00:00,4369.19,4369.29,0.1,20
2026-09-11T17:35:35.532+00:00,4369.36,4369.44,0.08,20
2026-09-11T17:35:35.738+00:00,4369.49,4369.57,0.08,20
2026-09-11T17:35:35.978+00:00,4369.56,4369.64,0.08,20
2026-09-11T17:35:36.204+00:00,4369.53,4369.61,0.08,20
2026-09-11T17:35:36.428+00:00,4369.61,4369.7,0.09,20
2026-09-11T17:35:36.665+00:00,4369.54,4369.62,0.08,20
2026-09-11T17:35:36.888+00:00,4369.55,4369.63,0.08,20
2026-09-11T17:35:37.283+00:00,4369.59,4369.67,0.08,20
2026-09-11T17:35:37.509+00:00,4369.59,4369.68,0.09,20
2026-09-11T17:35:37.738+00:00,4369.58,4369.68,0.1,20
2026-09-11T17:35:38.023+00:00,4369.6,4369.7,0.1,20
2026-09-11T17:35:38.578+00:00,4369.61,4369.69,0.08,20
2026-09-11T17:35:39.251+00:00,4369.41,4369.5,0.09,20
2026-09-11T17:35:39.478+00:00,4369.47,4369.56,0.09,20
2026-09-11T17:35:39.705+00:00,4369.5,4369.6,0.1,20
2026-09-11T17:35:39.938+00:00,4369.64,4369.72,0.08,20
2026-09-11T17:35:40.536+00:00,4369.43,4369.51,0.08,20
2026-09-11T17:35:40.737+00:00,4369.4,4369.49,0.09,20
2026-09-11T17:35:41.059+00:00,4369.35,4369.44,0.09,20
2026-09-11T17:35:41.358+00:00,4369.35,4369.43,0.08,20
2026-09-11T17:35:41.663+00:00,4369.42,4369.52,0.1,20
2026-09-11T17:35:41.961+00:00,4369.41,4369.51,0.1,20
2026-09-11T17:35:42.337+00:00,4369.39,4369.48,0.09,20
2026-09-11T17:35:42.562+00:00,4369.42,4369.51,0.09,20
2026-09-11T17:35:42.791+00:00,4369.47,4369.56,0.09,20
2026-09-11T17:35:43.013+00:00,4369.43,4369.52,0.09,20
2026-09-11T17:35:43.240+00:00,4369.44,4369.54,0.1,20
2026-09-11T17:35:43.765+00:00,4369.62,4369.72,0.1,20
2026-09-11T17:35:44.106+00:00,4369.59,4369.68,0.09,20
2026-09-11T17:35:44.469+00:00,4369.6,4369.7,0.1,20
2026-09-11T17:35:44.822+00:00,4369.34,4369.44,0.1,20
2026-09-11T17:35:45.045+00:00,4369.38,4369.48,0.1,20
2026-09-11T17:35:45.553+00:00,4369.38,4369.46,0.08,20
2026-09-11T17:35:45.790+00:00,4369.68,4369.76,0.08,20
2026-09-11T17:35:46.004+00:00,4369.7,4369.8,0.1,20
2026-09-11T17:35:46.379+00:00,4369.68,4369.76,0.08,20
2026-09-11T17:35:46.677+00:00,4369.69,4369.77,0.08,21
2026-09-11T17:35:46.904+00:00,4369.68,4369.77,0.09,21
2026-09-11T17:35:47.129+00:00,4369.44,4369.53,0.09,21
2026-09-11T17:35:47.354+00:00,4369.68,4369.76,0.08,21
2026-09-11T17:35:47.794+00:00,4369.67,4369.75,0.08,21
2026-09-11T17:35:48.022+00:00,4369.59,4369.67,0.08,21
2026-09-11T17:35:48.245+00:00,4369.63,4369.72,0.09,21
2026-09-11T17:35:48.471+00:00,4369.52,4369.6,0.08,21
2026-09-11T17:35:48.739+00:00,4369.53,4369.62,0.09,21
2026-09-11T17:35:49.144+00:00,4369.58,4369.68,0.1,21
2026-09-11T17:35:49.617+00:00,4369.33,4369.43,0.1,21
2026-09-11T17:35:49.916+00:00,4369.59,4369.69,0.1,21
2026-09-11T17:35:50.216+00:00,4369.42,4369.51,0.09,21
2026-09-11T17:35:50.441+00:00,4369.06,4369.14,0.08,21
2026-09-11T17:35:50.666+00:00,4368.95,4369.03,0.08,21
2026-09-11T17:35:50.893+00:00,4369.15,4369.23,0.08,21
2026-09-11T17:35:51.117+00:00,4369.14,4369.22,0.08,21
2026-09-11T17:35:51.417+00:00,4369.13,4369.21,0.08,21
2026-09-11T17:35:51.643+00:00,4369.1,4369.19,0.09,21
2026-09-11T17:35:51.873+00:00,4369.14,4369.24,0.1,21
2026-09-11T17:35:52.313+00:00,4369.15,4369.25,0.1,21
2026-09-11T17:35:52.739+00:00,4369.18,4369.28,0.1,21
2026-09-11T17:35:52.946+00:00,4369.12,4369.21,0.09,21
2026-09-11T17:35:53.739+00:00,4369.13,4369.23,0.1,21
2026-09-11T17:35:54.041+00:00,4369.08,4369.18,0.1,21
2026-09-11T17:35:54.312+00:00,4369.05,4369.16,0.11,21
2026-09-11T17:35:54.610+00:00,4369.06,4369.15,0.09,21
2026-09-11T17:35:54.836+00:00,4369.08,4369.16,0.08,21
2026-09-11T17:35:55.136+00:00,4369.11,4369.19,0.08,21
2026-09-11T17:35:55.373+00:00,4369.12,4369.2,0.08,21
2026-09-11T17:35:55.672+00:00,4369.11,4369.19,0.08,21
2026-09-11T17:35:56.048+00:00,4369.09,4369.18,0.09,21
2026-09-11T17:35:56.315+00:00,4369.07,4369.16,0.09,21
2026-09-11T17:35:56.738+00:00,4369.08,4369.17,0.09,21
2026-09-11T17:35:56.986+00:00,4368.82,4368.91,0.09,21
2026-09-11T17:35:57.213+00:00,4368.75,4368.84,0.09,21
2026-09-11T17:35:57.587+00:00,4368.73,4368.82,0.09,21
2026-09-11T17:35:58.043+00:00,4368.53,4368.62,0.09,21
2026-09-11T17:35:58.268+00:00,4368.4,4368.5,0.1,21
2026-09-11T17:35:58.493+00:00,4368.59,4368.68,0.09,21
2026-09-11T17:35:58.737+00:00,4368.6,4368.69,0.09,21
2026-09-11T17:35:58.943+00:00,4368.3,4368.41,0.11,21
2026-09-11T17:35:59.339+00:00,4368.3,4368.4,0.1,21
2026-09-11T17:35:59.569+00:00,4368.31,4368.41,0.1,21
2026-09-11T17:35:59.789+00:00,4368.35,4368.46,0.11,21
2026-09-11T17:36:00.016+00:00,4368.56,4368.66,0.1,21
2026-09-11T17:36:00.240+00:00,4368.64,4368.73,0.09,21
2026-09-11T17:36:00.464+00:00,4368.66,4368.75,0.09,21
2026-09-11T17:36:00.740+00:00,4368.66,4368.76,0.1,21
2026-09-11T17:36:00.991+00:00,4368.63,4368.74,0.11,21
2026-09-11T17:36:01.217+00:00,4368.64,4368.74,0.1,21
2026-09-11T17:36:01.441+00:00,4368.48,4368.57,0.09,21
2026-09-11T17:36:01.663+00:00,4368.45,4368.53,0.08,21
2026-09-11T17:36:01.891+00:00,4368.38,4368.46,0.08,21
2026-09-11T17:36:02.298+00:00,4368.37,4368.46,0.09,21
2026-09-11T17:36:02.985+00:00,4368.61,4368.7,0.09,21
2026-09-11T17:36:03.207+00:00,4368.66,4368.74,0.08,21
2026-09-11T17:36:03.432+00:00,4368.69,4368.78,0.09,21
2026-09-11T17:36:04.033+00:00,4368.72,4368.83,0.11,21
2026-09-11T17:36:04.318+00:00,4368.66,4368.78,0.12,21
2026-09-11T17:36:04.541+00:00,4368.66,4368.77,0.11,21
2026-09-11T17:36:05.270+00:00,4368.64,4368.76,0.12,21
2026-09-11T17:36:05.498+00:00,4368.67,4368.78,0.11,21
2026-09-11T17:36:05.738+00:00,4368.68,4368.79,0.11,21
2026-09-11T17:36:06.099+00:00,4368.64,4368.75,0.11,21
2026-09-11T17:36:06.704+00:00,4368.68,4368.78,0.1,21
2026-09-11T17:36:06.933+00:00,4368.7,4368.8,0.1,21
2026-09-11T17:36:07.377+00:00,4368.62,4368.72,0.1,21
2026-09-11T17:36:07.603+00:00,4368.7,4368.78,0.08,21
2026-09-11T17:36:07.827+00:00,4368.61,4368.69,0.08,21
2026-09-11T17:36:08.052+00:00,4368.91,4368.99,0.08,21
2026-09-11T17:36:08.277+00:00,4369.0,4369.08,0.08,21
2026-09-11T17:36:08.507+00:00,4369.17,4369.25,0.08,21
2026-09-11T17:36:08.729+00:00,4369.4,4369.49,0.09,21
2026-09-11T17:36:08.953+00:00,4369.27,4369.35,0.08,21
2026-09-11T17:36:09.177+00:00,4369.31,4369.4,0.09,21
2026-09-11T17:36:09.402+00:00,4369.39,4369.49,0.1,21
2026-09-11T17:36:10.103+00:00,4369.4,4369.52,0.12,21
2026-09-11T17:36:10.331+00:00,4369.42,4369.54,0.12,21
2026-09-11T17:36:11.738+00:00,4369.2,4369.31,0.11,22
2026-09-11T17:36:12.020+00:00,4369.17,4369.28,0.11,22
2026-09-11T17:36:12.247+00:00,4369.1,4369.21,0.11,22
2026-09-11T17:36:12.469+00:00,4369.09,4369.2,0.11,22
2026-09-11T17:36:12.771+00:00,4369.08,4369.19,0.11,22
2026-09-11T17:36:13.297+00:00,4369.09,4369.2,0.11,22
2026-09-11T17:36:13.598+00:00,4369.15,4369.25,0.1,22
2026-09-11T17:36:14.375+00:00,4369.14,4369.25,0.11,22
2026-09-11T17:36:15.917+00:00,4369.23,4369.34,0.11,22
2026-09-11T17:36:16.151+00:00,4369.28,4369.38,0.1,22
2026-09-11T17:36:16.368+00:00,4369.21,4369.31,0.1,22
2026-09-11T17:36:16.666+00:00,4369.21,4369.32,0.11,22
2026-09-11T17:36:16.893+00:00,4369.13,4369.24,0.11,22
2026-09-11T17:36:17.116+00:00,4369.14,4369.23,0.09,22
2026-09-11T17:36:17.350+00:00,4369.12,4369.23,0.11,22
2026-09-11T17:36:17.657+00:00,4369.41,4369.5,0.09,22
2026-09-11T17:36:17.921+00:00,4369.41,4369.52,0.11,22
2026-09-11T17:36:18.326+00:00,4369.39,4369.51,0.12,22
2026-09-11T17:36:18.548+00:00,4369.35,4369.46,0.11,22
2026-09-11T17:36:19.084+00:00,4369.27,4369.37,0.1,22
2026-09-11T17:36:19.704+00:00,4369.26,4369.36,0.1,22
2026-09-11T17:36:19.928+00:00,4369.32,4369.41,0.09,22
2026-09-11T17:36:20.313+00:00,4369.3,4369.4,0.1,22
2026-09-11T17:36:20.623+00:00,4369.38,4369.48,0.1,22
2026-09-11T17:36:20.917+00:00,4369.51,4369.6,0.09,22
2026-09-11T17:36:21.367+00:00,4369.49,4369.6,0.11,22
2026-09-11T17:36:21.592+00:00,4369.47,4369.58,0.11,22
2026-09-11T17:36:21.816+00:00,4369.28,4369.36,0.08,22
2026-09-11T17:36:22.204+00:00,4369.14,4369.24,0.1,22
2026-09-11T17:36:22.574+00:00,4369.19,4369.29,0.1,22
2026-09-11T17:36:22.806+00:00,4368.96,4369.05,0.09,22
2026-09-11T17:36:23.024+00:00,4368.95,4369.03,0.08,22
2026-09-11T17:36:23.250+00:00,4368.96,4369.04,0.08,22
2026-09-11T17:36:23.700+00:00,4369.18,4369.27,0.09,22
2026-09-11T17:36:23.925+00:00,4369.15,4369.23,0.08,22
2026-09-11T17:36:24.150+00:00,4369.17,4369.26,0.09,22
2026-09-11T17:36:24.375+00:00,4369.2,4369.28,0.08,22
2026-09-11T17:36:24.738+00:00,4369.19,4369.29,0.1,22
2026-09-11T17:36:25.510+00:00,4369.18,4369.27,0.09,22
2026-09-11T17:36:25.738+00:00,4368.87,4368.96,0.09,22
2026-09-11T17:36:25.959+00:00,4369.11,4369.2,0.09,22
2026-09-11T17:36:26.184+00:00,4369.1,4369.21,0.11,22
2026-09-11T17:36:26.607+00:00,4368.78,4368.89,0.11,22
2026-09-11T17:36:26.935+00:00,4369.1,4369.21,0.11,22
2026-09-11T17:36:27.374+00:00,4368.99,4369.09,0.1,22
2026-09-11T17:36:27.693+00:00,4369.08,4369.17,0.09,22
2026-09-11T17:36:27.998+00:00,4369.08,4369.18,0.1,22
2026-09-11T17:36:28.225+00:00,4369.08,4369.19,0.11,22
2026-09-11T17:36:28.600+00:00,4369.05,4369.16,0.11,22
2026-09-11T17:36:29.049+00:00,4369.06,4369.16,0.1,22
2026-09-11T17:36:29.380+00:00,4368.76,4368.86,0.1,22
2026-09-11T17:36:29.711+00:00,4368.98,4369.09,0.11,22
2026-09-11T17:36:30.025+00:00,4368.77,4368.88,0.11,22
2026-09-11T17:36:30.248+00:00,4368.86,4368.97,0.11,22
2026-09-11T17:36:30.547+00:00,4368.88,4368.99,0.11,22
2026-09-11T17:36:30.773+00:00,4368.89,4369.0,0.11,22
2026-09-11T17:36:31.299+00:00,4368.89,4368.98,0.09,22
2026-09-11T17:36:31.673+00:00,4369.18,4369.28,0.1,22
2026-09-11T17:36:32.267+00:00,4369.15,4369.26,0.11,22
2026-09-11T17:36:32.643+00:00,4369.16,4369.25,0.09,22
2026-09-11T17:36:32.864+00:00,4369.17,4369.27,0.1,22
2026-09-11T17:36:33.564+00:00,4369.16,4369.26,0.1,22
2026-09-11T17:36:33.790+00:00,4369.23,4369.33,0.1,22
2026-09-11T17:36:34.445+00:00,4368.97,4369.07,0.1,22
2026-09-11T17:36:34.737+00:00,4368.96,4369.05,0.09,22
2026-09-11T17:36:34.984+00:00,4369.16,4369.26,0.1,22
2026-09-11T17:36:35.372+00:00,4369.14,4369.24,0.1,22
2026-09-11T17:36:35.596+00:00,4369.16,4369.25,0.09,22
2026-09-11T17:36:35.822+00:00,4368.95,4369.04,0.09,22
2026-09-11T17:36:36.047+00:00,4368.94,4369.04,0.1,22
2026-09-11T17:36:36.667+00:00,4369.23,4369.33,0.1,22
2026-09-11T17:36:36.893+00:00,4369.03,4369.13,0.1,23
2026-09-11T17:36:37.178+00:00,4369.25,4369.35,0.1,23
2026-09-11T17:36:37.545+00:00,4369.26,4369.36,0.1,23
2026-09-11T17:36:37.773+00:00,4369.25,4369.36,0.11,23
2026-09-11T17:36:38.146+00:00,4369.35,4369.45,0.1,23
2026-09-11T17:36:38.372+00:00,4369.3,4369.39,0.09,23
2026-09-11T17:36:38.594+00:00,4369.33,4369.41,0.08,23
2026-09-11T17:36:39.368+00:00,4369.36,4369.44,0.08,23
2026-09-11T17:36:39.584+00:00,4369.29,4369.38,0.09,23
2026-09-11T17:36:40.258+00:00,4369.21,4369.31,0.1,23
2026-09-11T17:36:40.484+00:00,4369.15,4369.24,0.09,23
2026-09-11T17:36:40.782+00:00,4369.22,4369.31,0.09,23
2026-09-11T17:36:41.024+00:00,4369.14,4369.22,0.08,23
2026-09-11T17:36:41.249+00:00,4368.87,4368.97,0.1,23
2026-09-11T17:36:41.473+00:00,4368.86,4368.95,0.09,23
2026-09-11T17:36:41.702+00:00,4368.72,4368.81,0.09,23
2026-09-11T17:36:41.928+00:00,4368.79,4368.88,0.09,23
2026-09-11T17:36:42.150+00:00,4368.72,4368.82,0.1,23
2026-09-11T17:36:42.527+00:00,4368.72,4368.81,0.09,23
2026-09-11T17:36:42.737+00:00,4368.74,4368.83,0.09,23
2026-09-11T17:36:42.990+00:00,4368.79,4368.89,0.1,23
2026-09-11T17:36:43.223+00:00,4368.78,4368.88,0.1,23
2026-09-11T17:36:43.525+00:00,4368.85,4368.94,0.09,23
2026-09-11T17:36:43.737+00:00,4368.86,4368.96,0.1,23
2026-09-11T17:36:43.980+00:00,4368.04,4368.13,0.09,23
2026-09-11T17:36:44.213+00:00,4367.08,4367.16,0.08,23
2026-09-11T17:36:44.434+00:00,4367.0,4367.12,0.12,23
2026-09-11T17:36:44.658+00:00,4366.93,4367.01,0.08,23
2026-09-11T17:36:44.958+00:00,4367.05,4367.16,0.11,23
2026-09-11T17:36:45.188+00:00,4367.17,4367.28,0.11,23
2026-09-11T17:36:45.411+00:00,4367.09,4367.2,0.11,23
2026-09-11T17:36:45.708+00:00,4367.15,4367.24,0.09,23
2026-09-11T17:36:45.935+00:00,4367.31,4367.39,0.08,23
2026-09-11T17:36:46.237+00:00,4367.29,4367.37,0.08,23
2026-09-11T17:36:46.460+00:00,4367.5,4367.58,0.08,23
2026-09-11T17:36:46.685+00:00,4367.49,4367.57,0.08,23
2026-09-11T17:36:46.913+00:00,4367.52,4367.62,0.1,23
2026-09-11T17:36:47.136+00:00,4367.52,4367.66,0.14,23
2026-09-11T17:36:47.435+00:00,4367.5,4367.61,0.11,23
2026-09-11T17:36:47.737+00:00,4367.51,4367.62,0.11,23
2026-09-11T17:36:47.961+00:00,4367.51,4367.63,0.12,23
2026-09-11T17:36:48.624+00:00,4367.51,4367.62,0.11,23
2026-09-11T17:36:48.867+00:00,4367.46,4367.56,0.1,23
2026-09-11T17:36:49.094+00:00,4367.45,4367.54,0.09,23
2026-09-11T17:36:49.321+00:00,4367.37,4367.46,0.09,23
2026-09-11T17:36:49.546+00:00,4367.33,4367.44,0.11,23
2026-09-11T17:36:49.921+00:00,4367.34,4367.44,0.1,23
2026-09-11T17:36:50.373+00:00,4367.33,4367.43,0.1,23
2026-09-11T17:36:50.737+00:00,4367.34,4367.44,0.1,23
2026-09-11T17:36:50.972+00:00,4367.22,4367.33,0.11,23
2026-09-11T17:36:51.196+00:00,4367.18,4367.28,0.1,23
2026-09-11T17:36:51.584+00:00,4367.18,4367.26,0.08,23
2026-09-11T17:36:51.808+00:00,4367.19,4367.27,0.08,23
2026-09-11T17:36:53.133+00:00,4367.28,4367.38,0.1,23
2026-09-11T17:36:53.433+00:00,4367.35,4367.46,0.11,23
2026-09-11T17:36:53.959+00:00,4367.36,4367.45,0.09,23
2026-09-11T17:36:54.183+00:00,4367.38,4367.47,0.09,23
2026-09-11T17:36:54.407+00:00,4367.42,4367.5,0.08,23
2026-09-11T17:36:54.633+00:00,4367.64,4367.72,0.08,23
2026-09-11T17:36:54.862+00:00,4367.82,4367.9,0.08,23
2026-09-11T17:36:55.089+00:00,4368.03,4368.11,0.08,23
2026-09-11T17:36:55.312+00:00,4368.05,4368.13,0.08,23
2026-09-11T17:36:55.537+00:00,4368.01,4368.1,0.09,23
2026-09-11T17:36:55.762+00:00,4368.0,4368.1,0.1,23
2026-09-11T17:36:55.989+00:00,4367.92,4368.03,0.11,23
2026-09-11T17:36:56.215+00:00,4368.02,4368.13,0.11,23
2026-09-11T17:36:56.443+00:00,4368.13,4368.24,0.11,23
2026-09-11T17:36:56.961+00:00,4368.15,4368.24,0.09,23
2026-09-11T17:36:57.263+00:00,4368.13,4368.24,0.11,23
2026-09-11T17:36:57.488+00:00,4367.98,4368.09,0.11,23
2026-09-11T17:36:57.714+00:00,4367.94,4368.05,0.11,23
2026-09-11T17:36:57.937+00:00,4367.92,4368.01,0.09,23
2026-09-11T17:36:58.312+00:00,4367.93,4368.04,0.11,23
2026-09-11T17:36:58.540+00:00,4367.84,4367.95,0.11,23
2026-09-11T17:36:58.762+00:00,4367.85,4367.94,0.09,23
2026-09-11T17:36:58.988+00:00,4367.87,4367.95,0.08,23
2026-09-11T17:36:59.214+00:00,4367.86,4367.96,0.1,23
2026-09-11T17:36:59.513+00:00,4367.91,4368.01,0.1,23
2026-09-11T17:36:59.739+00:00,4367.85,4367.95,0.1,23
2026-09-11T17:37:00.067+00:00,4367.83,4367.93,0.1,23
2026-09-11T17:37:00.369+00:00,4367.88,4367.98,0.1,23
2026-09-11T17:37:00.817+00:00,4367.66,4367.77,0.11,23
2026-09-11T17:37:01.349+00:00,4367.54,4367.66,0.12,23
2026-09-11T17:37:01.982+00:00,4367.53,4367.65,0.12,24
2026-09-11T17:37:02.510+00:00,4367.65,4367.76,0.11,24
2026-09-11T17:37:02.737+00:00,4367.86,4367.98,0.12,24
2026-09-11T17:37:02.958+00:00,4367.64,4367.75,0.11,24
2026-09-11T17:37:03.185+00:00,4367.58,4367.69,0.11,24
2026-09-11T17:37:03.728+00:00,4367.56,4367.68,0.12,24
2026-09-11T17:37:04.058+00:00,4367.9,4368.01,0.11,24
2026-09-11T17:37:04.283+00:00,4367.58,4367.69,0.11,24
2026-09-11T17:37:05.724+00:00,4367.9,4368.02,0.12,24
2026-09-11T17:37:05.949+00:00,4367.9,4368.01,0.11,24
2026-09-11T17:37:06.326+00:00,4367.91,4368.02,0.11,24
2026-09-11T17:37:06.549+00:00,4367.76,4367.87,0.11,24
2026-09-11T17:37:08.220+00:00,4367.73,4367.85,0.12,24
2026-09-11T17:37:08.737+00:00,4367.77,4367.87,0.1,24
2026-09-11T17:37:09.055+00:00,4367.71,4367.82,0.11,24
2026-09-11T17:37:09.347+00:00,4367.73,4367.84,0.11,24
2026-09-11T17:37:09.571+00:00,4367.86,4367.97,0.11,24
2026-09-11T17:37:09.796+00:00,4367.83,4367.94,0.11,24
2026-09-11T17:37:10.023+00:00,4367.85,4367.96,0.11,24
2026-09-11T17:37:10.321+00:00,4367.84,4367.96,0.12,24
2026-09-11T17:37:10.546+00:00,4367.83,4367.94,0.11,24
2026-09-11T17:37:10.775+00:00,4367.55,4367.66,0.11,24
2026-09-11T17:37:11.300+00:00,4367.68,4367.79,0.11,24
2026-09-11T17:37:11.523+00:00,4367.64,4367.75,0.11,24
2026-09-11T17:37:11.737+00:00,4367.32,4367.43,0.11,24
2026-09-11T17:37:11.971+00:00,4367.64,4367.76,0.12,24
2026-09-11T17:37:12.271+00:00,4367.74,4367.84,0.1,24
2026-09-11T17:37:12.503+00:00,4367.73,4367.84,0.11,24
2026-09-11T17:37:12.872+00:00,4367.75,4367.86,0.11,24
2026-09-11T17:37:13.096+00:00,4367.76,4367.87,0.11,24
2026-09-11T17:37:13.396+00:00,4367.75,4367.86,0.11,24
2026-09-11T17:37:13.622+00:00,4367.77,4367.88,0.11,24
2026-09-11T17:37:13.847+00:00,4367.76,4367.87,0.11,24
2026-09-11T17:37:14.468+00:00,4367.76,4367.86,0.1,24
2026-09-11T17:37:14.693+00:00,4367.76,4367.87,0.11,24
2026-09-11T17:37:15.133+00:00,4367.78,4367.9,0.12,24
2026-09-11T17:37:15.367+00:00,4367.79,4367.89,0.1,24
2026-09-11T17:37:15.582+00:00,4367.76,4367.85,0.09,24
2026-09-11T17:37:15.882+00:00,4367.7,4367.8,0.1,24
2026-09-11T17:37:16.409+00:00,4367.49,4367.6,0.11,24
2026-09-11T17:37:17.721+00:00,4367.52,4367.61,0.09,24
2026-09-11T17:37:17.945+00:00,4367.38,4367.48,0.1,24
2026-09-11T17:37:18.172+00:00,4367.53,4367.62,0.09,24
2026-09-11T17:37:18.397+00:00,4367.77,4367.88,0.11,24
2026-09-11T17:37:18.696+00:00,4367.68,4367.78,0.1,24
2026-09-11T17:37:18.997+00:00,4367.76,4367.86,0.1,24
2026-09-11T17:37:19.221+00:00,4367.5,4367.6,0.1,24
2026-09-11T17:37:19.428+00:00,4367.55,4367.64,0.09,24
2026-09-11T17:37:19.807+00:00,4367.6,4367.69,0.09,24
2026-09-11T17:37:20.102+00:00,4367.61,4367.69,0.08,24
2026-09-11T17:37:20.328+00:00,4367.6,4367.68,0.08,24
2026-09-11T17:37:20.553+00:00,4367.3,4367.38,0.08,24
2026-09-11T17:37:20.777+00:00,4367.4,4367.51,0.11,24
2026-09-11T17:37:21.002+00:00,4367.62,4367.73,0.11,24
2026-09-11T17:37:21.227+00:00,4367.63,4367.74,0.11,24
2026-09-11T17:37:21.614+00:00,4367.36,4367.48,0.12,24
2026-09-11T17:37:22.698+00:00,4367.38,4367.49,0.11,24
2026-09-11T17:37:22.922+00:00,4367.41,4367.52,0.11,24
2026-09-11T17:37:23.376+00:00,4367.37,4367.48,0.11,24
2026-09-11T17:37:23.599+00:00,4367.48,4367.59,0.11,24
2026-09-11T17:37:23.825+00:00,4367.48,4367.58,0.1,24
2026-09-11T17:37:24.049+00:00,4367.57,4367.66,0.09,24
2026-09-11T17:37:24.351+00:00,4367.61,4367.72,0.11,24
2026-09-11T17:37:24.575+00:00,4367.56,4367.67,0.11,24
2026-09-11T17:37:24.875+00:00,4367.52,4367.64,0.12,24
2026-09-11T17:37:25.106+00:00,4367.6,4367.72,0.12,24
2026-09-11T17:37:25.326+00:00,4367.58,4367.69,0.11,24
2026-09-11T17:37:26.142+00:00,4367.48,4367.59,0.11,24
2026-09-11T17:37:26.488+00:00,4367.64,4367.75,0.11,24
2026-09-11T17:37:26.713+00:00,4367.62,4367.73,0.11,24
2026-09-11T17:37:26.938+00:00,4367.58,4367.68,0.1,24
2026-09-11T17:37:27.163+00:00,4367.49,4367.6,0.11,25
2026-09-11T17:37:27.612+00:00,4367.56,4367.67,0.11,25
2026-09-11T17:37:27.944+00:00,4367.34,4367.46,0.12,25
2026-09-11T17:37:28.171+00:00,4367.33,4367.44,0.11,25
2026-09-11T17:37:28.394+00:00,4367.26,4367.37,0.11,25
2026-09-11T17:37:28.618+00:00,4367.16,4367.26,0.1,25
2026-09-11T17:37:28.846+00:00,4367.37,4367.47,0.1,25
2026-09-11T17:37:29.221+00:00,4367.48,4367.59,0.11,25
2026-09-11T17:37:29.446+00:00,4367.56,4367.67,0.11,25
2026-09-11T17:37:29.895+00:00,4367.59,4367.7,0.11,25
2026-09-11T17:37:30.125+00:00,4367.51,4367.63,0.12,25
2026-09-11T17:37:30.421+00:00,4367.29,4367.41,0.12,25
2026-09-11T17:37:30.646+00:00,4367.2,4367.31,0.11,25
2026-09-11T17:37:30.884+00:00,4367.26,4367.38,0.12,25
2026-09-11T17:37:31.186+00:00,4367.27,4367.39,0.12,25
2026-09-11T17:37:31.938+00:00,4367.49,4367.6,0.11,25
2026-09-11T17:37:32.737+00:00,4367.17,4367.28,0.11,25
2026-09-11T17:37:33.168+00:00,4367.16,4367.27,0.11,25
2026-09-11T17:37:33.736+00:00,4367.17,4367.28,0.11,25
2026-09-11T17:37:34.085+00:00,4367.16,4367.28,0.12,25
2026-09-11T17:37:34.307+00:00,4367.15,4367.26,0.11,25
2026-09-11T17:37:34.532+00:00,4367.14,4367.26,0.12,25
2026-09-11T17:37:34.740+00:00,4367.26,4367.37,0.11,25
2026-09-11T17:37:34.983+00:00,4367.21,4367.33,0.12,25
2026-09-11T17:37:35.208+00:00,4367.09,4367.21,0.12,25
2026-09-11T17:37:35.732+00:00,4366.95,4367.07,0.12,25
2026-09-11T17:37:35.963+00:00,4366.9,4367.0,0.1,25
2026-09-11T17:37:36.338+00:00,4366.88,4366.99,0.11,25
2026-09-11T17:37:37.478+00:00,4366.87,4366.98,0.11,25
2026-09-11T17:37:37.736+00:00,4366.96,4367.07,0.11,25
2026-09-11T17:37:38.153+00:00,4366.86,4366.96,0.1,25
2026-09-11T17:37:38.381+00:00,4366.94,4367.05,0.11,25
2026-09-11T17:37:38.737+00:00,4366.93,4367.03,0.1,25
2026-09-11T17:37:39.787+00:00,4366.91,4367.01,0.1,25
2026-09-11T17:37:40.011+00:00,4366.93,4367.03,0.1,25
2026-09-11T17:37:40.743+00:00,4367.13,4367.22,0.09,25
2026-09-11T17:37:41.001+00:00,4367.09,4367.19,0.1,25
2026-09-11T17:37:41.228+00:00,4366.83,4366.93,0.1,25
2026-09-11T17:37:41.452+00:00,4367.06,4367.18,0.12,25
2026-09-11T17:37:41.678+00:00,4366.94,4367.07,0.13,25
2026-09-11T17:37:41.903+00:00,4366.78,4366.89,0.11,25
2026-09-11T17:37:42.128+00:00,4366.81,4366.89,0.08,25
2026-09-11T17:37:42.582+00:00,4366.81,4366.9,0.09,25
2026-09-11T17:37:42.838+00:00,4366.64,4366.73,0.09,25
2026-09-11T17:37:43.061+00:00,4366.82,4366.91,0.09,25
2026-09-11T17:37:43.532+00:00,4366.81,4366.9,0.09,25
2026-09-11T17:37:44.090+00:00,4366.82,4366.9,0.08,25
2026-09-11T17:37:44.467+00:00,4366.66,4366.74,0.08,25
2026-09-11T17:37:44.916+00:00,4366.58,4366.67,0.09,25
2026-09-11T17:37:45.537+00:00,4366.75,4366.83,0.08,25
2026-09-11T17:37:45.737+00:00,4366.75,4366.84,0.09,25
2026-09-11T17:37:46.153+00:00,4366.74,4366.82,0.08,25
2026-09-11T17:37:46.678+00:00,4366.53,4366.62,0.09,25
2026-09-11T17:37:46.902+00:00,4366.48,4366.57,0.09,25
2026-09-11T17:37:47.127+00:00,4366.47,4366.58,0.11,25
2026-09-11T17:37:47.566+00:00,4366.78,4366.9,0.12,25
2026-09-11T17:37:48.273+00:00,4366.45,4366.56,0.11,25
2026-09-11T17:37:48.564+00:00,4366.46,4366.58,0.12,25
2026-09-11T17:37:49.016+00:00,4366.47,4366.58,0.11,25
2026-09-11T17:37:49.237+00:00,4366.46,4366.57,0.11,25
2026-09-11T17:37:49.659+00:00,4366.45,4366.56,0.11,25
2026-09-11T17:37:50.032+00:00,4366.75,4366.87,0.12,25
2026-09-11T17:37:50.259+00:00,4366.78,4366.89,0.11,25
2026-09-11T17:37:50.484+00:00,4366.74,4366.86,0.12,25
2026-09-11T17:37:50.708+00:00,4366.71,4366.82,0.11,25
2026-09-11T17:37:50.933+00:00,4366.65,4366.74,0.09,25
2026-09-11T17:37:51.233+00:00,4366.66,4366.74,0.08,25
2026-09-11T17:37:51.540+00:00,4366.73,4366.81,0.08,25
2026-09-11T17:37:51.758+00:00,4366.4,4366.51,0.11,25
2026-09-11T17:37:51.982+00:00,4366.61,4366.71,0.1,25
2026-09-11T17:37:52.211+00:00,4366.54,4366.64,0.1,26
2026-09-11T17:37:52.433+00:00,4366.53,4366.63,0.1,26
2026-09-11T17:37:52.710+00:00,4366.51,4366.62,0.11,26
2026-09-11T17:37:53.233+00:00,4366.3,4366.4,0.1,26
2026-09-11T17:37:53.609+00:00,4366.28,4366.38,0.1,26
2026-09-11T17:37:53.864+00:00,4366.26,4366.36,0.1,26
2026-09-11T17:37:54.164+00:00,4366.17,4366.27,0.1,26
2026-09-11T17:37:54.702+00:00,4366.05,4366.15,0.1,26
2026-09-11T17:37:55.074+00:00,4366.21,4366.3,0.09,26
2026-09-11T17:37:55.297+00:00,4366.01,4366.11,0.1,26
2026-09-11T17:37:55.598+00:00,4365.98,4366.08,0.1,26
2026-09-11T17:37:55.901+00:00,4365.98,4366.09,0.11,26
2026-09-11T17:37:56.200+00:00,4365.87,4365.98,0.11,26
2026-09-11T17:37:56.614+00:00,4365.86,4365.98,0.12,26
2026-09-11T17:37:56.839+00:00,4365.88,4365.99,0.11,26
2026-09-11T17:37:57.286+00:00,4365.92,4366.01,0.09,26
2026-09-11T17:37:57.736+00:00,4365.87,4365.97,0.1,26
2026-09-11T17:37:57.959+00:00,4365.83,4365.93,0.1,26
2026-09-11T17:37:58.185+00:00,4365.86,4365.97,0.11,26
2026-09-11T17:37:58.413+00:00,4365.85,4365.94,0.09,26
2026-09-11T17:37:58.713+00:00,4365.67,4365.77,0.1,26
2026-09-11T17:37:59.010+00:00,4365.65,4365.76,0.11,26
2026-09-11T17:37:59.248+00:00,4365.66,4365.76,0.1,26
2026-09-11T17:37:59.533+00:00,4365.65,4365.75,0.1,26
2026-09-11T17:37:59.736+00:00,4365.64,4365.74,0.1,26
2026-09-11T17:38:00.192+00:00,4365.63,4365.73,0.1,26
2026-09-11T17:38:00.418+00:00,4365.52,4365.63,0.11,26
2026-09-11T17:38:00.642+00:00,4365.4,4365.5,0.1,26
2026-09-11T17:38:01.243+00:00,4365.41,4365.5,0.09,26
2026-09-11T17:38:01.494+00:00,4365.4,4365.49,0.09,26
2026-09-11T17:38:01.719+00:00,4365.41,4365.51,0.1,26
2026-09-11T17:38:02.020+00:00,4365.4,4365.5,0.1,26
2026-09-11T17:38:02.394+00:00,4365.44,4365.55,0.11,26
2026-09-11T17:38:02.691+00:00,4365.76,4365.85,0.09,26
2026-09-11T17:38:02.928+00:00,4365.73,4365.81,0.08,26
2026-09-11T17:38:03.291+00:00,4365.67,4365.78,0.11,26
2026-09-11T17:38:03.516+00:00,4365.56,4365.66,0.1,26
2026-09-11T17:38:03.743+00:00,4365.45,4365.54,0.09,26
2026-09-11T17:38:03.965+00:00,4365.5,4365.6,0.1,26
2026-09-11T17:38:04.418+00:00,4365.79,4365.89,0.1,26
2026-09-11T17:38:04.740+00:00,4365.73,4365.84,0.11,26
2026-09-11T17:38:04.959+00:00,4365.66,4365.76,0.1,26
2026-09-11T17:38:05.184+00:00,4365.66,4365.77,0.11,26
2026-09-11T17:38:05.408+00:00,4365.63,4365.73,0.1,26
2026-09-11T17:38:05.678+00:00,4365.65,4365.74,0.09,26
2026-09-11T17:38:05.904+00:00,4365.69,4365.79,0.1,26
2026-09-11T17:38:06.167+00:00,4365.58,4365.7,0.12,26
2026-09-11T17:38:06.396+00:00,4365.55,4365.67,0.12,26
2026-09-11T17:38:06.695+00:00,4365.54,4365.64,0.1,26
2026-09-11T17:38:07.208+00:00,4365.53,4365.64,0.11,26
2026-09-11T17:38:07.409+00:00,4365.53,4365.63,0.1,26
2026-09-11T17:38:07.648+00:00,4365.53,4365.64,0.11,26
2026-09-11T17:38:07.872+00:00,4365.39,4365.49,0.1,26
2026-09-11T17:38:08.181+00:00,4365.38,4365.49,0.11,26
2026-09-11T17:38:08.398+00:00,4365.43,4365.53,0.1,26
2026-09-11T17:38:08.623+00:00,4365.43,4365.54,0.11,26
2026-09-11T17:38:08.851+00:00,4365.45,4365.53,0.08,26
2026-09-11T17:38:09.085+00:00,4365.29,4365.37,0.08,26
2026-09-11T17:38:09.304+00:00,4365.27,4365.36,0.09,26
2026-09-11T17:38:10.058+00:00,4365.24,4365.34,0.1,26
2026-09-11T17:38:10.281+00:00,4365.22,4365.32,0.1,26
2026-09-11T17:38:10.506+00:00,4365.28,4365.38,0.1,26
2026-09-11T17:38:10.731+00:00,4365.29,4365.39,0.1,26
2026-09-11T17:38:10.956+00:00,4365.34,4365.43,0.09,26
2026-09-11T17:38:11.179+00:00,4365.33,4365.43,0.1,26
2026-09-11T17:38:11.403+00:00,4365.35,4365.46,0.11,26
2026-09-11T17:38:11.739+00:00,4365.35,4365.45,0.1,26
2026-09-11T17:38:12.209+00:00,4365.39,4365.5,0.11,26
2026-09-11T17:38:12.510+00:00,4365.28,4365.36,0.08,26
2026-09-11T17:38:12.736+00:00,4365.31,4365.39,0.08,26
2026-09-11T17:38:13.293+00:00,4365.27,4365.35,0.08,26
2026-09-11T17:38:13.744+00:00,4365.26,4365.35,0.09,26
2026-09-11T17:38:14.050+00:00,4365.27,4365.35,0.08,26
2026-09-11T17:38:14.573+00:00,4365.2,4365.28,0.08,26
2026-09-11T17:38:14.800+00:00,4365.16,4365.24,0.08,26
2026-09-11T17:38:15.025+00:00,4365.17,4365.27,0.1,26
2026-09-11T17:38:15.598+00:00,4365.14,4365.25,0.11,26
2026-09-11T17:38:15.835+00:00,4365.08,4365.18,0.1,26
2026-09-11T17:38:16.359+00:00,4365.0,4365.1,0.1,26
2026-09-11T17:38:16.586+00:00,4365.01,4365.12,0.11,26
2026-09-11T17:38:16.813+00:00,4365.0,4365.09,0.09,26
2026-09-11T17:38:17.036+00:00,4364.98,4365.07,0.09,26
2026-09-11T17:38:17.259+00:00,4365.02,4365.11,0.09,27
2026-09-11T17:38:17.485+00:00,4365.09,4365.17,0.08,27
2026-09-11T17:38:17.736+00:00,4365.02,4365.11,0.09,27
2026-09-11T17:38:18.216+00:00,4365.01,4365.11,0.1,27
2026-09-11T17:38:18.429+00:00,4365.02,4365.12,0.1,27
2026-09-11T17:38:18.900+00:00,4365.02,4365.13,0.11,27
2026-09-11T17:38:19.125+00:00,4365.0,4365.1,0.1,27
2026-09-11T17:38:19.500+00:00,4365.03,4365.13,0.1,27
2026-09-11T17:38:19.736+00:00,4364.94,4365.04,0.1,27
2026-09-11T17:38:20.436+00:00,4364.96,4365.05,0.09,27
2026-09-11T17:38:20.659+00:00,4364.98,4365.06,0.08,27
2026-09-11T17:38:20.919+00:00,4365.0,4365.09,0.09,27
2026-09-11T17:38:21.295+00:00,4364.99,4365.08,0.09,27
2026-09-11T17:38:21.962+00:00,4364.96,4365.07,0.11,27
2026-09-11T17:38:22.264+00:00,4365.01,4365.1,0.09,27
2026-09-11T17:38:22.752+00:00,4365.09,4365.17,0.08,27
2026-09-11T17:38:23.052+00:00,4364.91,4365.0,0.09,27
2026-09-11T17:38:23.741+00:00,4364.89,4364.99,0.1,27
2026-09-11T17:38:23.985+00:00,4364.62,4364.72,0.1,27
2026-09-11T17:38:24.210+00:00,4364.54,4364.63,0.09,27
2026-09-11T17:38:24.509+00:00,4364.49,4364.59,0.1,27
2026-09-11T17:38:24.736+00:00,4364.5,4364.61,0.11,27
2026-09-11T17:38:25.260+00:00,4364.49,4364.6,0.11,27
2026-09-11T17:38:25.564+00:00,4364.56,4364.66,0.1,27
2026-09-11T17:38:25.861+00:00,4364.57,4364.67,0.1,27
2026-09-11T17:38:26.162+00:00,4364.64,4364.74,0.1,27
2026-09-11T17:38:26.386+00:00,4364.62,4364.72,0.1,27
2026-09-11T17:38:26.611+00:00,4364.62,4364.73,0.11,27
2026-09-11T17:38:26.912+00:00,4364.56,4364.67,0.11,27
2026-09-11T17:38:27.138+00:00,4364.57,4364.66,0.09,27
2026-09-11T17:38:27.365+00:00,4364.57,4364.65,0.08,27
2026-09-11T17:38:28.143+00:00,4364.67,4364.76,0.09,27
2026-09-11T17:38:28.368+00:00,4364.5,4364.59,0.09,27
2026-09-11T17:38:28.594+00:00,4364.67,4364.75,0.08,27
2026-09-11T17:38:28.820+00:00,4364.69,4364.78,0.09,27
2026-09-11T17:38:29.117+00:00,4364.85,4364.93,0.08,27
2026-09-11T17:38:29.345+00:00,4364.84,4364.94,0.1,27
2026-09-11T17:38:29.737+00:00,4364.83,4364.94,0.11,27
2026-09-11T17:38:29.946+00:00,4364.42,4364.51,0.09,27
2026-09-11T17:38:30.172+00:00,4364.51,4364.59,0.08,27
2026-09-11T17:38:30.738+00:00,4364.5,4364.58,0.08,27
2026-09-11T17:38:30.989+00:00,4364.48,4364.56,0.08,27
2026-09-11T17:38:31.215+00:00,4364.41,4364.49,0.08,27
2026-09-11T17:38:31.515+00:00,4364.7,4364.8,0.1,27
2026-09-11T17:38:31.737+00:00,4364.41,4364.51,0.1,27
2026-09-11T17:38:31.968+00:00,4364.68,4364.77,0.09,27
2026-09-11T17:38:32.226+00:00,4364.68,4364.78,0.1,27
2026-09-11T17:38:32.671+00:00,4364.5,4364.6,0.1,27
2026-09-11T17:38:32.894+00:00,4364.59,4364.67,0.08,27
2026-09-11T17:38:33.353+00:00,4364.57,4364.67,0.1,27
2026-09-11T17:38:33.578+00:00,4364.5,4364.6,0.1,27
2026-09-11T17:38:33.802+00:00,4364.27,4364.37,0.1,27
2026-09-11T17:38:34.028+00:00,4364.29,4364.39,0.1,27
2026-09-11T17:38:34.551+00:00,4364.3,4364.38,0.08,27
2026-09-11T17:38:34.852+00:00,4364.29,4364.37,0.08,27
2026-09-11T17:38:35.077+00:00,4364.58,4364.68,0.1,27
2026-09-11T17:38:35.302+00:00,4364.57,4364.67,0.1,27
2026-09-11T17:38:35.528+00:00,4364.56,4364.67,0.11,27
2026-09-11T17:38:35.737+00:00,4364.57,4364.67,0.1,27
2026-09-11T17:38:35.977+00:00,4364.49,4364.58,0.09,27
2026-09-11T17:38:36.203+00:00,4364.49,4364.6,0.11,27
2026-09-11T17:38:37.164+00:00,4364.44,4364.56,0.12,27
2026-09-11T17:38:37.366+00:00,4364.46,4364.57,0.11,27
2026-09-11T17:38:37.665+00:00,4364.5,4364.61,0.11,27
2026-09-11T17:38:37.892+00:00,4364.51,4364.62,0.11,27
2026-09-11T17:38:38.123+00:00,4364.21,4364.3,0.09,27
2026-09-11T17:38:38.736+00:00,4364.22,4364.31,0.09,27
2026-09-11T17:38:39.101+00:00,4364.23,4364.32,0.09,27
2026-09-11T17:38:39.551+00:00,4364.22,4364.31,0.09,27
2026-09-11T17:38:39.851+00:00,4364.17,4364.26,0.09,27
2026-09-11T17:38:40.081+00:00,4364.18,4364.27,0.09,27
2026-09-11T17:38:40.755+00:00,4364.17,4364.26,0.09,27
2026-09-11T17:38:40.979+00:00,4364.08,4364.17,0.09,27
2026-09-11T17:38:41.354+00:00,4364.07,4364.17,0.1,27
2026-09-11T17:38:41.649+00:00,4364.08,4364.17,0.09,27
2026-09-11T17:38:41.916+00:00,4364.05,4364.15,0.1,27
2026-09-11T17:38:42.152+00:00,4364.04,4364.14,0.1,27
2026-09-11T17:38:42.381+00:00,4363.93,4364.01,0.08,28
2026-09-11T17:38:42.600+00:00,4363.99,4364.07,0.08,28
2026-09-11T17:38:42.828+00:00,4363.93,4364.02,0.09,28
2026-09-11T17:38:43.054+00:00,4363.51,4363.59,0.08,28
2026-09-11T17:38:43.278+00:00,4363.56,4363.65,0.09,28
2026-09-11T17:38:43.654+00:00,4363.78,4363.86,0.08,28
2026-09-11T17:38:43.879+00:00,4363.81,4363.89,0.08,28
2026-09-11T17:38:44.102+00:00,4363.6,4363.68,0.08,28
2026-09-11T17:38:44.339+00:00,4363.31,4363.39,0.08,28
2026-09-11T17:38:44.556+00:00,4363.22,4363.31,0.09,28
2026-09-11T17:38:44.780+00:00,4363.26,4363.35,0.09,28
2026-09-11T17:38:45.079+00:00,4363.25,4363.35,0.1,28
2026-09-11T17:38:45.379+00:00,4363.29,4363.4,0.11,28
2026-09-11T17:38:45.737+00:00,4363.29,4363.39,0.1,28
2026-09-11T17:38:45.978+00:00,4363.31,4363.42,0.11,28
2026-09-11T17:38:46.204+00:00,4363.44,4363.54,0.1,28
2026-09-11T17:38:46.429+00:00,4363.43,4363.52,0.09,28
2026-09-11T17:38:46.656+00:00,4363.44,4363.52,0.08,28
2026-09-11T17:38:46.880+00:00,4363.31,4363.39,0.08,28
2026-09-11T17:38:47.109+00:00,4363.29,4363.37,0.08,28
2026-09-11T17:38:47.329+00:00,4363.26,4363.34,0.08,28
2026-09-11T17:38:47.553+00:00,4363.26,4363.35,0.09,28
2026-09-11T17:38:47.855+00:00,4363.27,4363.36,0.09,28
2026-09-11T17:38:48.086+00:00,4363.39,4363.48,0.09,28
2026-09-11T17:38:48.309+00:00,4363.35,4363.45,0.1,28
2026-09-11T17:38:48.534+00:00,4363.44,4363.52,0.08,28
2026-09-11T17:38:48.739+00:00,4363.43,4363.51,0.08,28
2026-09-11T17:38:49.079+00:00,4363.41,4363.49,0.08,28
2026-09-11T17:38:49.307+00:00,4363.39,4363.47,0.08,28
2026-09-11T17:38:49.528+00:00,4363.39,4363.49,0.1,28
2026-09-11T17:38:49.979+00:00,4363.48,4363.58,0.1,28
2026-09-11T17:38:51.044+00:00,4363.61,4363.71,0.1,28
2026-09-11T17:38:51.263+00:00,4363.6,4363.69,0.09,28
2026-09-11T17:38:51.526+00:00,4363.61,4363.69,0.08,28
2026-09-11T17:38:51.736+00:00,4363.67,4363.75,0.08,28
2026-09-11T17:38:52.062+00:00,4363.66,4363.76,0.1,28
2026-09-11T17:38:52.513+00:00,4363.65,4363.76,0.11,28
2026-09-11T17:38:52.962+00:00,4363.36,4363.46,0.1,28
2026-09-11T17:38:53.263+00:00,4363.4,4363.51,0.11,28
2026-09-11T17:38:53.488+00:00,4363.4,4363.5,0.1,28
2026-09-11T17:38:53.712+00:00,4363.42,4363.52,0.1,28
2026-09-11T17:38:54.163+00:00,4363.43,4363.53,0.1,28
2026-09-11T17:38:54.386+00:00,4363.38,4363.48,0.1,28
2026-09-11T17:38:54.612+00:00,4363.12,4363.21,0.09,28
2026-09-11T17:38:54.839+00:00,4362.92,4363.0,0.08,28
2026-09-11T17:38:55.063+00:00,4363.04,4363.12,0.08,28
2026-09-11T17:38:55.289+00:00,4363.11,4363.19,0.08,28
2026-09-11T17:38:55.513+00:00,4363.13,4363.21,0.08,28
2026-09-11T17:38:55.736+00:00,4363.09,4363.17,0.08,28
2026-09-11T17:38:56.037+00:00,4363.1,4363.18,0.08,28
2026-09-11T17:38:56.491+00:00,4363.09,4363.17,0.08,28
2026-09-11T17:38:56.715+00:00,4363.1,4363.18,0.08,28
2026-09-11T17:38:56.936+00:00,4363.09,4363.17,0.08,28
2026-09-11T17:38:57.326+00:00,4363.06,4363.14,0.08,28
2026-09-11T17:38:57.613+00:00,4363.05,4363.13,0.08,28
2026-09-11T17:38:57.923+00:00,4363.11,4363.19,0.08,28
2026-09-11T17:38:58.148+00:00,4363.06,4363.14,0.08,28
2026-09-11T17:38:58.523+00:00,4363.12,4363.2,0.08,28
2026-09-11T17:38:58.736+00:00,4363.11,4363.19,0.08,28
2026-09-11T17:38:58.971+00:00,4363.07,4363.15,0.08,28
2026-09-11T17:38:59.208+00:00,4363.08,4363.16,0.08,28
2026-09-11T17:38:59.430+00:00,4363.43,4363.51,0.08,28
2026-09-11T17:38:59.653+00:00,4363.3,4363.38,0.08,28
2026-09-11T17:38:59.880+00:00,4363.31,4363.4,0.09,28
2026-09-11T17:39:00.104+00:00,4363.58,4363.69,0.11,28
2026-09-11T17:39:00.331+00:00,4363.58,4363.67,0.09,28
2026-09-11T17:39:00.673+00:00,4363.28,4363.38,0.1,28
2026-09-11T17:39:00.902+00:00,4363.18,4363.28,0.1,28
2026-09-11T17:39:01.198+00:00,4363.46,4363.55,0.09,28
2026-09-11T17:39:01.427+00:00,4363.54,4363.63,0.09,28
2026-09-11T17:39:01.732+00:00,4363.27,4363.37,0.1,28
2026-09-11T17:39:02.034+00:00,4363.31,4363.39,0.08,28
2026-09-11T17:39:02.483+00:00,4363.3,4363.38,0.08,28
2026-09-11T17:39:02.738+00:00,4363.29,4363.39,0.1,28
2026-09-11T17:39:03.047+00:00,4363.31,4363.41,0.1,28
2026-09-11T17:39:03.273+00:00,4363.38,4363.48,0.1,28
2026-09-11T17:39:03.701+00:00,4363.39,4363.47,0.08,28
2026-09-11T17:39:03.916+00:00,4363.58,4363.66,0.08,28
2026-09-11T17:39:04.257+00:00,4363.58,4363.67,0.09,28
2026-09-11T17:39:04.486+00:00,4363.48,4363.57,0.09,28
2026-09-11T17:39:04.736+00:00,4363.29,4363.37,0.08,28
2026-09-11T17:39:05.060+00:00,4363.22,4363.32,0.1,28
2026-09-11T17:39:05.508+00:00,4363.12,4363.22,0.1,28
2026-09-11T17:39:05.739+00:00,4363.21,4363.31,0.1,28
2026-09-11T17:39:05.959+00:00,4363.04,4363.14,0.1,28
2026-09-11T17:39:06.185+00:00,4363.37,4363.46,0.09,28
2026-09-11T17:39:06.407+00:00,4363.1,4363.19,0.09,28
2026-09-11T17:39:06.708+00:00,4363.11,4363.2,0.09,28
2026-09-11T17:39:06.934+00:00,4363.1,4363.2,0.1,28
2026-09-11T17:39:07.158+00:00,4363.39,4363.48,0.09,28
2026-09-11T17:39:07.382+00:00,4363.36,4363.46,0.1,29
2026-09-11T17:39:07.687+00:00,4363.2,4363.33,0.13,29
2026-09-11T17:39:07.908+00:00,4363.08,4363.18,0.1,29
2026-09-11T17:39:08.362+00:00,4363.04,4363.13,0.09,29
2026-09-11T17:39:08.592+00:00,4363.03,4363.12,0.09,29
2026-09-11T17:39:08.817+00:00,4362.81,4362.91,0.1,29
2026-09-11T17:39:09.042+00:00,4362.7,4362.79,0.09,29
2026-09-11T17:39:09.267+00:00,4362.82,4362.91,0.09,29
2026-09-11T17:39:09.494+00:00,4362.78,4362.87,0.09,29
2026-09-11T17:39:09.716+00:00,4362.66,4362.77,0.11,29
2026-09-11T17:39:09.942+00:00,4362.59,4362.7,0.11,29
2026-09-11T17:39:10.167+00:00,4362.6,4362.69,0.09,29
2026-09-11T17:39:10.467+00:00,4362.62,4362.7,0.08,29
2026-09-11T17:39:10.737+00:00,4362.63,4362.72,0.09,29
2026-09-11T17:39:10.992+00:00,4362.65,4362.73,0.08,29
2026-09-11T17:39:11.217+00:00,4362.57,4362.65,0.08,29
2026-09-11T17:39:11.443+00:00,4362.53,4362.63,0.1,29
2026-09-11T17:39:11.744+00:00,4362.56,4362.66,0.1,29
2026-09-11T17:39:11.974+00:00,4362.66,4362.75,0.09,29
2026-09-11T17:39:12.197+00:00,4362.85,4362.93,0.08,29
2026-09-11T17:39:12.430+00:00,4362.83,4362.91,0.08,29
2026-09-11T17:39:12.648+00:00,4362.71,4362.79,0.08,29
2026-09-11T17:39:13.011+00:00,4362.88,4362.96,0.08,29
2026-09-11T17:39:13.238+00:00,4362.91,4362.99,0.08,29
2026-09-11T17:39:13.613+00:00,4362.93,4363.01,0.08,29
2026-09-11T17:39:14.110+00:00,4362.94,4363.02,0.08,29
2026-09-11T17:39:14.337+00:00,4362.88,4362.96,0.08,29
2026-09-11T17:39:14.736+00:00,4362.91,4362.99,0.08,29
2026-09-11T17:39:15.164+00:00,4362.93,4363.01,0.08,29
2026-09-11T17:39:15.389+00:00,4362.91,4363.0,0.09,29
2026-09-11T17:39:15.614+00:00,4362.88,4362.98,0.1,29
2026-09-11T17:39:15.839+00:00,4362.87,4362.97,0.1,29
2026-09-11T17:39:16.608+00:00,4362.85,4362.95,0.1,29
2026-09-11T17:39:16.860+00:00,4362.76,4362.86,0.1,29
2026-09-11T17:39:17.226+00:00,4362.75,4362.85,0.1,29
2026-09-11T17:39:17.736+00:00,4362.83,4362.93,0.1,29
2026-09-11T17:39:17.983+00:00,4362.87,4362.96,0.09,29
2026-09-11T17:39:18.212+00:00,4362.93,4363.01,0.08,29
2026-09-11T17:39:18.435+00:00,4362.98,4363.06,0.08,29
2026-09-11T17:39:18.735+00:00,4363.01,4363.1,0.09,29
2026-09-11T17:39:18.958+00:00,4363.0,4363.11,0.11,29
2026-09-11T17:39:19.183+00:00,4362.99,4363.1,0.11,29
2026-09-11T17:39:19.407+00:00,4363.0,4363.1,0.1,29
2026-09-11T17:39:19.745+00:00,4362.91,4363.01,0.1,29
2026-09-11T17:39:19.962+00:00,4362.88,4362.98,0.1,29
2026-09-11T17:39:20.185+00:00,4362.85,4362.95,0.1,29
2026-09-11T17:39:20.415+00:00,4362.84,4362.94,0.1,29
2026-09-11T17:39:20.636+00:00,4362.83,4362.93,0.1,29
2026-09-11T17:39:20.874+00:00,4362.71,4362.81,0.1,29
2026-09-11T17:39:21.162+00:00,4362.69,4362.78,0.09,29
2026-09-11T17:39:21.543+00:00,4362.72,4362.82,0.1,29
2026-09-11T17:39:21.769+00:00,4362.83,4362.92,0.09,29
2026-09-11T17:39:22.076+00:00,4362.86,4362.96,0.1,29
2026-09-11T17:39:22.295+00:00,4362.72,4362.81,0.09,29
2026-09-11T17:39:22.670+00:00,4362.66,4362.74,0.08,29
2026-09-11T17:39:22.898+00:00,4362.59,4362.68,0.09,29
2026-09-11T17:39:23.120+00:00,4362.61,4362.7,0.09,29
2026-09-11T17:39:23.497+00:00,4362.56,4362.65,0.09,29
2026-09-11T17:39:23.737+00:00,4362.5,4362.59,0.09,29
2026-09-11T17:39:23.953+00:00,4362.56,4362.64,0.08,29
2026-09-11T17:39:24.172+00:00,4362.58,4362.66,0.08,29
2026-09-11T17:39:24.472+00:00,4362.55,4362.64,0.09,29
2026-09-11T17:39:24.697+00:00,4362.56,4362.65,0.09,29
2026-09-11T17:39:24.929+00:00,4362.66,4362.75,0.09,29
2026-09-11T17:39:25.224+00:00,4362.67,4362.75,0.08,29
2026-09-11T17:39:25.449+00:00,4362.86,4362.94,0.08,29
2026-09-11T17:39:25.675+00:00,4362.78,4362.88,0.1,29
2026-09-11T17:39:26.092+00:00,4362.52,4362.62,0.1,29
2026-09-11T17:39:26.359+00:00,4362.51,4362.6,0.09,29
2026-09-11T17:39:26.736+00:00,4362.52,4362.61,0.09,29
2026-09-11T17:39:27.190+00:00,4362.26,4362.34,0.08,29
2026-09-11T17:39:27.416+00:00,4362.21,4362.31,0.1,29
2026-09-11T17:39:27.736+00:00,4362.22,4362.31,0.09,29
2026-09-11T17:39:28.018+00:00,4362.14,4362.23,0.09,29
2026-09-11T17:39:28.329+00:00,4362.13,4362.22,0.09,29
2026-09-11T17:39:28.704+00:00,4362.16,4362.25,0.09,29
2026-09-11T17:39:28.929+00:00,4362.18,4362.28,0.1,29
2026-09-11T17:39:29.232+00:00,4362.12,4362.21,0.09,29
2026-09-11T17:39:29.604+00:00,4362.12,4362.22,0.1,29
2026-09-11T17:39:29.946+00:00,4362.14,4362.23,0.09,29
2026-09-11T17:39:30.170+00:00,4362.23,4362.32,0.09,29
2026-09-11T17:39:30.393+00:00,4362.28,4362.36,0.08,29
2026-09-11T17:39:30.620+00:00,4362.18,4362.26,0.08,29
2026-09-11T17:39:31.246+00:00,4362.16,4362.24,0.08,29
2026-09-11T17:39:31.547+00:00,4362.15,4362.23,0.08,29
2026-09-11T17:39:31.771+00:00,4362.21,4362.29,0.08,29
2026-09-11T17:39:31.997+00:00,4362.43,4362.51,0.08,29
2026-09-11T17:39:32.221+00:00,4362.4,4362.48,0.08,29
2026-09-11T17:39:32.447+00:00,4362.42,4362.5,0.08,30
2026-09-11T17:39:32.674+00:00,4362.45,4362.53,0.08,30
2026-09-11T17:39:32.913+00:00,4362.52,4362.6,0.08,30
2026-09-11T17:39:33.211+00:00,4362.65,4362.73,0.08,30
2026-09-11T17:39:33.739+00:00,4362.66,4362.74,0.08,30
2026-09-11T17:39:33.960+00:00,4362.66,4362.75,0.09,30
2026-09-11T17:39:34.262+00:00,4362.7,4362.79,0.09,30
2026-09-11T17:39:34.559+00:00,4362.72,4362.8,0.08,30
2026-09-11T17:39:34.801+00:00,4362.74,4362.83,0.09,30
2026-09-11T17:39:35.026+00:00,4362.81,4362.89,0.08,30
2026-09-11T17:39:35.329+00:00,4362.79,4362.87,0.08,30
2026-09-11T17:39:35.551+00:00,4362.82,4362.9,0.08,30
2026-09-11T17:39:35.775+00:00,4362.87,4362.95,0.08,30
2026-09-11T17:39:36.074+00:00,4362.92,4363.0,0.08,30
2026-09-11T17:39:36.302+00:00,4362.97,4363.05,0.08,30
2026-09-11T17:39:36.828+00:00,4362.87,4362.95,0.08,30
2026-09-11T17:39:37.048+00:00,4362.89,4362.97,0.08,30
2026-09-11T17:39:37.650+00:00,4362.91,4362.99,0.08,30
2026-09-11T17:39:37.874+00:00,4362.91,4363.0,0.09,30
2026-09-11T17:39:38.174+00:00,4362.9,4362.98,0.08,30
2026-09-11T17:39:38.401+00:00,4362.89,4362.98,0.09,30
2026-09-11T17:39:38.627+00:00,4362.87,4362.96,0.09,30
2026-09-11T17:39:38.850+00:00,4362.7,4362.79,0.09,30
2026-09-11T17:39:39.076+00:00,4362.91,4362.99,0.08,30
2026-09-11T17:39:39.375+00:00,4362.96,4363.04,0.08,30
2026-09-11T17:39:39.675+00:00,4362.75,4362.83,0.08,30
2026-09-11T17:39:39.907+00:00,4362.67,4362.75,0.08,30
2026-09-11T17:39:40.351+00:00,4362.7,4362.78,0.08,30
2026-09-11T17:39:41.102+00:00,4362.6,4362.68,0.08,30
2026-09-11T17:39:41.329+00:00,4362.59,4362.69,0.1,30
2026-09-11T17:39:41.671+00:00,4362.57,4362.66,0.09,30
2026-09-11T17:39:41.897+00:00,4362.7,4362.79,0.09,30
2026-09-11T17:39:42.120+00:00,4362.69,4362.77,0.08,30
2026-09-11T17:39:42.348+00:00,4362.84,4362.92,0.08,30
2026-09-11T17:39:42.570+00:00,4362.88,4362.96,0.08,30
2026-09-11T17:39:43.088+00:00,4362.94,4363.02,0.08,30
2026-09-11T17:39:43.536+00:00,4362.93,4363.01,0.08,30
2026-09-11T17:39:43.737+00:00,4362.97,4363.05,0.08,30
2026-09-11T17:39:44.418+00:00,4362.69,4362.77,0.08,30
2026-09-11T17:39:44.740+00:00,4362.89,4362.98,0.09,30
2026-09-11T17:39:44.957+00:00,4362.9,4362.98,0.08,30
2026-09-11T17:39:45.181+00:00,4362.91,4362.99,0.08,30
2026-09-11T17:39:45.442+00:00,4362.89,4362.99,0.1,30
2026-09-11T17:39:45.737+00:00,4362.9,4362.99,0.09,30
2026-09-11T17:39:46.720+00:00,4362.9,4362.98,0.08,30
2026-09-11T17:39:47.270+00:00,4362.89,4362.98,0.09,30
2026-09-11T17:39:47.497+00:00,4362.55,4362.63,0.08,30
2026-09-11T17:39:47.724+00:00,4362.51,4362.59,0.08,30
2026-09-11T17:39:48.257+00:00,4362.44,4362.52,0.08,30
2026-09-11T17:39:48.561+00:00,4362.58,4362.66,0.08,30
2026-09-11T17:39:48.782+00:00,4362.63,4362.71,0.08,30
2026-09-11T17:39:49.006+00:00,4362.91,4362.99,0.08,30
2026-09-11T17:39:49.310+00:00,4362.87,4362.95,0.08,30
2026-09-11T17:39:49.607+00:00,4362.98,4363.06,0.08,30
2026-09-11T17:39:49.834+00:00,4362.85,4362.93,0.08,30
2026-09-11T17:39:50.057+00:00,4362.83,4362.92,0.09,30
2026-09-11T17:39:50.283+00:00,4362.82,4362.91,0.09,30
2026-09-11T17:39:50.506+00:00,4362.61,4362.69,0.08,30
2026-09-11T17:39:50.736+00:00,4362.56,4362.65,0.09,30
2026-09-11T17:39:50.957+00:00,4362.59,4362.69,0.1,30
2026-09-11T17:39:51.183+00:00,4362.55,4362.64,0.09,30
2026-09-11T17:39:51.410+00:00,4362.6,4362.68,0.08,30
2026-09-11T17:39:51.634+00:00,4362.64,4362.73,0.09,30
2026-09-11T17:39:51.860+00:00,4362.49,4362.57,0.08,30
2026-09-11T17:39:52.086+00:00,4362.68,4362.76,0.08,30
2026-09-11T17:39:52.313+00:00,4362.67,4362.75,0.08,30
2026-09-11T17:39:52.536+00:00,4362.65,4362.75,0.1,30
2026-09-11T17:39:52.912+00:00,4362.37,4362.46,0.09,30
2026-09-11T17:39:53.632+00:00,4362.63,4362.72,0.09,30
2026-09-11T17:39:53.858+00:00,4362.72,4362.81,0.09,30
2026-09-11T17:39:54.083+00:00,4362.77,4362.85,0.08,30
2026-09-11T17:39:54.459+00:00,4362.79,4362.88,0.09,30
2026-09-11T17:39:54.736+00:00,4362.78,4362.86,0.08,30
2026-09-11T17:39:54.995+00:00,4362.69,4362.77,0.08,30
2026-09-11T17:39:55.737+00:00,4362.7,4362.78,0.08,30
2026-09-11T17:39:56.046+00:00,4362.64,4362.72,0.08,30
2026-09-11T17:39:56.270+00:00,4362.65,4362.73,0.08,30
2026-09-11T17:39:56.944+00:00,4362.71,4362.79,0.08,30
2026-09-11T17:39:57.172+00:00,4362.68,4362.77,0.09,30
2026-09-11T17:39:57.394+00:00,4362.73,4362.81,0.08,30
2026-09-11T17:39:57.620+00:00,4362.92,4363.01,0.09,31
2026-09-11T17:39:57.920+00:00,4362.65,4362.75,0.1,31
2026-09-11T17:39:58.219+00:00,4362.66,4362.75,0.09,31
2026-09-11T17:39:58.732+00:00,4362.82,4362.91,0.09,31
2026-09-11T17:39:58.957+00:00,4362.7,4362.78,0.08,31
2026-09-11T17:39:59.408+00:00,4362.46,4362.54,0.08,31
2026-09-11T17:39:59.633+00:00,4362.38,4362.46,0.08,31
2026-09-11T17:39:59.858+00:00,4362.32,4362.4,0.08,31
2026-09-11T17:40:00.105+00:00,4362.31,4362.39,0.08,31
2026-09-11T17:40:00.308+00:00,4362.3,4362.38,0.08,31
2026-09-11T17:40:00.833+00:00,4362.24,4362.32,0.08,31
2026-09-11T17:40:01.286+00:00,4362.25,4362.33,0.08,31
2026-09-11T17:40:01.511+00:00,4362.16,4362.24,0.08,31
2026-09-11T17:40:01.737+00:00,4362.13,4362.21,0.08,31
2026-09-11T17:40:01.963+00:00,4362.12,4362.21,0.09,31
2026-09-11T17:40:02.379+00:00,4362.13,4362.21,0.08,31
2026-09-11T17:40:02.829+00:00,4362.15,4362.23,0.08,31
2026-09-11T17:40:03.055+00:00,4362.2,4362.28,0.08,31
2026-09-11T17:40:03.438+00:00,4362.27,4362.35,0.08,31
2026-09-11T17:40:03.659+00:00,4362.65,4362.73,0.08,31
2026-09-11T17:40:03.992+00:00,4362.48,4362.56,0.08,31
2026-09-11T17:40:04.258+00:00,4362.53,4362.63,0.1,31
2026-09-11T17:40:04.560+00:00,4362.55,4362.64,0.09,31
2026-09-11T17:40:04.787+00:00,4362.54,4362.62,0.08,31
2026-09-11T17:40:05.063+00:00,4362.72,4362.81,0.09,31
2026-09-11T17:40:05.296+00:00,4362.71,4362.81,0.1,31
2026-09-11T17:40:05.511+00:00,4362.67,4362.75,0.08,31
2026-09-11T17:40:05.737+00:00,4362.94,4363.05,0.11,31
2026-09-11T17:40:06.306+00:00,4362.93,4363.06,0.13,31
2026-09-11T17:40:06.532+00:00,4362.91,4363.02,0.11,31
2026-09-11T17:40:06.736+00:00,4362.77,4362.88,0.11,31
2026-09-11T17:40:07.393+00:00,4362.73,4362.82,0.09,31
2026-09-11T17:40:07.618+00:00,4362.76,4362.87,0.11,31
2026-09-11T17:40:07.848+00:00,4362.86,4362.98,0.12,31
2026-09-11T17:40:08.074+00:00,4362.83,4362.95,0.12,31
2026-09-11T17:40:08.302+00:00,4362.81,4362.91,0.1,31
2026-09-11T17:40:08.673+00:00,4362.79,4362.87,0.08,31
2026-09-11T17:40:09.311+00:00,4362.82,4362.9,0.08,31
2026-09-11T17:40:09.761+00:00,4362.78,4362.86,0.08,31
2026-09-11T17:40:09.993+00:00,4363.11,4363.19,0.08,31
2026-09-11T17:40:10.226+00:00,4363.13,4363.21,0.08,31
2026-09-11T17:40:10.437+00:00,4363.06,4363.16,0.1,31
2026-09-11T17:40:10.739+00:00,4363.05,4363.14,0.09,31
2026-09-11T17:40:11.036+00:00,4363.09,4363.17,0.08,31
2026-09-11T17:40:11.737+00:00,4363.08,4363.17,0.09,31
2026-09-11T17:40:11.967+00:00,4362.92,4363.0,0.08,31
2026-09-11T17:40:12.495+00:00,4362.98,4363.06,0.08,31
2026-09-11T17:40:12.718+00:00,4362.99,4363.07,0.08,31
2026-09-11T17:40:12.943+00:00,4363.04,4363.13,0.09,31
2026-09-11T17:40:13.168+00:00,4363.06,4363.14,0.08,31
2026-09-11T17:40:13.619+00:00,4363.07,4363.15,0.08,31
2026-09-11T17:40:13.846+00:00,4363.11,4363.19,0.08,31
2026-09-11T17:40:14.072+00:00,4363.19,4363.28,0.09,31
2026-09-11T17:40:14.406+00:00,4363.24,4363.33,0.09,31
2026-09-11T17:40:14.628+00:00,4363.32,4363.4,0.08,31
2026-09-11T17:40:14.856+00:00,4363.37,4363.45,0.08,31
2026-09-11T17:40:15.077+00:00,4363.4,4363.49,0.09,31
2026-09-11T17:40:15.302+00:00,4363.4,4363.51,0.11,31
2026-09-11T17:40:15.527+00:00,4363.32,4363.42,0.1,31
2026-09-11T17:40:15.744+00:00,4363.33,4363.43,0.1,31
2026-09-11T17:40:16.129+00:00,4363.32,4363.42,0.1,31
2026-09-11T17:40:16.429+00:00,4363.12,4363.23,0.11,31
2026-09-11T17:40:16.652+00:00,4363.14,4363.25,0.11,31
2026-09-11T17:40:16.878+00:00,4363.43,4363.52,0.09,31
2026-09-11T17:40:17.102+00:00,4363.58,4363.66,0.08,31
2026-09-11T17:40:17.329+00:00,4363.56,4363.64,0.08,31
2026-09-11T17:40:17.627+00:00,4363.53,4363.63,0.1,31
2026-09-11T17:40:17.870+00:00,4363.57,4363.67,0.1,31
2026-09-11T17:40:18.094+00:00,4363.48,4363.57,0.09,31
2026-09-11T17:40:18.319+00:00,4363.48,4363.59,0.11,31
2026-09-11T17:40:18.738+00:00,4363.47,4363.58,0.11,31
2026-09-11T17:40:18.957+00:00,4363.47,4363.57,0.1,31
2026-09-11T17:40:19.252+00:00,4363.26,4363.34,0.08,31
2026-09-11T17:40:19.479+00:00,4363.23,4363.33,0.1,31
2026-09-11T17:40:19.913+00:00,4363.2,4363.31,0.11,31
2026-09-11T17:40:20.137+00:00,4363.19,4363.3,0.11,31
2026-09-11T17:40:20.662+00:00,4363.25,4363.35,0.1,31
2026-09-11T17:40:20.887+00:00,4363.29,4363.37,0.08,31
2026-09-11T17:40:21.336+00:00,4363.32,4363.4,0.08,31
2026-09-11T17:40:21.561+00:00,4363.28,4363.37,0.09,31
2026-09-11T17:40:21.788+00:00,4363.69,4363.77,0.08,31
2026-09-11T17:40:22.015+00:00,4363.68,4363.77,0.09,31
2026-09-11T17:40:22.464+00:00,4363.66,4363.76,0.1,31
2026-09-11T17:40:22.765+00:00,4363.59,4363.68,0.09,32
2026-09-11T17:40:22.990+00:00,4363.55,4363.63,0.08,32
2026-09-11T17:40:23.216+00:00,4363.45,4363.54,0.09,32
2026-09-11T17:40:23.442+00:00,4363.08,4363.16,0.08,32
2026-09-11T17:40:23.668+00:00,4363.21,4363.29,0.08,32
2026-09-11T17:40:23.893+00:00,4363.26,4363.34,0.08,32
2026-09-11T17:40:24.117+00:00,4363.39,4363.47,0.08,32
2026-09-11T17:40:24.346+00:00,4363.46,4363.54,0.08,32
2026-09-11T17:40:24.566+00:00,4363.48,4363.56,0.08,32
2026-09-11T17:40:25.016+00:00,4363.52,4363.63,0.11,32
2026-09-11T17:40:25.256+00:00,4363.2,4363.31,0.11,32
2026-09-11T17:40:25.614+00:00,4363.16,4363.28,0.12,32
2026-09-11T17:40:25.837+00:00,4363.11,4363.22,0.11,32
2026-09-11T17:40:26.518+00:00,4363.09,4363.22,0.13,32
2026-09-11T17:40:26.736+00:00,4363.1,4363.22,0.12,32
2026-09-11T17:40:26.941+00:00,4363.11,4363.23,0.12,32
2026-09-11T17:40:27.317+00:00,4363.45,4363.57,0.12,32
2026-09-11T17:40:27.542+00:00,4363.07,4363.18,0.11,32
2026-09-11T17:40:28.160+00:00,4363.07,4363.19,0.12,32
2026-09-11T17:40:28.383+00:00,4363.1,4363.21,0.11,32
2026-09-11T17:40:28.610+00:00,4363.36,4363.48,0.12,32
2026-09-11T17:40:29.081+00:00,4363.35,4363.47,0.12,32
2026-09-11T17:40:29.307+00:00,4363.32,4363.44,0.12,32
2026-09-11T17:40:29.533+00:00,4363.35,4363.48,0.13,32
2026-09-11T17:40:29.736+00:00,4363.04,4363.17,0.13,32
2026-09-11T17:40:29.983+00:00,4363.01,4363.12,0.11,32
2026-09-11T17:40:30.208+00:00,4363.44,4363.56,0.12,32
2026-09-11T17:40:30.512+00:00,4363.49,4363.59,0.1,32
2026-09-11T17:40:30.733+00:00,4363.47,4363.59,0.12,32
2026-09-11T17:40:31.040+00:00,4363.46,4363.58,0.12,32
2026-09-11T17:40:31.264+00:00,4363.14,4363.25,0.11,32
2026-09-11T17:40:31.488+00:00,4363.11,4363.21,0.1,32
2026-09-11T17:40:31.736+00:00,4363.08,4363.18,0.1,32
2026-09-11T17:40:31.938+00:00,4363.12,4363.21,0.09,32
2026-09-11T17:40:32.162+00:00,4363.16,4363.27,0.11,32
2026-09-11T17:40:32.393+00:00,4363.25,4363.35,0.1,32
2026-09-11T17:40:32.615+00:00,4363.22,4363.32,0.1,32
2026-09-11T17:40:32.992+00:00,4363.2,4363.31,0.11,32
2026-09-11T17:40:33.215+00:00,4363.21,4363.3,0.09,32
2026-09-11T17:40:33.445+00:00,4363.12,4363.23,0.11,32
2026-09-11T17:40:33.667+00:00,4362.92,4363.02,0.1,32
2026-09-11T17:40:34.041+00:00,4363.11,4363.22,0.11,32
2026-09-11T17:40:34.347+00:00,4363.14,4363.26,0.12,32
2026-09-11T17:40:34.643+00:00,4363.08,4363.19,0.11,32
2026-09-11T17:40:34.867+00:00,4363.13,4363.25,0.12,32
2026-09-11T17:40:35.233+00:00,4363.1,4363.21,0.11,32
2026-09-11T17:40:35.458+00:00,4363.12,4363.23,0.11,32
2026-09-11T17:40:35.737+00:00,4363.11,4363.22,0.11,32
2026-09-11T17:40:36.238+00:00,4363.12,4363.24,0.12,32
2026-09-11T17:40:36.736+00:00,4362.83,4362.95,0.12,32
2026-09-11T17:40:36.988+00:00,4362.81,4362.92,0.11,32
2026-09-11T17:40:37.877+00:00,4362.81,4362.93,0.12,32
2026-09-11T17:40:38.144+00:00,4362.82,4362.92,0.1,32
2026-09-11T17:40:39.622+00:00,4362.81,4362.92,0.11,32
2026-09-11T17:40:39.875+00:00,4363.39,4363.49,0.1,32
2026-09-11T17:40:40.097+00:00,4363.66,4363.74,0.08,32
2026-09-11T17:40:40.321+00:00,4363.61,4363.69,0.08,32
2026-09-11T17:40:40.783+00:00,4363.6,4363.71,0.11,32
2026-09-11T17:40:41.297+00:00,4363.69,4363.8,0.11,32
2026-09-11T17:40:41.672+00:00,4363.59,4363.71,0.12,32
2026-09-11T17:40:42.085+00:00,4363.51,4363.62,0.11,32
2026-09-11T17:40:42.386+00:00,4363.24,4363.35,0.11,32
2026-09-11T17:40:42.611+00:00,4363.22,4363.35,0.13,32
2026-09-11T17:40:43.062+00:00,4363.22,4363.34,0.12,32
2026-09-11T17:40:43.366+00:00,4363.1,4363.21,0.11,32
2026-09-11T17:40:43.588+00:00,4362.84,4362.96,0.12,32
2026-09-11T17:40:44.037+00:00,4362.88,4362.99,0.11,32
2026-09-11T17:40:44.266+00:00,4362.79,4362.9,0.11,32
2026-09-11T17:40:44.486+00:00,4362.82,4362.93,0.11,32
2026-09-11T17:40:44.711+00:00,4362.79,4362.9,0.11,32
2026-09-11T17:40:44.937+00:00,4362.75,4362.86,0.11,32
2026-09-11T17:40:45.462+00:00,4362.8,4362.91,0.11,32
2026-09-11T17:40:45.688+00:00,4362.78,4362.9,0.12,32
2026-09-11T17:40:45.911+00:00,4362.74,4362.87,0.13,32
2026-09-11T17:40:46.138+00:00,4362.85,4362.98,0.13,32
2026-09-11T17:40:46.361+00:00,4362.85,4362.97,0.12,32
2026-09-11T17:40:46.593+00:00,4362.89,4363.01,0.12,32
2026-09-11T17:40:46.940+00:00,4362.86,4362.96,0.1,32
2026-09-11T17:40:47.231+00:00,4362.85,4362.96,0.11,32
2026-09-11T17:40:47.605+00:00,4362.83,4362.95,0.12,32
2026-09-11T17:40:47.997+00:00,4362.73,4362.84,0.11,33
2026-09-11T17:40:48.447+00:00,4362.74,4362.85,0.11,33
2026-09-11T17:40:48.735+00:00,4362.76,4362.87,0.11,33
2026-09-11T17:40:48.971+00:00,4362.85,4362.96,0.11,33
2026-09-11T17:40:49.350+00:00,4362.78,4362.89,0.11,33
2026-09-11T17:40:50.869+00:00,4362.79,4362.9,0.11,33
2026-09-11T17:40:51.092+00:00,4362.83,4362.94,0.11,33
2026-09-11T17:40:51.323+00:00,4362.82,4362.93,0.11,33
2026-09-11T17:40:51.736+00:00,4362.84,4362.94,0.1,33
2026-09-11T17:40:52.455+00:00,4362.83,4362.94,0.11,33
2026-09-11T17:40:52.680+00:00,4362.99,4363.1,0.11,33
2026-09-11T17:40:52.904+00:00,4363.0,4363.12,0.12,33
2026-09-11T17:40:53.131+00:00,4363.42,4363.53,0.11,33
2026-09-11T17:40:53.355+00:00,4363.5,4363.59,0.09,33
2026-09-11T17:40:53.580+00:00,4363.58,4363.67,0.09,33
2026-09-11T17:40:53.809+00:00,4363.57,4363.68,0.11,33
2026-09-11T17:40:54.029+00:00,4363.55,4363.67,0.12,33
2026-09-11T17:40:54.256+00:00,4363.54,4363.66,0.12,33
2026-09-11T17:40:54.736+00:00,4363.51,4363.64,0.13,33
2026-09-11T17:40:54.941+00:00,4363.5,4363.63,0.13,33
2026-09-11T17:40:55.210+00:00,4363.55,4363.68,0.13,33
2026-09-11T17:40:55.806+00:00,4363.52,4363.65,0.13,33
2026-09-11T17:40:56.034+00:00,4363.5,4363.63,0.13,33
2026-09-11T17:40:56.279+00:00,4363.5,4363.62,0.12,33
2026-09-11T17:40:56.540+00:00,4363.48,4363.6,0.12,33
2026-09-11T17:40:56.763+00:00,4363.36,4363.47,0.11,33
2026-09-11T17:40:57.064+00:00,4363.17,4363.27,0.1,33
2026-09-11T17:40:57.289+00:00,4362.98,4363.08,0.1,33
2026-09-11T17:40:57.736+00:00,4363.01,4363.09,0.08,33
2026-09-11T17:40:58.040+00:00,4363.02,4363.1,0.08,33
2026-09-11T17:40:58.309+00:00,4363.0,4363.08,0.08,33
2026-09-11T17:40:58.535+00:00,4362.94,4363.04,0.1,33
2026-09-11T17:40:59.281+00:00,4362.86,4362.97,0.11,33
2026-09-11T17:40:59.509+00:00,4362.71,4362.8,0.09,33
2026-09-11T17:40:59.735+00:00,4362.51,4362.61,0.1,33
2026-09-11T17:40:59.958+00:00,4362.82,4362.92,0.1,33
2026-09-11T17:41:00.185+00:00,4362.84,4362.95,0.11,33
2026-09-11T17:41:00.486+00:00,4362.79,4362.9,0.11,33
2026-09-11T17:41:00.711+00:00,4362.79,4362.91,0.12,33
2026-09-11T17:41:00.938+00:00,4362.45,4362.57,0.12,33
2026-09-11T17:41:01.305+00:00,4362.52,4362.63,0.11,33
2026-09-11T17:41:01.531+00:00,4362.48,4362.59,0.11,33
2026-09-11T17:41:01.736+00:00,4362.46,4362.57,0.11,33
2026-09-11T17:41:02.059+00:00,4362.48,4362.59,0.11,33
2026-09-11T17:41:02.379+00:00,4362.48,4362.6,0.12,33
2026-09-11T17:41:02.623+00:00,4362.44,4362.55,0.11,33
2026-09-11T17:41:02.951+00:00,4362.47,4362.58,0.11,33
2026-09-11T17:41:03.176+00:00,4362.49,4362.6,0.11,33
2026-09-11T17:41:03.406+00:00,4362.25,4362.37,0.12,33
2026-09-11T17:41:03.626+00:00,4362.13,4362.24,0.11,33
2026-09-11T17:41:03.863+00:00,4361.88,4361.99,0.11,33
2026-09-11T17:41:04.080+00:00,4361.84,4361.95,0.11,33
2026-09-11T17:41:04.305+00:00,4361.84,4361.94,0.1,33
2026-09-11T17:41:04.529+00:00,4361.77,4361.86,0.09,33
2026-09-11T17:41:04.735+00:00,4361.76,4361.86,0.1,33
2026-09-11T17:41:04.983+00:00,4361.7,4361.81,0.11,33
2026-09-11T17:41:05.280+00:00,4361.66,4361.77,0.11,33
2026-09-11T17:41:05.769+00:00,4361.75,4361.86,0.11,33
2026-09-11T17:41:06.260+00:00,4361.7,4361.81,0.11,33
2026-09-11T17:41:06.735+00:00,4361.69,4361.8,0.11,33
2026-09-11T17:41:07.063+00:00,4361.68,4361.8,0.12,33
2026-09-11T17:41:07.361+00:00,4361.61,4361.72,0.11,33
2026-09-11T17:41:07.584+00:00,4361.71,4361.81,0.1,33
2026-09-11T17:41:07.816+00:00,4361.84,4361.94,0.1,33
2026-09-11T17:41:08.033+00:00,4361.77,4361.88,0.11,33
2026-09-11T17:41:08.259+00:00,4361.79,4361.89,0.1,33
2026-09-11T17:41:08.484+00:00,4361.8,4361.9,0.1,33
2026-09-11T17:41:08.713+00:00,4361.82,4361.91,0.09,33
2026-09-11T17:41:09.165+00:00,4361.76,4361.85,0.09,33
2026-09-11T17:41:09.389+00:00,4361.75,4361.85,0.1,33
2026-09-11T17:41:09.614+00:00,4361.76,4361.86,0.1,33
2026-09-11T17:41:09.838+00:00,4361.76,4361.87,0.11,33
2026-09-11T17:41:10.063+00:00,4361.7,4361.8,0.1,33
2026-09-11T17:41:10.362+00:00,4361.63,4361.74,0.11,33
2026-09-11T17:41:10.590+00:00,4361.62,4361.74,0.12,33
2026-09-11T17:41:10.888+00:00,4361.61,4361.72,0.11,33
2026-09-11T17:41:11.218+00:00,4361.65,4361.77,0.12,33
2026-09-11T17:41:11.439+00:00,4361.68,4361.79,0.11,33
2026-09-11T17:41:11.668+00:00,4361.86,4361.96,0.1,33
2026-09-11T17:41:11.890+00:00,4361.95,4362.05,0.1,33
2026-09-11T17:41:12.117+00:00,4361.88,4361.96,0.08,33
2026-09-11T17:41:12.346+00:00,4361.87,4361.96,0.09,33
2026-09-11T17:41:12.576+00:00,4361.7,4361.79,0.09,33
2026-09-11T17:41:12.797+00:00,4361.55,4361.65,0.1,34
2026-09-11T17:41:13.023+00:00,4361.62,4361.73,0.11,34
2026-09-11T17:41:13.473+00:00,4361.56,4361.68,0.12,34
2026-09-11T17:41:13.696+00:00,4361.55,4361.68,0.13,34
2026-09-11T17:41:13.923+00:00,4361.47,4361.59,0.12,34
2026-09-11T17:41:14.399+00:00,4361.58,4361.69,0.11,34
2026-09-11T17:41:14.965+00:00,4361.56,4361.67,0.11,34
2026-09-11T17:41:15.180+00:00,4361.55,4361.68,0.13,34
2026-09-11T17:41:15.619+00:00,4361.74,4361.87,0.13,34
2026-09-11T17:41:15.844+00:00,4362.91,4363.04,0.13,34
2026-09-11T17:41:16.065+00:00,4362.77,4362.85,0.08,34
2026-09-11T17:41:16.289+00:00,4362.52,4362.6,0.08,34
2026-09-11T17:41:16.513+00:00,4362.47,4362.56,0.09,34
2026-09-11T17:41:16.736+00:00,4362.45,4362.56,0.11,34
2026-09-11T17:41:17.009+00:00,4362.51,4362.63,0.12,34
2026-09-11T17:41:17.234+00:00,4362.52,4362.63,0.11,34
2026-09-11T17:41:17.457+00:00,4362.51,4362.62,0.11,34
2026-09-11T17:41:17.683+00:00,4362.54,4362.65,0.11,34
2026-09-11T17:41:17.907+00:00,4362.49,4362.59,0.1,34
2026-09-11T17:41:18.133+00:00,4362.5,4362.62,0.12,34
2026-09-11T17:41:18.357+00:00,4362.14,4362.25,0.11,34
2026-09-11T17:41:18.665+00:00,4362.2,4362.31,0.11,34
2026-09-11T17:41:18.885+00:00,4362.33,4362.43,0.1,34
2026-09-11T17:41:19.110+00:00,4362.16,4362.27,0.11,34
2026-09-11T17:41:19.408+00:00,4362.15,4362.26,0.11,34
2026-09-11T17:41:20.233+00:00,4362.24,4362.36,0.12,34
2026-09-11T17:41:20.535+00:00,4362.4,4362.52,0.12,34
2026-09-11T17:41:20.749+00:00,4362.41,4362.51,0.1,34
2026-09-11T17:41:20.990+00:00,4362.44,4362.54,0.1,34
2026-09-11T17:41:21.310+00:00,4362.35,4362.46,0.11,34
2026-09-11T17:41:21.535+00:00,4362.3,4362.42,0.12,34
2026-09-11T17:41:21.736+00:00,4362.06,4362.17,0.11,34
2026-09-11T17:41:21.984+00:00,4362.07,4362.19,0.12,34
2026-09-11T17:41:22.285+00:00,4362.04,4362.15,0.11,34
2026-09-11T17:41:22.509+00:00,4361.92,4362.02,0.1,34
2026-09-11T17:41:22.734+00:00,4361.91,4362.02,0.11,34
2026-09-11T17:41:22.962+00:00,4361.89,4362.0,0.11,34
2026-09-11T17:41:23.187+00:00,4361.95,4362.07,0.12,34
2026-09-11T17:41:23.409+00:00,4361.94,4362.06,0.12,34
2026-09-11T17:41:23.710+00:00,4362.19,4362.29,0.1,34
2026-09-11T17:41:23.934+00:00,4362.05,4362.16,0.11,34
2026-09-11T17:41:24.160+00:00,4362.0,4362.1,0.1,34
2026-09-11T17:41:24.384+00:00,4361.96,4362.07,0.11,34
2026-09-11T17:41:24.610+00:00,4361.94,4362.06,0.12,34
2026-09-11T17:41:24.837+00:00,4361.94,4362.05,0.11,34
2026-09-11T17:41:25.556+00:00,4361.9,4362.01,0.11,34
2026-09-11T17:41:25.855+00:00,4361.93,4362.03,0.1,34
2026-09-11T17:41:26.155+00:00,4361.93,4362.04,0.11,34
2026-09-11T17:41:26.455+00:00,4361.93,4362.03,0.1,34
2026-09-11T17:41:26.735+00:00,4361.91,4362.01,0.1,34
2026-09-11T17:41:26.991+00:00,4361.17,4361.26,0.09,34
2026-09-11T17:41:27.212+00:00,4360.78,4360.9,0.12,34
2026-09-11T17:41:27.436+00:00,4360.78,4360.92,0.14,34
2026-09-11T17:41:27.737+00:00,4360.82,4360.96,0.14,34
2026-09-11T17:41:28.186+00:00,4360.86,4360.97,0.11,34
2026-09-11T17:41:28.405+00:00,4360.88,4360.99,0.11,34
2026-09-11T17:41:28.631+00:00,4360.93,4361.02,0.09,34
2026-09-11T17:41:28.855+00:00,4360.95,4361.05,0.1,34
2026-09-11T17:41:29.159+00:00,4360.93,4361.03,0.1,34
2026-09-11T17:41:29.383+00:00,4361.1,4361.22,0.12,34
2026-09-11T17:41:29.606+00:00,4360.93,4361.04,0.11,34
2026-09-11T17:41:29.831+00:00,4360.97,4361.09,0.12,34
2026-09-11T17:41:30.057+00:00,4361.21,4361.34,0.13,34
2026-09-11T17:41:30.582+00:00,4361.14,4361.27,0.13,34
2026-09-11T17:41:30.808+00:00,4360.9,4361.02,0.12,34
2026-09-11T17:41:31.256+00:00,4360.91,4361.03,0.12,34
2026-09-11T17:41:31.736+00:00,4360.78,4360.9,0.12,34
2026-09-11T17:41:31.940+00:00,4360.77,4360.89,0.12,34
2026-09-11T17:41:32.169+00:00,4360.78,4360.88,0.1,34
2026-09-11T17:41:32.476+00:00,4360.87,4360.96,0.09,34
2026-09-11T17:41:32.694+00:00,4360.83,4360.92,0.09,34
2026-09-11T17:41:32.917+00:00,4361.14,4361.22,0.08,34
2026-09-11T17:41:33.238+00:00,4361.17,4361.28,0.11,34
2026-09-11T17:41:33.462+00:00,4361.09,4361.18,0.09,34
2026-09-11T17:41:33.690+00:00,4361.17,4361.26,0.09,34
2026-09-11T17:41:33.922+00:00,4361.25,4361.33,0.08,34
2026-09-11T17:41:34.146+00:00,4361.32,4361.41,0.09,34
2026-09-11T17:41:34.368+00:00,4361.31,4361.4,0.09,34
2026-09-11T17:41:34.592+00:00,4361.38,4361.48,0.1,34
2026-09-11T17:41:34.817+00:00,4361.07,4361.18,0.11,34
2026-09-11T17:41:35.198+00:00,4361.09,4361.19,0.1,34
2026-09-11T17:41:35.492+00:00,4361.27,4361.35,0.08,34
2026-09-11T17:41:35.717+00:00,4361.23,4361.31,0.08,34
2026-09-11T17:41:36.271+00:00,4361.03,4361.13,0.1,34
2026-09-11T17:41:36.496+00:00,4360.94,4361.03,0.09,34
2026-09-11T17:41:36.721+00:00,4361.01,4361.11,0.1,34
2026-09-11T17:41:37.712+00:00,4361.1,4361.2,0.1,34
2026-09-11T17:41:37.945+00:00,4361.09,4361.18,0.09,35
2026-09-11T17:41:38.391+00:00,4361.08,4361.18,0.1,35
2026-09-11T17:41:38.620+00:00,4361.1,4361.2,0.1,35
2026-09-11T17:41:38.921+00:00,4361.33,4361.41,0.08,35
2026-09-11T17:41:39.191+00:00,4361.29,4361.37,0.08,35
2026-09-11T17:41:39.417+00:00,4361.4,4361.49,0.09,35
2026-09-11T17:41:39.654+00:00,4361.43,4361.53,0.1,35
2026-09-11T17:41:39.876+00:00,4361.38,4361.46,0.08,35
2026-09-11T17:41:40.103+00:00,4361.73,4361.81,0.08,35
2026-09-11T17:41:40.323+00:00,4361.73,4361.83,0.1,35
2026-09-11T17:41:40.550+00:00,4361.74,4361.82,0.08,35
2026-09-11T17:41:41.225+00:00,4361.82,4361.91,0.09,35
2026-09-11T17:41:41.450+00:00,4361.66,4361.76,0.1,35
2026-09-11T17:41:41.676+00:00,4361.69,4361.79,0.1,35
2026-09-11T17:41:41.900+00:00,4361.78,4361.87,0.09,35
2026-09-11T17:41:42.266+00:00,4361.82,4361.92,0.1,35
2026-09-11T17:41:42.737+00:00,4361.85,4361.97,0.12,35
2026-09-11T17:41:42.940+00:00,4361.86,4361.97,0.11,35
2026-09-11T17:41:43.163+00:00,4361.89,4362.0,0.11,35
2026-09-11T17:41:43.527+00:00,4361.79,4361.9,0.11,35
2026-09-11T17:41:43.735+00:00,4361.8,4361.89,0.09,35
2026-09-11T17:41:44.050+00:00,4361.8,4361.88,0.08,35
2026-09-11T17:41:44.279+00:00,4361.92,4362.0,0.08,35
2026-09-11T17:41:44.501+00:00,4361.92,4362.02,0.1,35
2026-09-11T17:41:44.735+00:00,4361.91,4362.03,0.12,35
2026-09-11T17:41:45.327+00:00,4361.89,4362.02,0.13,35
2026-09-11T17:41:45.550+00:00,4361.96,4362.09,0.13,35
2026-09-11T17:41:45.778+00:00,4361.94,4362.07,0.13,35
2026-09-11T17:41:46.080+00:00,4361.94,4362.1,0.16,35
2026-09-11T17:41:46.326+00:00,4361.93,4362.08,0.15,35
2026-09-11T17:41:46.551+00:00,4361.94,4362.09,0.15,35
2026-09-11T17:41:46.779+00:00,4361.95,4362.09,0.14,35
2026-09-11T17:41:47.004+00:00,4361.93,4362.09,0.16,35
2026-09-11T17:41:47.736+00:00,4361.91,4362.07,0.16,35
2026-09-11T17:41:47.984+00:00,4362.03,4362.18,0.15,35
2026-09-11T17:41:48.208+00:00,4362.07,4362.2,0.13,35
2026-09-11T17:41:48.433+00:00,4361.56,4361.64,0.08,35
2026-09-11T17:41:48.659+00:00,4361.5,4361.59,0.09,35
2026-09-11T17:41:49.185+00:00,4361.42,4361.52,0.1,35
2026-09-11T17:41:49.408+00:00,4361.27,4361.38,0.11,35
2026-09-11T17:41:49.859+00:00,4361.2,4361.3,0.1,35
2026-09-11T17:41:50.312+00:00,4361.21,4361.32,0.11,35
2026-09-11T17:41:50.538+00:00,4361.32,4361.42,0.1,35
2026-09-11T17:41:50.761+00:00,4361.34,4361.42,0.08,35
2026-09-11T17:41:51.363+00:00,4361.31,4361.41,0.1,35
2026-09-11T17:41:51.587+00:00,4361.3,4361.41,0.11,35
2026-09-11T17:41:51.965+00:00,4361.28,4361.38,0.1,35
2026-09-11T17:41:52.186+00:00,4361.41,4361.51,0.1,35
2026-09-11T17:41:52.411+00:00,4361.39,4361.49,0.1,35
2026-09-11T17:41:52.639+00:00,4361.31,4361.39,0.08,35
2026-09-11T17:41:53.013+00:00,4361.05,4361.14,0.09,35
2026-09-11T17:41:53.238+00:00,4361.3,4361.4,0.1,35
2026-09-11T17:41:53.691+00:00,4360.8,4360.89,0.09,35
2026-09-11T17:41:53.916+00:00,4360.79,4360.9,0.11,35
2026-09-11T17:41:54.141+00:00,4361.14,4361.24,0.1,35
2026-09-11T17:41:54.365+00:00,4361.11,4361.2,0.09,35
2026-09-11T17:41:54.593+00:00,4361.12,4361.2,0.08,35
2026-09-11T17:41:54.820+00:00,4361.09,4361.17,0.08,35
2026-09-11T17:41:55.044+00:00,4361.08,4361.18,0.1,35
2026-09-11T17:41:55.515+00:00,4361.34,4361.43,0.09,35
2026-09-11T17:41:56.183+00:00,4361.36,4361.44,0.08,35
2026-09-11T17:41:56.419+00:00,4361.39,4361.47,0.08,35
2026-09-11T17:41:56.736+00:00,4361.38,4361.46,0.08,35
2026-09-11T17:41:56.940+00:00,4361.41,4361.49,0.08,35
2026-09-11T17:41:57.271+00:00,4361.42,4361.5,0.08,35
2026-09-11T17:41:57.498+00:00,4361.39,4361.49,0.1,35
2026-09-11T17:41:57.735+00:00,4361.11,4361.2,0.09,35
2026-09-11T17:41:58.021+00:00,4361.14,4361.23,0.09,35
2026-09-11T17:41:58.288+00:00,4361.16,4361.24,0.08,35
2026-09-11T17:41:59.645+00:00,4361.14,4361.22,0.08,35
2026-09-11T17:41:59.957+00:00,4361.37,4361.46,0.09,35
2026-09-11T17:42:00.236+00:00,4361.13,4361.22,0.09,35
2026-09-11T17:42:00.616+00:00,4361.37,4361.46,0.09,35
2026-09-11T17:42:00.952+00:00,4361.13,4361.22,0.09,35
2026-09-11T17:42:01.178+00:00,4360.95,4361.03,0.08,35
2026-09-11T17:42:01.397+00:00,4360.94,4361.04,0.1,35
2026-09-11T17:42:01.622+00:00,4360.97,4361.08,0.11,35
2026-09-11T17:42:01.849+00:00,4361.0,4361.1,0.1,35
2026-09-11T17:42:02.074+00:00,4361.04,4361.13,0.09,35
2026-09-11T17:42:02.298+00:00,4361.02,4361.1,0.08,35
2026-09-11T17:42:02.602+00:00,4360.94,4361.02,0.08,35
2026-09-11T17:42:02.824+00:00,4360.92,4361.0,0.08,35
2026-09-11T17:42:03.052+00:00,4360.79,4360.9,0.11,36
2026-09-11T17:42:03.274+00:00,4360.78,4360.91,0.13,36
2026-09-11T17:42:03.498+00:00,4361.15,4361.28,0.13,36
2026-09-11T17:42:03.723+00:00,4361.19,4361.31,0.12,36
2026-09-11T17:42:03.948+00:00,4361.08,4361.18,0.1,36
2026-09-11T17:42:04.187+00:00,4360.4,4360.49,0.09,36
2026-09-11T17:42:04.405+00:00,4360.53,4360.62,0.09,36
2026-09-11T17:42:04.631+00:00,4360.45,4360.55,0.1,36
2026-09-11T17:42:04.856+00:00,4360.36,4360.48,0.12,36
2026-09-11T17:42:05.085+00:00,4360.17,4360.26,0.09,36
2026-09-11T17:42:05.311+00:00,4360.08,4360.16,0.08,36
2026-09-11T17:42:05.534+00:00,4360.01,4360.1,0.09,36
2026-09-11T17:42:05.994+00:00,4360.4,4360.49,0.09,36
2026-09-11T17:42:06.218+00:00,4360.49,4360.57,0.08,36
2026-09-11T17:42:06.436+00:00,4360.52,4360.6,0.08,36
2026-09-11T17:42:06.665+00:00,4360.52,4360.61,0.09,36
2026-09-11T17:42:06.892+00:00,4360.54,4360.64,0.1,36
2026-09-11T17:42:07.190+00:00,4360.56,4360.68,0.12,36
2026-09-11T17:42:07.461+00:00,4360.58,4360.69,0.11,36
2026-09-11T17:42:07.736+00:00,4360.55,4360.67,0.12,36
2026-09-11T17:42:07.992+00:00,4360.53,4360.65,0.12,36
2026-09-11T17:42:08.212+00:00,4360.57,4360.67,0.1,36
2026-09-11T17:42:08.442+00:00,4360.42,4360.53,0.11,36
2026-09-11T17:42:08.669+00:00,4360.37,4360.47,0.1,36
2026-09-11T17:42:08.885+00:00,4360.39,4360.48,0.09,36
2026-09-11T17:42:09.188+00:00,4360.11,4360.2,0.09,36
2026-09-11T17:42:09.424+00:00,4360.16,4360.25,0.09,36
2026-09-11T17:42:09.661+00:00,4360.18,4360.27,0.09,36
2026-09-11T17:42:09.885+00:00,4360.45,4360.54,0.09,36
2026-09-11T17:42:10.186+00:00,4360.52,4360.6,0.08,36
2026-09-11T17:42:10.485+00:00,4360.47,4360.55,0.08,36
2026-09-11T17:42:10.712+00:00,4360.46,4360.54,0.08,36
2026-09-11T17:42:10.936+00:00,4360.41,4360.49,0.08,36
2026-09-11T17:42:11.165+00:00,4360.33,4360.41,0.08,36
2026-09-11T17:42:11.386+00:00,4360.42,4360.51,0.09,36
2026-09-11T17:42:11.610+00:00,4360.4,4360.5,0.1,36
2026-09-11T17:42:11.835+00:00,4360.41,4360.52,0.11,36
2026-09-11T17:42:12.060+00:00,4360.36,4360.47,0.11,36
2026-09-11T17:42:12.287+00:00,4360.26,4360.37,0.11,36
2026-09-11T17:42:12.515+00:00,4360.21,4360.33,0.12,36
2026-09-11T17:42:12.737+00:00,4360.21,4360.32,0.11,36
2026-09-11T17:42:12.962+00:00,4360.36,4360.45,0.09,36
2026-09-11T17:42:13.188+00:00,4360.36,4360.44,0.08,36
2026-09-11T17:42:13.412+00:00,4360.45,4360.53,0.08,36
2026-09-11T17:42:13.640+00:00,4360.25,4360.33,0.08,36
2026-09-11T17:42:14.088+00:00,4360.4,4360.48,0.08,36
2026-09-11T17:42:14.612+00:00,4360.09,4360.18,0.09,36
2026-09-11T17:42:14.839+00:00,4360.17,4360.27,0.1,36
2026-09-11T17:42:15.063+00:00,4360.19,4360.28,0.09,36
2026-09-11T17:42:15.689+00:00,4360.22,4360.3,0.08,36
2026-09-11T17:42:16.061+00:00,4360.37,4360.45,0.08,36
2026-09-11T17:42:16.472+00:00,4360.17,4360.27,0.1,36
2026-09-11T17:42:16.696+00:00,4360.19,4360.28,0.09,36
2026-09-11T17:42:16.946+00:00,4360.18,4360.28,0.1,36
2026-09-11T17:42:17.360+00:00,4360.23,4360.32,0.09,36
2026-09-11T17:42:17.581+00:00,4360.26,4360.34,0.08,36
2026-09-11T17:42:18.032+00:00,4360.2,4360.29,0.09,36
2026-09-11T17:42:18.301+00:00,4360.2,4360.28,0.08,36
2026-09-11T17:42:18.605+00:00,4360.16,4360.26,0.1,36
2026-09-11T17:42:18.829+00:00,4360.25,4360.35,0.1,36
2026-09-11T17:42:19.060+00:00,4360.2,4360.28,0.08,36
2026-09-11T17:42:19.357+00:00,4360.18,4360.28,0.1,36
2026-09-11T17:42:19.959+00:00,4360.17,4360.28,0.11,36
2026-09-11T17:42:20.635+00:00,4360.2,4360.31,0.11,36
2026-09-11T17:42:20.861+00:00,4360.21,4360.3,0.09,36
2026-09-11T17:42:21.085+00:00,4360.29,4360.38,0.09,36
2026-09-11T17:42:21.311+00:00,4360.49,4360.58,0.09,36
2026-09-11T17:42:21.536+00:00,4360.56,4360.66,0.1,36
2026-09-11T17:42:21.761+00:00,4360.58,4360.67,0.09,36
2026-09-11T17:42:21.986+00:00,4360.69,4360.77,0.08,36
2026-09-11T17:42:22.210+00:00,4360.83,4360.91,0.08,36
2026-09-11T17:42:22.441+00:00,4360.99,4361.07,0.08,36
2026-09-11T17:42:22.681+00:00,4361.06,4361.16,0.1,36
2026-09-11T17:42:22.901+00:00,4361.03,4361.14,0.11,36
2026-09-11T17:42:23.129+00:00,4361.04,4361.15,0.11,36
2026-09-11T17:42:23.358+00:00,4360.82,4360.94,0.12,36
2026-09-11T17:42:23.580+00:00,4360.76,4360.89,0.13,36
2026-09-11T17:42:23.805+00:00,4360.73,4360.85,0.12,36
2026-09-11T17:42:24.030+00:00,4360.71,4360.84,0.13,36
2026-09-11T17:42:24.263+00:00,4360.68,4360.82,0.14,36
2026-09-11T17:42:24.717+00:00,4360.69,4360.81,0.12,36
2026-09-11T17:42:24.941+00:00,4360.41,4360.53,0.12,36
2026-09-11T17:42:25.165+00:00,4360.66,4360.79,0.13,36
2026-09-11T17:42:25.391+00:00,4360.65,4360.76,0.11,36
2026-09-11T17:42:25.737+00:00,4360.64,4360.77,0.13,36
2026-09-11T17:42:25.944+00:00,4360.71,4360.83,0.12,36
2026-09-11T17:42:26.168+00:00,4360.76,4360.86,0.1,36
2026-09-11T17:42:26.392+00:00,4360.8,4360.9,0.1,36
2026-09-11T17:42:26.616+00:00,4360.81,4360.92,0.11,36
2026-09-11T17:42:26.844+00:00,4360.83,4360.94,0.11,36
2026-09-11T17:42:27.143+00:00,4360.82,4360.93,0.11,36
2026-09-11T17:42:27.369+00:00,4360.85,4360.96,0.11,36
2026-09-11T17:42:27.595+00:00,4360.87,4360.99,0.12,36
2026-09-11T17:42:28.044+00:00,4360.9,4361.0,0.1,37
2026-09-11T17:42:28.290+00:00,4361.19,4361.29,0.1,37
2026-09-11T17:42:28.506+00:00,4361.17,4361.25,0.08,37
2026-09-11T17:42:28.951+00:00,4361.18,4361.27,0.09,37
2026-09-11T17:42:29.405+00:00,4361.17,4361.27,0.1,37
2026-09-11T17:42:29.634+00:00,4361.14,4361.24,0.1,37
2026-09-11T17:42:29.858+00:00,4361.11,4361.21,0.1,37
2026-09-11T17:42:30.085+00:00,4361.15,4361.24,0.09,37
2026-09-11T17:42:30.305+00:00,4361.18,4361.26,0.08,37
2026-09-11T17:42:30.531+00:00,4361.12,4361.21,0.09,37
2026-09-11T17:42:30.735+00:00,4360.87,4360.97,0.1,37
2026-09-11T17:42:30.984+00:00,4360.73,4360.84,0.11,37
2026-09-11T17:42:31.280+00:00,4360.72,4360.85,0.13,37
2026-09-11T17:42:31.729+00:00,4360.73,4360.85,0.12,37
2026-09-11T17:42:31.953+00:00,4360.72,4360.83,0.11,37
2026-09-11T17:42:32.482+00:00,4360.89,4361.0,0.11,37
2026-09-11T17:42:32.702+00:00,4360.91,4361.01,0.1,37
2026-09-11T17:42:32.930+00:00,4361.02,4361.1,0.08,37
2026-09-11T17:42:33.154+00:00,4360.99,4361.07,0.08,37
2026-09-11T17:42:33.379+00:00,4361.03,4361.12,0.09,37
2026-09-11T17:42:33.604+00:00,4361.04,4361.12,0.08,37
2026-09-11T17:42:33.831+00:00,4361.06,4361.14,0.08,37
2026-09-11T17:42:34.357+00:00,4361.29,4361.37,0.08,37
2026-09-11T17:42:34.590+00:00,4361.36,4361.47,0.11,37
2026-09-11T17:42:34.824+00:00,4361.2,4361.32,0.12,37
2026-09-11T17:42:35.040+00:00,4360.93,4361.04,0.11,37
2026-09-11T17:42:35.265+00:00,4360.87,4360.98,0.11,37
2026-09-11T17:42:35.491+00:00,4361.12,4361.24,0.12,37
2026-09-11T17:42:35.715+00:00,4361.18,4361.3,0.12,37
2026-09-11T17:42:35.939+00:00,4361.07,4361.19,0.12,37
2026-09-11T17:42:36.165+00:00,4361.09,4361.18,0.09,37
2026-09-11T17:42:36.540+00:00,4361.1,4361.18,0.08,37
2026-09-11T17:42:36.766+00:00,4361.26,4361.35,0.09,37
2026-09-11T17:42:36.990+00:00,4361.32,4361.41,0.09,37
2026-09-11T17:42:37.571+00:00,4361.27,4361.37,0.1,37
2026-09-11T17:42:37.798+00:00,4361.36,4361.45,0.09,37
2026-09-11T17:42:38.023+00:00,4361.26,4361.35,0.09,37
2026-09-11T17:42:38.247+00:00,4361.25,4361.33,0.08,37
2026-09-11T17:42:38.474+00:00,4361.33,4361.41,0.08,37
2026-09-11T17:42:38.735+00:00,4361.38,4361.46,0.08,37
2026-09-11T17:42:39.076+00:00,4361.08,4361.19,0.11,37
2026-09-11T17:42:39.297+00:00,4361.05,4361.14,0.09,37
2026-09-11T17:42:39.524+00:00,4361.04,4361.14,0.1,37
2026-09-11T17:42:39.735+00:00,4361.05,4361.15,0.1,37
2026-09-11T17:42:40.049+00:00,4360.96,4361.04,0.08,37
2026-09-11T17:42:40.350+00:00,4360.98,4361.06,0.08,37
2026-09-11T17:42:40.649+00:00,4360.89,4360.97,0.08,37
2026-09-11T17:42:40.876+00:00,4360.95,4361.04,0.09,37
2026-09-11T17:42:41.104+00:00,4360.93,4361.03,0.1,37
2026-09-11T17:42:41.987+00:00,4361.13,4361.24,0.11,37
2026-09-11T17:42:42.205+00:00,4361.11,4361.19,0.08,37
2026-09-11T17:42:42.431+00:00,4361.04,4361.12,0.08,37
2026-09-11T17:42:42.656+00:00,4361.32,4361.41,0.09,37
2026-09-11T17:42:42.881+00:00,4361.22,4361.32,0.1,37
2026-09-11T17:42:43.180+00:00,4361.23,4361.33,0.1,37
2026-09-11T17:42:43.416+00:00,4361.05,4361.15,0.1,37
2026-09-11T17:42:43.867+00:00,4360.96,4361.05,0.09,37
2026-09-11T17:42:44.117+00:00,4360.97,4361.05,0.08,37
2026-09-11T17:42:44.419+00:00,4360.97,4361.07,0.1,37
2026-09-11T17:42:44.643+00:00,4360.87,4360.99,0.12,37
2026-09-11T17:42:45.317+00:00,4360.92,4361.04,0.12,37
2026-09-11T17:42:45.540+00:00,4360.92,4361.03,0.11,37
2026-09-11T17:42:45.769+00:00,4360.81,4360.91,0.1,37
2026-09-11T17:42:46.143+00:00,4360.76,4360.86,0.1,37
2026-09-11T17:42:46.370+00:00,4360.78,4360.88,0.1,37
2026-09-11T17:42:46.676+00:00,4360.85,4360.93,0.08,37
2026-09-11T17:42:47.026+00:00,4361.05,4361.13,0.08,37
2026-09-11T17:42:47.249+00:00,4361.07,4361.15,0.08,37
2026-09-11T17:42:47.548+00:00,4361.16,4361.25,0.09,37
2026-09-11T17:42:47.847+00:00,4361.16,4361.26,0.1,37
2026-09-11T17:42:48.075+00:00,4361.14,4361.25,0.11,37
2026-09-11T17:42:48.297+00:00,4361.15,4361.24,0.09,37
2026-09-11T17:42:48.597+00:00,4360.97,4361.05,0.08,37
2026-09-11T17:42:48.971+00:00,4361.03,4361.11,0.08,37
2026-09-11T17:42:49.421+00:00,4360.97,4361.05,0.08,37
2026-09-11T17:42:49.646+00:00,4361.13,4361.21,0.08,37
2026-09-11T17:42:49.866+00:00,4361.12,4361.22,0.1,37
2026-09-11T17:42:50.088+00:00,4361.33,4361.44,0.11,37
2026-09-11T17:42:50.311+00:00,4361.29,4361.37,0.08,37
2026-09-11T17:42:50.534+00:00,4361.21,4361.29,0.08,37
2026-09-11T17:42:50.736+00:00,4361.22,4361.31,0.09,37
2026-09-11T17:42:51.064+00:00,4361.46,4361.57,0.11,37
2026-09-11T17:42:51.594+00:00,4361.47,4361.57,0.1,37
2026-09-11T17:42:51.964+00:00,4361.47,4361.55,0.08,37
2026-09-11T17:42:52.194+00:00,4361.48,4361.56,0.08,37
2026-09-11T17:42:52.420+00:00,4361.49,4361.58,0.09,37
2026-09-11T17:42:52.644+00:00,4361.48,4361.59,0.11,37
2026-09-11T17:42:52.869+00:00,4361.45,4361.56,0.11,37
2026-09-11T17:42:53.199+00:00,4361.25,4361.34,0.09,38
2026-09-11T17:42:53.735+00:00,4361.42,4361.5,0.08,38
2026-09-11T17:42:53.983+00:00,4361.45,4361.54,0.09,38
2026-09-11T17:42:54.222+00:00,4361.37,4361.45,0.08,38
2026-09-11T17:42:54.599+00:00,4361.36,4361.47,0.11,38
2026-09-11T17:42:54.823+00:00,4361.13,4361.24,0.11,38
2026-09-11T17:42:55.047+00:00,4361.41,4361.53,0.12,38
2026-09-11T17:42:55.271+00:00,4361.2,4361.29,0.09,38
2026-09-11T17:42:55.498+00:00,4361.21,4361.29,0.08,38
2026-09-11T17:42:55.721+00:00,4361.38,4361.46,0.08,38
2026-09-11T17:42:55.947+00:00,4361.46,4361.54,0.08,38
2026-09-11T17:42:56.173+00:00,4361.47,4361.55,0.08,38
2026-09-11T17:42:56.398+00:00,4361.52,4361.6,0.08,38
2026-09-11T17:42:56.624+00:00,4361.46,4361.55,0.09,38
2026-09-11T17:42:56.849+00:00,4361.16,4361.26,0.1,38
2026-09-11T17:42:57.074+00:00,4361.17,4361.27,0.1,38
2026-09-11T17:42:57.297+00:00,4361.43,4361.51,0.08,38
2026-09-11T17:42:57.524+00:00,4361.47,4361.55,0.08,38
2026-09-11T17:42:57.974+00:00,4361.5,4361.58,0.08,38
2026-09-11T17:42:58.197+00:00,4361.49,4361.57,0.08,38
2026-09-11T17:42:58.426+00:00,4361.55,4361.63,0.08,38
2026-09-11T17:42:58.735+00:00,4361.53,4361.62,0.09,38
2026-09-11T17:42:58.950+00:00,4361.52,4361.62,0.1,38
2026-09-11T17:42:59.399+00:00,4361.52,4361.63,0.11,38
2026-09-11T17:42:59.646+00:00,4361.54,4361.65,0.11,38
2026-09-11T17:42:59.877+00:00,4361.59,4361.7,0.11,38
2026-09-11T17:43:00.190+00:00,4361.56,4361.69,0.13,38
2026-09-11T17:43:00.415+00:00,4361.58,4361.7,0.12,38
2026-09-11T17:43:00.639+00:00,4361.55,4361.66,0.11,38
2026-09-11T17:43:00.865+00:00,4361.55,4361.65,0.1,38
2026-09-11T17:43:01.105+00:00,4361.54,4361.65,0.11,38
2026-09-11T17:43:01.330+00:00,4361.51,4361.61,0.1,38
2026-09-11T17:43:01.704+00:00,4361.52,4361.61,0.09,38
2026-09-11T17:43:02.735+00:00,4361.52,4361.6,0.08,38
2026-09-11T17:43:02.999+00:00,4361.45,4361.54,0.09,38
2026-09-11T17:43:03.219+00:00,4361.46,4361.57,0.11,38
2026-09-11T17:43:03.443+00:00,4361.44,4361.56,0.12,38
2026-09-11T17:43:03.978+00:00,4361.47,4361.59,0.12,38
2026-09-11T17:43:04.203+00:00,4361.46,4361.55,0.09,38
2026-09-11T17:43:04.578+00:00,4361.52,4361.6,0.08,38
2026-09-11T17:43:04.809+00:00,4361.7,4361.78,0.08,38
2026-09-11T17:43:05.035+00:00,4361.74,4361.83,0.09,38
2026-09-11T17:43:05.486+00:00,4361.7,4361.8,0.1,38
2026-09-11T17:43:05.735+00:00,4361.71,4361.8,0.09,38
2026-09-11T17:43:06.209+00:00,4361.58,4361.67,0.09,38
2026-09-11T17:43:06.433+00:00,4361.61,4361.71,0.1,38
2026-09-11T17:43:06.734+00:00,4361.51,4361.62,0.11,38
2026-09-11T17:43:07.086+00:00,4361.42,4361.54,0.12,38
2026-09-11T17:43:07.305+00:00,4361.46,4361.56,0.1,38
2026-09-11T17:43:07.530+00:00,4361.52,4361.6,0.08,38
2026-09-11T17:43:07.735+00:00,4361.55,4361.63,0.08,38
2026-09-11T17:43:08.131+00:00,4361.71,4361.79,0.08,38
2026-09-11T17:43:08.355+00:00,4361.68,4361.77,0.09,38
2026-09-11T17:43:08.580+00:00,4361.69,4361.79,0.1,38
2026-09-11T17:43:08.805+00:00,4361.54,4361.65,0.11,38
2026-09-11T17:43:09.033+00:00,4361.54,4361.63,0.09,38
2026-09-11T17:43:09.257+00:00,4361.55,4361.63,0.08,38
2026-09-11T17:43:09.483+00:00,4361.56,4361.66,0.1,38
2026-09-11T17:43:09.737+00:00,4361.49,4361.58,0.09,38
2026-09-11T17:43:10.008+00:00,4361.49,4361.57,0.08,38
2026-09-11T17:43:10.382+00:00,4361.64,4361.72,0.08,38
2026-09-11T17:43:10.735+00:00,4361.59,4361.67,0.08,38
2026-09-11T17:43:11.158+00:00,4361.64,4361.72,0.08,38
2026-09-11T17:43:11.397+00:00,4361.71,4361.79,0.08,38
2026-09-11T17:43:11.622+00:00,4361.71,4361.81,0.1,38
2026-09-11T17:43:12.146+00:00,4361.7,4361.8,0.1,38
2026-09-11T17:43:12.503+00:00,4361.7,4361.79,0.09,38
2026-09-11T17:43:12.727+00:00,4361.77,4361.87,0.1,38
2026-09-11T17:43:12.952+00:00,4361.79,4361.87,0.08,38
2026-09-11T17:43:13.176+00:00,4361.83,4361.91,0.08,38
2026-09-11T17:43:13.476+00:00,4361.79,4361.9,0.11,38
2026-09-11T17:43:13.702+00:00,4361.43,4361.55,0.12,38
2026-09-11T17:43:14.383+00:00,4361.77,4361.89,0.12,38
2026-09-11T17:43:14.601+00:00,4361.48,4361.59,0.11,38
2026-09-11T17:43:14.826+00:00,4361.57,4361.67,0.1,38
2026-09-11T17:43:15.051+00:00,4361.31,4361.42,0.11,38
2026-09-11T17:43:15.276+00:00,4361.56,4361.68,0.12,38
2026-09-11T17:43:15.502+00:00,4361.55,4361.65,0.1,38
2026-09-11T17:43:15.720+00:00,4361.37,4361.47,0.1,38
2026-09-11T17:43:15.943+00:00,4361.37,4361.46,0.09,38
2026-09-11T17:43:16.175+00:00,4361.37,4361.45,0.08,38
2026-09-11T17:43:16.395+00:00,4361.41,4361.49,0.08,38
2026-09-11T17:43:16.734+00:00,4361.41,4361.5,0.09,38
2026-09-11T17:43:17.298+00:00,4361.45,4361.56,0.11,38
2026-09-11T17:43:17.589+00:00,4361.44,4361.55,0.11,38
2026-09-11T17:43:17.815+00:00,4361.46,4361.56,0.1,38
2026-09-11T17:43:18.040+00:00,4361.71,4361.81,0.1,38
2026-09-11T17:43:18.264+00:00,4361.71,4361.8,0.09,39
2026-09-11T17:43:18.641+00:00,4361.75,4361.83,0.08,39
2026-09-11T17:43:18.867+00:00,4361.73,4361.81,0.08,39
2026-09-11T17:43:19.093+00:00,4361.78,4361.86,0.08,39
2026-09-11T17:43:19.558+00:00,4361.74,4361.84,0.1,39
2026-09-11T17:43:19.771+00:00,4361.69,4361.84,0.15,39
2026-09-11T17:43:19.994+00:00,4361.7,4361.84,0.14,39
2026-09-11T17:43:20.297+00:00,4361.7,4361.83,0.13,39
2026-09-11T17:43:20.598+00:00,4361.7,4361.8,0.1,39
2026-09-11T17:43:20.825+00:00,4361.76,4361.85,0.09,39
2026-09-11T17:43:21.047+00:00,4361.76,4361.86,0.1,39
2026-09-11T17:43:21.275+00:00,4361.77,4361.86,0.09,39
2026-09-11T17:43:21.498+00:00,4361.7,4361.78,0.08,39
2026-09-11T17:43:21.724+00:00,4361.39,4361.48,0.09,39
2026-09-11T17:43:21.948+00:00,4361.54,4361.62,0.08,39
2026-09-11T17:43:22.174+00:00,4361.53,4361.61,0.08,39
2026-09-11T17:43:22.572+00:00,4361.52,4361.6,0.08,39
2026-09-11T17:43:22.796+00:00,4361.57,4361.65,0.08,39
2026-09-11T17:43:23.255+00:00,4361.56,4361.64,0.08,39
2026-09-11T17:43:24.638+00:00,4361.58,4361.66,0.08,39
2026-09-11T17:43:24.859+00:00,4361.57,4361.65,0.08,39
2026-09-11T17:43:25.085+00:00,4361.58,4361.69,0.11,39
2026-09-11T17:43:25.311+00:00,4361.59,4361.69,0.1,39
2026-09-11T17:43:25.734+00:00,4361.59,4361.7,0.11,39
2026-09-11T17:43:26.332+00:00,4361.6,4361.71,0.11,39
2026-09-11T17:43:26.729+00:00,4361.59,4361.69,0.1,39
2026-09-11T17:43:26.955+00:00,4361.65,4361.76,0.11,39
2026-09-11T17:43:27.263+00:00,4361.65,4361.74,0.09,39
2026-09-11T17:43:27.514+00:00,4361.79,4361.88,0.09,39
2026-09-11T17:43:27.735+00:00,4361.81,4361.89,0.08,39
2026-09-11T17:43:27.983+00:00,4361.87,4361.96,0.09,39
2026-09-11T17:43:28.340+00:00,4361.87,4361.98,0.11,39
2026-09-11T17:43:28.940+00:00,4361.83,4361.94,0.11,39
2026-09-11T17:43:29.400+00:00,4361.82,4361.93,0.11,39
2026-09-11T17:43:29.845+00:00,4361.82,4361.94,0.12,39
2026-09-11T17:43:30.067+00:00,4361.89,4361.99,0.1,39
2026-09-11T17:43:30.290+00:00,4361.91,4362.0,0.09,39
2026-09-11T17:43:30.590+00:00,4361.85,4361.95,0.1,39
2026-09-11T17:43:30.816+00:00,4361.78,4361.88,0.1,39
2026-09-11T17:43:31.040+00:00,4361.81,4361.89,0.08,39
2026-09-11T17:43:31.265+00:00,4361.84,4361.92,0.08,39
2026-09-11T17:43:31.489+00:00,4361.9,4361.98,0.08,39
2026-09-11T17:43:31.716+00:00,4361.9,4362.0,0.1,39
2026-09-11T17:43:31.941+00:00,4361.97,4362.07,0.1,39
2026-09-11T17:43:32.164+00:00,4362.1,4362.18,0.08,39
2026-09-11T17:43:32.390+00:00,4362.09,4362.17,0.08,39
2026-09-11T17:43:32.618+00:00,4362.1,4362.18,0.08,39
2026-09-11T17:43:33.382+00:00,4362.11,4362.19,0.08,39
2026-09-11T17:43:33.680+00:00,4362.06,4362.15,0.09,39
2026-09-11T17:43:33.982+00:00,4362.07,4362.15,0.08,39
2026-09-11T17:43:34.358+00:00,4362.08,4362.17,0.09,39
2026-09-11T17:43:34.581+00:00,4362.05,4362.14,0.09,39
2026-09-11T17:43:34.806+00:00,4361.99,4362.07,0.08,39
2026-09-11T17:43:35.032+00:00,4362.06,4362.15,0.09,39
2026-09-11T17:43:35.294+00:00,4361.98,4362.07,0.09,39
2026-09-11T17:43:35.733+00:00,4361.75,4361.85,0.1,39
2026-09-11T17:43:35.971+00:00,4362.02,4362.11,0.09,39
2026-09-11T17:43:36.195+00:00,4362.03,4362.11,0.08,39
2026-09-11T17:43:36.644+00:00,4362.0,4362.08,0.08,39
2026-09-11T17:43:37.531+00:00,4361.97,4362.05,0.08,39
2026-09-11T17:43:37.734+00:00,4361.95,4362.05,0.1,39
2026-09-11T17:43:38.058+00:00,4361.67,4361.77,0.1,39
2026-09-11T17:43:38.280+00:00,4361.65,4361.75,0.1,39
2026-09-11T17:43:38.654+00:00,4361.8,4361.88,0.08,39
2026-09-11T17:43:38.880+00:00,4361.79,4361.87,0.08,39
2026-09-11T17:43:39.510+00:00,4361.8,4361.89,0.09,39
2026-09-11T17:43:39.734+00:00,4361.74,4361.84,0.1,39
2026-09-11T17:43:40.110+00:00,4361.57,4361.66,0.09,39
2026-09-11T17:43:40.336+00:00,4361.56,4361.66,0.1,39
2026-09-11T17:43:40.561+00:00,4361.74,4361.84,0.1,39
2026-09-11T17:43:41.256+00:00,4361.74,4361.83,0.09,39
2026-09-11T17:43:41.626+00:00,4361.46,4361.56,0.1,39
2026-09-11T17:43:42.156+00:00,4361.49,4361.59,0.1,39
2026-09-11T17:43:42.685+00:00,4361.5,4361.58,0.08,39
2026-09-11T17:43:43.060+00:00,4361.72,4361.8,0.08,39
2026-09-11T17:43:43.285+00:00,4361.73,4361.81,0.08,40
2026-09-11T17:43:43.615+00:00,4361.72,4361.81,0.09,40
2026-09-11T17:43:43.823+00:00,4361.71,4361.79,0.08,40
2026-09-11T17:43:44.320+00:00,4361.72,4361.81,0.09,40
2026-09-11T17:43:44.701+00:00,4361.63,4361.73,0.1,40
2026-09-11T17:43:44.971+00:00,4361.76,4361.84,0.08,40
2026-09-11T17:43:45.271+00:00,4361.9,4361.98,0.08,40
2026-09-11T17:43:45.722+00:00,4361.91,4362.0,0.09,40
2026-09-11T17:43:45.951+00:00,4361.98,4362.06,0.08,40
2026-09-11T17:43:46.175+00:00,4362.02,4362.1,0.08,40
2026-09-11T17:43:46.399+00:00,4362.01,4362.09,0.08,40
2026-09-11T17:43:46.623+00:00,4362.1,4362.18,0.08,40
2026-09-11T17:43:46.851+00:00,4362.12,4362.2,0.08,40
2026-09-11T17:43:47.151+00:00,4362.08,4362.16,0.08,40
2026-09-11T17:43:47.374+00:00,4362.05,4362.13,0.08,40
2026-09-11T17:43:47.624+00:00,4362.49,4362.57,0.08,40
2026-09-11T17:43:47.837+00:00,4362.62,4362.7,0.08,40
2026-09-11T17:43:48.059+00:00,4362.56,4362.64,0.08,40
2026-09-11T17:43:48.287+00:00,4362.58,4362.66,0.08,40
2026-09-11T17:43:48.509+00:00,4362.55,4362.63,0.08,40
2026-09-11T17:43:48.738+00:00,4362.58,4362.66,0.08,40
2026-09-11T17:43:48.971+00:00,4362.59,4362.67,0.08,40
2026-09-11T17:43:49.194+00:00,4362.56,4362.64,0.08,40
2026-09-11T17:43:49.420+00:00,4362.48,4362.56,0.08,40
2026-09-11T17:43:49.719+00:00,4362.45,4362.53,0.08,40
2026-09-11T17:43:50.099+00:00,4362.24,4362.32,0.08,40
2026-09-11T17:43:50.322+00:00,4362.25,4362.33,0.08,40
2026-09-11T17:43:50.547+00:00,4362.12,4362.2,0.08,40
2026-09-11T17:43:50.769+00:00,4362.13,4362.21,0.08,40
2026-09-11T17:43:51.075+00:00,4362.14,4362.22,0.08,40
2026-09-11T17:43:51.735+00:00,4362.17,4362.25,0.08,40
2026-09-11T17:43:52.006+00:00,4362.4,4362.48,0.08,40
2026-09-11T17:43:52.227+00:00,4362.25,4362.33,0.08,40
2026-09-11T17:43:52.451+00:00,4362.18,4362.26,0.08,40
2026-09-11T17:43:52.683+00:00,4362.42,4362.52,0.1,40
2026-09-11T17:43:52.912+00:00,4362.39,4362.5,0.11,40
2026-09-11T17:43:53.130+00:00,4362.42,4362.5,0.08,40
2026-09-11T17:43:53.357+00:00,4362.41,4362.49,0.08,40
2026-09-11T17:43:53.580+00:00,4362.15,4362.23,0.08,40
2026-09-11T17:43:53.805+00:00,4362.15,4362.24,0.09,40
2026-09-11T17:43:54.410+00:00,4362.0,4362.1,0.1,40
2026-09-11T17:43:54.616+00:00,4362.02,4362.12,0.1,40
2026-09-11T17:43:54.844+00:00,4362.01,4362.1,0.09,40
2026-09-11T17:43:55.066+00:00,4362.04,4362.12,0.08,40
2026-09-11T17:43:55.289+00:00,4361.89,4361.97,0.08,40
2026-09-11T17:43:55.515+00:00,4361.91,4361.99,0.08,40
2026-09-11T17:43:55.734+00:00,4361.98,4362.06,0.08,40
2026-09-11T17:43:55.966+00:00,4362.19,4362.27,0.08,40
2026-09-11T17:43:56.190+00:00,4362.16,4362.24,0.08,40
2026-09-11T17:43:56.426+00:00,4362.15,4362.23,0.08,40
2026-09-11T17:43:56.648+00:00,4362.17,4362.25,0.08,40
2026-09-11T17:43:57.313+00:00,4362.15,4362.23,0.08,40
2026-09-11T17:43:57.539+00:00,4362.11,4362.19,0.08,40
2026-09-11T17:43:57.765+00:00,4362.17,4362.25,0.08,40
2026-09-11T17:43:57.998+00:00,4362.2,4362.28,0.08,40
2026-09-11T17:43:58.289+00:00,4362.17,4362.25,0.08,40
2026-09-11T17:43:58.587+00:00,4362.16,4362.24,0.08,40
2026-09-11T17:43:58.814+00:00,4361.75,4361.85,0.1,40
2026-09-11T17:43:59.039+00:00,4361.8,4361.89,0.09,40
2026-09-11T17:43:59.265+00:00,4361.81,4361.91,0.1,40
2026-09-11T17:43:59.494+00:00,4361.79,4361.88,0.09,40
2026-09-11T17:43:59.717+00:00,4361.84,4361.92,0.08,40
2026-09-11T17:44:00.120+00:00,4361.85,4361.93,0.08,40
2026-09-11T17:44:00.348+00:00,4361.84,4361.92,0.08,40
2026-09-11T17:44:00.720+00:00,4361.85,4361.94,0.09,40
2026-09-11T17:44:00.945+00:00,4361.65,4361.73,0.08,40
2026-09-11T17:44:01.170+00:00,4361.83,4361.91,0.08,40
2026-09-11T17:44:01.395+00:00,4361.49,4361.57,0.08,40
2026-09-11T17:44:01.621+00:00,4361.44,4361.52,0.08,40
2026-09-11T17:44:02.072+00:00,4361.55,4361.63,0.08,40
2026-09-11T17:44:02.299+00:00,4361.57,4361.65,0.08,40
2026-09-11T17:44:02.526+00:00,4361.67,4361.75,0.08,40
2026-09-11T17:44:02.736+00:00,4361.69,4361.77,0.08,40
2026-09-11T17:44:02.975+00:00,4361.8,4361.88,0.08,40
2026-09-11T17:44:03.203+00:00,4361.54,4361.62,0.08,40
2026-09-11T17:44:03.424+00:00,4361.43,4361.51,0.08,40
2026-09-11T17:44:03.651+00:00,4361.67,4361.75,0.08,40
2026-09-11T17:44:03.877+00:00,4361.69,4361.77,0.08,40
2026-09-11T17:44:04.739+00:00,4361.68,4361.76,0.08,40
2026-09-11T17:44:04.981+00:00,4361.65,4361.73,0.08,40
2026-09-11T17:44:05.207+00:00,4361.64,4361.72,0.08,40
2026-09-11T17:44:05.433+00:00,4361.65,4361.73,0.08,40
2026-09-11T17:44:05.735+00:00,4361.64,4361.72,0.08,40
2026-09-11T17:44:06.108+00:00,4361.85,4361.93,0.08,40
2026-09-11T17:44:06.408+00:00,4361.82,4361.9,0.08,40
2026-09-11T17:44:06.637+00:00,4361.72,4361.8,0.08,40
2026-09-11T17:44:06.857+00:00,4361.54,4361.63,0.09,40
2026-09-11T17:44:07.086+00:00,4361.49,4361.59,0.1,40
2026-09-11T17:44:07.309+00:00,4361.47,4361.56,0.09,40
2026-09-11T17:44:07.534+00:00,4361.65,4361.73,0.08,40
2026-09-11T17:44:07.736+00:00,4361.55,4361.63,0.08,40
2026-09-11T17:44:08.063+00:00,4361.43,4361.51,0.08,40
2026-09-11T17:44:08.318+00:00,4361.34,4361.42,0.08,41
2026-09-11T17:44:08.541+00:00,4361.55,4361.63,0.08,41
2026-09-11T17:44:08.843+00:00,4361.57,4361.65,0.08,41
2026-09-11T17:44:09.067+00:00,4361.58,4361.66,0.08,41
2026-09-11T17:44:09.297+00:00,4361.49,4361.57,0.08,41
2026-09-11T17:44:09.734+00:00,4361.48,4361.58,0.1,41
2026-09-11T17:44:10.379+00:00,4361.41,4361.5,0.09,41
2026-09-11T17:44:10.603+00:00,4361.48,4361.56,0.08,41
2026-09-11T17:44:10.826+00:00,4361.49,4361.57,0.08,41
2026-09-11T17:44:11.047+00:00,4361.5,4361.58,0.08,41
2026-09-11T17:44:11.423+00:00,4361.52,4361.6,0.08,41
2026-09-11T17:44:11.850+00:00,4361.48,4361.56,0.08,41
2026-09-11T17:44:12.230+00:00,4361.34,4361.42,0.08,41
2026-09-11T17:44:12.486+00:00,4361.52,4361.6,0.08,41
2026-09-11T17:44:12.788+00:00,4361.44,4361.52,0.08,41
2026-09-11T17:44:13.010+00:00,4361.36,4361.44,0.08,41
2026-09-11T17:44:13.386+00:00,4361.35,4361.43,0.08,41
2026-09-11T17:44:13.610+00:00,4361.44,4361.52,0.08,41
2026-09-11T17:44:13.835+00:00,4361.7,4361.78,0.08,41
2026-09-11T17:44:14.359+00:00,4361.72,4361.8,0.08,41
2026-09-11T17:44:14.587+00:00,4361.7,4361.78,0.08,41
2026-09-11T17:44:14.816+00:00,4361.73,4361.81,0.08,41
2026-09-11T17:44:15.038+00:00,4361.85,4361.93,0.08,41
2026-09-11T17:44:15.268+00:00,4361.88,4361.96,0.08,41
2026-09-11T17:44:15.561+00:00,4361.97,4362.05,0.08,41
2026-09-11T17:44:15.936+00:00,4362.04,4362.12,0.08,41
2026-09-11T17:44:16.406+00:00,4362.07,4362.15,0.08,41
2026-09-11T17:44:16.629+00:00,4362.06,4362.14,0.08,41
2026-09-11T17:44:16.853+00:00,4361.88,4361.96,0.08,41
2026-09-11T17:44:17.104+00:00,4362.04,4362.12,0.08,41
2026-09-11T17:44:17.690+00:00,4361.98,4362.06,0.08,41
2026-09-11T17:44:17.915+00:00,4362.01,4362.09,0.08,41
2026-09-11T17:44:18.215+00:00,4362.0,4362.09,0.09,41
2026-09-11T17:44:18.513+00:00,4362.0,4362.1,0.1,41
2026-09-11T17:44:18.734+00:00,4361.94,4362.03,0.09,41
2026-09-11T17:44:19.190+00:00,4361.85,4361.93,0.08,41
2026-09-11T17:44:19.414+00:00,4361.58,4361.66,0.08,41
2026-09-11T17:44:19.639+00:00,4361.63,4361.71,0.08,41
2026-09-11T17:44:20.089+00:00,4361.63,4361.72,0.09,41
2026-09-11T17:44:20.316+00:00,4361.7,4361.78,0.08,41
2026-09-11T17:44:20.539+00:00,4361.62,4361.71,0.09,41
2026-09-11T17:44:20.766+00:00,4361.7,4361.78,0.08,41
2026-09-11T17:44:20.990+00:00,4361.8,4361.88,0.08,41
2026-09-11T17:44:21.305+00:00,4361.79,4361.87,0.08,41
2026-09-11T17:44:21.520+00:00,4362.54,4362.62,0.08,41
2026-09-11T17:44:21.734+00:00,4362.5,4362.58,0.08,41
2026-09-11T17:44:21.968+00:00,4362.45,4362.53,0.08,41
2026-09-11T17:44:22.310+00:00,4362.46,4362.54,0.08,41
2026-09-11T17:44:22.533+00:00,4362.26,4362.35,0.09,41
2026-09-11T17:44:22.735+00:00,4362.28,4362.36,0.08,41
2026-09-11T17:44:23.061+00:00,4362.29,4362.37,0.08,41
2026-09-11T17:44:23.285+00:00,4362.23,4362.31,0.08,41
2026-09-11T17:44:23.509+00:00,4362.22,4362.31,0.09,41
2026-09-11T17:44:23.820+00:00,4362.22,4362.3,0.08,41
2026-09-11T17:44:24.204+00:00,4362.27,4362.35,0.08,41
2026-09-11T17:44:24.429+00:00,4362.33,4362.41,0.08,41
2026-09-11T17:44:24.735+00:00,4362.3,4362.38,0.08,41
2026-09-11T17:44:25.031+00:00,4362.18,4362.28,0.1,41
2026-09-11T17:44:25.265+00:00,4362.17,4362.28,0.11,41
2026-09-11T17:44:25.735+00:00,4362.15,4362.27,0.12,41
2026-09-11T17:44:26.018+00:00,4362.17,4362.29,0.12,41
2026-09-11T17:44:26.242+00:00,4362.18,4362.28,0.1,41
2026-09-11T17:44:26.487+00:00,4363.79,4363.94,0.15,41
2026-09-11T17:44:26.698+00:00,4363.68,4363.77,0.09,41
2026-09-11T17:44:26.944+00:00,4363.27,4363.38,0.11,41
2026-09-11T17:44:27.171+00:00,4363.16,4363.27,0.11,41
2026-09-11T17:44:27.390+00:00,4363.16,4363.28,0.12,41
2026-09-11T17:44:27.689+00:00,4363.12,4363.26,0.14,41
2026-09-11T17:44:27.920+00:00,4363.11,4363.27,0.16,41
2026-09-11T17:44:28.222+00:00,4363.16,4363.32,0.16,41
2026-09-11T17:44:28.446+00:00,4363.12,4363.28,0.16,41
2026-09-11T17:44:28.737+00:00,4363.11,4363.27,0.16,41
2026-09-11T17:44:29.176+00:00,4363.13,4363.27,0.14,41
2026-09-11T17:44:29.471+00:00,4363.18,4363.3,0.12,41
2026-09-11T17:44:29.711+00:00,4363.17,4363.28,0.11,41
2026-09-11T17:44:30.168+00:00,4363.22,4363.33,0.11,41
2026-09-11T17:44:30.396+00:00,4362.67,4362.79,0.12,41
2026-09-11T17:44:30.620+00:00,4362.62,4362.74,0.12,41
2026-09-11T17:44:30.845+00:00,4362.68,4362.8,0.12,41
2026-09-11T17:44:31.069+00:00,4362.71,4362.83,0.12,41
2026-09-11T17:44:31.306+00:00,4362.81,4362.92,0.11,41
2026-09-11T17:44:31.519+00:00,4362.99,4363.1,0.11,41
2026-09-11T17:44:31.743+00:00,4362.56,4362.68,0.12,41
2026-09-11T17:44:31.969+00:00,4362.69,4362.83,0.14,41
2026-09-11T17:44:32.195+00:00,4362.58,4362.71,0.13,41
2026-09-11T17:44:32.418+00:00,4362.67,4362.8,0.13,41
2026-09-11T17:44:32.644+00:00,4362.71,4362.82,0.11,41
2026-09-11T17:44:32.946+00:00,4362.64,4362.75,0.11,41
2026-09-11T17:44:33.183+00:00,4362.62,4362.75,0.13,41
2026-09-11T17:44:33.695+00:00,4362.52,4362.66,0.14,42
2026-09-11T17:44:34.034+00:00,4362.53,4362.67,0.14,42
2026-09-11T17:44:34.260+00:00,4362.55,4362.67,0.12,42
2026-09-11T17:44:34.596+00:00,4362.58,4362.7,0.12,42
2026-09-11T17:44:34.901+00:00,4362.65,4362.75,0.1,42
2026-09-11T17:44:35.350+00:00,4362.9,4363.0,0.1,42
2026-09-11T17:44:35.805+00:00,4362.88,4362.99,0.11,42
2026-09-11T17:44:36.065+00:00,4362.89,4362.98,0.09,42
2026-09-11T17:44:36.333+00:00,4362.91,4362.99,0.08,42
2026-09-11T17:44:36.891+00:00,4362.94,4363.02,0.08,42
2026-09-11T17:44:37.114+00:00,4362.92,4363.0,0.08,42
2026-09-11T17:44:37.342+00:00,4362.98,4363.06,0.08,42
2026-09-11T17:44:37.569+00:00,4362.96,4363.04,0.08,42
2026-09-11T17:44:37.796+00:00,4362.87,4362.96,0.09,42
2026-09-11T17:44:38.020+00:00,4362.84,4362.96,0.12,42
2026-09-11T17:44:38.322+00:00,4362.52,4362.64,0.12,42
2026-09-11T17:44:38.701+00:00,4362.81,4362.92,0.11,42
2026-09-11T17:44:39.000+00:00,4362.55,4362.64,0.09,42
2026-09-11T17:44:39.303+00:00,4362.57,4362.66,0.09,42
2026-09-11T17:44:39.524+00:00,4362.59,4362.67,0.08,42
2026-09-11T17:44:39.748+00:00,4362.74,4362.82,0.08,42
2026-09-11T17:44:39.974+00:00,4362.75,4362.83,0.08,42
2026-09-11T17:44:40.199+00:00,4362.78,4362.86,0.08,42
2026-09-11T17:44:40.423+00:00,4362.83,4362.91,0.08,42
2026-09-11T17:44:40.738+00:00,4362.81,4362.89,0.08,42
2026-09-11T17:44:40.949+00:00,4362.83,4362.91,0.08,42
2026-09-11T17:44:41.269+00:00,4362.92,4363.0,0.08,42
2026-09-11T17:44:41.494+00:00,4362.91,4362.99,0.08,42
2026-09-11T17:44:41.738+00:00,4362.94,4363.02,0.08,42
2026-09-11T17:44:42.170+00:00,4362.97,4363.06,0.09,42
2026-09-11T17:44:42.394+00:00,4362.95,4363.03,0.08,42
2026-09-11T17:44:42.733+00:00,4362.94,4363.03,0.09,42
2026-09-11T17:44:43.148+00:00,4362.96,4363.04,0.08,42
2026-09-11T17:44:43.369+00:00,4363.0,4363.08,0.08,42
2026-09-11T17:44:43.594+00:00,4362.98,4363.07,0.09,42
2026-09-11T17:44:43.824+00:00,4363.01,4363.11,0.1,42
2026-09-11T17:44:44.271+00:00,4363.02,4363.13,0.11,42
2026-09-11T17:44:44.572+00:00,4363.01,4363.14,0.13,42
2026-09-11T17:44:44.796+00:00,4362.98,4363.09,0.11,42
2026-09-11T17:44:45.099+00:00,4362.96,4363.05,0.09,42
2026-09-11T17:44:45.584+00:00,4362.99,4363.08,0.09,42
2026-09-11T17:44:46.187+00:00,4362.96,4363.05,0.09,42
2026-09-11T17:44:46.410+00:00,4362.97,4363.08,0.11,42
2026-09-11T17:44:46.669+00:00,4362.94,4363.05,0.11,42
2026-09-11T17:44:47.011+00:00,4362.71,4362.83,0.12,42
2026-09-11T17:44:47.267+00:00,4362.63,4362.74,0.11,42
2026-09-11T17:44:47.493+00:00,4362.53,4362.64,0.11,42
2026-09-11T17:44:47.719+00:00,4362.34,4362.45,0.11,42
2026-09-11T17:44:48.091+00:00,4362.33,4362.46,0.13,42
2026-09-11T17:44:48.318+00:00,4362.27,4362.38,0.11,42
2026-09-11T17:44:48.544+00:00,4362.51,4362.62,0.11,42
2026-09-11T17:44:48.767+00:00,4362.51,4362.61,0.1,42
2026-09-11T17:44:49.233+00:00,4362.51,4362.59,0.08,42
2026-09-11T17:44:49.458+00:00,4362.44,4362.53,0.09,42
2026-09-11T17:44:49.683+00:00,4362.21,4362.31,0.1,42
2026-09-11T17:44:50.095+00:00,4362.22,4362.32,0.1,42
2026-09-11T17:44:50.321+00:00,4362.08,4362.18,0.1,42
2026-09-11T17:44:50.544+00:00,4361.94,4362.05,0.11,42
2026-09-11T17:44:51.036+00:00,4361.95,4362.07,0.12,42
2026-09-11T17:44:51.259+00:00,4362.0,4362.11,0.11,42
2026-09-11T17:44:51.591+00:00,4362.05,4362.17,0.12,42
2026-09-11T17:44:51.820+00:00,4362.06,4362.18,0.12,42
2026-09-11T17:44:52.115+00:00,4362.13,4362.24,0.11,42
2026-09-11T17:44:52.344+00:00,4362.29,4362.39,0.1,42
2026-09-11T17:44:52.735+00:00,4362.26,4362.34,0.08,42
2026-09-11T17:44:53.253+00:00,4362.5,4362.58,0.08,42
2026-09-11T17:44:53.478+00:00,4362.48,4362.56,0.08,42
2026-09-11T17:44:54.464+00:00,4362.47,4362.57,0.1,42
2026-09-11T17:44:54.716+00:00,4362.48,4362.58,0.1,42
2026-09-11T17:44:55.142+00:00,4362.46,4362.56,0.1,42
2026-09-11T17:44:55.367+00:00,4362.45,4362.55,0.1,42
2026-09-11T17:44:55.592+00:00,4362.42,4362.52,0.1,42
2026-09-11T17:44:55.815+00:00,4362.04,4362.15,0.11,42
2026-09-11T17:44:56.611+00:00,4362.06,4362.18,0.12,42
2026-09-11T17:44:56.837+00:00,4361.9,4362.01,0.11,42
2026-09-11T17:44:57.058+00:00,4361.91,4361.99,0.08,42
2026-09-11T17:44:57.361+00:00,4361.97,4362.05,0.08,42
2026-09-11T17:44:58.046+00:00,4361.96,4362.04,0.08,42
2026-09-11T17:44:58.426+00:00,4361.93,4362.01,0.08,42
2026-09-11T17:44:58.650+00:00,4361.89,4361.97,0.08,42
2026-09-11T17:44:58.875+00:00,4361.96,4362.05,0.09,43
2026-09-11T17:44:59.101+00:00,4362.0,4362.09,0.09,43
2026-09-11T17:44:59.399+00:00,4361.92,4362.0,0.08,43
2026-09-11T17:44:59.626+00:00,4361.96,4362.05,0.09,43
2026-09-11T17:45:00.149+00:00,4361.97,4362.05,0.08,43
2026-09-11T17:45:00.598+00:00,4362.23,4362.32,0.09,43
2026-09-11T17:45:00.820+00:00,4361.95,4362.05,0.1,43
2026-09-11T17:45:01.046+00:00,4361.82,4361.9,0.08,43
2026-09-11T17:45:01.275+00:00,4361.74,4361.83,0.09,43
2026-09-11T17:45:01.498+00:00,4361.69,4361.77,0.08,43
2026-09-11T17:45:01.720+00:00,4361.71,4361.79,0.08,43
2026-09-11T17:45:01.947+00:00,4361.55,4361.63,0.08,43
2026-09-11T17:45:02.274+00:00,4361.61,4361.7,0.09,43
2026-09-11T17:45:02.498+00:00,4361.65,4361.74,0.09,43
2026-09-11T17:45:02.724+00:00,4361.85,4361.93,0.08,43
2026-09-11T17:45:02.948+00:00,4361.99,4362.09,0.1,43
2026-09-11T17:45:03.173+00:00,4361.58,4361.68,0.1,43
2026-09-11T17:45:03.399+00:00,4361.48,4361.59,0.11,43
2026-09-11T17:45:03.721+00:00,4361.27,4361.4,0.13,43
2026-09-11T17:45:03.946+00:00,4361.61,4361.73,0.12,43
2026-09-11T17:45:04.172+00:00,4361.31,4361.44,0.13,43
2026-09-11T17:45:04.398+00:00,4361.55,4361.64,0.09,43
2026-09-11T17:45:04.621+00:00,4361.32,4361.4,0.08,43
2026-09-11T17:45:04.846+00:00,4361.33,4361.41,0.08,43
2026-09-11T17:45:05.072+00:00,4361.4,4361.48,0.08,43
2026-09-11T17:45:05.298+00:00,4361.34,4361.42,0.08,43
2026-09-11T17:45:05.521+00:00,4361.37,4361.45,0.08,43
2026-09-11T17:45:05.734+00:00,4361.38,4361.46,0.08,43
2026-09-11T17:45:06.489+00:00,4361.37,4361.45,0.08,43
2026-09-11T17:45:06.734+00:00,4361.29,4361.37,0.08,43
2026-09-11T17:45:06.940+00:00,4361.28,4361.36,0.08,43
2026-09-11T17:45:07.177+00:00,4361.31,4361.39,0.08,43
2026-09-11T17:45:07.399+00:00,4361.28,4361.36,0.08,43
2026-09-11T17:45:07.708+00:00,4361.22,4361.3,0.08,43
2026-09-11T17:45:07.933+00:00,4361.13,4361.21,0.08,43
2026-09-11T17:45:08.157+00:00,4361.09,4361.19,0.1,43
2026-09-11T17:45:08.376+00:00,4361.09,4361.2,0.11,43
2026-09-11T17:45:08.599+00:00,4361.19,4361.28,0.09,43
2026-09-11T17:45:08.828+00:00,4361.23,4361.32,0.09,43
2026-09-11T17:45:09.051+00:00,4361.51,4361.59,0.08,43
2026-09-11T17:45:09.275+00:00,4361.3,4361.4,0.1,43
2026-09-11T17:45:09.506+00:00,4361.32,4361.43,0.11,43
2026-09-11T17:45:09.979+00:00,4361.33,4361.42,0.09,43
2026-09-11T17:45:10.431+00:00,4361.36,4361.47,0.11,43
2026-09-11T17:45:10.655+00:00,4361.24,4361.35,0.11,43
2026-09-11T17:45:10.881+00:00,4361.31,4361.41,0.1,43
2026-09-11T17:45:11.105+00:00,4361.25,4361.34,0.09,43
2026-09-11T17:45:11.405+00:00,4361.28,4361.38,0.1,43
2026-09-11T17:45:11.941+00:00,4361.21,4361.3,0.09,43
2026-09-11T17:45:12.171+00:00,4361.24,4361.32,0.08,43
2026-09-11T17:45:12.674+00:00,4361.25,4361.33,0.08,43
2026-09-11T17:45:12.896+00:00,4361.29,4361.37,0.08,43
2026-09-11T17:45:13.345+00:00,4361.27,4361.35,0.08,43
2026-09-11T17:45:14.031+00:00,4361.24,4361.32,0.08,43
2026-09-11T17:45:14.279+00:00,4361.19,4361.28,0.09,43
2026-09-11T17:45:14.498+00:00,4361.37,4361.46,0.09,43
2026-09-11T17:45:14.722+00:00,4361.59,4361.67,0.08,43
2026-09-11T17:45:14.948+00:00,4361.49,4361.57,0.08,43
2026-09-11T17:45:15.255+00:00,4361.38,4361.46,0.08,43
2026-09-11T17:45:15.547+00:00,4361.4,4361.51,0.11,43
2026-09-11T17:45:15.775+00:00,4361.67,4361.76,0.09,43
2026-09-11T17:45:15.998+00:00,4361.43,4361.51,0.08,43
2026-09-11T17:45:16.320+00:00,4361.51,4361.62,0.11,43
2026-09-11T17:45:16.449+00:00,4361.37,4361.48,0.11,43
2026-09-11T17:45:16.696+00:00,4361.48,4361.58,0.1,43
2026-09-11T17:45:16.959+00:00,4361.72,4361.82,0.1,43
2026-09-11T17:45:17.164+00:00,4361.71,4361.81,0.1,43
2026-09-11T17:45:17.796+00:00,4361.45,4361.55,0.1,43
2026-09-11T17:45:17.991+00:00,4361.42,4361.53,0.11,43
2026-09-11T17:45:18.405+00:00,4361.41,4361.51,0.1,43
2026-09-11T17:45:18.405+00:00,4361.45,4361.56,0.11,43
2026-09-11T17:45:18.733+00:00,4361.44,4361.55,0.11,43
2026-09-11T17:45:19.010+00:00,4361.47,4361.57,0.1,43
2026-09-11T17:45:19.300+00:00,4361.49,4361.57,0.08,43
2026-09-11T17:45:19.547+00:00,4361.76,4361.85,0.09,43
2026-09-11T17:45:19.813+00:00,4361.75,4361.85,0.1,43
2026-09-11T17:45:20.024+00:00,4361.78,4361.86,0.08,43
2026-09-11T17:45:20.279+00:00,4361.77,4361.86,0.09,43
2026-09-11T17:45:20.620+00:00,4361.78,4361.89,0.11,43
2026-09-11T17:45:20.844+00:00,4361.77,4361.9,0.13,43
2026-09-11T17:45:21.071+00:00,4361.73,4361.85,0.12,43
2026-09-11T17:45:21.352+00:00,4361.4,4361.51,0.11,43
2026-09-11T17:45:21.570+00:00,4361.35,4361.46,0.11,43
2026-09-11T17:45:21.795+00:00,4361.37,4361.47,0.1,43
2026-09-11T17:45:22.021+00:00,4361.23,4361.31,0.08,43
2026-09-11T17:45:22.245+00:00,4361.18,4361.29,0.11,43
2026-09-11T17:45:22.470+00:00,4361.14,4361.24,0.1,43
2026-09-11T17:45:22.696+00:00,4360.8,4360.9,0.1,43
2026-09-11T17:45:22.921+00:00,4360.65,4360.76,0.11,43
2026-09-11T17:45:23.158+00:00,4360.71,4360.83,0.12,43
2026-09-11T17:45:23.372+00:00,4360.73,4360.84,0.11,43
2026-09-11T17:45:23.598+00:00,4360.83,4360.95,0.12,43
2026-09-11T17:45:23.900+00:00,4361.08,4361.17,0.09,43
2026-09-11T17:45:24.124+00:00,4360.99,4361.07,0.08,44
2026-09-11T17:45:24.348+00:00,4360.98,4361.06,0.08,44
2026-09-11T17:45:24.578+00:00,4360.93,4361.01,0.08,44
2026-09-11T17:45:24.798+00:00,4361.0,4361.08,0.08,44
2026-09-11T17:45:25.024+00:00,4361.22,4361.31,0.09,44
2026-09-11T17:45:25.248+00:00,4361.29,4361.38,0.09,44
2026-09-11T17:45:25.475+00:00,4361.35,4361.43,0.08,44
2026-09-11T17:45:25.699+00:00,4361.29,4361.37,0.08,44
2026-09-11T17:45:25.925+00:00,4361.09,4361.17,0.08,44
2026-09-11T17:45:26.154+00:00,4360.73,4360.82,0.09,44
2026-09-11T17:45:26.376+00:00,4360.75,4360.86,0.11,44
2026-09-11T17:45:26.603+00:00,4360.68,4360.78,0.1,44
2026-09-11T17:45:26.826+00:00,4360.71,4360.79,0.08,44
2026-09-11T17:45:27.053+00:00,4360.63,4360.72,0.09,44
2026-09-11T17:45:27.503+00:00,4360.95,4361.06,0.11,44
2026-09-11T17:45:27.733+00:00,4360.97,4361.08,0.11,44
2026-09-11T17:45:27.964+00:00,4360.85,4360.96,0.11,44
2026-09-11T17:45:28.181+00:00,4360.84,4360.94,0.1,44
2026-09-11T17:45:28.403+00:00,4360.99,4361.08,0.09,44
2026-09-11T17:45:28.629+00:00,4360.88,4360.98,0.1,44
2026-09-11T17:45:28.936+00:00,4360.69,4360.79,0.1,44
2026-09-11T17:45:29.160+00:00,4360.99,4361.1,0.11,44
2026-09-11T17:45:29.533+00:00,4360.7,4360.8,0.1,44
2026-09-11T17:45:29.735+00:00,4361.02,4361.13,0.11,44
2026-09-11T17:45:30.135+00:00,4360.7,4360.81,0.11,44
2026-09-11T17:45:30.359+00:00,4360.54,4360.66,0.12,44
2026-09-11T17:45:30.585+00:00,4360.58,4360.69,0.11,44
2026-09-11T17:45:30.812+00:00,4360.41,4360.52,0.11,44
2026-09-11T17:45:31.039+00:00,4360.48,4360.59,0.11,44
2026-09-11T17:45:31.260+00:00,4360.39,4360.5,0.11,44
2026-09-11T17:45:31.490+00:00,4360.35,4360.46,0.11,44
2026-09-11T17:45:31.711+00:00,4360.41,4360.52,0.11,44
2026-09-11T17:45:31.935+00:00,4360.51,4360.59,0.08,44
2026-09-11T17:45:32.300+00:00,4360.46,4360.54,0.08,44
2026-09-11T17:45:32.525+00:00,4360.36,4360.45,0.09,44
2026-09-11T17:45:32.733+00:00,4360.36,4360.46,0.1,44
2026-09-11T17:45:32.976+00:00,4360.37,4360.47,0.1,44
2026-09-11T17:45:33.203+00:00,4360.41,4360.52,0.11,44
2026-09-11T17:45:33.428+00:00,4360.48,4360.57,0.09,44
2026-09-11T17:45:33.683+00:00,4360.52,4360.61,0.09,44
2026-09-11T17:45:33.907+00:00,4360.5,4360.59,0.09,44
2026-09-11T17:45:34.132+00:00,4360.74,4360.85,0.11,44
2026-09-11T17:45:34.359+00:00,4360.71,4360.81,0.1,44
2026-09-11T17:45:34.584+00:00,4360.9,4361.0,0.1,44
2026-09-11T17:45:34.812+00:00,4360.92,4361.02,0.1,44
2026-09-11T17:45:35.034+00:00,4360.89,4361.0,0.11,44
2026-09-11T17:45:35.260+00:00,4360.77,4360.89,0.12,44
2026-09-11T17:45:35.485+00:00,4360.8,4360.9,0.1,44
2026-09-11T17:45:35.736+00:00,4360.78,4360.88,0.1,44
2026-09-11T17:45:35.938+00:00,4360.83,4360.92,0.09,44
2026-09-11T17:45:36.161+00:00,4360.82,4360.93,0.11,44
2026-09-11T17:45:36.500+00:00,4360.81,4360.92,0.11,44
2026-09-11T17:45:36.734+00:00,4360.82,4360.93,0.11,44
2026-09-11T17:45:37.041+00:00,4360.81,4360.93,0.12,44
2026-09-11T17:45:37.335+00:00,4360.8,4360.92,0.12,44
2026-09-11T17:45:37.559+00:00,4360.51,4360.62,0.11,44
2026-09-11T17:45:37.801+00:00,4360.56,4360.67,0.11,44
2026-09-11T17:45:38.500+00:00,4360.86,4360.98,0.12,44
2026-09-11T17:45:38.724+00:00,4360.55,4360.68,0.13,44
2026-09-11T17:45:39.024+00:00,4360.81,4360.93,0.12,44
2026-09-11T17:45:39.399+00:00,4360.96,4361.08,0.12,44
2026-09-11T17:45:39.625+00:00,4360.85,4360.94,0.09,44
2026-09-11T17:45:39.851+00:00,4360.92,4361.0,0.08,44
2026-09-11T17:45:40.150+00:00,4361.05,4361.15,0.1,44
2026-09-11T17:45:40.448+00:00,4360.77,4360.89,0.12,44
2026-09-11T17:45:40.899+00:00,4360.79,4360.91,0.12,44
2026-09-11T17:45:41.125+00:00,4360.84,4360.95,0.11,44
2026-09-11T17:45:41.424+00:00,4361.09,4361.2,0.11,44
2026-09-11T17:45:41.724+00:00,4360.8,4360.91,0.11,44
2026-09-11T17:45:41.952+00:00,4360.75,4360.86,0.11,44
2026-09-11T17:45:42.175+00:00,4360.75,4360.87,0.12,44
2026-09-11T17:45:42.400+00:00,4360.79,4360.89,0.1,44
2026-09-11T17:45:43.000+00:00,4361.2,4361.29,0.09,44
2026-09-11T17:45:43.226+00:00,4361.19,4361.27,0.08,44
2026-09-11T17:45:43.452+00:00,4361.38,4361.46,0.08,44
2026-09-11T17:45:43.675+00:00,4361.23,4361.31,0.08,44
2026-09-11T17:45:43.901+00:00,4361.24,4361.32,0.08,44
2026-09-11T17:45:44.203+00:00,4361.22,4361.32,0.1,44
2026-09-11T17:45:44.424+00:00,4361.21,4361.31,0.1,44
2026-09-11T17:45:44.951+00:00,4361.15,4361.26,0.11,44
2026-09-11T17:45:45.402+00:00,4361.18,4361.3,0.12,44
2026-09-11T17:45:45.626+00:00,4361.16,4361.27,0.11,44
2026-09-11T17:45:45.864+00:00,4361.19,4361.3,0.11,44
2026-09-11T17:45:46.342+00:00,4361.21,4361.31,0.1,44
2026-09-11T17:45:46.556+00:00,4361.44,4361.54,0.1,44
2026-09-11T17:45:46.855+00:00,4361.84,4361.92,0.08,44
2026-09-11T17:45:47.081+00:00,4361.86,4361.94,0.08,44
2026-09-11T17:45:47.379+00:00,4361.9,4361.98,0.08,44
2026-09-11T17:45:47.605+00:00,4361.85,4361.94,0.09,44
2026-09-11T17:45:47.830+00:00,4361.88,4361.97,0.09,44
2026-09-11T17:45:48.055+00:00,4361.5,4361.59,0.09,44
2026-09-11T17:45:48.279+00:00,4361.54,4361.63,0.09,44
2026-09-11T17:45:48.579+00:00,4361.55,4361.65,0.1,44
2026-09-11T17:45:48.810+00:00,4361.29,4361.41,0.12,44
2026-09-11T17:45:49.033+00:00,4361.56,4361.67,0.11,44
2026-09-11T17:45:49.258+00:00,4361.45,4361.53,0.08,45
2026-09-11T17:45:49.481+00:00,4361.35,4361.44,0.09,45
2026-09-11T17:45:49.737+00:00,4361.34,4361.45,0.11,45
2026-09-11T17:45:50.052+00:00,4361.33,4361.44,0.11,45
2026-09-11T17:45:50.276+00:00,4361.4,4361.51,0.11,45
2026-09-11T17:45:50.502+00:00,4361.44,4361.54,0.1,45
2026-09-11T17:45:50.734+00:00,4361.47,4361.56,0.09,45
2026-09-11T17:45:51.136+00:00,4361.46,4361.56,0.1,45
2026-09-11T17:45:51.586+00:00,4361.49,4361.58,0.09,45
2026-09-11T17:45:51.809+00:00,4361.53,4361.62,0.09,45
2026-09-11T17:45:52.036+00:00,4361.54,4361.62,0.08,45
2026-09-11T17:45:52.259+00:00,4361.5,4361.6,0.1,45
2026-09-11T17:45:52.486+00:00,4361.49,4361.61,0.12,45
2026-09-11T17:45:52.710+00:00,4361.48,4361.6,0.12,45
2026-09-11T17:45:52.940+00:00,4361.34,4361.45,0.11,45
2026-09-11T17:45:53.181+00:00,4361.06,4361.18,0.12,45
2026-09-11T17:45:53.414+00:00,4361.21,4361.33,0.12,45
2026-09-11T17:45:53.632+00:00,4361.17,4361.29,0.12,45
2026-09-11T17:45:54.079+00:00,4361.06,4361.19,0.13,45
2026-09-11T17:45:54.304+00:00,4361.17,4361.29,0.12,45
2026-09-11T17:45:54.830+00:00,4361.18,4361.29,0.11,45
2026-09-11T17:45:55.055+00:00,4361.19,4361.3,0.11,45
2026-09-11T17:45:55.736+00:00,4361.09,4361.2,0.11,45
2026-09-11T17:45:55.993+00:00,4361.17,4361.28,0.11,45
2026-09-11T17:45:56.222+00:00,4361.1,4361.23,0.13,45
2026-09-11T17:45:56.444+00:00,4361.08,4361.2,0.12,45
2026-09-11T17:45:56.669+00:00,4360.9,4361.01,0.11,45
2026-09-11T17:45:56.902+00:00,4360.61,4360.72,0.11,45
2026-09-11T17:45:57.123+00:00,4360.69,4360.8,0.11,45
2026-09-11T17:45:57.346+00:00,4360.63,4360.73,0.1,45
2026-09-11T17:45:57.572+00:00,4360.56,4360.65,0.09,45
2026-09-11T17:45:57.796+00:00,4360.63,4360.72,0.09,45
2026-09-11T17:45:58.045+00:00,4360.52,4360.61,0.09,45
2026-09-11T17:45:58.344+00:00,4360.62,4360.72,0.1,45
2026-09-11T17:45:58.569+00:00,4360.64,4360.74,0.1,45
2026-09-11T17:45:58.795+00:00,4360.67,4360.75,0.08,45
2026-09-11T17:45:59.320+00:00,4360.78,4360.86,0.08,45
2026-09-11T17:45:59.734+00:00,4360.79,4360.87,0.08,45
2026-09-11T17:45:59.987+00:00,4360.87,4360.95,0.08,45
2026-09-11T17:46:00.720+00:00,4360.83,4360.92,0.09,45
2026-09-11T17:46:00.956+00:00,4360.58,4360.67,0.09,45
2026-09-11T17:46:01.395+00:00,4360.6,4360.68,0.08,45
2026-09-11T17:46:01.696+00:00,4360.6,4360.69,0.09,45
2026-09-11T17:46:01.922+00:00,4360.42,4360.5,0.08,45
2026-09-11T17:46:02.148+00:00,4360.26,4360.36,0.1,45
2026-09-11T17:46:02.379+00:00,4360.35,4360.47,0.12,45
2026-09-11T17:46:02.608+00:00,4360.43,4360.54,0.11,45
2026-09-11T17:46:02.820+00:00,4360.61,4360.72,0.11,45
2026-09-11T17:46:03.046+00:00,4360.5,4360.58,0.08,45
2026-09-11T17:46:03.271+00:00,4360.44,4360.52,0.08,45
2026-09-11T17:46:03.496+00:00,4360.45,4360.54,0.09,45
2026-09-11T17:46:03.722+00:00,4360.42,4360.53,0.11,45
2026-09-11T17:46:03.950+00:00,4360.37,4360.47,0.1,45
2026-09-11T17:46:04.171+00:00,4360.35,4360.45,0.1,45
2026-09-11T17:46:04.398+00:00,4360.41,4360.52,0.11,45
2026-09-11T17:46:04.624+00:00,4360.38,4360.48,0.1,45
2026-09-11T17:46:04.922+00:00,4360.38,4360.47,0.09,45
2026-09-11T17:46:05.146+00:00,4360.37,4360.48,0.11,45
2026-09-11T17:46:05.373+00:00,4360.3,4360.4,0.1,45
2026-09-11T17:46:05.672+00:00,4360.32,4360.43,0.11,45
2026-09-11T17:46:05.897+00:00,4360.32,4360.42,0.1,45
2026-09-11T17:46:06.122+00:00,4360.35,4360.44,0.09,45
2026-09-11T17:46:06.349+00:00,4360.4,4360.48,0.08,45
2026-09-11T17:46:06.574+00:00,4360.45,4360.53,0.08,45
2026-09-11T17:46:06.797+00:00,4360.5,4360.58,0.08,45
2026-09-11T17:46:07.023+00:00,4360.32,4360.42,0.1,45
2026-09-11T17:46:07.250+00:00,4360.05,4360.16,0.11,45
2026-09-11T17:46:07.479+00:00,4359.93,4360.04,0.11,45
2026-09-11T17:46:07.851+00:00,4359.93,4360.05,0.12,45
2026-09-11T17:46:08.080+00:00,4359.79,4359.91,0.12,45
2026-09-11T17:46:08.315+00:00,4359.62,4359.74,0.12,45
2026-09-11T17:46:08.539+00:00,4359.65,4359.77,0.12,45
2026-09-11T17:46:08.763+00:00,4359.61,4359.73,0.12,45
2026-09-11T17:46:09.212+00:00,4359.65,4359.75,0.1,45
2026-09-11T17:46:09.436+00:00,4359.66,4359.77,0.11,45
2026-09-11T17:46:09.665+00:00,4359.67,4359.76,0.09,45
2026-09-11T17:46:09.890+00:00,4360.12,4360.21,0.09,45
2026-09-11T17:46:10.116+00:00,4360.07,4360.18,0.11,45
2026-09-11T17:46:10.337+00:00,4360.1,4360.21,0.11,45
2026-09-11T17:46:10.565+00:00,4360.07,4360.2,0.13,45
2026-09-11T17:46:10.788+00:00,4359.71,4359.84,0.13,45
2026-09-11T17:46:11.239+00:00,4359.75,4359.87,0.12,45
2026-09-11T17:46:11.463+00:00,4359.75,4359.88,0.13,45
2026-09-11T17:46:11.734+00:00,4359.74,4359.87,0.13,45
2026-09-11T17:46:12.062+00:00,4359.79,4359.92,0.13,45
2026-09-11T17:46:12.288+00:00,4359.98,4360.09,0.11,45
2026-09-11T17:46:12.513+00:00,4360.05,4360.13,0.08,45
2026-09-11T17:46:12.811+00:00,4360.04,4360.12,0.08,45
2026-09-11T17:46:13.036+00:00,4359.99,4360.07,0.08,45
2026-09-11T17:46:13.262+00:00,4360.24,4360.33,0.09,45
2026-09-11T17:46:13.488+00:00,4360.35,4360.43,0.08,45
2026-09-11T17:46:13.713+00:00,4360.35,4360.45,0.1,45
2026-09-11T17:46:13.937+00:00,4360.44,4360.54,0.1,45
2026-09-11T17:46:14.246+00:00,4360.45,4360.56,0.11,45
2026-09-11T17:46:14.467+00:00,4360.11,4360.22,0.11,46
2026-09-11T17:46:15.108+00:00,4360.44,4360.55,0.11,46
2026-09-11T17:46:15.335+00:00,4360.57,4360.67,0.1,46
2026-09-11T17:46:15.560+00:00,4360.61,4360.71,0.1,46
2026-09-11T17:46:15.785+00:00,4360.59,4360.69,0.1,46
2026-09-11T17:46:16.009+00:00,4360.61,4360.72,0.11,46
2026-09-11T17:46:16.280+00:00,4360.59,4360.71,0.12,46
2026-09-11T17:46:16.504+00:00,4360.71,4360.82,0.11,46
2026-09-11T17:46:16.734+00:00,4360.84,4360.93,0.09,46
2026-09-11T17:46:16.958+00:00,4360.76,4360.84,0.08,46
2026-09-11T17:46:17.345+00:00,4360.75,4360.84,0.09,46
2026-09-11T17:46:17.736+00:00,4360.76,4360.85,0.09,46
2026-09-11T17:46:18.311+00:00,4360.85,4360.95,0.1,46
2026-09-11T17:46:18.533+00:00,4360.61,4360.71,0.1,46
2026-09-11T17:46:18.758+00:00,4360.82,4360.92,0.1,46
2026-09-11T17:46:19.134+00:00,4360.81,4360.91,0.1,46
2026-09-11T17:46:19.364+00:00,4360.59,4360.69,0.1,46
2026-09-11T17:46:19.586+00:00,4360.62,4360.72,0.1,46
2026-09-11T17:46:19.811+00:00,4360.66,4360.77,0.11,46
2026-09-11T17:46:20.048+00:00,4360.75,4360.86,0.11,46
2026-09-11T17:46:20.261+00:00,4360.78,4360.88,0.1,46
2026-09-11T17:46:20.485+00:00,4360.77,4360.88,0.11,46
2026-09-11T17:46:20.714+00:00,4360.75,4360.88,0.13,46
2026-09-11T17:46:20.937+00:00,4361.02,4361.14,0.12,46
2026-09-11T17:46:21.770+00:00,4360.78,4360.9,0.12,46
2026-09-11T17:46:22.500+00:00,4360.76,4360.89,0.13,46
2026-09-11T17:46:22.725+00:00,4360.75,4360.88,0.13,46
2026-09-11T17:46:23.521+00:00,4360.72,4360.85,0.13,46
2026-09-11T17:46:23.736+00:00,4360.7,4360.82,0.12,46
2026-09-11T17:46:24.046+00:00,4360.66,4360.77,0.11,46
2026-09-11T17:46:24.272+00:00,4360.61,4360.71,0.1,46
2026-09-11T17:46:24.496+00:00,4360.74,4360.83,0.09,46
2026-09-11T17:46:24.721+00:00,4360.98,4361.07,0.09,46
2026-09-11T17:46:25.020+00:00,4360.75,4360.83,0.08,46
2026-09-11T17:46:25.244+00:00,4360.76,4360.84,0.08,46
2026-09-11T17:46:25.470+00:00,4360.77,4360.85,0.08,46
2026-09-11T17:46:25.698+00:00,4360.77,4360.86,0.09,46
2026-09-11T17:46:25.921+00:00,4360.78,4360.88,0.1,46
2026-09-11T17:46:26.521+00:00,4360.8,4360.89,0.09,46
2026-09-11T17:46:26.735+00:00,4361.01,4361.1,0.09,46
2026-09-11T17:46:26.989+00:00,4361.09,4361.19,0.1,46
2026-09-11T17:46:27.219+00:00,4361.08,4361.19,0.11,46
2026-09-11T17:46:27.529+00:00,4361.06,4361.18,0.12,46
2026-09-11T17:46:27.733+00:00,4360.76,4360.88,0.12,46
2026-09-11T17:46:27.979+00:00,4361.12,4361.22,0.1,46
2026-09-11T17:46:28.281+00:00,4360.78,4360.89,0.11,46
2026-09-11T17:46:28.880+00:00,4360.79,4360.91,0.12,46
2026-09-11T17:46:29.239+00:00,4361.01,4361.12,0.11,46
2026-09-11T17:46:29.466+00:00,4361.22,4361.32,0.1,46
2026-09-11T17:46:29.690+00:00,4361.23,4361.33,0.1,46
2026-09-11T17:46:30.001+00:00,4360.87,4360.98,0.11,46
2026-09-11T17:46:30.521+00:00,4360.83,4360.94,0.11,46
2026-09-11T17:46:31.040+00:00,4361.15,4361.26,0.11,46
2026-09-11T17:46:31.363+00:00,4361.14,4361.25,0.11,46
2026-09-11T17:46:31.590+00:00,4361.28,4361.37,0.09,46
2026-09-11T17:46:31.828+00:00,4361.22,4361.31,0.09,46
2026-09-11T17:46:32.625+00:00,4361.28,4361.36,0.08,46
2026-09-11T17:46:32.849+00:00,4361.22,4361.3,0.08,46
2026-09-11T17:46:33.076+00:00,4361.0,4361.08,0.08,46
2026-09-11T17:46:33.422+00:00,4360.99,4361.07,0.08,46
2026-09-11T17:46:33.640+00:00,4361.11,4361.19,0.08,46
2026-09-11T17:46:33.864+00:00,4361.05,4361.15,0.1,46
2026-09-11T17:46:34.249+00:00,4361.03,4361.14,0.11,46
2026-09-11T17:46:34.578+00:00,4360.87,4360.97,0.1,46
2026-09-11T17:46:34.817+00:00,4360.69,4360.78,0.09,46
2026-09-11T17:46:35.042+00:00,4360.66,4360.76,0.1,46
2026-09-11T17:46:35.267+00:00,4360.65,4360.75,0.1,46
2026-09-11T17:46:35.493+00:00,4360.68,4360.79,0.11,46
2026-09-11T17:46:35.734+00:00,4360.67,4360.76,0.09,46
2026-09-11T17:46:35.943+00:00,4360.87,4360.95,0.08,46
2026-09-11T17:46:36.168+00:00,4360.89,4360.98,0.09,46
2026-09-11T17:46:36.469+00:00,4360.91,4361.01,0.1,46
2026-09-11T17:46:36.694+00:00,4360.95,4361.03,0.08,46
2026-09-11T17:46:37.218+00:00,4360.94,4361.02,0.08,46
2026-09-11T17:46:37.575+00:00,4360.86,4360.94,0.08,46
2026-09-11T17:46:37.791+00:00,4360.88,4360.96,0.08,46
2026-09-11T17:46:38.017+00:00,4360.84,4360.95,0.11,46
2026-09-11T17:46:38.318+00:00,4360.89,4361.0,0.11,46
2026-09-11T17:46:38.541+00:00,4360.91,4360.99,0.08,46
2026-09-11T17:46:38.767+00:00,4360.93,4361.01,0.08,46
2026-09-11T17:46:39.295+00:00,4360.96,4361.04,0.08,46
2026-09-11T17:46:39.576+00:00,4360.95,4361.03,0.08,47
2026-09-11T17:46:39.799+00:00,4361.07,4361.15,0.08,47
2026-09-11T17:46:40.325+00:00,4361.17,4361.25,0.08,47
2026-09-11T17:46:40.548+00:00,4361.14,4361.22,0.08,47
2026-09-11T17:46:40.771+00:00,4360.96,4361.04,0.08,47
2026-09-11T17:46:40.998+00:00,4361.08,4361.16,0.08,47
2026-09-11T17:46:41.222+00:00,4360.63,4360.71,0.08,47
2026-09-11T17:46:41.523+00:00,4360.53,4360.63,0.1,47
2026-09-11T17:46:41.733+00:00,4360.56,4360.66,0.1,47
2026-09-11T17:46:41.976+00:00,4360.51,4360.6,0.09,47
2026-09-11T17:46:42.200+00:00,4360.53,4360.61,0.08,47
2026-09-11T17:46:42.424+00:00,4360.51,4360.59,0.08,47
2026-09-11T17:46:42.649+00:00,4360.52,4360.61,0.09,47
2026-09-11T17:46:42.874+00:00,4360.56,4360.64,0.08,47
2026-09-11T17:46:43.099+00:00,4360.55,4360.63,0.08,47
2026-09-11T17:46:43.324+00:00,4360.54,4360.63,0.09,47
2026-09-11T17:46:43.574+00:00,4360.58,4360.66,0.08,47
2026-09-11T17:46:43.798+00:00,4360.59,4360.67,0.08,47
2026-09-11T17:46:44.172+00:00,4360.64,4360.72,0.08,47
2026-09-11T17:46:44.399+00:00,4360.61,4360.71,0.1,47
2026-09-11T17:46:44.734+00:00,4360.58,4360.67,0.09,47
2026-09-11T17:46:44.999+00:00,4360.63,4360.71,0.08,47
2026-09-11T17:46:45.449+00:00,4360.41,4360.49,0.08,47
2026-09-11T17:46:45.674+00:00,4360.36,4360.44,0.08,47
2026-09-11T17:46:45.899+00:00,4360.15,4360.25,0.1,47
2026-09-11T17:46:46.132+00:00,4360.12,4360.21,0.09,47
2026-09-11T17:46:46.575+00:00,4359.99,4360.09,0.1,47
2026-09-11T17:46:46.801+00:00,4359.86,4359.94,0.08,47
2026-09-11T17:46:47.029+00:00,4359.76,4359.85,0.09,47
2026-09-11T17:46:47.253+00:00,4359.77,4359.86,0.09,47
2026-09-11T17:46:47.555+00:00,4359.96,4360.04,0.08,47
2026-09-11T17:46:47.779+00:00,4359.97,4360.05,0.08,47
2026-09-11T17:46:48.004+00:00,4359.96,4360.05,0.09,47
2026-09-11T17:46:48.419+00:00,4359.92,4360.0,0.08,47
2026-09-11T17:46:48.640+00:00,4359.97,4360.05,0.08,47
2026-09-11T17:46:48.866+00:00,4360.1,4360.18,0.08,47
2026-09-11T17:46:49.090+00:00,4360.09,4360.17,0.08,47
2026-09-11T17:46:49.315+00:00,4360.02,4360.11,0.09,47
2026-09-11T17:46:49.540+00:00,4360.03,4360.12,0.09,47
2026-09-11T17:46:49.766+00:00,4359.96,4360.05,0.09,47
2026-09-11T17:46:49.993+00:00,4359.97,4360.06,0.09,47
2026-09-11T17:46:50.520+00:00,4359.88,4359.97,0.09,47
2026-09-11T17:46:50.734+00:00,4359.86,4359.94,0.08,47
2026-09-11T17:46:50.977+00:00,4359.89,4359.97,0.08,47
2026-09-11T17:46:51.284+00:00,4359.88,4359.96,0.08,47
2026-09-11T17:46:51.502+00:00,4359.89,4359.97,0.08,47
2026-09-11T17:46:51.733+00:00,4359.9,4359.98,0.08,47
2026-09-11T17:46:52.071+00:00,4360.0,4360.08,0.08,47
2026-09-11T17:46:52.370+00:00,4360.09,4360.17,0.08,47
2026-09-11T17:46:52.597+00:00,4360.1,4360.18,0.08,47
2026-09-11T17:46:52.820+00:00,4360.12,4360.2,0.08,47
2026-09-11T17:46:53.354+00:00,4360.13,4360.21,0.08,47
2026-09-11T17:46:53.579+00:00,4360.2,4360.28,0.08,47
2026-09-11T17:46:53.879+00:00,4360.18,4360.26,0.08,47
2026-09-11T17:46:54.104+00:00,4360.16,4360.24,0.08,47
2026-09-11T17:46:54.331+00:00,4359.93,4360.02,0.09,47
2026-09-11T17:46:54.555+00:00,4359.96,4360.04,0.08,47
2026-09-11T17:46:54.786+00:00,4359.85,4359.95,0.1,47
2026-09-11T17:46:55.009+00:00,4359.77,4359.86,0.09,47
2026-09-11T17:46:55.327+00:00,4359.77,4359.88,0.11,47
2026-09-11T17:46:55.628+00:00,4359.78,4359.88,0.1,47
2026-09-11T17:46:55.853+00:00,4359.82,4359.91,0.09,47
2026-09-11T17:46:56.085+00:00,4359.77,4359.88,0.11,47
2026-09-11T17:46:56.425+00:00,4359.78,4359.89,0.11,47
2026-09-11T17:46:56.889+00:00,4359.77,4359.88,0.11,47
2026-09-11T17:46:57.508+00:00,4360.11,4360.22,0.11,47
2026-09-11T17:46:57.740+00:00,4360.08,4360.18,0.1,47
2026-09-11T17:46:57.961+00:00,4360.01,4360.09,0.08,47
2026-09-11T17:46:58.190+00:00,4359.97,4360.05,0.08,47
2026-09-11T17:46:58.412+00:00,4359.92,4360.0,0.08,47
2026-09-11T17:46:58.712+00:00,4359.9,4359.98,0.08,47
2026-09-11T17:46:59.248+00:00,4359.85,4359.93,0.08,47
2026-09-11T17:46:59.462+00:00,4359.9,4359.98,0.08,47
2026-09-11T17:46:59.686+00:00,4359.78,4359.86,0.08,47
2026-09-11T17:46:59.989+00:00,4359.93,4360.01,0.08,47
2026-09-11T17:47:00.812+00:00,4359.96,4360.04,0.08,47
2026-09-11T17:47:01.112+00:00,4360.0,4360.08,0.08,47
2026-09-11T17:47:01.785+00:00,4360.01,4360.09,0.08,47
2026-09-11T17:47:02.013+00:00,4359.87,4359.95,0.08,47
2026-09-11T17:47:02.237+00:00,4359.79,4359.87,0.08,47
2026-09-11T17:47:02.688+00:00,4359.77,4359.85,0.08,47
2026-09-11T17:47:03.068+00:00,4359.89,4359.97,0.08,47
2026-09-11T17:47:03.357+00:00,4359.87,4359.95,0.08,47
2026-09-11T17:47:03.584+00:00,4359.82,4359.9,0.08,47
2026-09-11T17:47:03.889+00:00,4359.78,4359.86,0.08,47
2026-09-11T17:47:04.111+00:00,4359.59,4359.67,0.08,47
2026-09-11T17:47:04.335+00:00,4359.61,4359.7,0.09,47
2026-09-11T17:47:04.564+00:00,4359.56,4359.66,0.1,48
2026-09-11T17:47:04.788+00:00,4359.59,4359.69,0.1,48
2026-09-11T17:47:05.013+00:00,4359.37,4359.46,0.09,48
2026-09-11T17:47:05.239+00:00,4359.34,4359.42,0.08,48
2026-09-11T17:47:05.693+00:00,4359.32,4359.4,0.08,48
2026-09-11T17:47:05.918+00:00,4359.36,4359.44,0.08,48
2026-09-11T17:47:06.145+00:00,4359.35,4359.43,0.08,48
2026-09-11T17:47:06.367+00:00,4359.54,4359.62,0.08,48
2026-09-11T17:47:06.593+00:00,4359.52,4359.6,0.08,48
2026-09-11T17:47:06.818+00:00,4359.54,4359.62,0.08,48
2026-09-11T17:47:07.038+00:00,4359.51,4359.59,0.08,48
2026-09-11T17:47:07.263+00:00,4359.57,4359.65,0.08,48
2026-09-11T17:47:07.489+00:00,4359.54,4359.62,0.08,48
2026-09-11T17:47:07.713+00:00,4359.61,4359.69,0.08,48
2026-09-11T17:47:07.937+00:00,4359.59,4359.68,0.09,48
2026-09-11T17:47:08.389+00:00,4359.36,4359.45,0.09,48
2026-09-11T17:47:08.612+00:00,4359.38,4359.46,0.08,48
2026-09-11T17:47:08.851+00:00,4359.26,4359.34,0.08,48
2026-09-11T17:47:09.066+00:00,4359.27,4359.36,0.09,48
2026-09-11T17:47:09.290+00:00,4359.28,4359.37,0.09,48
2026-09-11T17:47:09.521+00:00,4359.34,4359.42,0.08,48
2026-09-11T17:47:09.733+00:00,4359.33,4359.41,0.08,48
2026-09-11T17:47:09.971+00:00,4359.41,4359.49,0.08,48
2026-09-11T17:47:10.195+00:00,4359.59,4359.67,0.08,48
2026-09-11T17:47:10.422+00:00,4359.73,4359.81,0.08,48
2026-09-11T17:47:10.644+00:00,4359.63,4359.71,0.08,48
2026-09-11T17:47:10.945+00:00,4359.79,4359.87,0.08,48
2026-09-11T17:47:11.545+00:00,4359.79,4359.88,0.09,48
2026-09-11T17:47:11.771+00:00,4359.5,4359.6,0.1,48
2026-09-11T17:47:12.073+00:00,4359.71,4359.82,0.11,48
2026-09-11T17:47:12.373+00:00,4359.74,4359.84,0.1,48
2026-09-11T17:47:12.598+00:00,4359.43,4359.53,0.1,48
2026-09-11T17:47:12.897+00:00,4359.69,4359.78,0.09,48
2026-09-11T17:47:13.123+00:00,4359.71,4359.8,0.09,48
2026-09-11T17:47:13.351+00:00,4359.69,4359.79,0.1,48
2026-09-11T17:47:13.573+00:00,4359.43,4359.52,0.09,48
2026-09-11T17:47:14.023+00:00,4359.41,4359.51,0.1,48
2026-09-11T17:47:14.248+00:00,4359.42,4359.53,0.11,48
2026-09-11T17:47:14.699+00:00,4359.43,4359.52,0.09,48
2026-09-11T17:47:15.073+00:00,4359.43,4359.53,0.1,48
2026-09-11T17:47:15.319+00:00,4359.34,4359.44,0.1,48
2026-09-11T17:47:15.621+00:00,4359.33,4359.42,0.09,48
2026-09-11T17:47:15.847+00:00,4359.33,4359.43,0.1,48
2026-09-11T17:47:16.072+00:00,4359.33,4359.42,0.09,48
2026-09-11T17:47:16.370+00:00,4359.3,4359.38,0.08,48
2026-09-11T17:47:16.595+00:00,4359.34,4359.42,0.08,48
2026-09-11T17:47:16.960+00:00,4359.35,4359.43,0.08,48
2026-09-11T17:47:17.256+00:00,4359.5,4359.58,0.08,48
2026-09-11T17:47:17.482+00:00,4359.49,4359.57,0.08,48
2026-09-11T17:47:17.733+00:00,4359.5,4359.58,0.08,48
2026-09-11T17:47:17.935+00:00,4359.35,4359.43,0.08,48
2026-09-11T17:47:18.236+00:00,4359.45,4359.53,0.08,48
2026-09-11T17:47:18.718+00:00,4359.48,4359.56,0.08,48
2026-09-11T17:47:19.238+00:00,4359.31,4359.39,0.08,48
2026-09-11T17:47:19.465+00:00,4359.26,4359.34,0.08,48
2026-09-11T17:47:19.733+00:00,4359.31,4359.39,0.08,48
2026-09-11T17:47:20.141+00:00,4359.32,4359.4,0.08,48
2026-09-11T17:47:20.366+00:00,4359.33,4359.41,0.08,48
2026-09-11T17:47:20.733+00:00,4359.35,4359.43,0.08,48
2026-09-11T17:47:21.274+00:00,4359.31,4359.39,0.08,48
2026-09-11T17:47:21.650+00:00,4359.62,4359.7,0.08,48
2026-09-11T17:47:21.874+00:00,4359.43,4359.51,0.08,48
2026-09-11T17:47:22.098+00:00,4359.25,4359.33,0.08,48
2026-09-11T17:47:22.324+00:00,4359.3,4359.39,0.09,48
2026-09-11T17:47:22.551+00:00,4359.53,4359.61,0.08,48
2026-09-11T17:47:22.778+00:00,4359.56,4359.64,0.08,48
2026-09-11T17:47:23.217+00:00,4359.57,4359.65,0.08,48
2026-09-11T17:47:23.474+00:00,4359.54,4359.62,0.08,48
2026-09-11T17:47:23.701+00:00,4359.55,4359.63,0.08,48
2026-09-11T17:47:23.923+00:00,4359.56,4359.64,0.08,48
2026-09-11T17:47:24.150+00:00,4359.57,4359.65,0.08,48
2026-09-11T17:47:24.944+00:00,4359.58,4359.66,0.08,48
2026-09-11T17:47:25.245+00:00,4359.38,4359.46,0.08,48
2026-09-11T17:47:25.470+00:00,4359.55,4359.63,0.08,48
2026-09-11T17:47:25.694+00:00,4359.33,4359.41,0.08,48
2026-09-11T17:47:25.928+00:00,4359.42,4359.5,0.08,48
2026-09-11T17:47:26.150+00:00,4359.46,4359.54,0.08,48
2026-09-11T17:47:26.376+00:00,4359.47,4359.55,0.08,48
2026-09-11T17:47:26.602+00:00,4359.57,4359.65,0.08,48
2026-09-11T17:47:27.118+00:00,4359.58,4359.66,0.08,48
2026-09-11T17:47:27.569+00:00,4359.64,4359.72,0.08,48
2026-09-11T17:47:27.868+00:00,4359.67,4359.75,0.08,48
2026-09-11T17:47:28.475+00:00,4359.71,4359.79,0.08,48
2026-09-11T17:47:28.704+00:00,4359.65,4359.73,0.08,48
2026-09-11T17:47:28.926+00:00,4359.61,4359.69,0.08,48
2026-09-11T17:47:29.152+00:00,4359.58,4359.66,0.08,48
2026-09-11T17:47:29.603+00:00,4359.59,4359.67,0.08,48
2026-09-11T17:47:30.354+00:00,4360.12,4360.2,0.08,49
2026-09-11T17:47:30.577+00:00,4360.27,4360.35,0.08,49
2026-09-11T17:47:30.877+00:00,4360.38,4360.46,0.08,49
2026-09-11T17:47:31.103+00:00,4360.55,4360.63,0.08,49
2026-09-11T17:47:31.327+00:00,4360.53,4360.61,0.08,49
2026-09-11T17:47:31.777+00:00,4360.59,4360.67,0.08,49
2026-09-11T17:47:32.003+00:00,4360.61,4360.72,0.11,49
2026-09-11T17:47:32.227+00:00,4360.59,4360.72,0.13,49
2026-09-11T17:47:32.531+00:00,4360.3,4360.43,0.13,49
2026-09-11T17:47:32.829+00:00,4360.41,4360.54,0.13,49
2026-09-11T17:47:33.055+00:00,4360.29,4360.42,0.13,49
2026-09-11T17:47:33.957+00:00,4360.05,4360.18,0.13,49
2026-09-11T17:47:34.183+00:00,4360.03,4360.16,0.13,49
2026-09-11T17:47:34.406+00:00,4360.02,4360.15,0.13,49
2026-09-11T17:47:34.658+00:00,4360.06,4360.18,0.12,49
2026-09-11T17:47:34.886+00:00,4360.21,4360.31,0.1,49
2026-09-11T17:47:35.141+00:00,4360.19,4360.28,0.09,49
2026-09-11T17:47:35.488+00:00,4360.26,4360.36,0.1,49
2026-09-11T17:47:35.709+00:00,4360.52,4360.62,0.1,49
2026-09-11T17:47:35.933+00:00,4360.55,4360.64,0.09,49
2026-09-11T17:47:36.179+00:00,4360.51,4360.61,0.1,49
2026-09-11T17:47:36.406+00:00,4360.14,4360.25,0.11,49
2026-09-11T17:47:36.629+00:00,4360.17,4360.29,0.12,49
2026-09-11T17:47:36.856+00:00,4360.48,4360.59,0.11,49
2026-09-11T17:47:37.085+00:00,4360.54,4360.63,0.09,49
2026-09-11T17:47:37.596+00:00,4360.55,4360.65,0.1,49
2026-09-11T17:47:37.821+00:00,4360.58,4360.68,0.1,49
2026-09-11T17:47:38.045+00:00,4360.59,4360.7,0.11,49
2026-09-11T17:47:38.271+00:00,4360.71,4360.82,0.11,49
2026-09-11T17:47:38.497+00:00,4360.8,4360.88,0.08,49
2026-09-11T17:47:38.732+00:00,4360.79,4360.87,0.08,49
2026-09-11T17:47:38.947+00:00,4360.74,4360.82,0.08,49
2026-09-11T17:47:39.250+00:00,4360.79,4360.88,0.09,49
2026-09-11T17:47:39.700+00:00,4360.75,4360.85,0.1,49
2026-09-11T17:47:40.546+00:00,4360.65,4360.74,0.09,49
2026-09-11T17:47:40.772+00:00,4360.16,4360.24,0.08,49
2026-09-11T17:47:41.074+00:00,4360.12,4360.23,0.11,49
2026-09-11T17:47:41.326+00:00,4360.12,4360.24,0.12,49
2026-09-11T17:47:41.624+00:00,4360.2,4360.29,0.09,49
2026-09-11T17:47:41.865+00:00,4360.22,4360.31,0.09,49
2026-09-11T17:47:42.090+00:00,4360.24,4360.32,0.08,49
2026-09-11T17:47:42.312+00:00,4360.32,4360.4,0.08,49
2026-09-11T17:47:42.539+00:00,4360.25,4360.33,0.08,49
2026-09-11T17:47:42.764+00:00,4360.26,4360.34,0.08,49
2026-09-11T17:47:42.990+00:00,4360.25,4360.35,0.1,49
2026-09-11T17:47:43.217+00:00,4360.4,4360.5,0.1,49
2026-09-11T17:47:43.592+00:00,4360.41,4360.49,0.08,49
2026-09-11T17:47:43.858+00:00,4360.38,4360.46,0.08,49
2026-09-11T17:47:44.078+00:00,4360.34,4360.42,0.08,49
2026-09-11T17:47:44.375+00:00,4360.05,4360.13,0.08,49
2026-09-11T17:47:44.606+00:00,4360.05,4360.15,0.1,49
2026-09-11T17:47:44.913+00:00,4360.06,4360.15,0.09,49
2026-09-11T17:47:45.139+00:00,4360.29,4360.37,0.08,49
2026-09-11T17:47:45.364+00:00,4360.13,4360.22,0.09,49
2026-09-11T17:47:45.589+00:00,4360.25,4360.33,0.08,49
2026-09-11T17:47:45.813+00:00,4360.37,4360.45,0.08,49
2026-09-11T17:47:46.039+00:00,4360.39,4360.47,0.08,49
2026-09-11T17:47:46.264+00:00,4360.31,4360.4,0.09,49
2026-09-11T17:47:46.489+00:00,4360.29,4360.39,0.1,49
2026-09-11T17:47:46.724+00:00,4360.3,4360.38,0.08,49
2026-09-11T17:47:47.230+00:00,4360.07,4360.15,0.08,49
2026-09-11T17:47:48.119+00:00,4360.06,4360.14,0.08,49
2026-09-11T17:47:48.341+00:00,4360.35,4360.45,0.1,49
2026-09-11T17:47:48.568+00:00,4360.41,4360.51,0.1,49
2026-09-11T17:47:48.791+00:00,4360.41,4360.49,0.08,49
2026-09-11T17:47:49.017+00:00,4360.48,4360.57,0.09,49
2026-09-11T17:47:49.242+00:00,4360.58,4360.67,0.09,49
2026-09-11T17:47:49.467+00:00,4360.59,4360.67,0.08,49
2026-09-11T17:47:49.735+00:00,4360.58,4360.67,0.09,49
2026-09-11T17:47:50.142+00:00,4360.57,4360.67,0.1,49
2026-09-11T17:47:50.368+00:00,4360.53,4360.65,0.12,49
2026-09-11T17:47:50.592+00:00,4360.42,4360.52,0.1,49
2026-09-11T17:47:51.267+00:00,4360.38,4360.46,0.08,49
2026-09-11T17:47:51.493+00:00,4360.4,4360.48,0.08,49
2026-09-11T17:47:51.718+00:00,4360.24,4360.32,0.08,49
2026-09-11T17:47:52.394+00:00,4360.19,4360.27,0.08,49
2026-09-11T17:47:52.619+00:00,4360.24,4360.32,0.08,49
2026-09-11T17:47:52.928+00:00,4360.21,4360.31,0.1,49
2026-09-11T17:47:53.155+00:00,4360.13,4360.22,0.09,49
2026-09-11T17:47:53.387+00:00,4359.93,4360.02,0.09,49
2026-09-11T17:47:53.607+00:00,4359.92,4360.03,0.11,49
2026-09-11T17:47:53.906+00:00,4360.15,4360.24,0.09,49
2026-09-11T17:47:54.129+00:00,4360.18,4360.26,0.08,49
2026-09-11T17:47:54.355+00:00,4359.97,4360.05,0.08,49
2026-09-11T17:47:54.579+00:00,4359.96,4360.04,0.08,49
2026-09-11T17:47:54.804+00:00,4359.95,4360.05,0.1,50
2026-09-11T17:47:55.030+00:00,4360.05,4360.14,0.09,50
2026-09-11T17:47:55.631+00:00,4360.02,4360.12,0.1,50
2026-09-11T17:47:55.855+00:00,4360.09,4360.18,0.09,50
2026-09-11T17:47:56.096+00:00,4360.08,4360.18,0.1,50
2026-09-11T17:47:56.319+00:00,4360.13,4360.23,0.1,50
2026-09-11T17:47:56.732+00:00,4360.13,4360.22,0.09,50
2026-09-11T17:47:56.988+00:00,4360.1,4360.19,0.09,50
2026-09-11T17:47:57.223+00:00,4360.11,4360.2,0.09,50
2026-09-11T17:47:57.469+00:00,4360.3,4360.4,0.1,50
2026-09-11T17:47:57.979+00:00,4360.39,4360.48,0.09,50
2026-09-11T17:47:58.040+00:00,4360.47,4360.57,0.1,50
2026-09-11T17:47:58.271+00:00,4360.47,4360.58,0.11,50
2026-09-11T17:47:58.491+00:00,4360.45,4360.58,0.13,50
2026-09-11T17:47:58.749+00:00,4360.41,4360.53,0.12,50
2026-09-11T17:47:59.048+00:00,4360.4,4360.51,0.11,50
2026-09-11T17:47:59.543+00:00,4360.41,4360.5,0.09,50
2026-09-11T17:47:59.769+00:00,4360.05,4360.15,0.1,50
2026-09-11T17:47:59.993+00:00,4360.27,4360.37,0.1,50
2026-09-11T17:48:00.294+00:00,4360.02,4360.12,0.1,50
2026-09-11T17:48:00.669+00:00,4360.01,4360.1,0.09,50
2026-09-11T17:48:00.894+00:00,4360.29,4360.38,0.09,50
2026-09-11T17:48:01.119+00:00,4359.92,4360.04,0.12,50
2026-09-11T17:48:01.418+00:00,4360.02,4360.14,0.12,50
2026-09-11T17:48:01.644+00:00,4360.23,4360.34,0.11,50
2026-09-11T17:48:01.867+00:00,4360.22,4360.32,0.1,50
2026-09-11T17:48:02.177+00:00,4360.18,4360.27,0.09,50
2026-09-11T17:48:02.405+00:00,4360.16,4360.26,0.1,50
2026-09-11T17:48:02.629+00:00,4360.17,4360.27,0.1,50
2026-09-11T17:48:02.852+00:00,4360.19,4360.28,0.09,50
2026-09-11T17:48:03.079+00:00,4360.28,4360.36,0.08,50
2026-09-11T17:48:03.378+00:00,4360.39,4360.47,0.08,50
2026-09-11T17:48:03.834+00:00,4360.41,4360.49,0.08,50
2026-09-11T17:48:04.052+00:00,4360.4,4360.49,0.09,50
2026-09-11T17:48:04.279+00:00,4360.45,4360.54,0.09,50
2026-09-11T17:48:04.503+00:00,4360.48,4360.58,0.1,50
2026-09-11T17:48:04.732+00:00,4360.49,4360.58,0.09,50
2026-09-11T17:48:04.953+00:00,4360.46,4360.55,0.09,50
2026-09-11T17:48:05.193+00:00,4360.47,4360.55,0.08,50
2026-09-11T17:48:05.418+00:00,4360.5,4360.58,0.08,50
2026-09-11T17:48:05.643+00:00,4360.51,4360.6,0.09,50
2026-09-11T17:48:06.073+00:00,4360.17,4360.28,0.11,50
2026-09-11T17:48:06.558+00:00,4360.16,4360.27,0.11,50
2026-09-11T17:48:06.784+00:00,4360.49,4360.61,0.12,50
2026-09-11T17:48:07.172+00:00,4360.49,4360.6,0.11,50
2026-09-11T17:48:07.399+00:00,4360.48,4360.58,0.1,50
2026-09-11T17:48:07.627+00:00,4360.49,4360.58,0.09,50
2026-09-11T17:48:07.869+00:00,4360.52,4360.61,0.09,50
2026-09-11T17:48:08.717+00:00,4360.28,4360.37,0.09,50
2026-09-11T17:48:09.079+00:00,4360.27,4360.37,0.1,50
2026-09-11T17:48:09.405+00:00,4360.55,4360.64,0.09,50
2026-09-11T17:48:09.701+00:00,4360.55,4360.63,0.08,50
2026-09-11T17:48:09.927+00:00,4360.32,4360.41,0.09,50
2026-09-11T17:48:10.154+00:00,4360.53,4360.61,0.08,50
2026-09-11T17:48:10.381+00:00,4360.48,4360.56,0.08,50
2026-09-11T17:48:10.606+00:00,4360.42,4360.51,0.09,50
2026-09-11T17:48:11.132+00:00,4360.39,4360.48,0.09,50
2026-09-11T17:48:11.369+00:00,4360.38,4360.48,0.1,50
2026-09-11T17:48:11.588+00:00,4360.36,4360.45,0.09,50
2026-09-11T17:48:11.807+00:00,4360.39,4360.47,0.08,50
2026-09-11T17:48:12.135+00:00,4360.45,4360.53,0.08,50
2026-09-11T17:48:12.360+00:00,4360.17,4360.26,0.09,50
2026-09-11T17:48:12.919+00:00,4360.14,4360.24,0.1,50
2026-09-11T17:48:13.142+00:00,4360.16,4360.26,0.1,50
2026-09-11T17:48:13.367+00:00,4360.17,4360.26,0.09,50
2026-09-11T17:48:13.591+00:00,4360.21,4360.3,0.09,50
2026-09-11T17:48:13.817+00:00,4360.18,4360.26,0.08,50
2026-09-11T17:48:14.040+00:00,4360.19,4360.27,0.08,50
2026-09-11T17:48:14.290+00:00,4360.16,4360.24,0.08,50
2026-09-11T17:48:14.513+00:00,4360.15,4360.24,0.09,50
2026-09-11T17:48:14.733+00:00,4360.16,4360.25,0.09,50
2026-09-11T17:48:14.962+00:00,4360.31,4360.39,0.08,50
2026-09-11T17:48:15.341+00:00,4360.51,4360.59,0.08,50
2026-09-11T17:48:15.562+00:00,4360.52,4360.6,0.08,50
2026-09-11T17:48:15.794+00:00,4360.56,4360.64,0.08,50
2026-09-11T17:48:16.088+00:00,4360.53,4360.63,0.1,50
2026-09-11T17:48:16.313+00:00,4360.57,4360.67,0.1,50
2026-09-11T17:48:16.542+00:00,4360.59,4360.68,0.09,50
2026-09-11T17:48:16.765+00:00,4360.6,4360.71,0.11,50
2026-09-11T17:48:17.006+00:00,4360.61,4360.7,0.09,50
2026-09-11T17:48:17.222+00:00,4360.68,4360.78,0.1,50
2026-09-11T17:48:17.443+00:00,4360.57,4360.66,0.09,50
2026-09-11T17:48:17.668+00:00,4360.46,4360.55,0.09,50
2026-09-11T17:48:17.969+00:00,4360.43,4360.53,0.1,50
2026-09-11T17:48:18.344+00:00,4360.12,4360.2,0.08,50
2026-09-11T17:48:18.570+00:00,4360.06,4360.14,0.08,50
2026-09-11T17:48:18.793+00:00,4360.03,4360.11,0.08,50
2026-09-11T17:48:19.244+00:00,4360.05,4360.14,0.09,50
2026-09-11T17:48:19.618+00:00,4360.09,4360.17,0.08,50
2026-09-11T17:48:19.868+00:00,4359.91,4359.99,0.08,51
2026-09-11T17:48:20.085+00:00,4359.78,4359.86,0.08,51
2026-09-11T17:48:20.304+00:00,4359.77,4359.85,0.08,51
2026-09-11T17:48:20.527+00:00,4359.7,4359.78,0.08,51
2026-09-11T17:48:20.733+00:00,4359.69,4359.79,0.1,51
2026-09-11T17:48:20.975+00:00,4359.75,4359.85,0.1,51
2026-09-11T17:48:21.204+00:00,4359.71,4359.8,0.09,51
2026-09-11T17:48:21.432+00:00,4359.71,4359.79,0.08,51
2026-09-11T17:48:21.651+00:00,4359.86,4359.94,0.08,51
2026-09-11T17:48:22.014+00:00,4359.82,4359.9,0.08,51
2026-09-11T17:48:22.312+00:00,4359.71,4359.79,0.08,51
2026-09-11T17:48:22.762+00:00,4359.75,4359.83,0.08,51
2026-09-11T17:48:22.987+00:00,4359.73,4359.81,0.08,51
2026-09-11T17:48:23.219+00:00,4359.85,4359.93,0.08,51
2026-09-11T17:48:23.437+00:00,4359.86,4359.94,0.08,51
2026-09-11T17:48:23.663+00:00,4359.84,4359.92,0.08,51
2026-09-11T17:48:23.889+00:00,4359.66,4359.74,0.08,51
2026-09-11T17:48:24.215+00:00,4359.78,4359.86,0.08,51
2026-09-11T17:48:24.508+00:00,4359.86,4359.94,0.08,51
2026-09-11T17:48:24.732+00:00,4359.91,4359.99,0.08,51
2026-09-11T17:48:24.958+00:00,4360.05,4360.13,0.08,51
2026-09-11T17:48:25.181+00:00,4360.08,4360.16,0.08,51
2026-09-11T17:48:25.483+00:00,4360.03,4360.11,0.08,51
2026-09-11T17:48:25.709+00:00,4360.05,4360.13,0.08,51
2026-09-11T17:48:25.933+00:00,4360.22,4360.3,0.08,51
2026-09-11T17:48:26.158+00:00,4360.23,4360.31,0.08,51
2026-09-11T17:48:26.383+00:00,4360.22,4360.3,0.08,51
2026-09-11T17:48:26.833+00:00,4360.17,4360.25,0.08,51
2026-09-11T17:48:27.133+00:00,4360.22,4360.3,0.08,51
2026-09-11T17:48:27.358+00:00,4360.19,4360.27,0.08,51
2026-09-11T17:48:27.585+00:00,4360.14,4360.22,0.08,51
2026-09-11T17:48:28.034+00:00,4359.97,4360.07,0.1,51
2026-09-11T17:48:28.302+00:00,4359.98,4360.06,0.08,51
2026-09-11T17:48:28.733+00:00,4359.99,4360.07,0.08,51
2026-09-11T17:48:29.107+00:00,4360.14,4360.22,0.08,51
2026-09-11T17:48:29.333+00:00,4360.22,4360.3,0.08,51
2026-09-11T17:48:29.559+00:00,4360.15,4360.23,0.08,51
2026-09-11T17:48:29.786+00:00,4360.09,4360.17,0.08,51
2026-09-11T17:48:30.015+00:00,4360.01,4360.11,0.1,51
2026-09-11T17:48:30.238+00:00,4360.0,4360.1,0.1,51
2026-09-11T17:48:30.461+00:00,4360.08,4360.16,0.08,51
2026-09-11T17:48:30.760+00:00,4360.04,4360.12,0.08,51
2026-09-11T17:48:30.986+00:00,4360.11,4360.19,0.08,51
2026-09-11T17:48:31.210+00:00,4360.34,4360.42,0.08,51
2026-09-11T17:48:31.510+00:00,4360.34,4360.45,0.11,51
2026-09-11T17:48:31.734+00:00,4360.42,4360.52,0.1,51
2026-09-11T17:48:31.962+00:00,4360.44,4360.54,0.1,51
2026-09-11T17:48:32.262+00:00,4360.4,4360.51,0.11,51
2026-09-11T17:48:32.485+00:00,4360.39,4360.5,0.11,51
2026-09-11T17:48:32.711+00:00,4360.36,4360.47,0.11,51
2026-09-11T17:48:32.936+00:00,4360.38,4360.47,0.09,51
2026-09-11T17:48:33.161+00:00,4360.08,4360.18,0.1,51
2026-09-11T17:48:33.936+00:00,4360.08,4360.19,0.11,51
2026-09-11T17:48:34.310+00:00,4360.17,4360.26,0.09,51
2026-09-11T17:48:34.555+00:00,4360.14,4360.25,0.11,51
2026-09-11T17:48:35.086+00:00,4360.17,4360.27,0.1,51
2026-09-11T17:48:35.600+00:00,4360.16,4360.26,0.1,51
2026-09-11T17:48:35.825+00:00,4359.95,4360.05,0.1,51
2026-09-11T17:48:36.051+00:00,4359.91,4360.01,0.1,51
2026-09-11T17:48:36.276+00:00,4360.04,4360.13,0.09,51
2026-09-11T17:48:36.501+00:00,4360.02,4360.11,0.09,51
2026-09-11T17:48:36.726+00:00,4360.01,4360.09,0.08,51
2026-09-11T17:48:37.101+00:00,4360.02,4360.1,0.08,51
2026-09-11T17:48:37.328+00:00,4359.99,4360.07,0.08,51
2026-09-11T17:48:37.556+00:00,4360.1,4360.18,0.08,51
2026-09-11T17:48:37.778+00:00,4360.09,4360.17,0.08,51
2026-09-11T17:48:38.006+00:00,4360.01,4360.09,0.08,51
2026-09-11T17:48:38.303+00:00,4359.99,4360.09,0.1,51
2026-09-11T17:48:38.530+00:00,4360.03,4360.13,0.1,51
2026-09-11T17:48:38.732+00:00,4360.02,4360.12,0.1,51
2026-09-11T17:48:38.981+00:00,4360.04,4360.13,0.09,51
2026-09-11T17:48:39.206+00:00,4360.06,4360.14,0.08,51
2026-09-11T17:48:39.435+00:00,4360.04,4360.12,0.08,51
2026-09-11T17:48:39.659+00:00,4360.02,4360.1,0.08,51
2026-09-11T17:48:39.885+00:00,4360.01,4360.11,0.1,51
2026-09-11T17:48:40.108+00:00,4359.93,4360.03,0.1,51
2026-09-11T17:48:40.333+00:00,4359.93,4360.02,0.09,51
2026-09-11T17:48:40.734+00:00,4359.9,4359.99,0.09,51
2026-09-11T17:48:41.011+00:00,4360.08,4360.18,0.1,51
2026-09-11T17:48:41.235+00:00,4360.11,4360.19,0.08,51
2026-09-11T17:48:41.461+00:00,4359.97,4360.06,0.09,51
2026-09-11T17:48:41.686+00:00,4359.96,4360.05,0.09,51
2026-09-11T17:48:41.986+00:00,4360.1,4360.18,0.08,51
2026-09-11T17:48:42.267+00:00,4360.11,4360.19,0.08,51
2026-09-11T17:48:42.568+00:00,4360.19,4360.27,0.08,51
2026-09-11T17:48:42.793+00:00,4360.05,4360.13,0.08,51
2026-09-11T17:48:43.018+00:00,4360.34,4360.42,0.08,51
2026-09-11T17:48:43.241+00:00,4360.39,4360.47,0.08,51
2026-09-11T17:48:43.544+00:00,4360.41,4360.49,0.08,51
2026-09-11T17:48:43.843+00:00,4360.46,4360.54,0.08,51
2026-09-11T17:48:44.144+00:00,4360.48,4360.56,0.08,51
2026-09-11T17:48:44.443+00:00,4360.37,4360.45,0.08,51
2026-09-11T17:48:44.668+00:00,4360.39,4360.47,0.08,51
2026-09-11T17:48:44.905+00:00,4360.25,4360.33,0.08,52
2026-09-11T17:48:45.120+00:00,4360.31,4360.39,0.08,52
2026-09-11T17:48:45.342+00:00,4360.26,4360.35,0.09,52
2026-09-11T17:48:45.744+00:00,4360.25,4360.33,0.08,52
2026-09-11T17:48:46.004+00:00,4360.24,4360.32,0.08,52
2026-09-11T17:48:46.225+00:00,4360.22,4360.3,0.08,52
2026-09-11T17:48:46.453+00:00,4360.56,4360.64,0.08,52
2026-09-11T17:48:46.678+00:00,4360.53,4360.61,0.08,52
2026-09-11T17:48:46.906+00:00,4360.56,4360.64,0.08,52
2026-09-11T17:48:47.203+00:00,4360.59,4360.67,0.08,52
2026-09-11T17:48:47.473+00:00,4360.6,4360.68,0.08,52
2026-09-11T17:48:47.733+00:00,4360.59,4360.67,0.08,52
2026-09-11T17:48:48.498+00:00,4360.58,4360.66,0.08,52
2026-09-11T17:48:48.722+00:00,4360.39,4360.47,0.08,52
2026-09-11T17:48:49.369+00:00,4360.37,4360.45,0.08,52
2026-09-11T17:48:50.060+00:00,4360.38,4360.46,0.08,52
2026-09-11T17:48:50.286+00:00,4360.56,4360.64,0.08,52
2026-09-11T17:48:50.509+00:00,4360.54,4360.62,0.08,52
2026-09-11T17:48:50.732+00:00,4360.57,4360.65,0.08,52
2026-09-11T17:48:50.958+00:00,4360.54,4360.62,0.08,52
2026-09-11T17:48:51.190+00:00,4360.72,4360.8,0.08,52
2026-09-11T17:48:51.410+00:00,4360.45,4360.53,0.08,52
2026-09-11T17:48:51.632+00:00,4360.42,4360.52,0.1,52
2026-09-11T17:48:52.060+00:00,4360.49,4360.59,0.1,52
2026-09-11T17:48:52.275+00:00,4360.41,4360.5,0.09,52
2026-09-11T17:48:52.499+00:00,4360.42,4360.52,0.1,52
2026-09-11T17:48:52.724+00:00,4360.57,4360.65,0.08,52
2026-09-11T17:48:52.950+00:00,4360.76,4360.84,0.08,52
2026-09-11T17:48:53.173+00:00,4360.88,4360.96,0.08,52
2026-09-11T17:48:53.478+00:00,4360.86,4360.94,0.08,52
2026-09-11T17:48:53.709+00:00,4360.88,4360.96,0.08,52
2026-09-11T17:48:53.934+00:00,4360.86,4360.94,0.08,52
2026-09-11T17:48:54.458+00:00,4360.88,4360.96,0.08,52
2026-09-11T17:48:54.684+00:00,4360.86,4360.94,0.08,52
2026-09-11T17:48:55.128+00:00,4360.83,4360.91,0.08,52
2026-09-11T17:48:55.355+00:00,4360.65,4360.73,0.08,52
2026-09-11T17:48:55.581+00:00,4360.55,4360.63,0.08,52
2026-09-11T17:48:55.803+00:00,4360.54,4360.63,0.09,52
2026-09-11T17:48:56.105+00:00,4360.55,4360.63,0.08,52
2026-09-11T17:48:56.360+00:00,4360.6,4360.68,0.08,52
2026-09-11T17:48:56.555+00:00,4360.59,4360.67,0.08,52
2026-09-11T17:48:57.116+00:00,4360.76,4360.84,0.08,52
2026-09-11T17:48:57.513+00:00,4360.73,4360.81,0.08,52
2026-09-11T17:48:57.738+00:00,4360.61,4360.69,0.08,52
2026-09-11T17:48:58.039+00:00,4360.59,4360.67,0.08,52
2026-09-11T17:48:58.263+00:00,4360.5,4360.58,0.08,52
2026-09-11T17:48:58.492+00:00,4360.55,4360.64,0.09,52
2026-09-11T17:48:58.716+00:00,4360.53,4360.61,0.08,52
2026-09-11T17:48:58.939+00:00,4360.49,4360.57,0.08,52
2026-09-11T17:48:59.166+00:00,4360.51,4360.59,0.08,52
2026-09-11T17:48:59.390+00:00,4360.61,4360.69,0.08,52
2026-09-11T17:48:59.615+00:00,4360.66,4360.74,0.08,52
2026-09-11T17:48:59.844+00:00,4360.63,4360.71,0.08,52
2026-09-11T17:49:00.224+00:00,4360.27,4360.35,0.08,52
2026-09-11T17:49:00.450+00:00,4360.03,4360.11,0.08,52
2026-09-11T17:49:00.674+00:00,4360.12,4360.2,0.08,52
2026-09-11T17:49:00.982+00:00,4359.98,4360.07,0.09,52
2026-09-11T17:49:01.207+00:00,4360.02,4360.12,0.1,52
2026-09-11T17:49:01.433+00:00,4360.27,4360.35,0.08,52
2026-09-11T17:49:01.658+00:00,4360.37,4360.45,0.08,52
2026-09-11T17:49:01.884+00:00,4360.3,4360.38,0.08,52
2026-09-11T17:49:02.108+00:00,4360.66,4360.74,0.08,52
2026-09-11T17:49:02.338+00:00,4360.6,4360.68,0.08,52
2026-09-11T17:49:02.568+00:00,4360.78,4360.86,0.08,52
2026-09-11T17:49:02.787+00:00,4360.92,4361.0,0.08,52
2026-09-11T17:49:03.086+00:00,4360.91,4360.99,0.08,52
2026-09-11T17:49:03.310+00:00,4360.97,4361.06,0.09,52
2026-09-11T17:49:03.593+00:00,4360.99,4361.07,0.08,52
2026-09-11T17:49:03.827+00:00,4360.78,4360.87,0.09,52
2026-09-11T17:49:04.415+00:00,4360.77,4360.85,0.08,52
2026-09-11T17:49:04.715+00:00,4360.95,4361.03,0.08,52
2026-09-11T17:49:05.017+00:00,4360.94,4361.02,0.08,52
2026-09-11T17:49:05.247+00:00,4361.21,4361.29,0.08,52
2026-09-11T17:49:05.469+00:00,4361.68,4361.76,0.08,52
2026-09-11T17:49:05.696+00:00,4361.55,4361.63,0.08,52
2026-09-11T17:49:05.923+00:00,4361.54,4361.62,0.08,52
2026-09-11T17:49:06.145+00:00,4361.49,4361.58,0.09,52
2026-09-11T17:49:06.380+00:00,4362.26,4362.36,0.1,52
2026-09-11T17:49:06.607+00:00,4362.48,4362.59,0.11,52
2026-09-11T17:49:06.835+00:00,4362.26,4362.35,0.09,52
2026-09-11T17:49:07.060+00:00,4362.31,4362.4,0.09,52
2026-09-11T17:49:07.283+00:00,4362.29,4362.39,0.1,52
2026-09-11T17:49:07.509+00:00,4362.36,4362.46,0.1,52
2026-09-11T17:49:07.733+00:00,4362.39,4362.49,0.1,52
2026-09-11T17:49:07.960+00:00,4362.38,4362.49,0.11,52
2026-09-11T17:49:08.190+00:00,4362.1,4362.22,0.12,52
2026-09-11T17:49:08.411+00:00,4362.04,4362.15,0.11,52
2026-09-11T17:49:08.637+00:00,4362.05,4362.16,0.11,52
2026-09-11T17:49:09.087+00:00,4362.03,4362.14,0.11,52
2026-09-11T17:49:09.312+00:00,4362.04,4362.16,0.12,52
2026-09-11T17:49:09.540+00:00,4362.07,4362.19,0.12,52
2026-09-11T17:49:10.321+00:00,4362.04,4362.15,0.11,53
2026-09-11T17:49:10.545+00:00,4361.99,4362.1,0.11,53
2026-09-11T17:49:10.921+00:00,4362.0,4362.13,0.13,53
2026-09-11T17:49:11.521+00:00,4362.14,4362.25,0.11,53
2026-09-11T17:49:11.732+00:00,4362.13,4362.24,0.11,53
2026-09-11T17:49:11.969+00:00,4362.23,4362.36,0.13,53
2026-09-11T17:49:12.472+00:00,4362.24,4362.37,0.13,53
2026-09-11T17:49:12.999+00:00,4362.24,4362.36,0.12,53
2026-09-11T17:49:13.224+00:00,4362.14,4362.26,0.12,53
2026-09-11T17:49:13.451+00:00,4362.2,4362.33,0.13,53
2026-09-11T17:49:13.674+00:00,4362.16,4362.26,0.1,53
2026-09-11T17:49:13.900+00:00,4362.11,4362.2,0.09,53
2026-09-11T17:49:14.122+00:00,4362.19,4362.29,0.1,53
2026-09-11T17:49:14.348+00:00,4362.17,4362.27,0.1,53
2026-09-11T17:49:14.573+00:00,4362.16,4362.26,0.1,53
2026-09-11T17:49:14.797+00:00,4362.19,4362.28,0.09,53
2026-09-11T17:49:15.098+00:00,4362.22,4362.31,0.09,53
2026-09-11T17:49:15.392+00:00,4362.24,4362.32,0.08,53
2026-09-11T17:49:15.985+00:00,4362.01,4362.11,0.1,53
2026-09-11T17:49:16.199+00:00,4361.92,4362.04,0.12,53
2026-09-11T17:49:16.501+00:00,4361.89,4362.01,0.12,53
2026-09-11T17:49:16.726+00:00,4362.01,4362.11,0.1,53
2026-09-11T17:49:17.199+00:00,4361.9,4362.01,0.11,53
2026-09-11T17:49:17.423+00:00,4361.91,4362.01,0.1,53
2026-09-11T17:49:17.647+00:00,4361.84,4361.95,0.11,53
2026-09-11T17:49:17.871+00:00,4361.87,4361.98,0.11,53
2026-09-11T17:49:18.095+00:00,4361.88,4362.0,0.12,53
2026-09-11T17:49:18.322+00:00,4361.96,4362.08,0.12,53
2026-09-11T17:49:18.546+00:00,4361.98,4362.08,0.1,53
2026-09-11T17:49:18.997+00:00,4361.96,4362.06,0.1,53
2026-09-11T17:49:19.353+00:00,4361.84,4361.94,0.1,53
2026-09-11T17:49:19.578+00:00,4361.85,4361.93,0.08,53
2026-09-11T17:49:19.804+00:00,4361.89,4361.97,0.08,53
2026-09-11T17:49:20.028+00:00,4361.87,4361.95,0.08,53
2026-09-11T17:49:20.295+00:00,4361.91,4362.0,0.09,53
2026-09-11T17:49:20.520+00:00,4361.88,4361.97,0.09,53
2026-09-11T17:49:21.128+00:00,4361.89,4361.99,0.1,53
2026-09-11T17:49:21.354+00:00,4361.88,4361.97,0.09,53
2026-09-11T17:49:21.734+00:00,4361.9,4362.0,0.1,53
2026-09-11T17:49:22.032+00:00,4361.89,4361.99,0.1,53
2026-09-11T17:49:22.257+00:00,4361.85,4361.94,0.09,53
2026-09-11T17:49:22.483+00:00,4361.6,4361.69,0.09,53
2026-09-11T17:49:22.709+00:00,4361.6,4361.71,0.11,53
2026-09-11T17:49:22.940+00:00,4361.55,4361.65,0.1,53
2026-09-11T17:49:23.310+00:00,4361.84,4361.92,0.08,53
2026-09-11T17:49:23.867+00:00,4361.86,4361.94,0.08,53
2026-09-11T17:49:24.091+00:00,4361.87,4361.96,0.09,53
2026-09-11T17:49:24.468+00:00,4361.7,4361.79,0.09,53
2026-09-11T17:49:24.733+00:00,4361.87,4361.96,0.09,53
2026-09-11T17:49:24.973+00:00,4361.99,4362.09,0.1,53
2026-09-11T17:49:25.198+00:00,4361.77,4361.87,0.1,53
2026-09-11T17:49:25.605+00:00,4361.61,4361.73,0.12,53
2026-09-11T17:49:26.039+00:00,4361.71,4361.83,0.12,53
2026-09-11T17:49:26.265+00:00,4361.61,4361.73,0.12,53
2026-09-11T17:49:26.487+00:00,4361.62,4361.73,0.11,53
2026-09-11T17:49:26.732+00:00,4361.61,4361.71,0.1,53
2026-09-11T17:49:26.960+00:00,4361.63,4361.74,0.11,53
2026-09-11T17:49:27.341+00:00,4361.58,4361.69,0.11,53
2026-09-11T17:49:27.463+00:00,4361.57,4361.7,0.13,53
2026-09-11T17:49:27.691+00:00,4361.37,4361.49,0.12,53
2026-09-11T17:49:27.920+00:00,4361.36,4361.47,0.11,53
2026-09-11T17:49:28.143+00:00,4361.33,4361.45,0.12,53
2026-09-11T17:49:28.370+00:00,4361.21,4361.33,0.12,53
2026-09-11T17:49:28.593+00:00,4361.29,4361.41,0.12,53
2026-09-11T17:49:28.819+00:00,4361.3,4361.41,0.11,53
2026-09-11T17:49:29.572+00:00,4361.28,4361.38,0.1,53
2026-09-11T17:49:29.796+00:00,4361.52,4361.62,0.1,53
2026-09-11T17:49:30.023+00:00,4361.62,4361.72,0.1,53
2026-09-11T17:49:30.252+00:00,4361.68,4361.77,0.09,53
2026-09-11T17:49:30.471+00:00,4361.72,4361.8,0.08,53
2026-09-11T17:49:30.698+00:00,4361.77,4361.85,0.08,53
2026-09-11T17:49:30.998+00:00,4361.69,4361.77,0.08,53
2026-09-11T17:49:31.582+00:00,4361.92,4362.0,0.08,53
2026-09-11T17:49:31.799+00:00,4361.94,4362.02,0.08,53
2026-09-11T17:49:32.694+00:00,4361.99,4362.07,0.08,53
2026-09-11T17:49:32.918+00:00,4361.95,4362.03,0.08,53
2026-09-11T17:49:33.143+00:00,4361.95,4362.04,0.09,53
2026-09-11T17:49:33.369+00:00,4361.75,4361.84,0.09,53
2026-09-11T17:49:33.595+00:00,4361.75,4361.85,0.1,53
2026-09-11T17:49:33.896+00:00,4361.89,4362.0,0.11,53
2026-09-11T17:49:34.196+00:00,4361.83,4361.93,0.1,53
2026-09-11T17:49:34.421+00:00,4361.81,4361.92,0.11,53
2026-09-11T17:49:34.645+00:00,4361.77,4361.88,0.11,53
2026-09-11T17:49:34.871+00:00,4361.78,4361.88,0.1,53
2026-09-11T17:49:35.095+00:00,4361.62,4361.71,0.09,54
2026-09-11T17:49:35.322+00:00,4361.68,4361.77,0.09,54
2026-09-11T17:49:35.547+00:00,4361.67,4361.77,0.1,54
2026-09-11T17:49:35.869+00:00,4361.59,4361.69,0.1,54
2026-09-11T17:49:36.408+00:00,4361.57,4361.66,0.09,54
2026-09-11T17:49:36.632+00:00,4361.56,4361.65,0.09,54
2026-09-11T17:49:36.855+00:00,4361.6,4361.7,0.1,54
2026-09-11T17:49:37.081+00:00,4361.69,4361.79,0.1,54
2026-09-11T17:49:37.307+00:00,4361.64,4361.72,0.08,54
2026-09-11T17:49:37.531+00:00,4361.72,4361.81,0.09,54
2026-09-11T17:49:37.734+00:00,4361.73,4361.81,0.08,54
2026-09-11T17:49:37.981+00:00,4362.01,4362.1,0.09,54
2026-09-11T17:49:38.206+00:00,4362.03,4362.13,0.1,54
2026-09-11T17:49:38.585+00:00,4361.83,4361.93,0.1,54
2026-09-11T17:49:38.808+00:00,4361.89,4361.99,0.1,54
2026-09-11T17:49:39.256+00:00,4361.82,4361.92,0.1,54
2026-09-11T17:49:39.557+00:00,4362.16,4362.26,0.1,54
2026-09-11T17:49:39.781+00:00,4362.1,4362.19,0.09,54
2026-09-11T17:49:40.081+00:00,4362.19,4362.27,0.08,54
2026-09-11T17:49:40.382+00:00,4361.96,4362.05,0.09,54
2026-09-11T17:49:40.607+00:00,4362.06,4362.15,0.09,54
2026-09-11T17:49:40.832+00:00,4362.08,4362.16,0.08,54
2026-09-11T17:49:41.065+00:00,4362.07,4362.15,0.08,54
2026-09-11T17:49:41.291+00:00,4362.03,4362.12,0.09,54
2026-09-11T17:49:41.516+00:00,4361.97,4362.07,0.1,54
2026-09-11T17:49:41.733+00:00,4361.96,4362.07,0.11,54
2026-09-11T17:49:41.966+00:00,4361.97,4362.09,0.12,54
2026-09-11T17:49:42.331+00:00,4361.96,4362.06,0.1,54
2026-09-11T17:49:42.416+00:00,4362.02,4362.13,0.11,54
2026-09-11T17:49:42.640+00:00,4361.99,4362.11,0.12,54
2026-09-11T17:49:42.866+00:00,4361.91,4362.03,0.12,54
2026-09-11T17:49:43.092+00:00,4361.99,4362.1,0.11,54
2026-09-11T17:49:43.318+00:00,4361.95,4362.04,0.09,54
2026-09-11T17:49:43.541+00:00,4361.93,4362.01,0.08,54
2026-09-11T17:49:43.844+00:00,4361.91,4362.01,0.1,54
2026-09-11T17:49:44.065+00:00,4362.05,4362.16,0.11,54
2026-09-11T17:49:44.367+00:00,4362.04,4362.14,0.1,54
2026-09-11T17:49:44.591+00:00,4362.21,4362.3,0.09,54
2026-09-11T17:49:44.817+00:00,4362.22,4362.3,0.08,54
2026-09-11T17:49:45.040+00:00,4362.2,4362.3,0.1,54
2026-09-11T17:49:45.284+00:00,4362.12,4362.22,0.1,54
2026-09-11T17:49:45.580+00:00,4362.09,4362.2,0.11,54
2026-09-11T17:49:45.805+00:00,4362.06,4362.16,0.1,54
2026-09-11T17:49:46.030+00:00,4361.97,4362.08,0.11,54
2026-09-11T17:49:46.258+00:00,4361.96,4362.08,0.12,54
2026-09-11T17:49:46.481+00:00,4362.04,4362.16,0.12,54
2026-09-11T17:49:46.707+00:00,4362.3,4362.43,0.13,54
2026-09-11T17:49:47.007+00:00,4362.29,4362.41,0.12,54
2026-09-11T17:49:47.381+00:00,4362.29,4362.4,0.11,54
2026-09-11T17:49:47.647+00:00,4362.3,4362.41,0.11,54
2026-09-11T17:49:47.946+00:00,4362.13,4362.22,0.09,54
2026-09-11T17:49:48.172+00:00,4362.23,4362.32,0.09,54
2026-09-11T17:49:48.395+00:00,4362.27,4362.37,0.1,54
2026-09-11T17:49:48.622+00:00,4362.22,4362.34,0.12,54
2026-09-11T17:49:48.846+00:00,4361.99,4362.11,0.12,54
2026-09-11T17:49:49.072+00:00,4362.24,4362.35,0.11,54
2026-09-11T17:49:49.382+00:00,4362.19,4362.31,0.12,54
2026-09-11T17:49:49.603+00:00,4362.21,4362.31,0.1,54
2026-09-11T17:49:49.905+00:00,4362.17,4362.27,0.1,54
2026-09-11T17:49:50.132+00:00,4362.24,4362.33,0.09,54
2026-09-11T17:49:50.356+00:00,4362.27,4362.35,0.08,54
2026-09-11T17:49:50.656+00:00,4362.3,4362.39,0.09,54
2026-09-11T17:49:51.105+00:00,4361.99,4362.09,0.1,54
2026-09-11T17:49:51.331+00:00,4362.11,4362.2,0.09,54
2026-09-11T17:49:51.632+00:00,4362.12,4362.2,0.08,54
2026-09-11T17:49:51.860+00:00,4362.16,4362.24,0.08,54
2026-09-11T17:49:52.307+00:00,4362.1,4362.19,0.09,54
2026-09-11T17:49:52.682+00:00,4362.04,4362.14,0.1,54
2026-09-11T17:49:52.908+00:00,4361.8,4361.9,0.1,54
2026-09-11T17:49:53.134+00:00,4361.76,4361.86,0.1,54
2026-09-11T17:49:53.358+00:00,4361.73,4361.83,0.1,54
2026-09-11T17:49:53.583+00:00,4361.71,4361.8,0.09,54
2026-09-11T17:49:53.808+00:00,4361.72,4361.83,0.11,54
2026-09-11T17:49:54.033+00:00,4361.81,4361.9,0.09,54
2026-09-11T17:49:54.259+00:00,4361.69,4361.77,0.08,54
2026-09-11T17:49:54.482+00:00,4361.65,4361.75,0.1,54
2026-09-11T17:49:55.011+00:00,4361.72,4361.83,0.11,54
2026-09-11T17:49:55.232+00:00,4361.66,4361.75,0.09,54
2026-09-11T17:49:55.533+00:00,4361.62,4361.7,0.08,54
2026-09-11T17:49:55.757+00:00,4361.61,4361.71,0.1,54
2026-09-11T17:49:56.061+00:00,4361.65,4361.74,0.09,54
2026-09-11T17:49:56.283+00:00,4361.66,4361.75,0.09,54
2026-09-11T17:49:56.733+00:00,4361.65,4361.73,0.08,54
2026-09-11T17:49:56.958+00:00,4361.47,4361.55,0.08,54
2026-09-11T17:49:57.187+00:00,4361.61,4361.69,0.08,54
2026-09-11T17:49:57.410+00:00,4361.53,4361.61,0.08,54
2026-09-11T17:49:57.633+00:00,4361.54,4361.62,0.08,54
2026-09-11T17:49:58.086+00:00,4361.58,4361.67,0.09,54
2026-09-11T17:49:58.308+00:00,4361.55,4361.64,0.09,54
2026-09-11T17:49:58.534+00:00,4361.61,4361.7,0.09,54
2026-09-11T17:49:58.833+00:00,4361.78,4361.87,0.09,54
2026-09-11T17:49:59.285+00:00,4361.77,4361.85,0.08,54
2026-09-11T17:49:59.513+00:00,4361.78,4361.86,0.08,54
2026-09-11T17:49:59.731+00:00,4361.81,4361.89,0.08,54
2026-09-11T17:49:59.962+00:00,4361.73,4361.83,0.1,54
2026-09-11T17:50:00.491+00:00,4361.76,4361.86,0.1,55
2026-09-11T17:50:00.893+00:00,4361.72,4361.83,0.11,55
2026-09-11T17:50:01.118+00:00,4361.7,4361.81,0.11,55
2026-09-11T17:50:01.343+00:00,4361.78,4361.87,0.09,55
2026-09-11T17:50:01.572+00:00,4361.82,4361.91,0.09,55
2026-09-11T17:50:01.796+00:00,4361.82,4361.9,0.08,55
2026-09-11T17:50:02.021+00:00,4361.84,4361.92,0.08,55
2026-09-11T17:50:02.252+00:00,4361.8,4361.88,0.08,55
2026-09-11T17:50:02.470+00:00,4361.96,4362.04,0.08,55
2026-09-11T17:50:02.697+00:00,4361.68,4361.78,0.1,55
2026-09-11T17:50:03.146+00:00,4361.56,4361.67,0.11,55
2026-09-11T17:50:03.371+00:00,4361.58,4361.67,0.09,55
2026-09-11T17:50:03.595+00:00,4361.83,4361.93,0.1,55
2026-09-11T17:50:03.823+00:00,4361.8,4361.89,0.09,55
2026-09-11T17:50:04.046+00:00,4361.77,4361.88,0.11,55
2026-09-11T17:50:04.424+00:00,4361.48,4361.6,0.12,55
2026-09-11T17:50:04.733+00:00,4361.46,4361.58,0.12,55
2026-09-11T17:50:04.952+00:00,4361.48,4361.59,0.11,55
2026-09-11T17:50:05.182+00:00,4361.48,4361.57,0.09,55
2026-09-11T17:50:05.403+00:00,4361.7,4361.78,0.08,55
2026-09-11T17:50:05.703+00:00,4361.78,4361.86,0.08,55
2026-09-11T17:50:05.927+00:00,4361.77,4361.85,0.08,55
2026-09-11T17:50:06.377+00:00,4361.58,4361.68,0.1,55
2026-09-11T17:50:06.763+00:00,4361.76,4361.86,0.1,55
2026-09-11T17:50:07.065+00:00,4361.58,4361.66,0.08,55
2026-09-11T17:50:07.293+00:00,4361.65,4361.73,0.08,55
2026-09-11T17:50:07.515+00:00,4361.5,4361.58,0.08,55
2026-09-11T17:50:07.737+00:00,4361.28,4361.37,0.09,55
2026-09-11T17:50:08.341+00:00,4361.34,4361.44,0.1,55
2026-09-11T17:50:08.589+00:00,4361.07,4361.17,0.1,55
2026-09-11T17:50:08.841+00:00,4360.97,4361.07,0.1,55
2026-09-11T17:50:09.111+00:00,4360.98,4361.08,0.1,55
2026-09-11T17:50:09.336+00:00,4361.17,4361.26,0.09,55
2026-09-11T17:50:09.562+00:00,4361.14,4361.22,0.08,55
2026-09-11T17:50:09.789+00:00,4361.19,4361.27,0.08,55
2026-09-11T17:50:10.012+00:00,4361.2,4361.28,0.08,55
2026-09-11T17:50:10.237+00:00,4361.26,4361.36,0.1,55
2026-09-11T17:50:10.463+00:00,4361.25,4361.35,0.1,55
2026-09-11T17:50:10.687+00:00,4361.3,4361.4,0.1,55
2026-09-11T17:50:10.912+00:00,4361.27,4361.37,0.1,55
2026-09-11T17:50:11.136+00:00,4361.42,4361.52,0.1,55
2026-09-11T17:50:11.362+00:00,4361.41,4361.52,0.11,55
2026-09-11T17:50:11.587+00:00,4361.2,4361.31,0.11,55
2026-09-11T17:50:11.812+00:00,4361.12,4361.24,0.12,55
2026-09-11T17:50:12.110+00:00,4361.09,4361.18,0.09,55
2026-09-11T17:50:12.340+00:00,4361.08,4361.16,0.08,55
2026-09-11T17:50:12.563+00:00,4361.03,4361.11,0.08,55
2026-09-11T17:50:12.787+00:00,4361.05,4361.13,0.08,55
2026-09-11T17:50:13.106+00:00,4361.02,4361.1,0.08,55
2026-09-11T17:50:13.334+00:00,4360.97,4361.05,0.08,55
2026-09-11T17:50:13.554+00:00,4361.11,4361.19,0.08,55
2026-09-11T17:50:13.779+00:00,4361.32,4361.4,0.08,55
2026-09-11T17:50:14.078+00:00,4361.31,4361.39,0.08,55
2026-09-11T17:50:14.309+00:00,4361.4,4361.48,0.08,55
2026-09-11T17:50:14.535+00:00,4361.35,4361.45,0.1,55
2026-09-11T17:50:14.758+00:00,4361.62,4361.71,0.09,55
2026-09-11T17:50:14.985+00:00,4361.68,4361.76,0.08,55
2026-09-11T17:50:15.212+00:00,4361.75,4361.83,0.08,55
2026-09-11T17:50:15.433+00:00,4361.77,4361.85,0.08,55
2026-09-11T17:50:15.737+00:00,4361.79,4361.87,0.08,55
2026-09-11T17:50:16.033+00:00,4361.81,4361.89,0.08,55
2026-09-11T17:50:16.271+00:00,4361.82,4361.91,0.09,55
2026-09-11T17:50:16.570+00:00,4361.64,4361.72,0.08,55
2026-09-11T17:50:16.795+00:00,4361.63,4361.71,0.08,55
2026-09-11T17:50:17.023+00:00,4361.61,4361.71,0.1,55
2026-09-11T17:50:17.320+00:00,4361.79,4361.89,0.1,55
2026-09-11T17:50:17.995+00:00,4361.71,4361.82,0.11,55
2026-09-11T17:50:18.223+00:00,4361.6,4361.71,0.11,55
2026-09-11T17:50:18.445+00:00,4361.6,4361.72,0.12,55
2026-09-11T17:50:18.670+00:00,4361.64,4361.74,0.1,55
2026-09-11T17:50:18.894+00:00,4361.65,4361.75,0.1,55
2026-09-11T17:50:19.120+00:00,4361.47,4361.57,0.1,55
2026-09-11T17:50:19.345+00:00,4361.47,4361.58,0.11,55
2026-09-11T17:50:19.732+00:00,4361.46,4361.58,0.12,55
2026-09-11T17:50:20.046+00:00,4361.41,4361.52,0.11,55
2026-09-11T17:50:20.273+00:00,4361.27,4361.38,0.11,55
2026-09-11T17:50:20.498+00:00,4361.39,4361.5,0.11,55
2026-09-11T17:50:20.723+00:00,4361.28,4361.39,0.11,55
2026-09-11T17:50:20.947+00:00,4361.3,4361.43,0.13,55
2026-09-11T17:50:21.174+00:00,4361.22,4361.33,0.11,55
2026-09-11T17:50:21.402+00:00,4361.25,4361.36,0.11,55
2026-09-11T17:50:21.734+00:00,4361.25,4361.38,0.13,55
2026-09-11T17:50:22.000+00:00,4361.2,4361.33,0.13,55
2026-09-11T17:50:22.309+00:00,4361.19,4361.32,0.13,55
2026-09-11T17:50:22.609+00:00,4361.11,4361.22,0.11,55
2026-09-11T17:50:22.833+00:00,4361.19,4361.3,0.11,55
2026-09-11T17:50:23.132+00:00,4361.2,4361.3,0.1,55
2026-09-11T17:50:23.357+00:00,4361.16,4361.27,0.11,55
2026-09-11T17:50:23.584+00:00,4361.15,4361.27,0.12,55
2026-09-11T17:50:24.034+00:00,4361.03,4361.14,0.11,55
2026-09-11T17:50:24.334+00:00,4361.02,4361.15,0.13,55
2026-09-11T17:50:24.991+00:00,4361.4,4361.52,0.12,55
2026-09-11T17:50:25.216+00:00,4361.16,4361.28,0.12,56
2026-09-11T17:50:25.980+00:00,4361.39,4361.51,0.12,56
2026-09-11T17:50:26.240+00:00,4361.39,4361.52,0.13,56
2026-09-11T17:50:26.464+00:00,4361.52,4361.63,0.11,56
2026-09-11T17:50:26.718+00:00,4361.51,4361.63,0.12,56
2026-09-11T17:50:26.942+00:00,4361.46,4361.58,0.12,56
2026-09-11T17:50:27.492+00:00,4361.46,4361.59,0.13,56
2026-09-11T17:50:27.982+00:00,4361.45,4361.58,0.13,56
2026-09-11T17:50:28.283+00:00,4361.23,4361.35,0.12,56
2026-09-11T17:50:28.510+00:00,4361.27,4361.39,0.12,56
2026-09-11T17:50:28.732+00:00,4361.29,4361.4,0.11,56
2026-09-11T17:50:29.115+00:00,4361.51,4361.6,0.09,56
2026-09-11T17:50:29.536+00:00,4361.5,4361.6,0.1,56
2026-09-11T17:50:29.839+00:00,4361.5,4361.59,0.09,56
2026-09-11T17:50:30.139+00:00,4361.27,4361.36,0.09,56
2026-09-11T17:50:30.364+00:00,4361.09,4361.19,0.1,56
2026-09-11T17:50:30.592+00:00,4361.07,4361.18,0.11,56
2026-09-11T17:50:30.905+00:00,4361.07,4361.19,0.12,56
2026-09-11T17:50:31.128+00:00,4361.05,4361.18,0.13,56
2026-09-11T17:50:31.352+00:00,4361.14,4361.25,0.11,56
2026-09-11T17:50:31.727+00:00,4361.19,4361.3,0.11,56
2026-09-11T17:50:31.954+00:00,4361.53,4361.64,0.11,56
2026-09-11T17:50:32.254+00:00,4361.21,4361.33,0.12,56
2026-09-11T17:50:32.481+00:00,4361.49,4361.6,0.11,56
2026-09-11T17:50:32.723+00:00,4361.49,4361.61,0.12,56
2026-09-11T17:50:32.958+00:00,4361.33,4361.44,0.11,56
2026-09-11T17:50:33.254+00:00,4361.29,4361.38,0.09,56
2026-09-11T17:50:33.633+00:00,4361.29,4361.37,0.08,56
2026-09-11T17:50:33.862+00:00,4361.19,4361.27,0.08,56
2026-09-11T17:50:34.084+00:00,4361.16,4361.24,0.08,56
2026-09-11T17:50:34.307+00:00,4361.2,4361.3,0.1,56
2026-09-11T17:50:34.539+00:00,4361.4,4361.51,0.11,56
2026-09-11T17:50:34.761+00:00,4361.45,4361.56,0.11,56
2026-09-11T17:50:34.990+00:00,4361.56,4361.67,0.11,56
2026-09-11T17:50:35.359+00:00,4361.54,4361.64,0.1,56
2026-09-11T17:50:35.664+00:00,4361.37,4361.45,0.08,56
2026-09-11T17:50:35.887+00:00,4361.54,4361.62,0.08,56
2026-09-11T17:50:36.187+00:00,4361.54,4361.63,0.09,56
2026-09-11T17:50:36.415+00:00,4361.52,4361.6,0.08,56
2026-09-11T17:50:36.642+00:00,4361.53,4361.64,0.11,56
2026-09-11T17:50:36.866+00:00,4361.3,4361.42,0.12,56
2026-09-11T17:50:37.258+00:00,4361.31,4361.42,0.11,56
2026-09-11T17:50:37.556+00:00,4361.31,4361.41,0.1,56
2026-09-11T17:50:38.157+00:00,4361.33,4361.43,0.1,56
2026-09-11T17:50:38.382+00:00,4361.36,4361.46,0.1,56
2026-09-11T17:50:38.607+00:00,4361.4,4361.49,0.09,56
2026-09-11T17:50:39.056+00:00,4361.46,4361.54,0.08,56
2026-09-11T17:50:39.282+00:00,4361.45,4361.54,0.09,56
2026-09-11T17:50:39.582+00:00,4361.75,4361.84,0.09,56
2026-09-11T17:50:39.882+00:00,4361.79,4361.88,0.09,56
2026-09-11T17:50:40.410+00:00,4361.7,4361.8,0.1,56
2026-09-11T17:50:40.637+00:00,4361.73,4361.83,0.1,56
2026-09-11T17:50:40.862+00:00,4361.79,4361.88,0.09,56
2026-09-11T17:50:41.090+00:00,4361.81,4361.91,0.1,56
2026-09-11T17:50:41.310+00:00,4361.46,4361.56,0.1,56
2026-09-11T17:50:41.532+00:00,4361.5,4361.58,0.08,56
2026-09-11T17:50:41.757+00:00,4361.58,4361.66,0.08,56
2026-09-11T17:50:41.983+00:00,4361.57,4361.65,0.08,56
2026-09-11T17:50:42.433+00:00,4361.61,4361.69,0.08,56
2026-09-11T17:50:42.657+00:00,4361.56,4361.64,0.08,56
2026-09-11T17:50:42.883+00:00,4361.53,4361.62,0.09,56
2026-09-11T17:50:43.107+00:00,4361.52,4361.63,0.11,56
2026-09-11T17:50:43.333+00:00,4361.51,4361.61,0.1,56
2026-09-11T17:50:43.558+00:00,4361.36,4361.47,0.11,56
2026-09-11T17:50:44.084+00:00,4361.37,4361.48,0.11,56
2026-09-11T17:50:44.306+00:00,4361.36,4361.47,0.11,56
2026-09-11T17:50:44.547+00:00,4361.38,4361.49,0.11,56
2026-09-11T17:50:44.983+00:00,4361.3,4361.4,0.1,56
2026-09-11T17:50:45.208+00:00,4361.26,4361.35,0.09,56
2026-09-11T17:50:45.432+00:00,4361.33,4361.43,0.1,56
2026-09-11T17:50:45.658+00:00,4361.48,4361.56,0.08,56
2026-09-11T17:50:45.883+00:00,4361.49,4361.57,0.08,56
2026-09-11T17:50:46.108+00:00,4361.67,4361.75,0.08,56
2026-09-11T17:50:46.375+00:00,4361.69,4361.77,0.08,56
2026-09-11T17:50:46.826+00:00,4361.65,4361.73,0.08,56
2026-09-11T17:50:47.052+00:00,4361.48,4361.56,0.08,56
2026-09-11T17:50:47.350+00:00,4361.4,4361.48,0.08,56
2026-09-11T17:50:47.876+00:00,4361.47,4361.55,0.08,56
2026-09-11T17:50:48.101+00:00,4361.49,4361.57,0.08,56
2026-09-11T17:50:48.327+00:00,4361.35,4361.43,0.08,56
2026-09-11T17:50:48.551+00:00,4361.4,4361.48,0.08,56
2026-09-11T17:50:48.777+00:00,4361.36,4361.44,0.08,56
2026-09-11T17:50:49.004+00:00,4361.35,4361.45,0.1,56
2026-09-11T17:50:49.228+00:00,4361.33,4361.43,0.1,56
2026-09-11T17:50:49.458+00:00,4361.36,4361.46,0.1,56
2026-09-11T17:50:49.677+00:00,4361.44,4361.52,0.08,56
2026-09-11T17:50:50.513+00:00,4361.43,4361.51,0.08,57
2026-09-11T17:50:50.732+00:00,4361.41,4361.49,0.08,57
2026-09-11T17:50:50.963+00:00,4361.35,4361.44,0.09,57
2026-09-11T17:50:51.263+00:00,4361.39,4361.48,0.09,57
2026-09-11T17:50:51.489+00:00,4361.14,4361.23,0.09,57
2026-09-11T17:50:51.715+00:00,4361.23,4361.31,0.08,57
2026-09-11T17:50:51.945+00:00,4361.22,4361.31,0.09,57
2026-09-11T17:50:53.081+00:00,4361.24,4361.33,0.09,57
2026-09-11T17:50:53.306+00:00,4361.28,4361.37,0.09,57
2026-09-11T17:50:53.548+00:00,4361.25,4361.33,0.08,57
2026-09-11T17:50:53.838+00:00,4361.26,4361.34,0.08,57
2026-09-11T17:50:54.209+00:00,4361.28,4361.36,0.08,57
2026-09-11T17:50:54.435+00:00,4361.53,4361.61,0.08,57
2026-09-11T17:50:54.882+00:00,4361.62,4361.7,0.08,57
2026-09-11T17:50:55.184+00:00,4361.65,4361.73,0.08,57
2026-09-11T17:50:55.408+00:00,4361.64,4361.72,0.08,57
2026-09-11T17:50:55.783+00:00,4361.66,4361.74,0.08,57
2026-09-11T17:50:56.187+00:00,4361.69,4361.77,0.08,57
2026-09-11T17:50:56.736+00:00,4361.68,4361.76,0.08,57
2026-09-11T17:50:57.037+00:00,4361.62,4361.7,0.08,57
2026-09-11T17:50:57.300+00:00,4361.63,4361.71,0.08,57
2026-09-11T17:50:57.526+00:00,4361.59,4361.67,0.08,57
2026-09-11T17:50:57.731+00:00,4361.58,4361.66,0.08,57
2026-09-11T17:50:58.051+00:00,4361.49,4361.57,0.08,57
2026-09-11T17:50:58.275+00:00,4361.47,4361.55,0.08,57
2026-09-11T17:50:58.726+00:00,4361.52,4361.6,0.08,57
2026-09-11T17:50:59.041+00:00,4361.47,4361.55,0.08,57
2026-09-11T17:50:59.349+00:00,4361.49,4361.57,0.08,57
2026-09-11T17:50:59.688+00:00,4361.56,4361.64,0.08,57
2026-09-11T17:51:00.060+00:00,4361.47,4361.55,0.08,57
2026-09-11T17:51:00.828+00:00,4361.52,4361.6,0.08,57
2026-09-11T17:51:01.324+00:00,4361.57,4361.65,0.08,57
2026-09-11T17:51:01.548+00:00,4361.51,4361.59,0.08,57
2026-09-11T17:51:02.165+00:00,4361.44,4361.53,0.09,57
2026-09-11T17:51:02.393+00:00,4361.47,4361.55,0.08,57
2026-09-11T17:51:02.614+00:00,4361.38,4361.48,0.1,57
2026-09-11T17:51:02.829+00:00,4361.48,4361.57,0.09,57
2026-09-11T17:51:03.053+00:00,4361.62,4361.7,0.08,57
2026-09-11T17:51:03.281+00:00,4361.69,4361.77,0.08,57
2026-09-11T17:51:03.512+00:00,4361.56,4361.64,0.08,57
2026-09-11T17:51:03.733+00:00,4361.45,4361.53,0.08,57
2026-09-11T17:51:03.942+00:00,4361.45,4361.54,0.09,57
2026-09-11T17:51:04.169+00:00,4361.59,4361.67,0.08,57
2026-09-11T17:51:04.393+00:00,4361.51,4361.59,0.08,57
2026-09-11T17:51:04.618+00:00,4361.7,4361.78,0.08,57
2026-09-11T17:51:04.818+00:00,4361.65,4361.74,0.09,57
2026-09-11T17:51:05.344+00:00,4361.71,4361.79,0.08,57
2026-09-11T17:51:05.733+00:00,4361.7,4361.78,0.08,57
2026-09-11T17:51:05.945+00:00,4361.74,4361.82,0.08,57
2026-09-11T17:51:06.253+00:00,4361.57,4361.65,0.08,57
2026-09-11T17:51:06.484+00:00,4361.58,4361.67,0.09,57
2026-09-11T17:51:06.704+00:00,4361.71,4361.8,0.09,57
2026-09-11T17:51:06.927+00:00,4361.73,4361.81,0.08,57
2026-09-11T17:51:07.151+00:00,4361.74,4361.83,0.09,57
2026-09-11T17:51:07.380+00:00,4361.94,4362.04,0.1,57
2026-09-11T17:51:07.769+00:00,4361.95,4362.05,0.1,57
2026-09-11T17:51:08.027+00:00,4361.94,4362.03,0.09,57
2026-09-11T17:51:08.259+00:00,4362.01,4362.1,0.09,57
2026-09-11T17:51:08.480+00:00,4362.02,4362.1,0.08,57
2026-09-11T17:51:09.005+00:00,4362.01,4362.09,0.08,57
2026-09-11T17:51:09.316+00:00,4362.0,4362.08,0.08,57
2026-09-11T17:51:09.546+00:00,4361.99,4362.07,0.08,57
2026-09-11T17:51:09.765+00:00,4362.06,4362.16,0.1,57
2026-09-11T17:51:10.238+00:00,4362.05,4362.15,0.1,57
2026-09-11T17:51:10.730+00:00,4362.06,4362.16,0.1,57
2026-09-11T17:51:11.199+00:00,4361.99,4362.08,0.09,57
2026-09-11T17:51:11.480+00:00,4361.82,4361.9,0.08,57
2026-09-11T17:51:11.708+00:00,4361.91,4361.99,0.08,57
2026-09-11T17:51:12.004+00:00,4361.79,4361.87,0.08,57
2026-09-11T17:51:12.231+00:00,4361.51,4361.59,0.08,57
2026-09-11T17:51:12.455+00:00,4361.49,4361.57,0.08,57
2026-09-11T17:51:12.679+00:00,4361.48,4361.56,0.08,57
2026-09-11T17:51:12.909+00:00,4361.46,4361.54,0.08,57
2026-09-11T17:51:13.431+00:00,4361.4,4361.48,0.08,57
2026-09-11T17:51:13.655+00:00,4361.28,4361.36,0.08,57
2026-09-11T17:51:13.880+00:00,4361.22,4361.3,0.08,57
2026-09-11T17:51:14.255+00:00,4361.21,4361.29,0.08,57
2026-09-11T17:51:14.630+00:00,4361.2,4361.3,0.1,57
2026-09-11T17:51:15.083+00:00,4361.11,4361.21,0.1,57
2026-09-11T17:51:15.381+00:00,4361.06,4361.16,0.1,58
2026-09-11T17:51:15.606+00:00,4361.09,4361.18,0.09,58
2026-09-11T17:51:15.833+00:00,4361.08,4361.16,0.08,58
2026-09-11T17:51:16.056+00:00,4360.97,4361.05,0.08,58
2026-09-11T17:51:16.280+00:00,4360.99,4361.07,0.08,58
2026-09-11T17:51:16.581+00:00,4361.0,4361.08,0.08,58
2026-09-11T17:51:16.805+00:00,4360.84,4360.92,0.08,58
2026-09-11T17:51:17.031+00:00,4361.03,4361.11,0.08,58
2026-09-11T17:51:17.256+00:00,4361.05,4361.13,0.08,58
2026-09-11T17:51:17.482+00:00,4361.19,4361.27,0.08,58
2026-09-11T17:51:17.732+00:00,4361.13,4361.21,0.08,58
2026-09-11T17:51:18.267+00:00,4361.18,4361.26,0.08,58
2026-09-11T17:51:18.492+00:00,4361.23,4361.31,0.08,58
2026-09-11T17:51:18.717+00:00,4361.33,4361.41,0.08,58
2026-09-11T17:51:18.942+00:00,4361.25,4361.33,0.08,58
2026-09-11T17:51:19.167+00:00,4361.29,4361.38,0.09,58
2026-09-11T17:51:19.391+00:00,4361.3,4361.38,0.08,58
2026-09-11T17:51:19.616+00:00,4361.23,4361.31,0.08,58
2026-09-11T17:51:19.842+00:00,4361.27,4361.35,0.08,58
2026-09-11T17:51:20.638+00:00,4361.26,4361.34,0.08,58
2026-09-11T17:51:20.863+00:00,4361.27,4361.35,0.08,58
2026-09-11T17:51:21.088+00:00,4361.24,4361.32,0.08,58
2026-09-11T17:51:21.314+00:00,4361.22,4361.3,0.08,58
2026-09-11T17:51:21.539+00:00,4361.27,4361.35,0.08,58
2026-09-11T17:51:21.764+00:00,4361.24,4361.32,0.08,58
2026-09-11T17:51:22.064+00:00,4361.37,4361.45,0.08,58
2026-09-11T17:51:22.289+00:00,4361.27,4361.35,0.08,58
2026-09-11T17:51:22.589+00:00,4361.22,4361.3,0.08,58
2026-09-11T17:51:22.893+00:00,4361.16,4361.24,0.08,58
2026-09-11T17:51:23.117+00:00,4361.18,4361.26,0.08,58
2026-09-11T17:51:23.351+00:00,4361.17,4361.27,0.1,58
2026-09-11T17:51:23.614+00:00,4361.19,4361.28,0.09,58
2026-09-11T17:51:23.839+00:00,4361.2,4361.29,0.09,58
2026-09-11T17:51:24.103+00:00,4361.21,4361.29,0.08,58
2026-09-11T17:51:24.359+00:00,4361.2,4361.28,0.08,58
2026-09-11T17:51:24.581+00:00,4361.19,4361.29,0.1,58
2026-09-11T17:51:24.977+00:00,4361.2,4361.3,0.1,58
2026-09-11T17:51:25.197+00:00,4361.28,4361.37,0.09,58
2026-09-11T17:51:25.586+00:00,4361.32,4361.4,0.08,58
2026-09-11T17:51:25.874+00:00,4361.23,4361.33,0.1,58
2026-09-11T17:51:26.097+00:00,4361.23,4361.31,0.08,58
2026-09-11T17:51:26.324+00:00,4361.21,4361.29,0.08,58
2026-09-11T17:51:26.549+00:00,4361.29,4361.38,0.09,58
2026-09-11T17:51:26.774+00:00,4361.21,4361.31,0.1,58
2026-09-11T17:51:27.562+00:00,4361.25,4361.34,0.09,58
2026-09-11T17:51:27.861+00:00,4361.18,4361.28,0.1,58
2026-09-11T17:51:29.057+00:00,4361.24,4361.34,0.1,58
2026-09-11T17:51:29.377+00:00,4361.26,4361.35,0.09,58
2026-09-11T17:51:29.730+00:00,4361.27,4361.35,0.08,58
2026-09-11T17:51:30.326+00:00,4361.33,4361.41,0.08,58
2026-09-11T17:51:30.623+00:00,4361.34,4361.42,0.08,58
2026-09-11T17:51:31.083+00:00,4361.33,4361.41,0.08,58
2026-09-11T17:51:31.610+00:00,4361.45,4361.53,0.08,58
2026-09-11T17:51:31.999+00:00,4361.27,4361.35,0.08,58
2026-09-11T17:51:32.562+00:00,4361.26,4361.34,0.08,58
2026-09-11T17:51:33.017+00:00,4361.25,4361.33,0.08,58
2026-09-11T17:51:33.309+00:00,4361.3,4361.38,0.08,58
2026-09-11T17:51:33.817+00:00,4361.29,4361.37,0.08,58
2026-09-11T17:51:34.041+00:00,4361.63,4361.71,0.08,58
2026-09-11T17:51:34.265+00:00,4361.55,4361.63,0.08,58
2026-09-11T17:51:34.491+00:00,4361.56,4361.64,0.08,58
2026-09-11T17:51:35.467+00:00,4361.56,4361.66,0.1,58
2026-09-11T17:51:35.733+00:00,4361.84,4361.93,0.09,58
2026-09-11T17:51:36.071+00:00,4361.85,4361.94,0.09,58
2026-09-11T17:51:36.600+00:00,4361.71,4361.79,0.08,58
2026-09-11T17:51:36.897+00:00,4361.7,4361.78,0.08,58
2026-09-11T17:51:37.492+00:00,4361.87,4361.95,0.08,58
2026-09-11T17:51:37.721+00:00,4361.7,4361.78,0.08,58
2026-09-11T17:51:37.945+00:00,4361.55,4361.63,0.08,58
2026-09-11T17:51:38.319+00:00,4361.55,4361.65,0.1,58
2026-09-11T17:51:38.968+00:00,4361.57,4361.66,0.09,58
2026-09-11T17:51:39.268+00:00,4361.59,4361.67,0.08,58
2026-09-11T17:51:39.500+00:00,4361.91,4361.99,0.08,58
2026-09-11T17:51:39.717+00:00,4361.89,4361.97,0.08,58
2026-09-11T17:51:39.942+00:00,4362.1,4362.18,0.08,58
2026-09-11T17:51:40.169+00:00,4361.85,4361.93,0.08,58
2026-09-11T17:51:40.392+00:00,4361.92,4362.0,0.08,59
2026-09-11T17:51:40.692+00:00,4361.91,4361.99,0.08,59
2026-09-11T17:51:40.918+00:00,4361.92,4362.0,0.08,59
2026-09-11T17:51:41.218+00:00,4361.91,4361.99,0.08,59
2026-09-11T17:51:41.747+00:00,4361.83,4361.92,0.09,59
2026-09-11T17:51:41.974+00:00,4361.75,4361.84,0.09,59
2026-09-11T17:51:42.424+00:00,4361.75,4361.85,0.1,59
2026-09-11T17:51:42.746+00:00,4361.82,4361.91,0.09,59
2026-09-11T17:51:43.041+00:00,4361.73,4361.83,0.1,59
2026-09-11T17:51:43.539+00:00,4361.81,4361.9,0.09,59
2026-09-11T17:51:43.832+00:00,4361.83,4361.92,0.09,59
2026-09-11T17:51:44.179+00:00,4362.0,4362.1,0.1,59
2026-09-11T17:51:44.476+00:00,4362.0,4362.08,0.08,59
2026-09-11T17:51:44.777+00:00,4362.07,4362.15,0.08,59
2026-09-11T17:51:45.457+00:00,4362.08,4362.16,0.08,59
2026-09-11T17:51:45.733+00:00,4361.95,4362.03,0.08,59
2026-09-11T17:51:45.983+00:00,4362.2,4362.28,0.08,59
2026-09-11T17:51:46.223+00:00,4362.19,4362.29,0.1,59
2026-09-11T17:51:46.527+00:00,4362.14,4362.23,0.09,59
2026-09-11T17:51:46.828+00:00,4361.92,4362.02,0.1,59
2026-09-11T17:51:47.130+00:00,4362.17,4362.26,0.09,59
2026-09-11T17:51:47.506+00:00,4362.16,4362.26,0.1,59
2026-09-11T17:51:47.737+00:00,4362.15,4362.25,0.1,59
2026-09-11T17:51:47.956+00:00,4361.98,4362.07,0.09,59
2026-09-11T17:51:48.680+00:00,4362.03,4362.12,0.09,59
2026-09-11T17:51:48.892+00:00,4361.96,4362.04,0.08,59
2026-09-11T17:51:49.129+00:00,4362.06,4362.15,0.09,59
2026-09-11T17:51:49.340+00:00,4362.05,4362.14,0.09,59
2026-09-11T17:51:49.716+00:00,4362.18,4362.26,0.08,59
2026-09-11T17:51:50.096+00:00,4362.06,4362.14,0.08,59
2026-09-11T17:51:50.408+00:00,4362.17,4362.25,0.08,59
2026-09-11T17:51:50.644+00:00,4362.21,4362.29,0.08,59
2026-09-11T17:51:50.866+00:00,4362.22,4362.3,0.08,59
2026-09-11T17:51:51.318+00:00,4362.32,4362.4,0.08,59
2026-09-11T17:51:51.547+00:00,4362.34,4362.42,0.08,59
2026-09-11T17:51:51.766+00:00,4362.09,4362.17,0.08,59
2026-09-11T17:51:52.067+00:00,4362.08,4362.16,0.08,59
2026-09-11T17:51:52.292+00:00,4362.22,4362.31,0.09,59
2026-09-11T17:51:52.516+00:00,4362.1,4362.19,0.09,59
2026-09-11T17:51:52.821+00:00,4362.13,4362.22,0.09,59
2026-09-11T17:51:53.196+00:00,4362.14,4362.22,0.08,59
2026-09-11T17:51:53.491+00:00,4362.09,4362.17,0.08,59
2026-09-11T17:51:54.524+00:00,4362.11,4362.19,0.08,59
2026-09-11T17:51:54.732+00:00,4362.1,4362.18,0.08,59
2026-09-11T17:51:55.048+00:00,4362.05,4362.13,0.08,59
2026-09-11T17:51:55.275+00:00,4362.56,4362.64,0.08,59
2026-09-11T17:51:55.500+00:00,4362.59,4362.67,0.08,59
2026-09-11T17:51:55.724+00:00,4362.52,4362.6,0.08,59
2026-09-11T17:51:56.474+00:00,4362.61,4362.69,0.08,59
2026-09-11T17:51:56.698+00:00,4362.63,4362.72,0.09,59
2026-09-11T17:51:57.143+00:00,4362.61,4362.7,0.09,59
2026-09-11T17:51:57.366+00:00,4362.62,4362.7,0.08,59
2026-09-11T17:51:58.952+00:00,4362.61,4362.69,0.08,59
2026-09-11T17:51:59.252+00:00,4362.62,4362.7,0.08,59
2026-09-11T17:51:59.476+00:00,4362.51,4362.59,0.08,59
2026-09-11T17:51:59.694+00:00,4362.5,4362.58,0.08,59
2026-09-11T17:51:59.916+00:00,4362.39,4362.47,0.08,59
2026-09-11T17:52:00.143+00:00,4362.52,4362.6,0.08,59
2026-09-11T17:52:00.367+00:00,4362.33,4362.42,0.09,59
2026-09-11T17:52:00.736+00:00,4362.34,4362.42,0.08,59
2026-09-11T17:52:00.972+00:00,4362.33,4362.41,0.08,59
2026-09-11T17:52:01.194+00:00,4362.4,4362.49,0.09,59
2026-09-11T17:52:01.420+00:00,4362.42,4362.5,0.08,59
2026-09-11T17:52:01.952+00:00,4362.4,4362.48,0.08,59
2026-09-11T17:52:02.172+00:00,4362.91,4362.99,0.08,59
2026-09-11T17:52:02.397+00:00,4363.15,4363.23,0.08,59
2026-09-11T17:52:02.623+00:00,4363.09,4363.17,0.08,59
2026-09-11T17:52:02.848+00:00,4362.72,4362.8,0.08,59
2026-09-11T17:52:03.075+00:00,4362.63,4362.71,0.08,59
2026-09-11T17:52:03.298+00:00,4362.55,4362.64,0.09,59
2026-09-11T17:52:03.522+00:00,4362.61,4362.69,0.08,59
2026-09-11T17:52:03.731+00:00,4362.59,4362.67,0.08,59
2026-09-11T17:52:03.977+00:00,4363.37,4363.45,0.08,59
2026-09-11T17:52:04.201+00:00,4363.2,4363.28,0.08,59
2026-09-11T17:52:04.507+00:00,4363.17,4363.25,0.08,59
2026-09-11T17:52:04.731+00:00,4363.16,4363.24,0.08,59
2026-09-11T17:52:04.952+00:00,4363.18,4363.26,0.08,59
2026-09-11T17:52:05.178+00:00,4363.2,4363.28,0.08,59
2026-09-11T17:52:05.401+00:00,4363.07,4363.15,0.08,60
2026-09-11T17:52:05.630+00:00,4363.07,4363.17,0.1,60
2026-09-11T17:52:05.855+00:00,4363.25,4363.35,0.1,60
2026-09-11T17:52:06.319+00:00,4363.24,4363.34,0.1,60
2026-09-11T17:52:06.549+00:00,4363.11,4363.21,0.1,60
2026-09-11T17:52:06.768+00:00,4363.1,4363.2,0.1,60
2026-09-11T17:52:06.992+00:00,4363.05,4363.15,0.1,60
2026-09-11T17:52:07.218+00:00,4363.0,4363.1,0.1,60
2026-09-11T17:52:07.445+00:00,4363.0,4363.09,0.09,60
2026-09-11T17:52:07.730+00:00,4363.0,4363.1,0.1,60
2026-09-11T17:52:07.967+00:00,4363.22,4363.31,0.09,60
2026-09-11T17:52:08.193+00:00,4363.32,4363.42,0.1,60
2026-09-11T17:52:08.423+00:00,4363.21,4363.29,0.08,60
2026-09-11T17:52:08.646+00:00,4363.13,4363.21,0.08,60
2026-09-11T17:52:08.870+00:00,4363.04,4363.13,0.09,60
2026-09-11T17:52:09.248+00:00,4363.11,4363.2,0.09,60
2026-09-11T17:52:09.737+00:00,4363.14,4363.23,0.09,60
2026-09-11T17:52:10.375+00:00,4363.09,4363.19,0.1,60
2026-09-11T17:52:10.605+00:00,4363.09,4363.18,0.09,60
2026-09-11T17:52:10.977+00:00,4363.15,4363.23,0.08,60
2026-09-11T17:52:11.363+00:00,4363.07,4363.16,0.09,60
2026-09-11T17:52:11.581+00:00,4362.93,4363.01,0.08,60
2026-09-11T17:52:11.807+00:00,4363.1,4363.18,0.08,60
2026-09-11T17:52:12.032+00:00,4363.03,4363.12,0.09,60
2026-09-11T17:52:12.489+00:00,4363.11,4363.21,0.1,60
2026-09-11T17:52:13.571+00:00,4363.12,4363.22,0.1,60
2026-09-11T17:52:14.024+00:00,4363.06,4363.15,0.09,60
2026-09-11T17:52:14.250+00:00,4363.11,4363.19,0.08,60
2026-09-11T17:52:14.474+00:00,4363.14,4363.22,0.08,60
2026-09-11T17:52:14.702+00:00,4363.16,4363.26,0.1,60
2026-09-11T17:52:14.928+00:00,4363.17,4363.27,0.1,60
2026-09-11T17:52:15.306+00:00,4363.08,4363.18,0.1,60
2026-09-11T17:52:15.602+00:00,4363.16,4363.25,0.09,60
2026-09-11T17:52:15.976+00:00,4363.34,4363.43,0.09,60
2026-09-11T17:52:16.218+00:00,4363.35,4363.44,0.09,60
2026-09-11T17:52:16.442+00:00,4363.04,4363.14,0.1,60
2026-09-11T17:52:16.669+00:00,4363.01,4363.11,0.1,60
2026-09-11T17:52:16.895+00:00,4363.04,4363.12,0.08,60
2026-09-11T17:52:17.195+00:00,4363.05,4363.14,0.09,60
2026-09-11T17:52:17.731+00:00,4362.85,4362.95,0.1,60
2026-09-11T17:52:17.969+00:00,4362.84,4362.94,0.1,60
2026-09-11T17:52:18.193+00:00,4362.92,4363.03,0.11,60
2026-09-11T17:52:18.646+00:00,4363.1,4363.19,0.09,60
2026-09-11T17:52:18.869+00:00,4362.98,4363.07,0.09,60
2026-09-11T17:52:19.093+00:00,4362.71,4362.81,0.1,60
2026-09-11T17:52:19.319+00:00,4362.73,4362.83,0.1,60
2026-09-11T17:52:19.548+00:00,4362.76,4362.86,0.1,60
2026-09-11T17:52:19.769+00:00,4362.68,4362.77,0.09,60
2026-09-11T17:52:20.144+00:00,4362.67,4362.78,0.11,60
2026-09-11T17:52:20.372+00:00,4362.75,4362.85,0.1,60
2026-09-11T17:52:20.594+00:00,4362.66,4362.77,0.11,60
2026-09-11T17:52:20.820+00:00,4362.66,4362.79,0.13,60
2026-09-11T17:52:21.270+00:00,4362.65,4362.78,0.13,60
2026-09-11T17:52:21.495+00:00,4362.75,4362.88,0.13,60
2026-09-11T17:52:21.732+00:00,4362.77,4362.87,0.1,60
2026-09-11T17:52:21.948+00:00,4362.79,4362.88,0.09,60
2026-09-11T17:52:22.473+00:00,4362.77,4362.87,0.1,60
2026-09-11T17:52:22.696+00:00,4362.62,4362.71,0.09,60
2026-09-11T17:52:22.924+00:00,4362.64,4362.73,0.09,60
2026-09-11T17:52:23.156+00:00,4362.38,4362.47,0.09,60
2026-09-11T17:52:23.376+00:00,4362.31,4362.4,0.09,60
2026-09-11T17:52:23.599+00:00,4362.36,4362.45,0.09,60
2026-09-11T17:52:24.126+00:00,4362.33,4362.42,0.09,60
2026-09-11T17:52:24.355+00:00,4362.3,4362.39,0.09,60
2026-09-11T17:52:24.730+00:00,4362.28,4362.38,0.1,60
2026-09-11T17:52:25.029+00:00,4362.3,4362.41,0.11,60
2026-09-11T17:52:25.253+00:00,4362.32,4362.43,0.11,60
2026-09-11T17:52:25.477+00:00,4362.33,4362.45,0.12,60
2026-09-11T17:52:25.731+00:00,4362.36,4362.48,0.12,60
2026-09-11T17:52:26.105+00:00,4362.4,4362.49,0.09,60
2026-09-11T17:52:26.332+00:00,4362.35,4362.43,0.08,60
2026-09-11T17:52:26.559+00:00,4362.08,4362.17,0.09,60
2026-09-11T17:52:26.797+00:00,4362.07,4362.15,0.08,60
2026-09-11T17:52:27.014+00:00,4362.07,4362.16,0.09,60
2026-09-11T17:52:27.241+00:00,4362.06,4362.16,0.1,60
2026-09-11T17:52:27.731+00:00,4362.06,4362.17,0.11,60
2026-09-11T17:52:27.994+00:00,4362.2,4362.31,0.11,60
2026-09-11T17:52:28.217+00:00,4362.15,4362.25,0.1,60
2026-09-11T17:52:28.518+00:00,4362.14,4362.24,0.1,60
2026-09-11T17:52:28.733+00:00,4362.13,4362.24,0.11,60
2026-09-11T17:52:28.965+00:00,4362.22,4362.35,0.13,60
2026-09-11T17:52:29.193+00:00,4362.2,4362.32,0.12,60
2026-09-11T17:52:29.866+00:00,4362.19,4362.32,0.13,60
2026-09-11T17:52:30.171+00:00,4362.14,4362.25,0.11,60
2026-09-11T17:52:30.616+00:00,4362.16,4362.28,0.12,60
2026-09-11T17:52:30.845+00:00,4362.02,4362.14,0.12,61
2026-09-11T17:52:31.066+00:00,4362.15,4362.25,0.1,61
2026-09-11T17:52:31.292+00:00,4362.12,4362.22,0.1,61
2026-09-11T17:52:31.518+00:00,4362.3,4362.39,0.09,61
2026-09-11T17:52:31.731+00:00,4362.3,4362.4,0.1,61
2026-09-11T17:52:32.210+00:00,4362.31,4362.42,0.11,61
2026-09-11T17:52:32.434+00:00,4362.3,4362.42,0.12,61
2026-09-11T17:52:32.730+00:00,4362.04,4362.16,0.12,61
2026-09-11T17:52:32.967+00:00,4361.98,4362.09,0.11,61
2026-09-11T17:52:33.191+00:00,4361.92,4362.01,0.09,61
2026-09-11T17:52:33.415+00:00,4361.78,4361.87,0.09,61
2026-09-11T17:52:33.642+00:00,4361.76,4361.86,0.1,61
2026-09-11T17:52:34.090+00:00,4361.74,4361.87,0.13,61
2026-09-11T17:52:34.550+00:00,4361.85,4361.98,0.13,61
2026-09-11T17:52:34.731+00:00,4361.9,4362.03,0.13,61
2026-09-11T17:52:35.002+00:00,4361.85,4361.97,0.12,61
2026-09-11T17:52:35.444+00:00,4361.96,4362.08,0.12,61
2026-09-11T17:52:35.684+00:00,4362.01,4362.13,0.12,61
2026-09-11T17:52:36.045+00:00,4362.37,4362.48,0.11,61
2026-09-11T17:52:36.270+00:00,4362.41,4362.51,0.1,61
2026-09-11T17:52:36.491+00:00,4362.4,4362.49,0.09,61
2026-09-11T17:52:36.740+00:00,4362.41,4362.49,0.08,61
2026-09-11T17:52:37.042+00:00,4362.05,4362.13,0.08,61
2026-09-11T17:52:37.268+00:00,4361.92,4362.01,0.09,61
2026-09-11T17:52:37.494+00:00,4361.92,4362.03,0.11,61
2026-09-11T17:52:37.793+00:00,4361.91,4362.01,0.1,61
2026-09-11T17:52:38.113+00:00,4361.86,4361.98,0.12,61
2026-09-11T17:52:38.344+00:00,4361.83,4361.94,0.11,61
2026-09-11T17:52:38.640+00:00,4361.84,4361.95,0.11,61
2026-09-11T17:52:38.868+00:00,4361.81,4361.93,0.12,61
2026-09-11T17:52:39.089+00:00,4361.82,4361.94,0.12,61
2026-09-11T17:52:39.315+00:00,4361.94,4362.05,0.11,61
2026-09-11T17:52:39.539+00:00,4361.92,4362.03,0.11,61
2026-09-11T17:52:39.842+00:00,4362.01,4362.13,0.12,61
2026-09-11T17:52:40.063+00:00,4362.26,4362.39,0.13,61
2026-09-11T17:52:40.481+00:00,4362.01,4362.14,0.13,61
2026-09-11T17:52:40.730+00:00,4362.26,4362.38,0.12,61
2026-09-11T17:52:40.974+00:00,4361.89,4362.02,0.13,61
2026-09-11T17:52:41.199+00:00,4361.92,4362.05,0.13,61
2026-09-11T17:52:41.608+00:00,4361.91,4362.03,0.12,61
2026-09-11T17:52:41.831+00:00,4361.98,4362.09,0.11,61
2026-09-11T17:52:42.057+00:00,4362.21,4362.31,0.1,61
2026-09-11T17:52:42.284+00:00,4362.21,4362.32,0.11,61
2026-09-11T17:52:42.506+00:00,4362.21,4362.33,0.12,61
2026-09-11T17:52:42.731+00:00,4362.22,4362.34,0.12,61
2026-09-11T17:52:42.957+00:00,4362.31,4362.41,0.1,61
2026-09-11T17:52:43.209+00:00,4362.29,4362.38,0.09,61
2026-09-11T17:52:43.515+00:00,4362.03,4362.12,0.09,61
2026-09-11T17:52:43.731+00:00,4362.23,4362.31,0.08,61
2026-09-11T17:52:43.964+00:00,4362.22,4362.32,0.1,61
2026-09-11T17:52:44.185+00:00,4362.31,4362.4,0.09,61
2026-09-11T17:52:44.459+00:00,4362.32,4362.42,0.1,61
2026-09-11T17:52:44.692+00:00,4362.49,4362.58,0.09,61
2026-09-11T17:52:45.542+00:00,4362.46,4362.57,0.11,61
2026-09-11T17:52:45.763+00:00,4362.41,4362.52,0.11,61
2026-09-11T17:52:45.992+00:00,4362.45,4362.54,0.09,61
2026-09-11T17:52:46.219+00:00,4362.41,4362.49,0.08,61
2026-09-11T17:52:46.887+00:00,4362.16,4362.24,0.08,61
2026-09-11T17:52:47.186+00:00,4362.14,4362.22,0.08,61
2026-09-11T17:52:47.564+00:00,4362.12,4362.2,0.08,61
2026-09-11T17:52:47.862+00:00,4362.16,4362.24,0.08,61
2026-09-11T17:52:48.091+00:00,4362.18,4362.26,0.08,61
2026-09-11T17:52:48.328+00:00,4362.25,4362.33,0.08,61
2026-09-11T17:52:48.626+00:00,4362.3,4362.38,0.08,61
2026-09-11T17:52:48.850+00:00,4362.1,4362.18,0.08,61
2026-09-11T17:52:49.076+00:00,4362.12,4362.2,0.08,61
2026-09-11T17:52:49.376+00:00,4362.1,4362.19,0.09,61
2026-09-11T17:52:49.611+00:00,4362.11,4362.19,0.08,61
2026-09-11T17:52:50.052+00:00,4362.31,4362.39,0.08,61
2026-09-11T17:52:50.282+00:00,4362.14,4362.22,0.08,61
2026-09-11T17:52:50.503+00:00,4362.3,4362.38,0.08,61
2026-09-11T17:52:50.731+00:00,4362.12,4362.21,0.09,61
2026-09-11T17:52:50.996+00:00,4362.2,4362.28,0.08,61
2026-09-11T17:52:51.223+00:00,4362.37,4362.45,0.08,61
2026-09-11T17:52:51.449+00:00,4362.35,4362.43,0.08,61
2026-09-11T17:52:51.671+00:00,4362.37,4362.45,0.08,61
2026-09-11T17:52:51.897+00:00,4362.4,4362.48,0.08,61
2026-09-11T17:52:52.128+00:00,4362.46,4362.54,0.08,61
2026-09-11T17:52:52.472+00:00,4362.54,4362.62,0.08,61
2026-09-11T17:52:52.999+00:00,4362.77,4362.86,0.09,61
2026-09-11T17:52:53.229+00:00,4362.76,4362.85,0.09,61
2026-09-11T17:52:53.524+00:00,4362.76,4362.84,0.08,61
2026-09-11T17:52:54.098+00:00,4362.75,4362.83,0.08,61
2026-09-11T17:52:54.317+00:00,4362.92,4363.0,0.08,61
2026-09-11T17:52:54.540+00:00,4362.91,4363.01,0.1,61
2026-09-11T17:52:54.767+00:00,4362.79,4362.88,0.09,61
2026-09-11T17:52:54.992+00:00,4362.8,4362.88,0.08,61
2026-09-11T17:52:55.217+00:00,4362.9,4362.98,0.08,61
2026-09-11T17:52:55.730+00:00,4362.89,4362.99,0.1,62
2026-09-11T17:52:56.731+00:00,4362.8,4362.9,0.1,62
2026-09-11T17:52:57.347+00:00,4362.93,4363.03,0.1,62
2026-09-11T17:52:57.663+00:00,4363.04,4363.13,0.09,62
2026-09-11T17:52:57.881+00:00,4363.22,4363.31,0.09,62
2026-09-11T17:52:58.106+00:00,4363.24,4363.32,0.08,62
2026-09-11T17:52:58.395+00:00,4363.37,4363.46,0.09,62
2026-09-11T17:52:58.711+00:00,4363.34,4363.43,0.09,62
2026-09-11T17:52:58.947+00:00,4363.57,4363.66,0.09,62
2026-09-11T17:52:59.166+00:00,4363.48,4363.57,0.09,62
2026-09-11T17:52:59.465+00:00,4363.47,4363.58,0.11,62
2026-09-11T17:52:59.732+00:00,4363.46,4363.56,0.1,62
2026-09-11T17:53:00.065+00:00,4363.46,4363.54,0.08,62
2026-09-11T17:53:00.591+00:00,4363.48,4363.56,0.08,62
2026-09-11T17:53:00.816+00:00,4363.62,4363.72,0.1,62
2026-09-11T17:53:01.040+00:00,4363.33,4363.43,0.1,62
2026-09-11T17:53:01.267+00:00,4363.38,4363.48,0.1,62
2026-09-11T17:53:01.495+00:00,4363.42,4363.51,0.09,62
2026-09-11T17:53:01.943+00:00,4363.43,4363.51,0.08,62
2026-09-11T17:53:02.166+00:00,4363.4,4363.48,0.08,62
2026-09-11T17:53:02.466+00:00,4363.47,4363.55,0.08,62
2026-09-11T17:53:02.734+00:00,4363.52,4363.61,0.09,62
2026-09-11T17:53:02.996+00:00,4363.33,4363.41,0.08,62
2026-09-11T17:53:03.219+00:00,4363.34,4363.42,0.08,62
2026-09-11T17:53:03.731+00:00,4363.32,4363.4,0.08,62
2026-09-11T17:53:03.977+00:00,4363.31,4363.39,0.08,62
2026-09-11T17:53:04.271+00:00,4363.33,4363.41,0.08,62
2026-09-11T17:53:04.556+00:00,4363.31,4363.39,0.08,62
2026-09-11T17:53:04.885+00:00,4363.29,4363.37,0.08,62
2026-09-11T17:53:05.133+00:00,4363.26,4363.35,0.09,62
2026-09-11T17:53:05.339+00:00,4363.29,4363.37,0.08,62
2026-09-11T17:53:05.733+00:00,4363.3,4363.38,0.08,62
2026-09-11T17:53:05.957+00:00,4363.19,4363.27,0.08,62
2026-09-11T17:53:06.263+00:00,4363.17,4363.28,0.11,62
2026-09-11T17:53:06.541+00:00,4363.19,4363.31,0.12,62
2026-09-11T17:53:06.838+00:00,4363.2,4363.31,0.11,62
2026-09-11T17:53:07.286+00:00,4363.21,4363.3,0.09,62
2026-09-11T17:53:07.613+00:00,4363.3,4363.4,0.1,62
2026-09-11T17:53:08.372+00:00,4363.31,4363.4,0.09,62
2026-09-11T17:53:08.788+00:00,4363.3,4363.39,0.09,62
2026-09-11T17:53:10.104+00:00,4363.22,4363.32,0.1,62
2026-09-11T17:53:10.752+00:00,4363.24,4363.33,0.09,62
2026-09-11T17:53:11.242+00:00,4363.27,4363.36,0.09,62
2026-09-11T17:53:11.468+00:00,4363.62,4363.7,0.08,62
2026-09-11T17:53:11.695+00:00,4363.61,4363.7,0.09,62
2026-09-11T17:53:11.906+00:00,4363.63,4363.71,0.08,62
2026-09-11T17:53:12.207+00:00,4363.42,4363.5,0.08,62
2026-09-11T17:53:12.507+00:00,4363.43,4363.51,0.08,62
2026-09-11T17:53:13.109+00:00,4363.39,4363.47,0.08,62
2026-09-11T17:53:13.347+00:00,4363.52,4363.6,0.08,62
2026-09-11T17:53:13.796+00:00,4363.6,4363.7,0.1,62
2026-09-11T17:53:14.097+00:00,4363.63,4363.71,0.08,62
2026-09-11T17:53:14.327+00:00,4363.6,4363.68,0.08,62
2026-09-11T17:53:14.549+00:00,4363.66,4363.74,0.08,62
2026-09-11T17:53:14.772+00:00,4363.56,4363.64,0.08,62
2026-09-11T17:53:14.999+00:00,4363.57,4363.65,0.08,62
2026-09-11T17:53:15.263+00:00,4363.62,4363.72,0.1,62
2026-09-11T17:53:15.501+00:00,4363.62,4363.71,0.09,62
2026-09-11T17:53:15.674+00:00,4363.63,4363.71,0.08,62
2026-09-11T17:53:15.899+00:00,4363.56,4363.64,0.08,62
2026-09-11T17:53:16.125+00:00,4363.55,4363.63,0.08,62
2026-09-11T17:53:16.351+00:00,4363.43,4363.52,0.09,62
2026-09-11T17:53:16.575+00:00,4363.44,4363.53,0.09,62
2026-09-11T17:53:16.875+00:00,4363.42,4363.51,0.09,62
2026-09-11T17:53:17.105+00:00,4363.41,4363.49,0.08,62
2026-09-11T17:53:17.401+00:00,4363.4,4363.48,0.08,62
2026-09-11T17:53:18.159+00:00,4363.57,4363.66,0.09,62
2026-09-11T17:53:18.406+00:00,4363.67,4363.76,0.09,62
2026-09-11T17:53:18.634+00:00,4363.74,4363.84,0.1,62
2026-09-11T17:53:18.855+00:00,4363.74,4363.83,0.09,62
2026-09-11T17:53:19.081+00:00,4363.75,4363.83,0.08,62
2026-09-11T17:53:19.629+00:00,4363.6,4363.68,0.08,62
2026-09-11T17:53:19.854+00:00,4363.51,4363.6,0.09,62
2026-09-11T17:53:20.230+00:00,4363.53,4363.61,0.08,62
2026-09-11T17:53:20.455+00:00,4363.53,4363.63,0.1,62
2026-09-11T17:53:20.739+00:00,4363.87,4363.97,0.1,62
2026-09-11T17:53:20.980+00:00,4363.72,4363.81,0.09,63
2026-09-11T17:53:21.204+00:00,4363.73,4363.81,0.08,63
2026-09-11T17:53:21.507+00:00,4363.86,4363.94,0.08,63
2026-09-11T17:53:22.517+00:00,4363.73,4363.82,0.09,63
2026-09-11T17:53:22.732+00:00,4363.71,4363.8,0.09,63
2026-09-11T17:53:23.016+00:00,4363.64,4363.73,0.09,63
2026-09-11T17:53:23.243+00:00,4363.4,4363.49,0.09,63
2026-09-11T17:53:23.483+00:00,4363.52,4363.61,0.09,63
2026-09-11T17:53:23.703+00:00,4363.7,4363.79,0.09,63
2026-09-11T17:53:23.919+00:00,4363.58,4363.67,0.09,63
2026-09-11T17:53:24.372+00:00,4363.64,4363.72,0.08,63
2026-09-11T17:53:24.597+00:00,4363.64,4363.73,0.09,63
2026-09-11T17:53:24.969+00:00,4363.6,4363.69,0.09,63
2026-09-11T17:53:25.207+00:00,4363.61,4363.69,0.08,63
2026-09-11T17:53:25.419+00:00,4363.55,4363.63,0.08,63
2026-09-11T17:53:25.644+00:00,4363.5,4363.58,0.08,63
2026-09-11T17:53:25.869+00:00,4363.49,4363.57,0.08,63
2026-09-11T17:53:26.094+00:00,4363.45,4363.53,0.08,63
2026-09-11T17:53:26.319+00:00,4363.46,4363.54,0.08,63
2026-09-11T17:53:26.545+00:00,4363.62,4363.71,0.09,63
2026-09-11T17:53:26.851+00:00,4363.36,4363.46,0.1,63
2026-09-11T17:53:27.419+00:00,4363.3,4363.39,0.09,63
2026-09-11T17:53:27.915+00:00,4363.29,4363.38,0.09,63
2026-09-11T17:53:28.516+00:00,4363.31,4363.4,0.09,63
2026-09-11T17:53:28.737+00:00,4363.36,4363.45,0.09,63
2026-09-11T17:53:28.966+00:00,4363.43,4363.53,0.1,63
2026-09-11T17:53:29.192+00:00,4363.43,4363.52,0.09,63
2026-09-11T17:53:29.651+00:00,4363.41,4363.49,0.08,63
2026-09-11T17:53:29.869+00:00,4363.32,4363.4,0.08,63
2026-09-11T17:53:30.096+00:00,4363.3,4363.38,0.08,63
2026-09-11T17:53:30.323+00:00,4363.22,4363.3,0.08,63
2026-09-11T17:53:30.620+00:00,4363.18,4363.26,0.08,63
2026-09-11T17:53:30.847+00:00,4363.19,4363.27,0.08,63
2026-09-11T17:53:31.071+00:00,4363.03,4363.11,0.08,63
2026-09-11T17:53:31.298+00:00,4363.02,4363.11,0.09,63
2026-09-11T17:53:31.523+00:00,4363.0,4363.1,0.1,63
2026-09-11T17:53:31.730+00:00,4362.98,4363.07,0.09,63
2026-09-11T17:53:31.976+00:00,4363.19,4363.28,0.09,63
2026-09-11T17:53:32.200+00:00,4363.2,4363.28,0.08,63
2026-09-11T17:53:32.425+00:00,4363.23,4363.31,0.08,63
2026-09-11T17:53:32.650+00:00,4363.24,4363.32,0.08,63
2026-09-11T17:53:33.332+00:00,4363.28,4363.36,0.08,63
2026-09-11T17:53:33.555+00:00,4363.34,4363.42,0.08,63
2026-09-11T17:53:33.787+00:00,4363.37,4363.45,0.08,63
2026-09-11T17:53:34.007+00:00,4363.45,4363.54,0.09,63
2026-09-11T17:53:34.231+00:00,4363.46,4363.56,0.1,63
2026-09-11T17:53:34.458+00:00,4363.46,4363.55,0.09,63
2026-09-11T17:53:34.682+00:00,4363.49,4363.57,0.08,63
2026-09-11T17:53:34.905+00:00,4363.51,4363.61,0.1,63
2026-09-11T17:53:35.209+00:00,4363.55,4363.65,0.1,63
2026-09-11T17:53:35.436+00:00,4363.22,4363.32,0.1,63
2026-09-11T17:53:35.817+00:00,4363.24,4363.35,0.11,63
2026-09-11T17:53:36.186+00:00,4363.43,4363.53,0.1,63
2026-09-11T17:53:36.414+00:00,4363.4,4363.51,0.11,63
2026-09-11T17:53:36.617+00:00,4363.4,4363.5,0.1,63
2026-09-11T17:53:36.841+00:00,4363.3,4363.39,0.09,63
2026-09-11T17:53:37.064+00:00,4363.3,4363.4,0.1,63
2026-09-11T17:53:37.292+00:00,4362.98,4363.07,0.09,63
2026-09-11T17:53:37.514+00:00,4362.96,4363.06,0.1,63
2026-09-11T17:53:37.729+00:00,4363.02,4363.12,0.1,63
2026-09-11T17:53:37.965+00:00,4363.01,4363.1,0.09,63
2026-09-11T17:53:38.427+00:00,4362.97,4363.06,0.09,63
2026-09-11T17:53:38.651+00:00,4362.96,4363.05,0.09,63
2026-09-11T17:53:38.876+00:00,4362.98,4363.06,0.08,63
2026-09-11T17:53:39.521+00:00,4362.99,4363.07,0.08,63
2026-09-11T17:53:39.730+00:00,4362.9,4362.98,0.08,63
2026-09-11T17:53:39.974+00:00,4362.7,4362.79,0.09,63
2026-09-11T17:53:40.353+00:00,4362.69,4362.78,0.09,63
2026-09-11T17:53:40.796+00:00,4362.67,4362.77,0.1,63
2026-09-11T17:53:41.095+00:00,4362.68,4362.78,0.1,63
2026-09-11T17:53:41.319+00:00,4362.7,4362.8,0.1,63
2026-09-11T17:53:41.622+00:00,4362.7,4362.79,0.09,63
2026-09-11T17:53:41.848+00:00,4362.68,4362.78,0.1,63
2026-09-11T17:53:42.472+00:00,4362.74,4362.84,0.1,63
2026-09-11T17:53:42.772+00:00,4362.75,4362.83,0.08,63
2026-09-11T17:53:42.997+00:00,4362.79,4362.87,0.08,63
2026-09-11T17:53:43.309+00:00,4362.98,4363.07,0.09,63
2026-09-11T17:53:43.514+00:00,4362.96,4363.06,0.1,63
2026-09-11T17:53:43.730+00:00,4362.89,4362.99,0.1,63
2026-09-11T17:53:43.962+00:00,4362.91,4363.01,0.1,63
2026-09-11T17:53:44.187+00:00,4362.77,4362.86,0.09,63
2026-09-11T17:53:44.665+00:00,4362.8,4362.88,0.08,63
2026-09-11T17:53:44.961+00:00,4362.78,4362.87,0.09,63
2026-09-11T17:53:45.261+00:00,4362.98,4363.07,0.09,63
2026-09-11T17:53:46.763+00:00,4362.96,4363.06,0.1,64
2026-09-11T17:53:47.065+00:00,4362.78,4362.88,0.1,64
2026-09-11T17:53:47.458+00:00,4362.77,4362.87,0.1,64
2026-09-11T17:53:47.731+00:00,4362.99,4363.08,0.09,64
2026-09-11T17:53:47.997+00:00,4362.98,4363.07,0.09,64
2026-09-11T17:53:48.221+00:00,4363.38,4363.47,0.09,64
2026-09-11T17:53:48.446+00:00,4363.38,4363.46,0.08,64
2026-09-11T17:53:48.896+00:00,4363.43,4363.51,0.08,64
2026-09-11T17:53:49.120+00:00,4363.33,4363.42,0.09,64
2026-09-11T17:53:49.345+00:00,4363.23,4363.31,0.08,64
2026-09-11T17:53:49.571+00:00,4363.24,4363.32,0.08,64
2026-09-11T17:53:49.873+00:00,4363.23,4363.32,0.09,64
2026-09-11T17:53:50.293+00:00,4363.02,4363.12,0.1,64
2026-09-11T17:53:50.495+00:00,4363.08,4363.18,0.1,64
2026-09-11T17:53:50.729+00:00,4363.01,4363.11,0.1,64
2026-09-11T17:53:51.575+00:00,4363.03,4363.14,0.11,64
2026-09-11T17:53:51.801+00:00,4362.96,4363.07,0.11,64
2026-09-11T17:53:52.262+00:00,4362.97,4363.06,0.09,64
2026-09-11T17:53:52.714+00:00,4362.82,4362.92,0.1,64
2026-09-11T17:53:52.940+00:00,4362.89,4362.97,0.08,64
2026-09-11T17:53:53.390+00:00,4362.8,4362.88,0.08,64
2026-09-11T17:53:53.615+00:00,4362.81,4362.9,0.09,64
2026-09-11T17:53:53.838+00:00,4362.9,4362.99,0.09,64
2026-09-11T17:53:54.142+00:00,4363.09,4363.17,0.08,64
2026-09-11T17:53:54.441+00:00,4363.04,4363.12,0.08,64
2026-09-11T17:53:54.664+00:00,4363.08,4363.16,0.08,64
2026-09-11T17:53:54.892+00:00,4362.84,4362.94,0.1,64
2026-09-11T17:53:55.116+00:00,4362.76,4362.84,0.08,64
2026-09-11T17:53:55.341+00:00,4362.77,4362.85,0.08,64
2026-09-11T17:53:56.016+00:00,4362.57,4362.67,0.1,64
2026-09-11T17:53:56.466+00:00,4362.78,4362.9,0.12,64
2026-09-11T17:53:56.733+00:00,4362.79,4362.9,0.11,64
2026-09-11T17:53:57.147+00:00,4362.79,4362.89,0.1,64
2026-09-11T17:53:57.533+00:00,4362.82,4362.92,0.1,64
2026-09-11T17:53:57.754+00:00,4362.83,4362.92,0.09,64
2026-09-11T17:53:57.981+00:00,4362.66,4362.76,0.1,64
2026-09-11T17:53:58.205+00:00,4362.69,4362.79,0.1,64
2026-09-11T17:53:58.430+00:00,4362.66,4362.76,0.1,64
2026-09-11T17:53:58.673+00:00,4362.69,4362.79,0.1,64
2026-09-11T17:53:59.029+00:00,4362.91,4363.01,0.1,64
2026-09-11T17:53:59.255+00:00,4362.87,4362.98,0.11,64
2026-09-11T17:53:59.705+00:00,4362.98,4363.08,0.1,64
2026-09-11T17:53:59.930+00:00,4363.01,4363.11,0.1,64
2026-09-11T17:54:00.157+00:00,4363.1,4363.2,0.1,64
2026-09-11T17:54:00.380+00:00,4362.9,4363.0,0.1,64
2026-09-11T17:54:00.796+00:00,4362.91,4363.01,0.1,64
2026-09-11T17:54:01.032+00:00,4362.88,4362.98,0.1,64
2026-09-11T17:54:01.332+00:00,4362.8,4362.9,0.1,64
2026-09-11T17:54:01.783+00:00,4362.7,4362.79,0.09,64
2026-09-11T17:54:02.010+00:00,4362.69,4362.8,0.11,64
2026-09-11T17:54:02.251+00:00,4362.7,4362.79,0.09,64
2026-09-11T17:54:02.550+00:00,4362.69,4362.78,0.09,64
2026-09-11T17:54:02.779+00:00,4362.61,4362.7,0.09,64
2026-09-11T17:54:03.000+00:00,4362.62,4362.71,0.09,64
2026-09-11T17:54:03.226+00:00,4362.59,4362.69,0.1,64
2026-09-11T17:54:03.452+00:00,4362.57,4362.66,0.09,64
2026-09-11T17:54:03.730+00:00,4362.58,4362.68,0.1,64
2026-09-11T17:54:04.374+00:00,4362.84,4362.94,0.1,64
2026-09-11T17:54:04.672+00:00,4362.91,4362.99,0.08,64
2026-09-11T17:54:05.315+00:00,4362.89,4362.97,0.08,64
2026-09-11T17:54:05.541+00:00,4362.7,4362.78,0.08,64
2026-09-11T17:54:05.765+00:00,4362.69,4362.78,0.09,64
2026-09-11T17:54:05.991+00:00,4362.74,4362.83,0.09,64
2026-09-11T17:54:06.216+00:00,4362.89,4362.97,0.08,64
2026-09-11T17:54:06.632+00:00,4362.9,4362.99,0.09,64
2026-09-11T17:54:06.933+00:00,4362.88,4362.98,0.1,64
2026-09-11T17:54:07.613+00:00,4362.88,4362.96,0.08,64
2026-09-11T17:54:08.290+00:00,4362.75,4362.83,0.08,64
2026-09-11T17:54:08.627+00:00,4362.95,4363.03,0.08,64
2026-09-11T17:54:08.850+00:00,4362.91,4362.99,0.08,64
2026-09-11T17:54:09.077+00:00,4363.02,4363.1,0.08,64
2026-09-11T17:54:09.377+00:00,4362.96,4363.04,0.08,64
2026-09-11T17:54:09.679+00:00,4362.94,4363.02,0.08,64
2026-09-11T17:54:09.972+00:00,4362.92,4363.01,0.09,64
2026-09-11T17:54:10.281+00:00,4362.9,4363.0,0.1,64
2026-09-11T17:54:10.497+00:00,4362.85,4362.94,0.09,64
2026-09-11T17:54:10.727+00:00,4362.86,4362.94,0.08,64
2026-09-11T17:54:11.334+00:00,4362.82,4362.9,0.08,64
2026-09-11T17:54:11.557+00:00,4362.74,4362.82,0.08,65
2026-09-11T17:54:11.782+00:00,4362.65,4362.74,0.09,65
2026-09-11T17:54:12.006+00:00,4362.79,4362.87,0.08,65
2026-09-11T17:54:12.454+00:00,4362.77,4362.85,0.08,65
2026-09-11T17:54:12.677+00:00,4362.87,4362.96,0.09,65
2026-09-11T17:54:12.902+00:00,4362.59,4362.68,0.09,65
2026-09-11T17:54:13.592+00:00,4362.6,4362.69,0.09,65
2026-09-11T17:54:13.823+00:00,4362.95,4363.05,0.1,65
2026-09-11T17:54:14.042+00:00,4363.0,4363.1,0.1,65
2026-09-11T17:54:14.270+00:00,4363.11,4363.2,0.09,65
2026-09-11T17:54:14.493+00:00,4363.06,4363.16,0.1,65
2026-09-11T17:54:14.729+00:00,4363.05,4363.14,0.09,65
2026-09-11T17:54:14.942+00:00,4362.97,4363.07,0.1,65
2026-09-11T17:54:15.392+00:00,4362.78,4362.87,0.09,65
2026-09-11T17:54:15.616+00:00,4362.74,4362.83,0.09,65
2026-09-11T17:54:15.842+00:00,4362.69,4362.77,0.08,65
2026-09-11T17:54:16.443+00:00,4362.72,4362.8,0.08,65
2026-09-11T17:54:16.733+00:00,4362.73,4362.81,0.08,65
2026-09-11T17:54:17.265+00:00,4362.75,4362.85,0.1,65
2026-09-11T17:54:17.729+00:00,4362.76,4362.85,0.09,65
2026-09-11T17:54:18.285+00:00,4362.74,4362.83,0.09,65
2026-09-11T17:54:18.513+00:00,4362.66,4362.76,0.1,65
2026-09-11T17:54:18.833+00:00,4362.65,4362.75,0.1,65
2026-09-11T17:54:19.904+00:00,4362.66,4362.76,0.1,65
2026-09-11T17:54:20.279+00:00,4362.74,4362.82,0.08,65
2026-09-11T17:54:20.737+00:00,4362.73,4362.83,0.1,65
2026-09-11T17:54:21.387+00:00,4362.78,4362.87,0.09,65
2026-09-11T17:54:21.763+00:00,4362.79,4362.88,0.09,65
2026-09-11T17:54:22.841+00:00,4362.7,4362.8,0.1,65
2026-09-11T17:54:23.063+00:00,4362.69,4362.77,0.08,65
2026-09-11T17:54:23.294+00:00,4362.6,4362.68,0.08,65
2026-09-11T17:54:23.516+00:00,4362.62,4362.7,0.08,65
2026-09-11T17:54:23.966+00:00,4362.65,4362.73,0.08,65
2026-09-11T17:54:24.266+00:00,4362.6,4362.69,0.09,65
2026-09-11T17:54:24.565+00:00,4362.63,4362.71,0.08,65
2026-09-11T17:54:25.031+00:00,4362.58,4362.66,0.08,65
2026-09-11T17:54:25.257+00:00,4362.59,4362.67,0.08,65
2026-09-11T17:54:25.481+00:00,4362.59,4362.68,0.09,65
2026-09-11T17:54:25.709+00:00,4362.58,4362.67,0.09,65
2026-09-11T17:54:25.932+00:00,4362.64,4362.73,0.09,65
2026-09-11T17:54:26.731+00:00,4362.65,4362.73,0.08,65
2026-09-11T17:54:27.092+00:00,4362.82,4362.9,0.08,65
2026-09-11T17:54:27.731+00:00,4362.81,4362.9,0.09,65
2026-09-11T17:54:28.495+00:00,4362.64,4362.73,0.09,65
2026-09-11T17:54:28.911+00:00,4362.57,4362.66,0.09,65
2026-09-11T17:54:29.211+00:00,4362.57,4362.67,0.1,65
2026-09-11T17:54:29.658+00:00,4362.55,4362.65,0.1,65
2026-09-11T17:54:30.033+00:00,4362.53,4362.63,0.1,65
2026-09-11T17:54:30.257+00:00,4362.56,4362.65,0.09,65
2026-09-11T17:54:30.482+00:00,4362.49,4362.58,0.09,65
2026-09-11T17:54:30.708+00:00,4362.38,4362.46,0.08,65
2026-09-11T17:54:30.932+00:00,4362.34,4362.42,0.08,65
2026-09-11T17:54:31.159+00:00,4362.32,4362.4,0.08,65
2026-09-11T17:54:31.383+00:00,4362.34,4362.42,0.08,65
2026-09-11T17:54:31.731+00:00,4362.34,4362.44,0.1,65
2026-09-11T17:54:31.983+00:00,4362.22,4362.32,0.1,65
2026-09-11T17:54:32.283+00:00,4362.25,4362.34,0.09,65
2026-09-11T17:54:32.733+00:00,4362.27,4362.35,0.08,65
2026-09-11T17:54:32.959+00:00,4362.58,4362.66,0.08,65
2026-09-11T17:54:33.258+00:00,4362.57,4362.67,0.1,65
2026-09-11T17:54:33.729+00:00,4362.6,4362.7,0.1,65
2026-09-11T17:54:34.041+00:00,4362.63,4362.72,0.09,65
2026-09-11T17:54:34.337+00:00,4362.68,4362.77,0.09,65
2026-09-11T17:54:34.559+00:00,4362.63,4362.71,0.08,65
2026-09-11T17:54:34.859+00:00,4362.64,4362.72,0.08,65
2026-09-11T17:54:35.083+00:00,4362.82,4362.92,0.1,65
2026-09-11T17:54:35.462+00:00,4362.87,4362.95,0.08,65
2026-09-11T17:54:35.731+00:00,4362.8,4362.89,0.09,65
2026-09-11T17:54:35.991+00:00,4362.79,4362.88,0.09,65
2026-09-11T17:54:36.211+00:00,4362.86,4362.95,0.09,65
2026-09-11T17:54:36.700+00:00,4362.86,4362.94,0.08,66
2026-09-11T17:54:37.000+00:00,4362.84,4362.94,0.1,66
2026-09-11T17:54:37.225+00:00,4362.65,4362.74,0.09,66
2026-09-11T17:54:37.451+00:00,4362.66,4362.75,0.09,66
2026-09-11T17:54:37.676+00:00,4362.68,4362.77,0.09,66
2026-09-11T17:54:37.900+00:00,4362.73,4362.82,0.09,66
2026-09-11T17:54:38.134+00:00,4362.69,4362.79,0.1,66
2026-09-11T17:54:38.352+00:00,4362.71,4362.8,0.09,66
2026-09-11T17:54:38.656+00:00,4362.76,4362.84,0.08,66
2026-09-11T17:54:38.875+00:00,4362.73,4362.81,0.08,66
2026-09-11T17:54:39.100+00:00,4362.73,4362.82,0.09,66
2026-09-11T17:54:39.700+00:00,4362.7,4362.79,0.09,66
2026-09-11T17:54:39.931+00:00,4362.69,4362.79,0.1,66
2026-09-11T17:54:40.245+00:00,4362.76,4362.84,0.08,66
2026-09-11T17:54:40.620+00:00,4362.75,4362.83,0.08,66
2026-09-11T17:54:40.844+00:00,4362.84,4362.92,0.08,66
2026-09-11T17:54:41.074+00:00,4362.86,4362.94,0.08,66
2026-09-11T17:54:41.730+00:00,4362.87,4362.96,0.09,66
2026-09-11T17:54:42.050+00:00,4362.93,4363.01,0.08,66
2026-09-11T17:54:42.277+00:00,4363.08,4363.16,0.08,66
2026-09-11T17:54:42.501+00:00,4363.14,4363.22,0.08,66
2026-09-11T17:54:43.031+00:00,4363.16,4363.24,0.08,66
2026-09-11T17:54:43.435+00:00,4363.17,4363.27,0.1,66
2026-09-11T17:54:44.966+00:00,4363.11,4363.21,0.1,66
2026-09-11T17:54:45.193+00:00,4362.93,4363.02,0.09,66
2026-09-11T17:54:45.788+00:00,4362.94,4363.03,0.09,66
2026-09-11T17:54:46.240+00:00,4362.88,4362.98,0.1,66
2026-09-11T17:54:46.753+00:00,4362.96,4363.05,0.09,66
2026-09-11T17:54:46.993+00:00,4363.04,4363.13,0.09,66
2026-09-11T17:54:47.218+00:00,4362.86,4362.94,0.08,66
2026-09-11T17:54:47.447+00:00,4362.81,4362.89,0.08,66
2026-09-11T17:54:47.670+00:00,4362.64,4362.72,0.08,66
2026-09-11T17:54:47.891+00:00,4362.74,4362.82,0.08,66
2026-09-11T17:54:48.264+00:00,4362.71,4362.8,0.09,66
2026-09-11T17:54:48.706+00:00,4362.8,4362.89,0.09,66
2026-09-11T17:54:48.934+00:00,4362.79,4362.87,0.08,66
2026-09-11T17:54:49.157+00:00,4362.83,4362.91,0.08,66
2026-09-11T17:54:49.382+00:00,4362.82,4362.91,0.09,66
2026-09-11T17:54:49.743+00:00,4362.89,4362.98,0.09,66
2026-09-11T17:54:50.115+00:00,4362.89,4362.99,0.1,66
2026-09-11T17:54:50.678+00:00,4362.99,4363.08,0.09,66
2026-09-11T17:54:51.987+00:00,4363.11,4363.2,0.09,66
2026-09-11T17:54:52.237+00:00,4362.92,4363.02,0.1,66
2026-09-11T17:54:52.821+00:00,4362.91,4363.01,0.1,66
2026-09-11T17:54:53.378+00:00,4362.92,4363.01,0.09,66
2026-09-11T17:54:53.696+00:00,4362.93,4363.01,0.08,66
2026-09-11T17:54:53.915+00:00,4362.78,4362.86,0.08,66
2026-09-11T17:54:54.215+00:00,4362.76,4362.84,0.08,66
2026-09-11T17:54:54.441+00:00,4362.74,4362.83,0.09,66
2026-09-11T17:54:54.730+00:00,4362.67,4362.76,0.09,66
2026-09-11T17:54:54.968+00:00,4362.69,4362.79,0.1,66
2026-09-11T17:54:55.624+00:00,4362.7,4362.8,0.1,66
2026-09-11T17:54:55.915+00:00,4362.81,4362.9,0.09,66
2026-09-11T17:54:56.142+00:00,4362.76,4362.84,0.08,66
2026-09-11T17:54:56.440+00:00,4362.78,4362.86,0.08,66
2026-09-11T17:54:56.668+00:00,4362.76,4362.84,0.08,66
2026-09-11T17:54:57.145+00:00,4362.7,4362.79,0.09,66
2026-09-11T17:54:57.371+00:00,4362.61,4362.7,0.09,66
2026-09-11T17:54:57.596+00:00,4362.63,4362.71,0.08,66
2026-09-11T17:54:57.820+00:00,4362.6,4362.68,0.08,66
2026-09-11T17:54:58.729+00:00,4362.59,4362.69,0.1,66
2026-09-11T17:54:59.002+00:00,4362.55,4362.65,0.1,66
2026-09-11T17:54:59.229+00:00,4362.58,4362.68,0.1,66
2026-09-11T17:54:59.730+00:00,4362.65,4362.74,0.09,66
2026-09-11T17:54:59.990+00:00,4362.66,4362.75,0.09,66
2026-09-11T17:55:00.582+00:00,4362.67,4362.76,0.09,66
2026-09-11T17:55:00.816+00:00,4362.68,4362.76,0.08,66
2026-09-11T17:55:01.275+00:00,4362.59,4362.68,0.09,66
2026-09-11T17:55:01.615+00:00,4362.6,4362.68,0.08,66
2026-09-11T17:55:01.841+00:00,4362.6,4362.69,0.09,66
2026-09-11T17:55:02.066+00:00,4362.67,4362.75,0.08,67
2026-09-11T17:55:02.438+00:00,4362.68,4362.76,0.08,67
2026-09-11T17:55:02.667+00:00,4362.66,4362.76,0.1,67
2026-09-11T17:55:02.890+00:00,4362.96,4363.04,0.08,67
2026-09-11T17:55:03.343+00:00,4362.95,4363.05,0.1,67
2026-09-11T17:55:03.642+00:00,4362.91,4363.01,0.1,67
2026-09-11T17:55:03.947+00:00,4362.9,4362.98,0.08,67
2026-09-11T17:55:04.250+00:00,4362.74,4362.82,0.08,67
2026-09-11T17:55:04.477+00:00,4362.73,4362.82,0.09,67
2026-09-11T17:55:04.712+00:00,4362.65,4362.75,0.1,67
2026-09-11T17:55:05.046+00:00,4362.63,4362.73,0.1,67
2026-09-11T17:55:05.261+00:00,4362.52,4362.62,0.1,67
2026-09-11T17:55:05.484+00:00,4362.48,4362.56,0.08,67
2026-09-11T17:55:05.731+00:00,4362.45,4362.53,0.08,67
2026-09-11T17:55:06.009+00:00,4362.44,4362.54,0.1,67
2026-09-11T17:55:06.236+00:00,4362.49,4362.59,0.1,67
2026-09-11T17:55:06.685+00:00,4362.5,4362.6,0.1,67
2026-09-11T17:55:06.984+00:00,4362.51,4362.61,0.1,67
2026-09-11T17:55:07.212+00:00,4362.5,4362.6,0.1,67
2026-09-11T17:55:07.601+00:00,4362.38,4362.46,0.08,67
2026-09-11T17:55:07.828+00:00,4362.43,4362.51,0.08,67
2026-09-11T17:55:08.055+00:00,4362.53,4362.62,0.09,67
2026-09-11T17:55:08.355+00:00,4362.46,4362.56,0.1,67
2026-09-11T17:55:08.581+00:00,4362.53,4362.62,0.09,67
2026-09-11T17:55:08.806+00:00,4362.43,4362.52,0.09,67
2026-09-11T17:55:09.105+00:00,4362.39,4362.48,0.09,67
2026-09-11T17:55:09.330+00:00,4362.31,4362.39,0.08,67
2026-09-11T17:55:09.782+00:00,4362.37,4362.45,0.08,67
2026-09-11T17:55:10.005+00:00,4362.5,4362.58,0.08,67
2026-09-11T17:55:10.567+00:00,4362.49,4362.57,0.08,67
2026-09-11T17:55:10.791+00:00,4362.48,4362.56,0.08,67
2026-09-11T17:55:11.014+00:00,4362.49,4362.57,0.08,67
2026-09-11T17:55:11.241+00:00,4362.58,4362.67,0.09,67
2026-09-11T17:55:11.466+00:00,4362.75,4362.83,0.08,67
2026-09-11T17:55:11.730+00:00,4362.96,4363.05,0.09,67
2026-09-11T17:55:12.140+00:00,4362.9,4362.98,0.08,67
2026-09-11T17:55:12.444+00:00,4362.88,4362.96,0.08,67
2026-09-11T17:55:12.666+00:00,4363.04,4363.12,0.08,67
2026-09-11T17:55:12.892+00:00,4363.07,4363.15,0.08,67
2026-09-11T17:55:13.115+00:00,4363.06,4363.16,0.1,67
2026-09-11T17:55:13.341+00:00,4362.97,4363.05,0.08,67
2026-09-11T17:55:13.642+00:00,4362.81,4362.89,0.08,67
2026-09-11T17:55:13.865+00:00,4362.74,4362.82,0.08,67
2026-09-11T17:55:14.092+00:00,4362.71,4362.79,0.08,67
2026-09-11T17:55:14.318+00:00,4362.7,4362.78,0.08,67
2026-09-11T17:55:14.544+00:00,4362.67,4362.75,0.08,67
2026-09-11T17:55:14.908+00:00,4362.66,4362.74,0.08,67
2026-09-11T17:55:15.319+00:00,4362.64,4362.73,0.09,67
2026-09-11T17:55:15.636+00:00,4362.66,4362.74,0.08,67
2026-09-11T17:55:16.085+00:00,4362.67,4362.75,0.08,67
2026-09-11T17:55:16.472+00:00,4362.66,4362.74,0.08,67
2026-09-11T17:55:16.695+00:00,4362.73,4362.81,0.08,67
2026-09-11T17:55:16.994+00:00,4362.87,4362.95,0.08,67
2026-09-11T17:55:17.220+00:00,4362.85,4362.93,0.08,67
2026-09-11T17:55:17.530+00:00,4362.82,4362.9,0.08,67
2026-09-11T17:55:17.833+00:00,4362.73,4362.81,0.08,67
2026-09-11T17:55:18.131+00:00,4362.68,4362.76,0.08,67
2026-09-11T17:55:18.730+00:00,4362.67,4362.76,0.09,67
2026-09-11T17:55:19.033+00:00,4362.49,4362.58,0.09,67
2026-09-11T17:55:19.259+00:00,4362.57,4362.66,0.09,67
2026-09-11T17:55:19.634+00:00,4362.59,4362.67,0.08,67
2026-09-11T17:55:19.858+00:00,4362.32,4362.4,0.08,67
2026-09-11T17:55:20.082+00:00,4361.77,4361.85,0.08,67
2026-09-11T17:55:20.308+00:00,4361.87,4361.96,0.09,67
2026-09-11T17:55:20.534+00:00,4361.84,4361.93,0.09,67
2026-09-11T17:55:20.738+00:00,4361.81,4361.91,0.1,67
2026-09-11T17:55:20.983+00:00,4361.71,4361.82,0.11,67
2026-09-11T17:55:21.209+00:00,4361.6,4361.73,0.13,67
2026-09-11T17:55:21.434+00:00,4361.61,4361.73,0.12,67
2026-09-11T17:55:21.658+00:00,4361.71,4361.83,0.12,67
2026-09-11T17:55:21.886+00:00,4361.81,4361.93,0.12,67
2026-09-11T17:55:22.110+00:00,4362.02,4362.12,0.1,67
2026-09-11T17:55:22.412+00:00,4361.9,4361.99,0.09,67
2026-09-11T17:55:22.635+00:00,4361.87,4361.98,0.11,67
2026-09-11T17:55:22.864+00:00,4361.89,4362.0,0.11,67
2026-09-11T17:55:23.173+00:00,4361.81,4361.92,0.11,67
2026-09-11T17:55:23.391+00:00,4361.82,4361.93,0.11,67
2026-09-11T17:55:23.730+00:00,4361.75,4361.86,0.11,67
2026-09-11T17:55:23.941+00:00,4361.81,4361.93,0.12,67
2026-09-11T17:55:24.316+00:00,4361.74,4361.85,0.11,67
2026-09-11T17:55:24.540+00:00,4361.77,4361.88,0.11,67
2026-09-11T17:55:24.767+00:00,4361.85,4361.96,0.11,67
2026-09-11T17:55:24.991+00:00,4361.77,4361.88,0.11,67
2026-09-11T17:55:25.219+00:00,4361.84,4361.95,0.11,67
2026-09-11T17:55:25.729+00:00,4361.84,4361.93,0.09,67
2026-09-11T17:55:26.356+00:00,4361.87,4361.96,0.09,67
2026-09-11T17:55:26.612+00:00,4362.03,4362.13,0.1,67
2026-09-11T17:55:26.839+00:00,4361.73,4361.84,0.11,67
2026-09-11T17:55:27.137+00:00,4362.1,4362.22,0.12,67
2026-09-11T17:55:27.513+00:00,4362.21,4362.31,0.1,68
2026-09-11T17:55:27.739+00:00,4362.25,4362.36,0.11,68
2026-09-11T17:55:28.042+00:00,4362.24,4362.36,0.12,68
2026-09-11T17:55:28.730+00:00,4362.23,4362.36,0.13,68
2026-09-11T17:55:29.210+00:00,4362.12,4362.25,0.13,68
2026-09-11T17:55:29.635+00:00,4361.9,4362.03,0.13,68
2026-09-11T17:55:29.932+00:00,4361.89,4362.01,0.12,68
2026-09-11T17:55:30.170+00:00,4361.86,4361.99,0.13,68
2026-09-11T17:55:30.435+00:00,4361.88,4361.99,0.11,68
2026-09-11T17:55:30.907+00:00,4361.91,4362.02,0.11,68
2026-09-11T17:55:31.205+00:00,4361.84,4361.95,0.11,68
2026-09-11T17:55:31.432+00:00,4361.86,4361.98,0.12,68
2026-09-11T17:55:31.770+00:00,4361.84,4361.95,0.11,68
2026-09-11T17:55:31.995+00:00,4361.78,4361.88,0.1,68
2026-09-11T17:55:32.221+00:00,4361.79,4361.9,0.11,68
2026-09-11T17:55:32.447+00:00,4361.67,4361.78,0.11,68
2026-09-11T17:55:32.672+00:00,4361.89,4362.01,0.12,68
2026-09-11T17:55:32.980+00:00,4361.81,4361.92,0.11,68
2026-09-11T17:55:33.508+00:00,4361.9,4362.01,0.11,68
2026-09-11T17:55:33.732+00:00,4361.8,4361.91,0.11,68
2026-09-11T17:55:34.406+00:00,4361.87,4362.0,0.13,68
2026-09-11T17:55:34.652+00:00,4361.79,4361.91,0.12,68
2026-09-11T17:55:34.878+00:00,4361.82,4361.94,0.12,68
2026-09-11T17:55:35.100+00:00,4361.73,4361.84,0.11,68
2026-09-11T17:55:35.399+00:00,4361.72,4361.85,0.13,68
2026-09-11T17:55:35.832+00:00,4361.74,4361.87,0.13,68
2026-09-11T17:55:36.095+00:00,4361.72,4361.85,0.13,68
2026-09-11T17:55:36.374+00:00,4361.73,4361.85,0.12,68
2026-09-11T17:55:36.597+00:00,4361.55,4361.66,0.11,68
2026-09-11T17:55:36.821+00:00,4361.6,4361.69,0.09,68
2026-09-11T17:55:37.048+00:00,4361.52,4361.62,0.1,68
2026-09-11T17:55:37.272+00:00,4361.78,4361.9,0.12,68
2026-09-11T17:55:37.472+00:00,4361.62,4361.74,0.12,68
2026-09-11T17:55:37.701+00:00,4361.3,4361.41,0.11,68
2026-09-11T17:55:37.921+00:00,4361.31,4361.44,0.13,68
2026-09-11T17:55:38.222+00:00,4361.31,4361.43,0.12,68
2026-09-11T17:55:38.448+00:00,4361.29,4361.39,0.1,68
2026-09-11T17:55:38.673+00:00,4361.28,4361.39,0.11,68
2026-09-11T17:55:38.897+00:00,4361.07,4361.17,0.1,68
2026-09-11T17:55:39.124+00:00,4361.01,4361.13,0.12,68
2026-09-11T17:55:39.574+00:00,4361.04,4361.16,0.12,68
2026-09-11T17:55:39.799+00:00,4361.11,4361.23,0.12,68
2026-09-11T17:55:40.119+00:00,4361.0,4361.12,0.12,68
2026-09-11T17:55:40.348+00:00,4361.04,4361.16,0.12,68
2026-09-11T17:55:40.570+00:00,4360.91,4361.02,0.11,68
2026-09-11T17:55:40.796+00:00,4361.02,4361.14,0.12,68
2026-09-11T17:55:41.245+00:00,4361.17,4361.28,0.11,68
2026-09-11T17:55:41.470+00:00,4361.11,4361.23,0.12,68
2026-09-11T17:55:41.696+00:00,4361.1,4361.23,0.13,68
2026-09-11T17:55:41.997+00:00,4361.06,4361.17,0.11,68
2026-09-11T17:55:42.222+00:00,4360.85,4360.97,0.12,68
2026-09-11T17:55:42.553+00:00,4361.06,4361.16,0.1,68
2026-09-11T17:55:42.930+00:00,4361.07,4361.18,0.11,68
2026-09-11T17:55:43.225+00:00,4361.33,4361.43,0.1,68
2026-09-11T17:55:43.449+00:00,4361.09,4361.19,0.1,68
2026-09-11T17:55:43.675+00:00,4361.33,4361.43,0.1,68
2026-09-11T17:55:43.902+00:00,4361.3,4361.4,0.1,68
2026-09-11T17:55:44.353+00:00,4360.89,4361.0,0.11,68
2026-09-11T17:55:44.580+00:00,4360.92,4361.03,0.11,68
2026-09-11T17:55:44.804+00:00,4360.91,4361.04,0.13,68
2026-09-11T17:55:45.206+00:00,4361.02,4361.15,0.13,68
2026-09-11T17:55:45.513+00:00,4361.18,4361.3,0.12,68
2026-09-11T17:55:45.730+00:00,4361.19,4361.31,0.12,68
2026-09-11T17:55:45.964+00:00,4361.1,4361.22,0.12,68
2026-09-11T17:55:46.345+00:00,4360.88,4361.0,0.12,68
2026-09-11T17:55:46.721+00:00,4360.87,4361.0,0.13,68
2026-09-11T17:55:46.972+00:00,4360.85,4360.98,0.13,68
2026-09-11T17:55:47.197+00:00,4360.71,4360.84,0.13,68
2026-09-11T17:55:47.421+00:00,4361.07,4361.19,0.12,68
2026-09-11T17:55:47.731+00:00,4361.0,4361.13,0.13,68
2026-09-11T17:55:48.172+00:00,4360.78,4360.89,0.11,68
2026-09-11T17:55:48.730+00:00,4360.67,4360.79,0.12,68
2026-09-11T17:55:49.063+00:00,4360.68,4360.79,0.11,68
2026-09-11T17:55:49.730+00:00,4360.67,4360.78,0.11,68
2026-09-11T17:55:50.026+00:00,4360.68,4360.8,0.12,68
2026-09-11T17:55:50.730+00:00,4360.78,4360.9,0.12,68
2026-09-11T17:55:51.225+00:00,4361.03,4361.13,0.1,68
2026-09-11T17:55:51.451+00:00,4361.06,4361.16,0.1,68
2026-09-11T17:55:51.676+00:00,4361.26,4361.34,0.08,68
2026-09-11T17:55:51.900+00:00,4361.28,4361.36,0.08,68
2026-09-11T17:55:52.276+00:00,4361.18,4361.28,0.1,68
2026-09-11T17:55:52.799+00:00,4361.19,4361.29,0.1,69
2026-09-11T17:55:53.404+00:00,4361.15,4361.26,0.11,69
2026-09-11T17:55:53.630+00:00,4361.15,4361.25,0.1,69
2026-09-11T17:55:53.865+00:00,4361.12,4361.21,0.09,69
2026-09-11T17:55:54.089+00:00,4361.07,4361.17,0.1,69
2026-09-11T17:55:54.315+00:00,4360.82,4360.94,0.12,69
2026-09-11T17:55:54.743+00:00,4360.84,4360.95,0.11,69
2026-09-11T17:55:54.966+00:00,4360.85,4360.95,0.1,69
2026-09-11T17:55:55.419+00:00,4360.79,4360.89,0.1,69
2026-09-11T17:55:55.718+00:00,4360.78,4360.9,0.12,69
2026-09-11T17:55:56.051+00:00,4360.79,4360.9,0.11,69
2026-09-11T17:55:56.743+00:00,4360.82,4360.93,0.11,69
2026-09-11T17:55:56.938+00:00,4360.81,4360.93,0.12,69
2026-09-11T17:55:57.163+00:00,4361.07,4361.16,0.09,69
2026-09-11T17:55:57.464+00:00,4361.08,4361.16,0.08,69
2026-09-11T17:55:57.731+00:00,4361.02,4361.1,0.08,69
2026-09-11T17:55:57.985+00:00,4361.01,4361.09,0.08,69
2026-09-11T17:55:58.209+00:00,4360.96,4361.05,0.09,69
2026-09-11T17:55:58.660+00:00,4360.97,4361.07,0.1,69
2026-09-11T17:55:58.884+00:00,4360.96,4361.06,0.1,69
2026-09-11T17:55:59.110+00:00,4361.09,4361.18,0.09,69
2026-09-11T17:55:59.338+00:00,4361.1,4361.21,0.11,69
2026-09-11T17:55:59.561+00:00,4361.34,4361.45,0.11,69
2026-09-11T17:55:59.784+00:00,4361.1,4361.22,0.12,69
2026-09-11T17:56:00.110+00:00,4361.12,4361.23,0.11,69
2026-09-11T17:56:00.410+00:00,4361.17,4361.29,0.12,69
2026-09-11T17:56:00.643+00:00,4361.14,4361.25,0.11,69
2026-09-11T17:56:01.090+00:00,4361.06,4361.18,0.12,69
2026-09-11T17:56:01.313+00:00,4361.04,4361.14,0.1,69
2026-09-11T17:56:01.536+00:00,4361.06,4361.17,0.11,69
2026-09-11T17:56:01.763+00:00,4361.16,4361.28,0.12,69
2026-09-11T17:56:02.214+00:00,4361.17,4361.28,0.11,69
2026-09-11T17:56:02.436+00:00,4361.16,4361.27,0.11,69
2026-09-11T17:56:02.684+00:00,4361.07,4361.18,0.11,69
2026-09-11T17:56:02.986+00:00,4361.06,4361.18,0.12,69
2026-09-11T17:56:03.293+00:00,4361.05,4361.18,0.13,69
2026-09-11T17:56:03.509+00:00,4360.85,4360.97,0.12,69
2026-09-11T17:56:03.730+00:00,4360.89,4361.0,0.11,69
2026-09-11T17:56:03.959+00:00,4360.88,4361.0,0.12,69
2026-09-11T17:56:04.408+00:00,4360.88,4360.98,0.1,69
2026-09-11T17:56:04.636+00:00,4360.87,4360.96,0.09,69
2026-09-11T17:56:04.880+00:00,4360.87,4360.97,0.1,69
2026-09-11T17:56:05.401+00:00,4360.88,4360.98,0.1,69
2026-09-11T17:56:05.627+00:00,4361.09,4361.2,0.11,69
2026-09-11T17:56:05.850+00:00,4361.15,4361.23,0.08,69
2026-09-11T17:56:06.410+00:00,4361.15,4361.24,0.09,69
2026-09-11T17:56:06.688+00:00,4361.11,4361.19,0.08,69
2026-09-11T17:56:07.054+00:00,4361.12,4361.2,0.08,69
2026-09-11T17:56:07.281+00:00,4361.1,4361.18,0.08,69
2026-09-11T17:56:07.506+00:00,4361.08,4361.16,0.08,69
2026-09-11T17:56:07.730+00:00,4361.0,4361.09,0.09,69
2026-09-11T17:56:07.957+00:00,4361.01,4361.12,0.11,69
2026-09-11T17:56:08.182+00:00,4361.02,4361.11,0.09,69
2026-09-11T17:56:08.420+00:00,4361.0,4361.1,0.1,69
2026-09-11T17:56:08.645+00:00,4360.56,4360.66,0.1,69
2026-09-11T17:56:08.870+00:00,4360.29,4360.41,0.12,69
2026-09-11T17:56:09.100+00:00,4360.27,4360.38,0.11,69
2026-09-11T17:56:09.319+00:00,4360.04,4360.14,0.1,69
2026-09-11T17:56:09.546+00:00,4360.06,4360.17,0.11,69
2026-09-11T17:56:09.779+00:00,4360.27,4360.35,0.08,69
2026-09-11T17:56:09.995+00:00,4360.38,4360.46,0.08,69
2026-09-11T17:56:10.221+00:00,4360.36,4360.46,0.1,69
2026-09-11T17:56:10.447+00:00,4360.37,4360.47,0.1,69
2026-09-11T17:56:11.415+00:00,4360.45,4360.54,0.09,69
2026-09-11T17:56:11.640+00:00,4360.39,4360.48,0.09,69
2026-09-11T17:56:11.871+00:00,4360.42,4360.51,0.09,69
2026-09-11T17:56:12.095+00:00,4360.39,4360.49,0.1,69
2026-09-11T17:56:12.319+00:00,4360.47,4360.59,0.12,69
2026-09-11T17:56:12.546+00:00,4360.36,4360.49,0.13,69
2026-09-11T17:56:13.092+00:00,4360.41,4360.54,0.13,69
2026-09-11T17:56:13.316+00:00,4360.41,4360.51,0.1,69
2026-09-11T17:56:13.616+00:00,4360.42,4360.53,0.11,69
2026-09-11T17:56:14.141+00:00,4360.43,4360.52,0.09,69
2026-09-11T17:56:14.366+00:00,4360.33,4360.44,0.11,69
2026-09-11T17:56:14.589+00:00,4360.38,4360.49,0.11,69
2026-09-11T17:56:14.818+00:00,4360.36,4360.47,0.11,69
2026-09-11T17:56:15.121+00:00,4360.38,4360.48,0.1,69
2026-09-11T17:56:15.340+00:00,4360.26,4360.36,0.1,69
2026-09-11T17:56:15.565+00:00,4360.25,4360.37,0.12,69
2026-09-11T17:56:15.791+00:00,4360.16,4360.27,0.11,69
2026-09-11T17:56:16.091+00:00,4360.16,4360.28,0.12,69
2026-09-11T17:56:16.391+00:00,4360.26,4360.38,0.12,69
2026-09-11T17:56:17.192+00:00,4360.28,4360.4,0.12,69
2026-09-11T17:56:17.417+00:00,4360.39,4360.49,0.1,69
2026-09-11T17:56:17.717+00:00,4360.4,4360.51,0.11,70
2026-09-11T17:56:17.945+00:00,4360.39,4360.51,0.12,70
2026-09-11T17:56:18.392+00:00,4360.3,4360.42,0.12,70
2026-09-11T17:56:18.845+00:00,4360.29,4360.42,0.13,70
2026-09-11T17:56:19.146+00:00,4360.25,4360.37,0.12,70
2026-09-11T17:56:19.369+00:00,4360.26,4360.37,0.11,70
2026-09-11T17:56:19.594+00:00,4360.24,4360.36,0.12,70
2026-09-11T17:56:19.894+00:00,4360.23,4360.33,0.1,70
2026-09-11T17:56:20.120+00:00,4360.48,4360.57,0.09,70
2026-09-11T17:56:20.343+00:00,4360.43,4360.52,0.09,70
2026-09-11T17:56:20.569+00:00,4360.44,4360.56,0.12,70
2026-09-11T17:56:20.794+00:00,4360.44,4360.55,0.11,70
2026-09-11T17:56:21.244+00:00,4360.48,4360.57,0.09,70
2026-09-11T17:56:21.469+00:00,4360.5,4360.58,0.08,70
2026-09-11T17:56:21.695+00:00,4360.64,4360.73,0.09,70
2026-09-11T17:56:21.920+00:00,4360.38,4360.47,0.09,70
2026-09-11T17:56:22.144+00:00,4360.24,4360.35,0.11,70
2026-09-11T17:56:22.370+00:00,4360.32,4360.43,0.11,70
2026-09-11T17:56:22.671+00:00,4360.35,4360.44,0.09,70
2026-09-11T17:56:22.897+00:00,4360.24,4360.33,0.09,70
2026-09-11T17:56:23.569+00:00,4360.1,4360.19,0.09,70
2026-09-11T17:56:23.870+00:00,4360.09,4360.19,0.1,70
2026-09-11T17:56:24.735+00:00,4360.17,4360.27,0.1,70
2026-09-11T17:56:25.135+00:00,4360.18,4360.28,0.1,70
2026-09-11T17:56:25.362+00:00,4360.22,4360.32,0.1,70
2026-09-11T17:56:25.584+00:00,4360.28,4360.37,0.09,70
2026-09-11T17:56:25.812+00:00,4360.34,4360.43,0.09,70
2026-09-11T17:56:26.035+00:00,4360.27,4360.36,0.09,70
2026-09-11T17:56:26.262+00:00,4360.29,4360.39,0.1,70
2026-09-11T17:56:26.718+00:00,4360.24,4360.33,0.09,70
2026-09-11T17:56:26.941+00:00,4360.25,4360.34,0.09,70
2026-09-11T17:56:27.243+00:00,4360.29,4360.38,0.09,70
2026-09-11T17:56:27.467+00:00,4360.25,4360.33,0.08,70
2026-09-11T17:56:27.691+00:00,4360.2,4360.29,0.09,70
2026-09-11T17:56:27.999+00:00,4360.21,4360.31,0.1,70
2026-09-11T17:56:28.222+00:00,4360.31,4360.4,0.09,70
2026-09-11T17:56:28.729+00:00,4360.2,4360.29,0.09,70
2026-09-11T17:56:29.006+00:00,4360.16,4360.27,0.11,70
2026-09-11T17:56:29.227+00:00,4360.26,4360.36,0.1,70
2026-09-11T17:56:29.523+00:00,4360.26,4360.37,0.11,70
2026-09-11T17:56:29.730+00:00,4360.25,4360.37,0.12,70
2026-09-11T17:56:29.992+00:00,4360.34,4360.45,0.11,70
2026-09-11T17:56:30.220+00:00,4360.04,4360.16,0.12,70
2026-09-11T17:56:30.444+00:00,4359.9,4360.02,0.12,70
2026-09-11T17:56:30.668+00:00,4359.8,4359.93,0.13,70
2026-09-11T17:56:30.893+00:00,4360.0,4360.11,0.11,70
2026-09-11T17:56:31.342+00:00,4359.97,4360.08,0.11,70
2026-09-11T17:56:31.568+00:00,4360.06,4360.16,0.1,70
2026-09-11T17:56:31.792+00:00,4360.21,4360.3,0.09,70
2026-09-11T17:56:32.017+00:00,4360.06,4360.15,0.09,70
2026-09-11T17:56:32.481+00:00,4359.96,4360.04,0.08,70
2026-09-11T17:56:32.729+00:00,4359.95,4360.05,0.1,70
2026-09-11T17:56:32.997+00:00,4360.04,4360.14,0.1,70
2026-09-11T17:56:33.297+00:00,4360.05,4360.16,0.11,70
2026-09-11T17:56:33.523+00:00,4360.21,4360.31,0.1,70
2026-09-11T17:56:33.976+00:00,4360.2,4360.31,0.11,70
2026-09-11T17:56:34.200+00:00,4359.88,4359.99,0.11,70
2026-09-11T17:56:34.423+00:00,4359.95,4360.04,0.09,70
2026-09-11T17:56:34.730+00:00,4359.93,4360.02,0.09,70
2026-09-11T17:56:35.175+00:00,4359.89,4359.99,0.1,70
2026-09-11T17:56:35.477+00:00,4359.94,4360.04,0.1,70
2026-09-11T17:56:35.927+00:00,4359.8,4359.9,0.1,70
2026-09-11T17:56:36.151+00:00,4359.77,4359.88,0.11,70
2026-09-11T17:56:36.376+00:00,4359.66,4359.78,0.12,70
2026-09-11T17:56:36.604+00:00,4359.76,4359.88,0.12,70
2026-09-11T17:56:36.836+00:00,4359.82,4359.92,0.1,70
2026-09-11T17:56:37.125+00:00,4359.72,4359.81,0.09,70
2026-09-11T17:56:37.357+00:00,4359.79,4359.89,0.1,70
2026-09-11T17:56:37.575+00:00,4359.79,4359.9,0.11,70
2026-09-11T17:56:37.877+00:00,4359.8,4359.89,0.09,70
2026-09-11T17:56:38.327+00:00,4359.8,4359.88,0.08,70
2026-09-11T17:56:38.724+00:00,4359.8,4359.89,0.09,70
2026-09-11T17:56:38.948+00:00,4359.67,4359.77,0.1,70
2026-09-11T17:56:39.252+00:00,4359.66,4359.78,0.12,70
2026-09-11T17:56:39.731+00:00,4359.65,4359.78,0.13,70
2026-09-11T17:56:40.009+00:00,4359.78,4359.91,0.13,70
2026-09-11T17:56:40.542+00:00,4359.68,4359.81,0.13,70
2026-09-11T17:56:40.960+00:00,4359.71,4359.84,0.13,70
2026-09-11T17:56:41.186+00:00,4360.19,4360.31,0.12,70
2026-09-11T17:56:41.486+00:00,4360.2,4360.3,0.1,70
2026-09-11T17:56:41.939+00:00,4360.21,4360.32,0.11,70
2026-09-11T17:56:42.401+00:00,4359.9,4360.01,0.11,70
2026-09-11T17:56:42.729+00:00,4359.82,4359.93,0.11,71
2026-09-11T17:56:42.995+00:00,4359.74,4359.86,0.12,71
2026-09-11T17:56:43.230+00:00,4359.66,4359.79,0.13,71
2026-09-11T17:56:43.451+00:00,4359.76,4359.87,0.11,71
2026-09-11T17:56:43.676+00:00,4359.79,4359.89,0.1,71
2026-09-11T17:56:43.901+00:00,4359.89,4359.98,0.09,71
2026-09-11T17:56:44.266+00:00,4359.9,4359.99,0.09,71
2026-09-11T17:56:44.491+00:00,4359.82,4359.91,0.09,71
2026-09-11T17:56:44.728+00:00,4359.78,4359.89,0.11,71
2026-09-11T17:56:44.941+00:00,4359.71,4359.83,0.12,71
2026-09-11T17:56:45.165+00:00,4359.61,4359.71,0.1,71
2026-09-11T17:56:45.728+00:00,4359.7,4359.8,0.1,71
2026-09-11T17:56:46.009+00:00,4359.62,4359.73,0.11,71
2026-09-11T17:56:46.294+00:00,4359.69,4359.78,0.09,71
2026-09-11T17:56:46.722+00:00,4359.76,4359.84,0.08,71
2026-09-11T17:56:46.946+00:00,4359.9,4359.99,0.09,71
2026-09-11T17:56:47.170+00:00,4359.85,4359.93,0.08,71
2026-09-11T17:56:47.405+00:00,4359.89,4359.97,0.08,71
2026-09-11T17:56:47.696+00:00,4359.81,4359.89,0.08,71
2026-09-11T17:56:47.996+00:00,4359.8,4359.9,0.1,71
2026-09-11T17:56:48.222+00:00,4359.77,4359.88,0.11,71
2026-09-11T17:56:48.448+00:00,4359.86,4359.98,0.12,71
2026-09-11T17:56:48.671+00:00,4360.06,4360.17,0.11,71
2026-09-11T17:56:49.018+00:00,4360.07,4360.16,0.09,71
2026-09-11T17:56:49.550+00:00,4359.94,4360.04,0.1,71
2026-09-11T17:56:49.850+00:00,4359.56,4359.67,0.11,71
2026-09-11T17:56:50.076+00:00,4359.56,4359.68,0.12,71
2026-09-11T17:56:50.301+00:00,4359.66,4359.78,0.12,71
2026-09-11T17:56:50.730+00:00,4359.67,4359.77,0.1,71
2026-09-11T17:56:50.978+00:00,4359.47,4359.56,0.09,71
2026-09-11T17:56:51.210+00:00,4359.46,4359.57,0.11,71
2026-09-11T17:56:51.428+00:00,4359.44,4359.56,0.12,71
2026-09-11T17:56:51.657+00:00,4359.41,4359.52,0.11,71
2026-09-11T17:56:51.881+00:00,4359.49,4359.59,0.1,71
2026-09-11T17:56:52.103+00:00,4359.49,4359.58,0.09,71
2026-09-11T17:56:52.553+00:00,4359.72,4359.8,0.08,71
2026-09-11T17:56:52.778+00:00,4359.91,4359.99,0.08,71
2026-09-11T17:56:53.234+00:00,4359.93,4360.02,0.09,71
2026-09-11T17:56:53.551+00:00,4359.97,4360.05,0.08,71
2026-09-11T17:56:53.776+00:00,4359.75,4359.85,0.1,71
2026-09-11T17:56:54.076+00:00,4359.74,4359.85,0.11,71
2026-09-11T17:56:54.315+00:00,4359.73,4359.85,0.12,71
2026-09-11T17:56:54.540+00:00,4359.96,4360.08,0.12,71
2026-09-11T17:56:54.914+00:00,4359.76,4359.88,0.12,71
2026-09-11T17:56:55.140+00:00,4359.51,4359.62,0.11,71
2026-09-11T17:56:55.670+00:00,4359.54,4359.64,0.1,71
2026-09-11T17:56:56.052+00:00,4359.56,4359.66,0.1,71
2026-09-11T17:56:56.349+00:00,4359.59,4359.7,0.11,71
2026-09-11T17:56:56.653+00:00,4359.82,4359.93,0.11,71
2026-09-11T17:56:57.161+00:00,4359.82,4359.94,0.12,71
2026-09-11T17:56:57.458+00:00,4359.67,4359.78,0.11,71
2026-09-11T17:56:57.681+00:00,4359.68,4359.77,0.09,71
2026-09-11T17:56:58.019+00:00,4359.67,4359.76,0.09,71
2026-09-11T17:56:58.353+00:00,4359.59,4359.68,0.09,71
2026-09-11T17:56:58.654+00:00,4359.53,4359.63,0.1,71
2026-09-11T17:56:58.881+00:00,4359.56,4359.66,0.1,71
2026-09-11T17:56:59.105+00:00,4359.64,4359.74,0.1,71
2026-09-11T17:56:59.404+00:00,4359.69,4359.79,0.1,71
2026-09-11T17:56:59.630+00:00,4359.92,4360.01,0.09,71
2026-09-11T17:56:59.857+00:00,4359.81,4359.89,0.08,71
2026-09-11T17:57:00.079+00:00,4359.79,4359.87,0.08,71
2026-09-11T17:57:00.304+00:00,4359.78,4359.86,0.08,71
2026-09-11T17:57:00.681+00:00,4359.74,4359.82,0.08,71
2026-09-11T17:57:00.915+00:00,4359.87,4359.95,0.08,71
2026-09-11T17:57:01.143+00:00,4359.58,4359.67,0.09,71
2026-09-11T17:57:01.366+00:00,4359.65,4359.75,0.1,71
2026-09-11T17:57:01.602+00:00,4359.59,4359.67,0.08,71
2026-09-11T17:57:01.816+00:00,4359.59,4359.68,0.09,71
2026-09-11T17:57:02.040+00:00,4359.6,4359.7,0.1,71
2026-09-11T17:57:02.267+00:00,4359.58,4359.67,0.09,71
2026-09-11T17:57:02.490+00:00,4359.45,4359.55,0.1,71
2026-09-11T17:57:02.716+00:00,4359.46,4359.57,0.11,71
2026-09-11T17:57:03.039+00:00,4359.45,4359.55,0.1,71
2026-09-11T17:57:03.261+00:00,4359.54,4359.63,0.09,71
2026-09-11T17:57:03.535+00:00,4359.51,4359.6,0.09,71
2026-09-11T17:57:03.761+00:00,4359.53,4359.61,0.08,71
2026-09-11T17:57:04.499+00:00,4359.52,4359.6,0.08,71
2026-09-11T17:57:04.727+00:00,4359.55,4359.63,0.08,71
2026-09-11T17:57:05.026+00:00,4359.63,4359.71,0.08,71
2026-09-11T17:57:05.596+00:00,4359.52,4359.6,0.08,71
2026-09-11T17:57:05.819+00:00,4359.51,4359.61,0.1,71
2026-09-11T17:57:06.045+00:00,4359.44,4359.56,0.12,71
2026-09-11T17:57:06.270+00:00,4359.48,4359.57,0.09,71
2026-09-11T17:57:06.680+00:00,4359.51,4359.59,0.08,71
2026-09-11T17:57:07.420+00:00,4359.53,4359.61,0.08,71
2026-09-11T17:57:07.729+00:00,4359.42,4359.5,0.08,72
2026-09-11T17:57:07.945+00:00,4359.33,4359.42,0.09,72
2026-09-11T17:57:08.171+00:00,4359.08,4359.18,0.1,72
2026-09-11T17:57:08.396+00:00,4359.08,4359.19,0.11,72
2026-09-11T17:57:08.772+00:00,4359.11,4359.22,0.11,72
2026-09-11T17:57:08.997+00:00,4359.12,4359.22,0.1,72
2026-09-11T17:57:09.372+00:00,4359.14,4359.24,0.1,72
2026-09-11T17:57:09.747+00:00,4359.14,4359.23,0.09,72
2026-09-11T17:57:09.973+00:00,4359.18,4359.27,0.09,72
2026-09-11T17:57:10.207+00:00,4359.23,4359.33,0.1,72
2026-09-11T17:57:10.424+00:00,4359.3,4359.4,0.1,72
2026-09-11T17:57:10.673+00:00,4359.24,4359.33,0.09,72
2026-09-11T17:57:10.898+00:00,4359.32,4359.4,0.08,72
2026-09-11T17:57:11.498+00:00,4359.28,4359.36,0.08,72
2026-09-11T17:57:11.725+00:00,4359.21,4359.29,0.08,72
2026-09-11T17:57:11.955+00:00,4359.11,4359.21,0.1,72
2026-09-11T17:57:12.180+00:00,4359.15,4359.25,0.1,72
2026-09-11T17:57:12.551+00:00,4359.03,4359.14,0.11,72
2026-09-11T17:57:12.852+00:00,4359.05,4359.16,0.11,72
2026-09-11T17:57:13.228+00:00,4359.1,4359.18,0.08,72
2026-09-11T17:57:13.453+00:00,4359.04,4359.12,0.08,72
2026-09-11T17:57:13.757+00:00,4359.08,4359.16,0.08,72
2026-09-11T17:57:14.057+00:00,4359.14,4359.22,0.08,72
2026-09-11T17:57:14.728+00:00,4359.13,4359.21,0.08,72
2026-09-11T17:57:14.976+00:00,4359.11,4359.19,0.08,72
2026-09-11T17:57:15.194+00:00,4359.21,4359.29,0.08,72
2026-09-11T17:57:15.493+00:00,4359.22,4359.3,0.08,72
2026-09-11T17:57:15.733+00:00,4359.2,4359.28,0.08,72
2026-09-11T17:57:15.977+00:00,4359.18,4359.26,0.08,72
2026-09-11T17:57:16.258+00:00,4359.15,4359.23,0.08,72
2026-09-11T17:57:16.557+00:00,4359.16,4359.26,0.1,72
2026-09-11T17:57:16.780+00:00,4359.11,4359.21,0.1,72
2026-09-11T17:57:17.004+00:00,4359.15,4359.24,0.09,72
2026-09-11T17:57:17.231+00:00,4359.16,4359.24,0.08,72
2026-09-11T17:57:17.729+00:00,4359.17,4359.25,0.08,72
2026-09-11T17:57:18.049+00:00,4359.13,4359.21,0.08,72
2026-09-11T17:57:18.275+00:00,4359.05,4359.13,0.08,72
2026-09-11T17:57:18.728+00:00,4359.06,4359.14,0.08,72
2026-09-11T17:57:19.181+00:00,4359.0,4359.08,0.08,72
2026-09-11T17:57:19.480+00:00,4359.02,4359.1,0.08,72
2026-09-11T17:57:19.889+00:00,4359.03,4359.11,0.08,72
2026-09-11T17:57:19.927+00:00,4359.08,4359.16,0.08,72
2026-09-11T17:57:20.606+00:00,4358.99,4359.07,0.08,72
2026-09-11T17:57:20.840+00:00,4358.98,4359.08,0.1,72
2026-09-11T17:57:21.273+00:00,4359.01,4359.11,0.1,72
2026-09-11T17:57:21.528+00:00,4359.02,4359.1,0.08,72
2026-09-11T17:57:21.994+00:00,4358.89,4358.97,0.08,72
2026-09-11T17:57:22.369+00:00,4358.89,4358.99,0.1,72
2026-09-11T17:57:22.595+00:00,4359.1,4359.19,0.09,72
2026-09-11T17:57:22.820+00:00,4359.06,4359.14,0.08,72
2026-09-11T17:57:23.045+00:00,4359.07,4359.15,0.08,72
2026-09-11T17:57:23.274+00:00,4359.05,4359.14,0.09,72
2026-09-11T17:57:23.502+00:00,4359.03,4359.13,0.1,72
2026-09-11T17:57:24.194+00:00,4359.05,4359.14,0.09,72
2026-09-11T17:57:24.419+00:00,4359.06,4359.14,0.08,72
2026-09-11T17:57:24.736+00:00,4359.01,4359.09,0.08,72
2026-09-11T17:57:25.097+00:00,4359.01,4359.1,0.09,72
2026-09-11T17:57:25.324+00:00,4359.03,4359.11,0.08,72
2026-09-11T17:57:25.972+00:00,4359.08,4359.16,0.08,72
2026-09-11T17:57:26.422+00:00,4359.09,4359.17,0.08,72
2026-09-11T17:57:26.649+00:00,4359.08,4359.16,0.08,72
2026-09-11T17:57:26.874+00:00,4359.03,4359.11,0.08,72
2026-09-11T17:57:27.100+00:00,4359.01,4359.11,0.1,72
2026-09-11T17:57:27.326+00:00,4359.18,4359.26,0.08,72
2026-09-11T17:57:27.701+00:00,4359.3,4359.38,0.08,72
2026-09-11T17:57:27.929+00:00,4359.18,4359.26,0.08,72
2026-09-11T17:57:28.303+00:00,4359.1,4359.2,0.1,72
2026-09-11T17:57:28.733+00:00,4359.3,4359.4,0.1,72
2026-09-11T17:57:29.519+00:00,4359.17,4359.26,0.09,72
2026-09-11T17:57:29.729+00:00,4359.15,4359.24,0.09,72
2026-09-11T17:57:29.970+00:00,4359.36,4359.44,0.08,72
2026-09-11T17:57:30.195+00:00,4359.33,4359.41,0.08,72
2026-09-11T17:57:30.421+00:00,4359.3,4359.39,0.09,72
2026-09-11T17:57:30.645+00:00,4359.36,4359.46,0.1,72
2026-09-11T17:57:30.877+00:00,4359.29,4359.38,0.09,72
2026-09-11T17:57:31.098+00:00,4359.21,4359.29,0.08,72
2026-09-11T17:57:31.325+00:00,4359.2,4359.29,0.09,72
2026-09-11T17:57:31.730+00:00,4359.2,4359.3,0.1,72
2026-09-11T17:57:32.069+00:00,4359.22,4359.31,0.09,72
2026-09-11T17:57:32.296+00:00,4359.2,4359.29,0.09,72
2026-09-11T17:57:32.520+00:00,4359.22,4359.3,0.08,72
2026-09-11T17:57:32.731+00:00,4359.16,4359.24,0.08,72
2026-09-11T17:57:33.248+00:00,4359.15,4359.23,0.08,73
2026-09-11T17:57:33.469+00:00,4359.19,4359.27,0.08,73
2026-09-11T17:57:33.708+00:00,4359.15,4359.25,0.1,73
2026-09-11T17:57:34.295+00:00,4359.14,4359.23,0.09,73
2026-09-11T17:57:34.594+00:00,4359.39,4359.47,0.08,73
2026-09-11T17:57:34.820+00:00,4359.44,4359.52,0.08,73
2026-09-11T17:57:35.064+00:00,4359.43,4359.52,0.09,73
2026-09-11T17:57:35.361+00:00,4359.21,4359.3,0.09,73
2026-09-11T17:57:35.587+00:00,4359.32,4359.41,0.09,73
2026-09-11T17:57:36.068+00:00,4359.33,4359.42,0.09,73
2026-09-11T17:57:36.771+00:00,4359.32,4359.4,0.08,73
2026-09-11T17:57:37.513+00:00,4359.18,4359.26,0.08,73
2026-09-11T17:57:37.743+00:00,4359.24,4359.32,0.08,73
2026-09-11T17:57:37.969+00:00,4359.19,4359.27,0.08,73
2026-09-11T17:57:38.569+00:00,4359.08,4359.16,0.08,73
2026-09-11T17:57:39.426+00:00,4359.08,4359.18,0.1,73
2026-09-11T17:57:39.724+00:00,4359.33,4359.43,0.1,73
2026-09-11T17:57:40.024+00:00,4359.27,4359.37,0.1,73
2026-09-11T17:57:40.248+00:00,4359.3,4359.39,0.09,73
2026-09-11T17:57:40.475+00:00,4359.36,4359.44,0.08,73
2026-09-11T17:57:41.003+00:00,4359.21,4359.29,0.08,73
2026-09-11T17:57:41.429+00:00,4359.23,4359.31,0.08,73
2026-09-11T17:57:41.863+00:00,4359.21,4359.29,0.08,73
2026-09-11T17:57:42.167+00:00,4359.08,4359.16,0.08,73
2026-09-11T17:57:42.393+00:00,4359.17,4359.25,0.08,73
2026-09-11T17:57:42.782+00:00,4359.12,4359.2,0.08,73
2026-09-11T17:57:42.921+00:00,4359.19,4359.27,0.08,73
2026-09-11T17:57:43.590+00:00,4359.17,4359.25,0.08,73
2026-09-11T17:57:43.893+00:00,4359.18,4359.26,0.08,73
2026-09-11T17:57:44.536+00:00,4359.16,4359.24,0.08,73
2026-09-11T17:57:44.913+00:00,4359.19,4359.27,0.08,73
2026-09-11T17:57:45.361+00:00,4359.17,4359.25,0.08,73
2026-09-11T17:57:45.587+00:00,4359.15,4359.24,0.09,73
2026-09-11T17:57:45.811+00:00,4359.16,4359.25,0.09,73
2026-09-11T17:57:46.034+00:00,4359.12,4359.21,0.09,73
2026-09-11T17:57:46.770+00:00,4359.09,4359.18,0.09,73
2026-09-11T17:57:47.082+00:00,4359.0,4359.09,0.09,73
2026-09-11T17:57:47.391+00:00,4359.16,4359.25,0.09,73
2026-09-11T17:57:47.620+00:00,4359.2,4359.3,0.1,73
2026-09-11T17:57:47.839+00:00,4359.15,4359.27,0.12,73
2026-09-11T17:57:48.309+00:00,4359.15,4359.24,0.09,73
2026-09-11T17:57:48.585+00:00,4358.98,4359.07,0.09,73
2026-09-11T17:57:48.823+00:00,4358.99,4359.07,0.08,73
2026-09-11T17:57:49.044+00:00,4358.98,4359.06,0.08,73
2026-09-11T17:57:49.269+00:00,4358.89,4358.97,0.08,73
2026-09-11T17:57:49.497+00:00,4358.92,4359.0,0.08,73
2026-09-11T17:57:49.718+00:00,4359.06,4359.14,0.08,73
2026-09-11T17:57:50.018+00:00,4358.86,4358.94,0.08,73
2026-09-11T17:57:50.596+00:00,4358.87,4358.95,0.08,73
2026-09-11T17:57:50.811+00:00,4358.7,4358.78,0.08,73
2026-09-11T17:57:51.112+00:00,4358.66,4358.76,0.1,73
2026-09-11T17:57:51.621+00:00,4358.68,4358.78,0.1,73
2026-09-11T17:57:51.844+00:00,4358.69,4358.78,0.09,73
2026-09-11T17:57:52.239+00:00,4358.67,4358.77,0.1,73
2026-09-11T17:57:52.647+00:00,4358.65,4358.75,0.1,73
2026-09-11T17:57:52.877+00:00,4358.72,4358.8,0.08,73
2026-09-11T17:57:53.177+00:00,4358.73,4358.81,0.08,73
2026-09-11T17:57:53.753+00:00,4358.79,4358.87,0.08,73
2026-09-11T17:57:53.989+00:00,4358.83,4358.91,0.08,73
2026-09-11T17:57:54.291+00:00,4359.02,4359.1,0.08,73
2026-09-11T17:57:54.520+00:00,4358.9,4358.98,0.08,73
2026-09-11T17:57:54.729+00:00,4358.91,4358.99,0.08,73
2026-09-11T17:57:55.403+00:00,4359.13,4359.21,0.08,73
2026-09-11T17:57:55.489+00:00,4359.15,4359.23,0.08,73
2026-09-11T17:57:55.713+00:00,4359.28,4359.36,0.08,73
2026-09-11T17:57:55.940+00:00,4359.22,4359.3,0.08,73
2026-09-11T17:57:56.170+00:00,4359.29,4359.37,0.08,73
2026-09-11T17:57:56.395+00:00,4359.24,4359.32,0.08,73
2026-09-11T17:57:56.619+00:00,4359.06,4359.14,0.08,73
2026-09-11T17:57:56.921+00:00,4359.24,4359.33,0.09,73
2026-09-11T17:57:57.223+00:00,4359.23,4359.32,0.09,73
2026-09-11T17:57:57.729+00:00,4359.3,4359.4,0.1,73
2026-09-11T17:57:58.203+00:00,4359.1,4359.18,0.08,74
2026-09-11T17:57:58.274+00:00,4359.09,4359.18,0.09,74
2026-09-11T17:57:58.733+00:00,4359.11,4359.2,0.09,74
2026-09-11T17:57:58.956+00:00,4359.13,4359.22,0.09,74
2026-09-11T17:57:59.182+00:00,4359.07,4359.16,0.09,74
2026-09-11T17:57:59.408+00:00,4358.99,4359.09,0.1,74
2026-09-11T17:57:59.633+00:00,4358.81,4358.89,0.08,74
2026-09-11T17:57:59.860+00:00,4358.73,4358.81,0.08,74
2026-09-11T17:58:00.081+00:00,4358.71,4358.8,0.09,74
2026-09-11T17:58:00.385+00:00,4358.66,4358.76,0.1,74
2026-09-11T17:58:00.773+00:00,4358.7,4358.8,0.1,74
2026-09-11T17:58:00.999+00:00,4358.64,4358.74,0.1,74
2026-09-11T17:58:01.231+00:00,4358.71,4358.8,0.09,74
2026-09-11T17:58:01.447+00:00,4358.63,4358.72,0.09,74
2026-09-11T17:58:01.729+00:00,4358.63,4358.71,0.08,74
2026-09-11T17:58:01.979+00:00,4358.87,4358.96,0.09,74
2026-09-11T17:58:02.274+00:00,4358.71,4358.79,0.08,74
2026-09-11T17:58:02.501+00:00,4358.71,4358.8,0.09,74
2026-09-11T17:58:02.726+00:00,4358.72,4358.8,0.08,74
2026-09-11T17:58:02.953+00:00,4358.83,4358.91,0.08,74
2026-09-11T17:58:03.176+00:00,4358.85,4358.93,0.08,74
2026-09-11T17:58:03.402+00:00,4358.91,4358.99,0.08,74
2026-09-11T17:58:03.625+00:00,4358.93,4359.01,0.08,74
2026-09-11T17:58:03.851+00:00,4359.18,4359.26,0.08,74
2026-09-11T17:58:04.078+00:00,4359.11,4359.19,0.08,74
2026-09-11T17:58:04.303+00:00,4359.11,4359.21,0.1,74
2026-09-11T17:58:04.614+00:00,4358.88,4358.98,0.1,74
2026-09-11T17:58:04.838+00:00,4358.87,4358.97,0.1,74
2026-09-11T17:58:05.064+00:00,4358.94,4359.03,0.09,74
2026-09-11T17:58:05.602+00:00,4358.86,4358.95,0.09,74
2026-09-11T17:58:05.814+00:00,4359.02,4359.1,0.08,74
2026-09-11T17:58:06.113+00:00,4359.01,4359.09,0.08,74
2026-09-11T17:58:06.728+00:00,4358.89,4358.97,0.08,74
2026-09-11T17:58:06.959+00:00,4358.9,4358.98,0.08,74
2026-09-11T17:58:07.185+00:00,4358.93,4359.01,0.08,74
2026-09-11T17:58:07.407+00:00,4358.8,4358.88,0.08,74
2026-09-11T17:58:07.635+00:00,4358.8,4358.89,0.09,74
2026-09-11T17:58:07.860+00:00,4358.81,4358.89,0.08,74
2026-09-11T17:58:08.234+00:00,4358.8,4358.88,0.08,74
2026-09-11T17:58:08.458+00:00,4358.89,4358.97,0.08,74
2026-09-11T17:58:08.683+00:00,4358.91,4358.99,0.08,74
2026-09-11T17:58:09.314+00:00,4358.93,4359.01,0.08,74
2026-09-11T17:58:09.539+00:00,4358.94,4359.02,0.08,74
2026-09-11T17:58:09.839+00:00,4358.92,4359.0,0.08,74
2026-09-11T17:58:10.454+00:00,4358.91,4358.99,0.08,74
2026-09-11T17:58:10.677+00:00,4358.85,4358.93,0.08,74
2026-09-11T17:58:10.907+00:00,4358.84,4358.94,0.1,74
2026-09-11T17:58:11.311+00:00,4358.9,4358.99,0.09,74
2026-09-11T17:58:11.539+00:00,4358.91,4359.0,0.09,74
2026-09-11T17:58:11.917+00:00,4358.97,4359.05,0.08,74
2026-09-11T17:58:12.264+00:00,4358.98,4359.06,0.08,74
2026-09-11T17:58:12.639+00:00,4358.94,4359.02,0.08,74
2026-09-11T17:58:13.109+00:00,4359.11,4359.19,0.08,74
2026-09-11T17:58:13.683+00:00,4358.98,4359.06,0.08,74
2026-09-11T17:58:14.350+00:00,4358.99,4359.07,0.08,74
2026-09-11T17:58:14.623+00:00,4359.0,4359.08,0.08,74
2026-09-11T17:58:14.849+00:00,4358.9,4358.98,0.08,74
2026-09-11T17:58:15.300+00:00,4358.97,4359.05,0.08,74
2026-09-11T17:58:15.749+00:00,4358.9,4358.98,0.08,74
2026-09-11T17:58:16.690+00:00,4358.8,4358.88,0.08,74
2026-09-11T17:58:17.054+00:00,4358.89,4358.97,0.08,74
2026-09-11T17:58:17.821+00:00,4358.88,4358.96,0.08,74
2026-09-11T17:58:18.479+00:00,4358.86,4358.94,0.08,74
2026-09-11T17:58:18.882+00:00,4358.88,4358.96,0.08,74
2026-09-11T17:58:19.183+00:00,4358.87,4358.95,0.08,74
2026-09-11T17:58:19.561+00:00,4358.85,4358.93,0.08,74
2026-09-11T17:58:19.869+00:00,4358.87,4358.95,0.08,74
2026-09-11T17:58:21.564+00:00,4358.89,4358.97,0.08,74
2026-09-11T17:58:22.439+00:00,4358.83,4358.91,0.08,74
2026-09-11T17:58:22.653+00:00,4358.92,4359.0,0.08,74
2026-09-11T17:58:22.953+00:00,4358.93,4359.01,0.08,74
2026-09-11T17:58:23.727+00:00,4358.92,4359.0,0.08,75
2026-09-11T17:58:26.729+00:00,4359.06,4359.14,0.08,75
2026-09-11T17:58:26.967+00:00,4358.84,4358.92,0.08,75
2026-09-11T17:58:28.811+00:00,4358.83,4358.91,0.08,75
2026-09-11T17:58:29.033+00:00,4358.86,4358.94,0.08,75
2026-09-11T17:58:29.259+00:00,4358.94,4359.03,0.09,75
2026-09-11T17:58:29.713+00:00,4358.87,4358.96,0.09,75
2026-09-11T17:58:29.950+00:00,4358.81,4358.89,0.08,75
2026-09-11T17:58:30.392+00:00,4358.72,4358.82,0.1,75
2026-09-11T17:58:30.728+00:00,4358.73,4358.83,0.1,75
2026-09-11T17:58:31.149+00:00,4359.02,4359.12,0.1,75
2026-09-11T17:58:32.126+00:00,4358.84,4358.93,0.09,75
2026-09-11T17:58:32.611+00:00,4358.83,4358.92,0.09,75
2026-09-11T17:58:32.839+00:00,4358.69,4358.79,0.1,75
2026-09-11T17:58:33.063+00:00,4358.77,4358.86,0.09,75
2026-09-11T17:58:33.361+00:00,4358.67,4358.77,0.1,75
2026-09-11T17:58:33.735+00:00,4358.67,4358.76,0.09,75
2026-09-11T17:58:33.979+00:00,4358.68,4358.77,0.09,75
2026-09-11T17:58:34.808+00:00,4358.67,4358.75,0.08,75
2026-09-11T17:58:35.009+00:00,4358.66,4358.74,0.08,75
2026-09-11T17:58:35.729+00:00,4358.69,4358.77,0.08,75
2026-09-11T17:58:35.931+00:00,4358.86,4358.94,0.08,75
2026-09-11T17:58:36.157+00:00,4358.7,4358.78,0.08,75
2026-09-11T17:58:36.380+00:00,4358.98,4359.06,0.08,75
2026-09-11T17:58:36.605+00:00,4359.03,4359.11,0.08,75
2026-09-11T17:58:36.980+00:00,4359.04,4359.12,0.08,75
2026-09-11T17:58:37.220+00:00,4358.82,4358.9,0.08,75
2026-09-11T17:58:37.444+00:00,4358.78,4358.87,0.09,75
2026-09-11T17:58:37.728+00:00,4358.82,4358.91,0.09,75
2026-09-11T17:58:38.614+00:00,4358.74,4358.83,0.09,75
2026-09-11T17:58:38.841+00:00,4358.76,4358.85,0.09,75
2026-09-11T17:58:39.814+00:00,4358.77,4358.85,0.08,75
2026-09-11T17:58:40.115+00:00,4358.79,4358.87,0.08,75
2026-09-11T17:58:40.340+00:00,4358.78,4358.86,0.08,75
2026-09-11T17:58:40.568+00:00,4358.67,4358.75,0.08,75
2026-09-11T17:58:40.875+00:00,4358.77,4358.86,0.09,75
2026-09-11T17:58:41.173+00:00,4358.77,4358.85,0.08,75
2026-09-11T17:58:41.546+00:00,4358.79,4358.87,0.08,75
2026-09-11T17:58:41.769+00:00,4358.86,4358.94,0.08,75
2026-09-11T17:58:41.995+00:00,4359.07,4359.15,0.08,75
2026-09-11T17:58:42.220+00:00,4359.08,4359.16,0.08,75
2026-09-11T17:58:42.520+00:00,4359.05,4359.14,0.09,75
2026-09-11T17:58:42.728+00:00,4359.08,4359.16,0.08,75
2026-09-11T17:58:43.045+00:00,4358.77,4358.85,0.08,75
2026-09-11T17:58:43.421+00:00,4359.01,4359.11,0.1,75
2026-09-11T17:58:44.029+00:00,4359.0,4359.1,0.1,75
2026-09-11T17:58:44.258+00:00,4359.01,4359.09,0.08,75
2026-09-11T17:58:44.558+00:00,4358.85,4358.93,0.08,75
2026-09-11T17:58:44.783+00:00,4358.91,4359.0,0.09,75
2026-09-11T17:58:45.008+00:00,4358.95,4359.04,0.09,75
2026-09-11T17:58:45.235+00:00,4358.96,4359.04,0.08,75
2026-09-11T17:58:45.682+00:00,4358.95,4359.04,0.09,75
2026-09-11T17:58:45.981+00:00,4358.93,4359.02,0.09,75
2026-09-11T17:58:46.357+00:00,4358.83,4358.93,0.1,75
2026-09-11T17:58:46.583+00:00,4358.82,4358.92,0.1,75
2026-09-11T17:58:47.612+00:00,4358.89,4358.98,0.09,75
2026-09-11T17:58:47.830+00:00,4358.88,4358.97,0.09,75
2026-09-11T17:58:48.045+00:00,4358.82,4358.9,0.08,75
2026-09-11T17:58:48.301+00:00,4358.81,4358.89,0.08,76
2026-09-11T17:58:48.599+00:00,4358.76,4358.86,0.1,76
2026-09-11T17:58:48.902+00:00,4358.78,4358.88,0.1,76
2026-09-11T17:58:49.206+00:00,4358.79,4358.88,0.09,76
2026-09-11T17:58:49.430+00:00,4358.54,4358.62,0.08,76
2026-09-11T17:58:49.657+00:00,4358.5,4358.58,0.08,76
2026-09-11T17:58:49.880+00:00,4358.49,4358.59,0.1,76
2026-09-11T17:58:50.308+00:00,4358.47,4358.56,0.09,76
2026-09-11T17:58:50.479+00:00,4358.47,4358.57,0.1,76
2026-09-11T17:58:50.703+00:00,4358.19,4358.29,0.1,76
2026-09-11T17:58:51.181+00:00,4358.13,4358.24,0.11,76
2026-09-11T17:58:51.198+00:00,4358.18,4358.26,0.08,76
2026-09-11T17:58:51.382+00:00,4358.13,4358.21,0.08,76
2026-09-11T17:58:51.657+00:00,4358.12,4358.21,0.09,76
2026-09-11T17:58:51.837+00:00,4358.14,4358.22,0.08,76
2026-09-11T17:58:52.341+00:00,4358.1,4358.18,0.08,76
2026-09-11T17:58:52.559+00:00,4358.18,4358.26,0.08,76
2026-09-11T17:58:52.785+00:00,4358.21,4358.29,0.08,76
2026-09-11T17:58:53.083+00:00,4358.23,4358.31,0.08,76
2026-09-11T17:58:53.307+00:00,4358.22,4358.3,0.08,76
2026-09-11T17:58:53.683+00:00,4358.13,4358.21,0.08,76
2026-09-11T17:58:53.911+00:00,4358.02,4358.1,0.08,76
2026-09-11T17:58:54.137+00:00,4357.96,4358.06,0.1,76
2026-09-11T17:58:54.362+00:00,4358.01,4358.09,0.08,76
2026-09-11T17:58:54.588+00:00,4357.89,4357.97,0.08,76
2026-09-11T17:58:54.887+00:00,4357.87,4357.97,0.1,76
2026-09-11T17:58:55.137+00:00,4357.89,4357.97,0.08,76
2026-09-11T17:58:55.363+00:00,4357.9,4357.98,0.08,76
2026-09-11T17:58:55.661+00:00,4357.88,4357.96,0.08,76
2026-09-11T17:58:56.264+00:00,4357.87,4357.95,0.08,76
2026-09-11T17:58:56.771+00:00,4357.89,4357.97,0.08,76
2026-09-11T17:58:57.297+00:00,4357.88,4357.96,0.08,76
2026-09-11T17:58:57.623+00:00,4357.92,4358.0,0.08,76
2026-09-11T17:58:57.858+00:00,4358.03,4358.11,0.08,76
2026-09-11T17:58:58.184+00:00,4358.06,4358.14,0.08,76
2026-09-11T17:58:58.408+00:00,4357.93,4358.01,0.08,76
2026-09-11T17:58:58.659+00:00,4358.11,4358.19,0.08,76
2026-09-11T17:58:58.884+00:00,4358.03,4358.11,0.08,76
2026-09-11T17:58:59.487+00:00,4357.93,4358.01,0.08,76
2026-09-11T17:58:59.713+00:00,4357.91,4358.01,0.1,76
2026-09-11T17:59:00.680+00:00,4358.1,4358.19,0.09,76
2026-09-11T17:59:00.900+00:00,4358.19,4358.28,0.09,76
2026-09-11T17:59:01.125+00:00,4358.04,4358.13,0.09,76
2026-09-11T17:59:01.351+00:00,4357.98,4358.06,0.08,76
2026-09-11T17:59:01.730+00:00,4357.99,4358.07,0.08,76
2026-09-11T17:59:01.954+00:00,4358.05,4358.13,0.08,76
2026-09-11T17:59:02.439+00:00,4357.94,4358.02,0.08,76
2026-09-11T17:59:02.728+00:00,4357.95,4358.03,0.08,76
2026-09-11T17:59:03.040+00:00,4357.89,4357.99,0.1,76
2026-09-11T17:59:03.647+00:00,4357.9,4358.0,0.1,76
2026-09-11T17:59:03.945+00:00,4357.95,4358.03,0.08,76
2026-09-11T17:59:04.174+00:00,4358.0,4358.08,0.08,76
2026-09-11T17:59:04.619+00:00,4358.07,4358.15,0.08,76
2026-09-11T17:59:04.845+00:00,4358.04,4358.12,0.08,76
2026-09-11T17:59:05.049+00:00,4357.96,4358.04,0.08,76
2026-09-11T17:59:05.279+00:00,4358.02,4358.11,0.09,76
2026-09-11T17:59:05.499+00:00,4358.02,4358.1,0.08,76
2026-09-11T17:59:05.723+00:00,4357.98,4358.06,0.08,76
2026-09-11T17:59:05.950+00:00,4358.04,4358.12,0.08,76
2026-09-11T17:59:06.174+00:00,4357.96,4358.04,0.08,76
2026-09-11T17:59:06.399+00:00,4358.01,4358.09,0.08,76
2026-09-11T17:59:06.699+00:00,4358.04,4358.12,0.08,76
2026-09-11T17:59:07.580+00:00,4358.08,4358.16,0.08,76
2026-09-11T17:59:07.809+00:00,4357.92,4358.0,0.08,76
2026-09-11T17:59:08.109+00:00,4357.87,4357.96,0.09,76
2026-09-11T17:59:08.335+00:00,4357.88,4357.96,0.08,76
2026-09-11T17:59:08.563+00:00,4357.94,4358.03,0.09,76
2026-09-11T17:59:08.795+00:00,4357.92,4358.0,0.08,76
2026-09-11T17:59:09.238+00:00,4357.88,4357.96,0.08,76
2026-09-11T17:59:09.469+00:00,4357.89,4357.97,0.08,76
2026-09-11T17:59:09.694+00:00,4357.9,4357.98,0.08,76
2026-09-11T17:59:09.931+00:00,4357.89,4357.97,0.08,76
2026-09-11T17:59:10.562+00:00,4357.88,4357.96,0.08,76
2026-09-11T17:59:10.857+00:00,4357.91,4357.99,0.08,76
2026-09-11T17:59:11.081+00:00,4357.92,4358.0,0.08,76
2026-09-11T17:59:11.458+00:00,4357.96,4358.04,0.08,76
2026-09-11T17:59:11.685+00:00,4358.14,4358.22,0.08,76
2026-09-11T17:59:12.073+00:00,4358.21,4358.29,0.08,76
2026-09-11T17:59:12.500+00:00,4358.25,4358.33,0.08,76
2026-09-11T17:59:12.971+00:00,4358.58,4358.66,0.08,76
2026-09-11T17:59:13.190+00:00,4358.68,4358.76,0.08,77
2026-09-11T17:59:13.414+00:00,4358.6,4358.68,0.08,77
2026-09-11T17:59:13.641+00:00,4358.65,4358.73,0.08,77
2026-09-11T17:59:14.089+00:00,4358.7,4358.78,0.08,77
2026-09-11T17:59:14.318+00:00,4358.75,4358.83,0.08,77
2026-09-11T17:59:14.540+00:00,4358.84,4358.92,0.08,77
2026-09-11T17:59:14.764+00:00,4358.8,4358.88,0.08,77
2026-09-11T17:59:14.990+00:00,4358.79,4358.88,0.09,77
2026-09-11T17:59:15.217+00:00,4358.53,4358.62,0.09,77
2026-09-11T17:59:15.460+00:00,4358.44,4358.53,0.09,77
2026-09-11T17:59:15.727+00:00,4358.42,4358.51,0.09,77
2026-09-11T17:59:15.985+00:00,4358.56,4358.65,0.09,77
2026-09-11T17:59:16.213+00:00,4358.58,4358.66,0.08,77
2026-09-11T17:59:16.436+00:00,4358.46,4358.54,0.08,77
2026-09-11T17:59:16.662+00:00,4358.49,4358.57,0.08,77
2026-09-11T17:59:17.114+00:00,4358.51,4358.59,0.08,77
2026-09-11T17:59:17.353+00:00,4358.57,4358.65,0.08,77
2026-09-11T17:59:17.728+00:00,4358.54,4358.62,0.08,77
2026-09-11T17:59:18.256+00:00,4358.53,4358.61,0.08,77
2026-09-11T17:59:18.822+00:00,4358.56,4358.64,0.08,77
2026-09-11T17:59:19.047+00:00,4358.59,4358.67,0.08,77
2026-09-11T17:59:19.272+00:00,4358.65,4358.73,0.08,77
2026-09-11T17:59:19.645+00:00,4358.6,4358.69,0.09,77
2026-09-11T17:59:19.869+00:00,4358.5,4358.6,0.1,77
2026-09-11T17:59:20.100+00:00,4358.47,4358.56,0.09,77
2026-09-11T17:59:20.879+00:00,4358.5,4358.59,0.09,77
2026-09-11T17:59:21.181+00:00,4358.48,4358.56,0.08,77
2026-09-11T17:59:21.407+00:00,4358.49,4358.58,0.09,77
2026-09-11T17:59:21.632+00:00,4358.26,4358.34,0.08,77
2026-09-11T17:59:21.855+00:00,4358.25,4358.33,0.08,77
2026-09-11T17:59:22.080+00:00,4358.24,4358.32,0.08,77
2026-09-11T17:59:22.765+00:00,4358.22,4358.3,0.08,77
2026-09-11T17:59:23.073+00:00,4358.24,4358.32,0.08,77
2026-09-11T17:59:23.296+00:00,4358.34,4358.42,0.08,77
2026-09-11T17:59:23.728+00:00,4358.21,4358.29,0.08,77
2026-09-11T17:59:23.973+00:00,4358.18,4358.26,0.08,77
2026-09-11T17:59:24.274+00:00,4358.17,4358.25,0.08,77
2026-09-11T17:59:24.575+00:00,4358.08,4358.17,0.09,77
2026-09-11T17:59:25.030+00:00,4358.07,4358.16,0.09,77
2026-09-11T17:59:25.254+00:00,4358.08,4358.16,0.08,77
2026-09-11T17:59:25.631+00:00,4358.11,4358.19,0.08,77
2026-09-11T17:59:25.857+00:00,4358.27,4358.36,0.09,77
2026-09-11T17:59:26.393+00:00,4358.28,4358.36,0.08,77
2026-09-11T17:59:26.641+00:00,4358.27,4358.37,0.1,77
2026-09-11T17:59:26.864+00:00,4358.14,4358.22,0.08,77
2026-09-11T17:59:27.601+00:00,4358.13,4358.23,0.1,77
2026-09-11T17:59:27.741+00:00,4358.15,4358.24,0.09,77
2026-09-11T17:59:28.108+00:00,4358.19,4358.28,0.09,77
2026-09-11T17:59:28.888+00:00,4358.22,4358.32,0.1,77
2026-09-11T17:59:29.116+00:00,4358.08,4358.17,0.09,77
2026-09-11T17:59:29.636+00:00,4358.09,4358.17,0.08,77
2026-09-11T17:59:29.894+00:00,4358.08,4358.18,0.1,77
2026-09-11T17:59:30.194+00:00,4358.17,4358.26,0.09,77
2026-09-11T17:59:30.494+00:00,4358.18,4358.26,0.08,77
2026-09-11T17:59:30.961+00:00,4358.21,4358.29,0.08,77
2026-09-11T17:59:31.190+00:00,4358.22,4358.3,0.08,77
2026-09-11T17:59:31.421+00:00,4358.23,4358.31,0.08,77
2026-09-11T17:59:31.713+00:00,4358.24,4358.32,0.08,77
2026-09-11T17:59:31.951+00:00,4358.32,4358.4,0.08,77
2026-09-11T17:59:32.165+00:00,4358.41,4358.49,0.08,77
2026-09-11T17:59:32.389+00:00,4358.43,4358.51,0.08,77
2026-09-11T17:59:32.727+00:00,4358.45,4358.53,0.08,77
2026-09-11T17:59:33.140+00:00,4358.55,4358.63,0.08,77
2026-09-11T17:59:33.365+00:00,4358.62,4358.71,0.09,77
2026-09-11T17:59:33.729+00:00,4358.61,4358.7,0.09,77
2026-09-11T17:59:34.059+00:00,4358.56,4358.64,0.08,77
2026-09-11T17:59:34.284+00:00,4358.63,4358.71,0.08,77
2026-09-11T17:59:34.728+00:00,4358.55,4358.63,0.08,77
2026-09-11T17:59:35.048+00:00,4358.64,4358.73,0.09,77
2026-09-11T17:59:35.274+00:00,4358.67,4358.77,0.1,77
2026-09-11T17:59:35.597+00:00,4358.69,4358.79,0.1,77
2026-09-11T17:59:35.820+00:00,4358.81,4358.9,0.09,77
2026-09-11T17:59:36.490+00:00,4358.8,4358.89,0.09,77
2026-09-11T17:59:37.029+00:00,4358.82,4358.91,0.09,77
2026-09-11T17:59:37.661+00:00,4358.74,4358.84,0.1,77
2026-09-11T17:59:37.887+00:00,4358.67,4358.77,0.1,77
2026-09-11T17:59:38.108+00:00,4358.59,4358.68,0.09,77
2026-09-11T17:59:38.408+00:00,4358.53,4358.61,0.08,78
2026-09-11T17:59:38.932+00:00,4358.26,4358.34,0.08,78
2026-09-11T17:59:39.156+00:00,4358.16,4358.25,0.09,78
2026-09-11T17:59:40.076+00:00,4358.09,4358.18,0.09,78
2026-09-11T17:59:40.376+00:00,4358.08,4358.17,0.09,78
2026-09-11T17:59:40.728+00:00,4358.07,4358.16,0.09,78
2026-09-11T17:59:41.582+00:00,4358.09,4358.18,0.09,78
2026-09-11T17:59:42.145+00:00,4358.11,4358.19,0.08,78
2026-09-11T17:59:42.368+00:00,4358.1,4358.18,0.08,78
2026-09-11T17:59:42.967+00:00,4358.0,4358.08,0.08,78
2026-09-11T17:59:43.350+00:00,4358.08,4358.18,0.1,78
2026-09-11T17:59:43.609+00:00,4358.09,4358.19,0.1,78
2026-09-11T17:59:43.833+00:00,4358.13,4358.22,0.09,78
2026-09-11T17:59:44.057+00:00,4358.16,4358.24,0.08,78
2026-09-11T17:59:44.357+00:00,4358.15,4358.23,0.08,78
2026-09-11T17:59:44.583+00:00,4358.06,4358.14,0.08,78
2026-09-11T17:59:45.032+00:00,4358.04,4358.13,0.09,78
2026-09-11T17:59:45.332+00:00,4358.02,4358.11,0.09,78
2026-09-11T17:59:45.727+00:00,4358.02,4358.12,0.1,78
2026-09-11T17:59:46.028+00:00,4358.02,4358.11,0.09,78
2026-09-11T17:59:46.254+00:00,4358.01,4358.11,0.1,78
2026-09-11T17:59:46.816+00:00,4357.98,4358.08,0.1,78
2026-09-11T17:59:47.347+00:00,4357.99,4358.07,0.08,78
2026-09-11T17:59:47.918+00:00,4358.01,4358.09,0.08,78
2026-09-11T17:59:48.142+00:00,4358.18,4358.26,0.08,78
2026-09-11T17:59:48.368+00:00,4358.39,4358.47,0.08,78
2026-09-11T17:59:48.593+00:00,4358.45,4358.53,0.08,78
2026-09-11T17:59:48.894+00:00,4358.48,4358.56,0.08,78
2026-09-11T17:59:49.193+00:00,4358.42,4358.53,0.11,78
2026-09-11T17:59:49.417+00:00,4358.43,4358.52,0.09,78
2026-09-11T17:59:49.644+00:00,4358.39,4358.49,0.1,78
2026-09-11T17:59:50.099+00:00,4358.4,4358.5,0.1,78
2026-09-11T17:59:50.320+00:00,4358.54,4358.63,0.09,78
2026-09-11T17:59:50.547+00:00,4358.53,4358.61,0.08,78
2026-09-11T17:59:50.924+00:00,4358.26,4358.35,0.09,78
2026-09-11T17:59:51.149+00:00,4358.37,4358.46,0.09,78
2026-09-11T17:59:51.374+00:00,4358.27,4358.35,0.08,78
2026-09-11T17:59:51.602+00:00,4358.32,4358.41,0.09,78
2026-09-11T17:59:51.832+00:00,4358.33,4358.41,0.08,78
2026-09-11T17:59:52.048+00:00,4358.34,4358.42,0.08,78
2026-09-11T17:59:52.279+00:00,4358.52,4358.6,0.08,78
2026-09-11T17:59:52.504+00:00,4358.47,4358.55,0.08,78
2026-09-11T17:59:52.805+00:00,4358.53,4358.61,0.08,78
2026-09-11T17:59:53.063+00:00,4358.52,4358.6,0.08,78
2026-09-11T17:59:53.269+00:00,4358.37,4358.45,0.08,78
2026-09-11T17:59:54.317+00:00,4358.3,4358.38,0.08,78
2026-09-11T17:59:54.808+00:00,4358.32,4358.4,0.08,78
2026-09-11T17:59:55.080+00:00,4358.47,4358.55,0.08,78
2026-09-11T17:59:55.303+00:00,4358.3,4358.38,0.08,78
2026-09-11T17:59:55.734+00:00,4358.38,4358.46,0.08,78
2026-09-11T17:59:56.185+00:00,4358.3,4358.38,0.08,78
2026-09-11T17:59:56.633+00:00,4358.41,4358.5,0.09,78
2026-09-11T17:59:56.956+00:00,4358.42,4358.5,0.08,78
2026-09-11T17:59:57.178+00:00,4358.39,4358.47,0.08,78
2026-09-11T17:59:57.558+00:00,4358.4,4358.48,0.08,78
2026-09-11T17:59:58.386+00:00,4358.56,4358.64,0.08,78
2026-09-11T17:59:58.613+00:00,4358.38,4358.46,0.08,78
2026-09-11T17:59:59.034+00:00,4358.56,4358.64,0.08,78
2026-09-11T17:59:59.314+00:00,4358.59,4358.67,0.08,78
2026-09-11T17:59:59.538+00:00,4358.57,4358.66,0.09,78
2026-09-11T17:59:59.839+00:00,4358.6,4358.7,0.1,78
2026-09-11T18:00:00.067+00:00,4358.48,4358.57,0.09,78
2026-09-11T18:00:00.376+00:00,4358.21,4358.29,0.08,78
2026-09-11T18:00:00.590+00:00,4358.4,4358.48,0.08,78
2026-09-11T18:00:00.814+00:00,4358.44,4358.52,0.08,78
2026-09-11T18:00:01.114+00:00,4358.43,4358.51,0.08,78
2026-09-11T18:00:01.340+00:00,4358.38,4358.46,0.08,78
2026-09-11T18:00:01.796+00:00,4358.15,4358.23,0.08,78
2026-09-11T18:00:02.020+00:00,4358.33,4358.41,0.08,78
2026-09-11T18:00:02.320+00:00,4358.32,4358.4,0.08,78
2026-09-11T18:00:02.771+00:00,4358.54,4358.62,0.08,78
2026-09-11T18:00:03.071+00:00,4358.53,4358.61,0.08,78
2026-09-11T18:00:03.298+00:00,4358.5,4358.59,0.09,78
2026-09-11T18:00:03.674+00:00,4358.38,4358.47,0.09,78
2026-09-11T18:00:03.903+00:00,4358.38,4358.46,0.08,79
2026-09-11T18:00:04.652+00:00,4358.28,4358.36,0.08,79
2026-09-11T18:00:04.881+00:00,4358.32,4358.4,0.08,79
2026-09-11T18:00:05.645+00:00,4358.35,4358.43,0.08,79
2026-09-11T18:00:05.875+00:00,4358.12,4358.21,0.09,79
2026-09-11T18:00:06.174+00:00,4358.09,4358.19,0.1,79
2026-09-11T18:00:06.548+00:00,4358.25,4358.34,0.09,79
2026-09-11T18:00:06.774+00:00,4358.25,4358.33,0.08,79
2026-09-11T18:00:06.999+00:00,4358.33,4358.41,0.08,79
2026-09-11T18:00:07.458+00:00,4358.25,4358.33,0.08,79
2026-09-11T18:00:07.678+00:00,4358.21,4358.29,0.08,79
2026-09-11T18:00:07.903+00:00,4358.21,4358.3,0.09,79
2026-09-11T18:00:08.114+00:00,4358.29,4358.37,0.08,79
2026-09-11T18:00:08.349+00:00,4358.23,4358.31,0.08,79
2026-09-11T18:00:09.022+00:00,4358.21,4358.29,0.08,79
2026-09-11T18:00:10.154+00:00,4358.19,4358.27,0.08,79
2026-09-11T18:00:10.382+00:00,4358.14,4358.22,0.08,79
2026-09-11T18:00:10.605+00:00,4358.05,4358.13,0.08,79
2026-09-11T18:00:10.829+00:00,4358.03,4358.11,0.08,79
2026-09-11T18:00:11.055+00:00,4358.0,4358.08,0.08,79
2026-09-11T18:00:11.391+00:00,4358.05,4358.13,0.08,79
2026-09-11T18:00:11.691+00:00,4357.98,4358.06,0.08,79
2026-09-11T18:00:12.242+00:00,4357.93,4358.02,0.09,79
2026-09-11T18:00:12.530+00:00,4357.92,4358.02,0.1,79
2026-09-11T18:00:12.758+00:00,4358.04,4358.14,0.1,79
2026-09-11T18:00:13.130+00:00,4358.09,4358.17,0.08,79
2026-09-11T18:00:13.728+00:00,4358.02,4358.1,0.08,79
2026-09-11T18:00:13.962+00:00,4358.1,4358.18,0.08,79
2026-09-11T18:00:14.198+00:00,4358.1,4358.19,0.09,79
2026-09-11T18:00:14.497+00:00,4358.02,4358.1,0.08,79
2026-09-11T18:00:14.787+00:00,4358.07,4358.16,0.09,79
2026-09-11T18:00:15.004+00:00,4358.02,4358.1,0.08,79
2026-09-11T18:00:15.305+00:00,4358.03,4358.11,0.08,79
2026-09-11T18:00:16.028+00:00,4358.06,4358.14,0.08,79
2026-09-11T18:00:16.348+00:00,4358.07,4358.15,0.08,79
2026-09-11T18:00:16.573+00:00,4358.03,4358.11,0.08,79
2026-09-11T18:00:16.873+00:00,4358.05,4358.13,0.08,79
2026-09-11T18:00:17.839+00:00,4358.1,4358.18,0.08,79
2026-09-11T18:00:18.292+00:00,4358.11,4358.19,0.08,79
2026-09-11T18:00:18.689+00:00,4358.13,4358.21,0.08,79
2026-09-11T18:00:19.185+00:00,4358.01,4358.09,0.08,79
2026-09-11T18:00:19.410+00:00,4358.06,4358.14,0.08,79
2026-09-11T18:00:19.798+00:00,4357.89,4357.97,0.08,79
2026-09-11T18:00:20.015+00:00,4357.87,4357.95,0.08,79
2026-09-11T18:00:20.240+00:00,4357.89,4357.97,0.08,79
2026-09-11T18:00:20.462+00:00,4357.9,4357.98,0.08,79
2026-09-11T18:00:20.729+00:00,4357.94,4358.02,0.08,79
2026-09-11T18:00:20.957+00:00,4358.0,4358.08,0.08,79
2026-09-11T18:00:21.183+00:00,4357.93,4358.01,0.08,79
2026-09-11T18:00:21.482+00:00,4357.92,4358.01,0.09,79
2026-09-11T18:00:21.730+00:00,4358.0,4358.1,0.1,79
2026-09-11T18:00:22.002+00:00,4358.04,4358.13,0.09,79
2026-09-11T18:00:22.220+00:00,4357.97,4358.06,0.09,79
2026-09-11T18:00:22.559+00:00,4358.11,4358.2,0.09,79
2026-09-11T18:00:22.860+00:00,4358.12,4358.2,0.08,79
2026-09-11T18:00:23.088+00:00,4358.3,4358.38,0.08,79
2026-09-11T18:00:23.384+00:00,4358.14,4358.22,0.08,79
2026-09-11T18:00:24.062+00:00,4358.62,4358.7,0.08,79
2026-09-11T18:00:24.286+00:00,4358.64,4358.72,0.08,79
2026-09-11T18:00:24.585+00:00,4358.71,4358.8,0.09,79
2026-09-11T18:00:24.810+00:00,4358.66,4358.75,0.09,79
2026-09-11T18:00:25.112+00:00,4358.46,4358.55,0.09,79
2026-09-11T18:00:25.337+00:00,4358.45,4358.54,0.09,79
2026-09-11T18:00:25.561+00:00,4358.7,4358.79,0.09,79
2026-09-11T18:00:25.786+00:00,4358.74,4358.84,0.1,79
2026-09-11T18:00:26.144+00:00,4358.77,4358.87,0.1,79
2026-09-11T18:00:26.369+00:00,4358.79,4358.89,0.1,79
2026-09-11T18:00:26.818+00:00,4358.97,4359.06,0.09,79
2026-09-11T18:00:27.046+00:00,4359.0,4359.09,0.09,79
2026-09-11T18:00:27.344+00:00,4359.18,4359.26,0.08,79
2026-09-11T18:00:27.569+00:00,4359.17,4359.26,0.09,79
2026-09-11T18:00:27.806+00:00,4359.21,4359.3,0.09,79
2026-09-11T18:00:28.060+00:00,4359.39,4359.48,0.09,79
2026-09-11T18:00:28.243+00:00,4359.38,4359.49,0.11,79
2026-09-11T18:00:28.471+00:00,4359.36,4359.47,0.11,79
2026-09-11T18:00:28.696+00:00,4359.4,4359.51,0.11,79
2026-09-11T18:00:28.924+00:00,4359.47,4359.58,0.11,80
2026-09-11T18:00:29.147+00:00,4359.48,4359.58,0.1,80
2026-09-11T18:00:29.358+00:00,4359.47,4359.59,0.12,80
2026-09-11T18:00:29.583+00:00,4359.47,4359.58,0.11,80
2026-09-11T18:00:29.812+00:00,4359.45,4359.56,0.11,80
2026-09-11T18:00:30.038+00:00,4359.49,4359.59,0.1,80
2026-09-11T18:00:30.266+00:00,4359.51,4359.62,0.11,80
2026-09-11T18:00:30.486+00:00,4359.5,4359.61,0.11,80
2026-09-11T18:00:30.712+00:00,4359.5,4359.62,0.12,80
2026-09-11T18:00:31.093+00:00,4359.51,4359.63,0.12,80
2026-09-11T18:00:31.569+00:00,4359.36,4359.47,0.11,80
2026-09-11T18:00:31.783+00:00,4359.34,4359.44,0.1,80
2026-09-11T18:00:32.007+00:00,4359.33,4359.45,0.12,80
2026-09-11T18:00:32.233+00:00,4359.27,4359.38,0.11,80
2026-09-11T18:00:32.533+00:00,4359.32,4359.43,0.11,80
2026-09-11T18:00:33.062+00:00,4359.34,4359.44,0.1,80
2026-09-11T18:00:33.312+00:00,4359.38,4359.48,0.1,80
2026-09-11T18:00:33.767+00:00,4359.28,4359.38,0.1,80
2026-09-11T18:00:34.066+00:00,4359.27,4359.38,0.11,80
2026-09-11T18:00:34.367+00:00,4359.25,4359.36,0.11,80
2026-09-11T18:00:35.029+00:00,4359.26,4359.38,0.12,80
2026-09-11T18:00:35.520+00:00,4359.25,4359.36,0.11,80
2026-09-11T18:00:35.729+00:00,4359.26,4359.35,0.09,80
2026-09-11T18:00:35.938+00:00,4359.3,4359.4,0.1,80
2026-09-11T18:00:36.164+00:00,4359.29,4359.41,0.12,80
2026-09-11T18:00:36.617+00:00,4359.04,4359.16,0.12,80
2026-09-11T18:00:36.838+00:00,4358.53,4358.64,0.11,80
2026-09-11T18:00:37.063+00:00,4358.12,4358.21,0.09,80
2026-09-11T18:00:37.287+00:00,4358.28,4358.39,0.11,80
2026-09-11T18:00:37.517+00:00,4358.29,4358.4,0.11,80
2026-09-11T18:00:37.727+00:00,4358.27,4358.37,0.1,80
2026-09-11T18:00:37.964+00:00,4358.51,4358.62,0.11,80
2026-09-11T18:00:38.190+00:00,4358.51,4358.63,0.12,80
2026-09-11T18:00:38.414+00:00,4358.49,4358.62,0.13,80
2026-09-11T18:00:38.640+00:00,4358.49,4358.61,0.12,80
2026-09-11T18:00:38.938+00:00,4358.54,4358.65,0.11,80
2026-09-11T18:00:39.163+00:00,4358.48,4358.6,0.12,80
2026-09-11T18:00:39.389+00:00,4358.49,4358.59,0.1,80
2026-09-11T18:00:39.614+00:00,4358.48,4358.59,0.11,80
2026-09-11T18:00:39.950+00:00,4358.54,4358.65,0.11,80
2026-09-11T18:00:40.179+00:00,4358.36,4358.47,0.11,80
2026-09-11T18:00:40.403+00:00,4358.22,4358.32,0.1,80
2026-09-11T18:00:40.629+00:00,4358.23,4358.32,0.09,80
2026-09-11T18:00:40.854+00:00,4358.19,4358.31,0.12,80
2026-09-11T18:00:41.809+00:00,4358.18,4358.29,0.11,80
2026-09-11T18:00:42.083+00:00,4358.19,4358.32,0.13,80
2026-09-11T18:00:42.433+00:00,4358.14,4358.25,0.11,80
2026-09-11T18:00:42.659+00:00,4358.11,4358.23,0.12,80
2026-09-11T18:00:42.961+00:00,4358.1,4358.21,0.11,80
2026-09-11T18:00:43.683+00:00,4357.78,4357.89,0.11,80
2026-09-11T18:00:43.992+00:00,4357.99,4358.09,0.1,80
2026-09-11T18:00:44.453+00:00,4357.97,4358.07,0.1,80
2026-09-11T18:00:44.679+00:00,4357.38,4357.49,0.11,80
2026-09-11T18:00:44.903+00:00,4357.42,4357.53,0.11,80
2026-09-11T18:00:45.132+00:00,4357.27,4357.4,0.13,80
2026-09-11T18:00:45.355+00:00,4357.42,4357.54,0.12,80
2026-09-11T18:00:45.730+00:00,4357.41,4357.51,0.1,80
2026-09-11T18:00:45.959+00:00,4357.4,4357.5,0.1,80
2026-09-11T18:00:46.184+00:00,4357.39,4357.5,0.11,80
2026-09-11T18:00:46.412+00:00,4357.32,4357.44,0.12,80
2026-09-11T18:00:46.636+00:00,4357.31,4357.43,0.12,80
2026-09-11T18:00:46.936+00:00,4357.57,4357.7,0.13,80
2026-09-11T18:00:47.161+00:00,4357.32,4357.45,0.13,80
2026-09-11T18:00:47.728+00:00,4357.34,4357.47,0.13,80
2026-09-11T18:00:47.949+00:00,4357.8,4357.91,0.11,80
2026-09-11T18:00:48.173+00:00,4357.85,4357.95,0.1,80
2026-09-11T18:00:48.400+00:00,4357.53,4357.63,0.1,80
2026-09-11T18:00:48.623+00:00,4357.41,4357.52,0.11,80
2026-09-11T18:00:48.848+00:00,4357.4,4357.53,0.13,80
2026-09-11T18:00:49.080+00:00,4357.39,4357.52,0.13,80
2026-09-11T18:00:49.303+00:00,4357.45,4357.58,0.13,80
2026-09-11T18:00:49.529+00:00,4357.72,4357.84,0.12,80
2026-09-11T18:00:49.757+00:00,4357.5,4357.6,0.1,80
2026-09-11T18:00:50.052+00:00,4357.47,4357.6,0.13,80
2026-09-11T18:00:50.660+00:00,4357.7,4357.83,0.13,80
2026-09-11T18:00:50.906+00:00,4357.69,4357.81,0.12,80
2026-09-11T18:00:51.131+00:00,4357.48,4357.59,0.11,80
2026-09-11T18:00:51.356+00:00,4357.45,4357.54,0.09,80
2026-09-11T18:00:51.580+00:00,4357.91,4357.99,0.08,80
2026-09-11T18:00:51.804+00:00,4358.22,4358.32,0.1,80
2026-09-11T18:00:52.031+00:00,4358.49,4358.57,0.08,80
2026-09-11T18:00:52.482+00:00,4358.55,4358.63,0.08,80
2026-09-11T18:00:52.727+00:00,4358.58,4358.66,0.08,80
2026-09-11T18:00:53.157+00:00,4358.62,4358.71,0.09,80
2026-09-11T18:00:53.381+00:00,4358.61,4358.72,0.11,80
2026-09-11T18:00:53.608+00:00,4358.61,4358.73,0.12,80
2026-09-11T18:00:53.835+00:00,4358.51,4358.63,0.12,80
2026-09-11T18:00:54.513+00:00,4358.26,4358.38,0.12,81
2026-09-11T18:00:54.728+00:00,4358.31,4358.43,0.12,81
2026-09-11T18:00:54.964+00:00,4358.04,4358.16,0.12,81
2026-09-11T18:00:55.265+00:00,4357.9,4358.02,0.12,81
2026-09-11T18:00:55.493+00:00,4357.91,4358.04,0.13,81
2026-09-11T18:00:55.730+00:00,4357.88,4358.01,0.13,81
2026-09-11T18:00:55.965+00:00,4357.89,4358.01,0.12,81
2026-09-11T18:00:56.199+00:00,4357.88,4357.99,0.11,81
2026-09-11T18:00:56.489+00:00,4357.92,4358.03,0.11,81
2026-09-11T18:00:56.728+00:00,4357.99,4358.1,0.11,81
2026-09-11T18:00:57.108+00:00,4357.98,4358.07,0.09,81
2026-09-11T18:00:57.408+00:00,4357.82,4357.93,0.11,81
2026-09-11T18:00:57.705+00:00,4357.82,4357.95,0.13,81
2026-09-11T18:00:58.046+00:00,4357.82,4357.94,0.12,81
2026-09-11T18:00:58.277+00:00,4357.87,4357.98,0.11,81
2026-09-11T18:00:58.493+00:00,4357.73,4357.85,0.12,81
2026-09-11T18:00:58.728+00:00,4357.65,4357.76,0.11,81
2026-09-11T18:00:58.943+00:00,4357.54,4357.67,0.13,81
2026-09-11T18:00:59.253+00:00,4357.61,4357.74,0.13,81
2026-09-11T18:00:59.562+00:00,4357.71,4357.82,0.11,81
2026-09-11T18:00:59.863+00:00,4357.64,4357.75,0.11,81
2026-09-11T18:01:00.242+00:00,4357.64,4357.76,0.12,81
2026-09-11T18:01:00.462+00:00,4357.64,4357.77,0.13,81
2026-09-11T18:01:00.688+00:00,4357.61,4357.74,0.13,81
2026-09-11T18:01:01.076+00:00,4357.53,4357.65,0.12,81
2026-09-11T18:01:01.514+00:00,4357.57,4357.69,0.12,81
2026-09-11T18:01:01.807+00:00,4357.58,4357.69,0.11,81
2026-09-11T18:01:02.030+00:00,4357.48,4357.59,0.11,81
2026-09-11T18:01:02.344+00:00,4357.39,4357.5,0.11,81
2026-09-11T18:01:02.669+00:00,4357.37,4357.48,0.11,81
2026-09-11T18:01:02.971+00:00,4357.34,4357.45,0.11,81
2026-09-11T18:01:03.215+00:00,4357.4,4357.52,0.12,81
2026-09-11T18:01:03.474+00:00,4357.27,4357.4,0.13,81
2026-09-11T18:01:03.701+00:00,4357.59,4357.72,0.13,81
2026-09-11T18:01:04.149+00:00,4357.35,4357.48,0.13,81
2026-09-11T18:01:04.373+00:00,4357.61,4357.74,0.13,81
2026-09-11T18:01:04.599+00:00,4357.59,4357.72,0.13,81
2026-09-11T18:01:04.826+00:00,4357.46,4357.57,0.11,81
2026-09-11T18:01:05.048+00:00,4357.47,4357.58,0.11,81
2026-09-11T18:01:05.518+00:00,4357.24,4357.36,0.12,81
2026-09-11T18:01:05.732+00:00,4357.25,4357.35,0.1,81
2026-09-11T18:01:05.971+00:00,4357.29,4357.4,0.11,81
2026-09-11T18:01:06.271+00:00,4357.32,4357.43,0.11,81
2026-09-11T18:01:06.497+00:00,4357.18,4357.28,0.1,81
2026-09-11T18:01:06.720+00:00,4357.21,4357.29,0.08,81
2026-09-11T18:01:06.946+00:00,4357.2,4357.28,0.08,81
2026-09-11T18:01:07.169+00:00,4357.2,4357.29,0.09,81
2026-09-11T18:01:07.396+00:00,4357.18,4357.26,0.08,81
2026-09-11T18:01:07.727+00:00,4357.22,4357.31,0.09,81
2026-09-11T18:01:07.980+00:00,4357.16,4357.27,0.11,81
2026-09-11T18:01:08.200+00:00,4357.36,4357.46,0.1,81
2026-09-11T18:01:08.424+00:00,4357.33,4357.43,0.1,81
2026-09-11T18:01:08.726+00:00,4357.31,4357.42,0.11,81
2026-09-11T18:01:08.949+00:00,4357.38,4357.49,0.11,81
2026-09-11T18:01:09.249+00:00,4357.22,4357.33,0.11,81
2026-09-11T18:01:09.475+00:00,4357.45,4357.56,0.11,81
2026-09-11T18:01:09.698+00:00,4357.47,4357.57,0.1,81
2026-09-11T18:01:09.924+00:00,4357.49,4357.58,0.09,81
2026-09-11T18:01:10.149+00:00,4357.61,4357.7,0.09,81
2026-09-11T18:01:10.374+00:00,4357.54,4357.62,0.08,81
2026-09-11T18:01:10.598+00:00,4357.61,4357.71,0.1,81
2026-09-11T18:01:10.955+00:00,4357.64,4357.75,0.11,81
2026-09-11T18:01:11.177+00:00,4357.92,4358.02,0.1,81
2026-09-11T18:01:11.487+00:00,4357.76,4357.86,0.1,81
2026-09-11T18:01:11.717+00:00,4357.74,4357.85,0.11,81
2026-09-11T18:01:12.089+00:00,4357.69,4357.8,0.11,81
2026-09-11T18:01:12.402+00:00,4357.7,4357.82,0.12,81
2026-09-11T18:01:12.672+00:00,4357.72,4357.84,0.12,81
2026-09-11T18:01:12.898+00:00,4357.65,4357.78,0.13,81
2026-09-11T18:01:13.124+00:00,4357.53,4357.65,0.12,81
2026-09-11T18:01:13.348+00:00,4357.47,4357.59,0.12,81
2026-09-11T18:01:13.726+00:00,4357.46,4357.57,0.11,81
2026-09-11T18:01:14.393+00:00,4357.48,4357.61,0.13,81
2026-09-11T18:01:14.619+00:00,4357.51,4357.64,0.13,81
2026-09-11T18:01:14.843+00:00,4357.5,4357.62,0.12,81
2026-09-11T18:01:15.143+00:00,4357.59,4357.69,0.1,81
2026-09-11T18:01:15.369+00:00,4357.6,4357.68,0.08,81
2026-09-11T18:01:15.689+00:00,4357.58,4357.68,0.1,81
2026-09-11T18:01:15.914+00:00,4357.57,4357.67,0.1,81
2026-09-11T18:01:16.137+00:00,4357.56,4357.68,0.12,81
2026-09-11T18:01:16.436+00:00,4357.73,4357.84,0.11,81
2026-09-11T18:01:16.666+00:00,4357.66,4357.74,0.08,81
2026-09-11T18:01:17.111+00:00,4357.64,4357.73,0.09,81
2026-09-11T18:01:17.337+00:00,4357.63,4357.71,0.08,81
2026-09-11T18:01:17.561+00:00,4357.85,4357.93,0.08,81
2026-09-11T18:01:18.028+00:00,4357.75,4357.84,0.09,81
2026-09-11T18:01:18.238+00:00,4357.88,4357.98,0.1,81
2026-09-11T18:01:18.461+00:00,4358.07,4358.15,0.08,81
2026-09-11T18:01:18.692+00:00,4358.12,4358.2,0.08,81
2026-09-11T18:01:18.993+00:00,4357.87,4357.96,0.09,82
2026-09-11T18:01:19.388+00:00,4357.89,4357.97,0.08,82
2026-09-11T18:01:20.437+00:00,4357.87,4357.96,0.09,82
2026-09-11T18:01:21.353+00:00,4357.89,4357.97,0.08,82
2026-09-11T18:01:21.693+00:00,4357.88,4357.96,0.08,82
2026-09-11T18:01:21.902+00:00,4357.5,4357.58,0.08,82
2026-09-11T18:01:22.127+00:00,4357.46,4357.54,0.08,82
2026-09-11T18:01:22.352+00:00,4357.44,4357.55,0.11,82
2026-09-11T18:01:22.580+00:00,4357.4,4357.52,0.12,82
2026-09-11T18:01:22.804+00:00,4357.49,4357.6,0.11,82
2026-09-11T18:01:23.184+00:00,4357.57,4357.65,0.08,82
2026-09-11T18:01:23.557+00:00,4357.52,4357.6,0.08,82
2026-09-11T18:01:23.776+00:00,4357.51,4357.6,0.09,82
2026-09-11T18:01:24.156+00:00,4357.53,4357.62,0.09,82
2026-09-11T18:01:24.475+00:00,4357.59,4357.68,0.09,82
2026-09-11T18:01:24.696+00:00,4357.61,4357.69,0.08,82
2026-09-11T18:01:24.924+00:00,4357.8,4357.88,0.08,82
2026-09-11T18:01:25.373+00:00,4357.79,4357.89,0.1,82
2026-09-11T18:01:26.094+00:00,4357.78,4357.88,0.1,82
2026-09-11T18:01:26.305+00:00,4357.54,4357.63,0.09,82
2026-09-11T18:01:26.726+00:00,4357.52,4357.62,0.1,82
2026-09-11T18:01:27.150+00:00,4357.51,4357.6,0.09,82
2026-09-11T18:01:27.524+00:00,4357.48,4357.57,0.09,82
2026-09-11T18:01:27.727+00:00,4357.47,4357.58,0.11,82
2026-09-11T18:01:28.612+00:00,4357.47,4357.59,0.12,82
2026-09-11T18:01:28.840+00:00,4357.66,4357.76,0.1,82
2026-09-11T18:01:29.063+00:00,4357.75,4357.83,0.08,82
2026-09-11T18:01:29.288+00:00,4357.72,4357.81,0.09,82
2026-09-11T18:01:29.514+00:00,4357.64,4357.73,0.09,82
2026-09-11T18:01:29.726+00:00,4357.63,4357.74,0.11,82
2026-09-11T18:01:29.963+00:00,4357.67,4357.78,0.11,82
2026-09-11T18:01:30.188+00:00,4357.71,4357.83,0.12,82
2026-09-11T18:01:30.429+00:00,4357.71,4357.81,0.1,82
2026-09-11T18:01:30.650+00:00,4357.81,4357.9,0.09,82
2026-09-11T18:01:30.876+00:00,4357.78,4357.87,0.09,82
2026-09-11T18:01:31.098+00:00,4357.87,4357.96,0.09,82
2026-09-11T18:01:31.473+00:00,4357.77,4357.89,0.12,82
2026-09-11T18:01:31.848+00:00,4357.78,4357.89,0.11,82
2026-09-11T18:01:32.071+00:00,4357.68,4357.79,0.11,82
2026-09-11T18:01:32.371+00:00,4357.74,4357.85,0.11,82
2026-09-11T18:01:32.594+00:00,4357.79,4357.89,0.1,82
2026-09-11T18:01:32.802+00:00,4357.8,4357.89,0.09,82
2026-09-11T18:01:33.030+00:00,4357.7,4357.81,0.11,82
2026-09-11T18:01:33.264+00:00,4357.75,4357.86,0.11,82
2026-09-11T18:01:34.594+00:00,4357.75,4357.87,0.12,82
2026-09-11T18:01:34.818+00:00,4357.49,4357.6,0.11,82
2026-09-11T18:01:35.043+00:00,4357.6,4357.71,0.11,82
2026-09-11T18:01:35.267+00:00,4357.57,4357.68,0.11,82
2026-09-11T18:01:35.492+00:00,4357.58,4357.68,0.1,82
2026-09-11T18:01:35.716+00:00,4357.64,4357.72,0.08,82
2026-09-11T18:01:35.943+00:00,4357.77,4357.85,0.08,82
2026-09-11T18:01:36.171+00:00,4357.85,4357.93,0.08,82
2026-09-11T18:01:36.394+00:00,4357.9,4357.98,0.08,82
2026-09-11T18:01:36.695+00:00,4357.93,4358.01,0.08,82
2026-09-11T18:01:37.004+00:00,4357.85,4357.93,0.08,82
2026-09-11T18:01:37.225+00:00,4357.82,4357.92,0.1,82
2026-09-11T18:01:37.603+00:00,4357.85,4357.95,0.1,82
2026-09-11T18:01:37.827+00:00,4357.87,4357.98,0.11,82
2026-09-11T18:01:38.050+00:00,4357.86,4357.96,0.1,82
2026-09-11T18:01:38.352+00:00,4357.85,4357.96,0.11,82
2026-09-11T18:01:38.731+00:00,4358.21,4358.34,0.13,82
2026-09-11T18:01:38.999+00:00,4358.23,4358.35,0.12,82
2026-09-11T18:01:39.227+00:00,4358.2,4358.29,0.09,82
2026-09-11T18:01:39.586+00:00,4358.25,4358.33,0.08,82
2026-09-11T18:01:39.838+00:00,4358.24,4358.34,0.1,82
2026-09-11T18:01:40.062+00:00,4358.23,4358.36,0.13,82
2026-09-11T18:01:40.308+00:00,4358.28,4358.4,0.12,82
2026-09-11T18:01:40.726+00:00,4358.26,4358.39,0.13,82
2026-09-11T18:01:41.071+00:00,4358.25,4358.37,0.12,82
2026-09-11T18:01:41.298+00:00,4358.21,4358.32,0.11,82
2026-09-11T18:01:41.673+00:00,4358.24,4358.37,0.13,82
2026-09-11T18:01:42.840+00:00,4358.21,4358.34,0.13,82
2026-09-11T18:01:43.360+00:00,4358.13,4358.26,0.13,82
2026-09-11T18:01:43.589+00:00,4358.09,4358.21,0.12,82
2026-09-11T18:01:43.813+00:00,4357.93,4358.04,0.11,82
2026-09-11T18:01:44.038+00:00,4357.95,4358.06,0.11,82
2026-09-11T18:01:44.264+00:00,4357.52,4357.63,0.11,83
2026-09-11T18:01:44.489+00:00,4357.52,4357.64,0.12,83
2026-09-11T18:01:44.714+00:00,4357.54,4357.66,0.12,83
2026-09-11T18:01:45.013+00:00,4357.52,4357.61,0.09,83
2026-09-11T18:01:45.646+00:00,4357.53,4357.62,0.09,83
2026-09-11T18:01:45.871+00:00,4357.54,4357.63,0.09,83
2026-09-11T18:01:46.223+00:00,4357.54,4357.62,0.08,83
2026-09-11T18:01:46.449+00:00,4357.42,4357.52,0.1,83
2026-09-11T18:01:46.898+00:00,4357.51,4357.61,0.1,83
2026-09-11T18:01:47.130+00:00,4358.07,4358.16,0.09,83
2026-09-11T18:01:47.355+00:00,4358.08,4358.16,0.08,83
2026-09-11T18:01:47.580+00:00,4358.06,4358.14,0.08,83
2026-09-11T18:01:47.808+00:00,4358.05,4358.13,0.08,83
2026-09-11T18:01:48.037+00:00,4357.94,4358.03,0.09,83
2026-09-11T18:01:48.258+00:00,4357.93,4358.04,0.11,83
2026-09-11T18:01:48.570+00:00,4357.87,4358.0,0.13,83
2026-09-11T18:01:48.801+00:00,4358.04,4358.15,0.11,83
2026-09-11T18:01:49.020+00:00,4358.08,4358.17,0.09,83
2026-09-11T18:01:49.244+00:00,4358.13,4358.22,0.09,83
2026-09-11T18:01:49.544+00:00,4358.14,4358.24,0.1,83
2026-09-11T18:01:49.811+00:00,4358.11,4358.21,0.1,83
2026-09-11T18:01:50.037+00:00,4358.11,4358.22,0.11,83
2026-09-11T18:01:50.264+00:00,4358.12,4358.22,0.1,83
2026-09-11T18:01:50.637+00:00,4358.12,4358.23,0.11,83
2026-09-11T18:01:50.862+00:00,4358.09,4358.2,0.11,83
2026-09-11T18:01:51.087+00:00,4358.11,4358.21,0.1,83
2026-09-11T18:01:51.312+00:00,4358.02,4358.14,0.12,83
2026-09-11T18:01:51.613+00:00,4357.73,4357.84,0.11,83
2026-09-11T18:01:51.872+00:00,4357.71,4357.84,0.13,83
2026-09-11T18:01:52.097+00:00,4357.81,4357.92,0.11,83
2026-09-11T18:01:52.534+00:00,4357.79,4357.88,0.09,83
2026-09-11T18:01:52.950+00:00,4357.86,4357.96,0.1,83
2026-09-11T18:01:53.323+00:00,4357.74,4357.85,0.11,83
2026-09-11T18:01:53.554+00:00,4357.83,4357.95,0.12,83
2026-09-11T18:01:53.928+00:00,4357.92,4358.03,0.11,83
2026-09-11T18:01:54.237+00:00,4358.16,4358.29,0.13,83
2026-09-11T18:01:54.749+00:00,4358.15,4358.27,0.12,83
2026-09-11T18:01:54.973+00:00,4358.11,4358.23,0.12,83
2026-09-11T18:01:55.200+00:00,4358.13,4358.25,0.12,83
2026-09-11T18:01:55.423+00:00,4358.19,4358.31,0.12,83
2026-09-11T18:01:55.739+00:00,4358.21,4358.32,0.11,83
2026-09-11T18:01:55.949+00:00,4358.09,4358.2,0.11,83
2026-09-11T18:01:56.402+00:00,4357.83,4357.94,0.11,83
2026-09-11T18:01:56.623+00:00,4357.72,4357.83,0.11,83
2026-09-11T18:01:56.847+00:00,4357.7,4357.82,0.12,83
2026-09-11T18:01:57.073+00:00,4357.77,4357.88,0.11,83
2026-09-11T18:01:57.298+00:00,4357.89,4357.97,0.08,83
2026-09-11T18:01:57.554+00:00,4357.92,4358.0,0.08,83
2026-09-11T18:01:57.726+00:00,4357.91,4357.99,0.08,83
2026-09-11T18:01:57.974+00:00,4357.86,4357.96,0.1,83
2026-09-11T18:01:58.197+00:00,4357.85,4357.95,0.1,83
2026-09-11T18:01:58.423+00:00,4357.84,4357.93,0.09,83
2026-09-11T18:01:59.231+00:00,4357.98,4358.07,0.09,83
2026-09-11T18:01:59.464+00:00,4357.93,4358.02,0.09,83
2026-09-11T18:01:59.946+00:00,4357.92,4358.0,0.08,83
2026-09-11T18:02:00.469+00:00,4357.93,4358.01,0.08,83
2026-09-11T18:02:00.728+00:00,4357.95,4358.04,0.09,83
2026-09-11T18:02:00.994+00:00,4357.8,4357.91,0.11,83
2026-09-11T18:02:01.223+00:00,4357.81,4357.92,0.11,83
2026-09-11T18:02:01.446+00:00,4358.08,4358.18,0.1,83
2026-09-11T18:02:01.675+00:00,4358.01,4358.1,0.09,83
2026-09-11T18:02:01.905+00:00,4357.95,4358.05,0.1,83
2026-09-11T18:02:02.422+00:00,4357.93,4358.03,0.1,83
2026-09-11T18:02:02.648+00:00,4357.97,4358.06,0.09,83
2026-09-11T18:02:02.873+00:00,4358.06,4358.15,0.09,83
2026-09-11T18:02:03.098+00:00,4358.06,4358.14,0.08,83
2026-09-11T18:02:03.324+00:00,4358.02,4358.1,0.08,83
2026-09-11T18:02:03.553+00:00,4358.09,4358.17,0.08,83
2026-09-11T18:02:03.780+00:00,4358.19,4358.27,0.08,83
2026-09-11T18:02:04.003+00:00,4358.2,4358.28,0.08,83
2026-09-11T18:02:04.308+00:00,4358.38,4358.47,0.09,83
2026-09-11T18:02:04.753+00:00,4358.39,4358.48,0.09,83
2026-09-11T18:02:04.981+00:00,4358.53,4358.61,0.08,83
2026-09-11T18:02:05.210+00:00,4358.54,4358.63,0.09,83
2026-09-11T18:02:05.432+00:00,4358.58,4358.67,0.09,83
2026-09-11T18:02:05.659+00:00,4358.58,4358.69,0.11,83
2026-09-11T18:02:05.953+00:00,4358.55,4358.68,0.13,83
2026-09-11T18:02:06.179+00:00,4358.56,4358.69,0.13,83
2026-09-11T18:02:06.479+00:00,4358.6,4358.72,0.12,83
2026-09-11T18:02:06.933+00:00,4358.78,4358.9,0.12,83
2026-09-11T18:02:07.457+00:00,4358.77,4358.9,0.13,83
2026-09-11T18:02:07.730+00:00,4358.74,4358.87,0.13,83
2026-09-11T18:02:08.030+00:00,4358.63,4358.76,0.13,83
2026-09-11T18:02:08.419+00:00,4358.56,4358.68,0.12,83
2026-09-11T18:02:08.722+00:00,4358.61,4358.72,0.11,83
2026-09-11T18:02:09.018+00:00,4358.57,4358.69,0.12,83
2026-09-11T18:02:09.244+00:00,4358.47,4358.59,0.12,83
2026-09-11T18:02:09.469+00:00,4358.46,4358.56,0.1,84
2026-09-11T18:02:09.693+00:00,4358.45,4358.54,0.09,84
2026-09-11T18:02:09.918+00:00,4358.5,4358.58,0.08,84
2026-09-11T18:02:10.143+00:00,4358.32,4358.4,0.08,84
2026-09-11T18:02:10.369+00:00,4358.5,4358.6,0.1,84
2026-09-11T18:02:10.602+00:00,4358.43,4358.52,0.09,84
2026-09-11T18:02:10.823+00:00,4358.14,4358.24,0.1,84
2026-09-11T18:02:11.046+00:00,4358.38,4358.49,0.11,84
2026-09-11T18:02:11.273+00:00,4358.38,4358.48,0.1,84
2026-09-11T18:02:11.577+00:00,4358.37,4358.47,0.1,84
2026-09-11T18:02:11.801+00:00,4358.02,4358.13,0.11,84
2026-09-11T18:02:12.026+00:00,4357.97,4358.08,0.11,84
2026-09-11T18:02:12.325+00:00,4357.99,4358.11,0.12,84
2026-09-11T18:02:12.553+00:00,4357.97,4358.06,0.09,84
2026-09-11T18:02:12.763+00:00,4357.97,4358.05,0.08,84
2026-09-11T18:02:13.312+00:00,4357.95,4358.04,0.09,84
2026-09-11T18:02:13.539+00:00,4357.92,4358.02,0.1,84
2026-09-11T18:02:13.763+00:00,4357.94,4358.05,0.11,84
2026-09-11T18:02:13.989+00:00,4357.99,4358.1,0.11,84
2026-09-11T18:02:14.216+00:00,4358.24,4358.35,0.11,84
2026-09-11T18:02:14.445+00:00,4358.35,4358.46,0.11,84
2026-09-11T18:02:14.663+00:00,4358.55,4358.64,0.09,84
2026-09-11T18:02:15.125+00:00,4358.3,4358.38,0.08,84
2026-09-11T18:02:15.418+00:00,4358.29,4358.39,0.1,84
2026-09-11T18:02:15.653+00:00,4358.22,4358.33,0.11,84
2026-09-11T18:02:15.867+00:00,4358.24,4358.34,0.1,84
2026-09-11T18:02:16.092+00:00,4358.29,4358.38,0.09,84
2026-09-11T18:02:16.317+00:00,4358.43,4358.52,0.09,84
2026-09-11T18:02:16.541+00:00,4358.58,4358.67,0.09,84
2026-09-11T18:02:16.766+00:00,4358.57,4358.67,0.1,84
2026-09-11T18:02:17.069+00:00,4358.56,4358.68,0.12,84
2026-09-11T18:02:17.293+00:00,4358.54,4358.67,0.13,84
2026-09-11T18:02:17.604+00:00,4358.5,4358.63,0.13,84
2026-09-11T18:02:17.977+00:00,4358.78,4358.91,0.13,84
2026-09-11T18:02:18.753+00:00,4358.78,4358.9,0.12,84
2026-09-11T18:02:19.055+00:00,4358.79,4358.91,0.12,84
2026-09-11T18:02:19.279+00:00,4358.81,4358.94,0.13,84
2026-09-11T18:02:19.726+00:00,4358.77,4358.89,0.12,84
2026-09-11T18:02:20.256+00:00,4358.66,4358.79,0.13,84
2026-09-11T18:02:20.686+00:00,4358.66,4358.78,0.12,84
2026-09-11T18:02:21.109+00:00,4358.67,4358.79,0.12,84
2026-09-11T18:02:21.866+00:00,4358.44,4358.56,0.12,84
2026-09-11T18:02:21.866+00:00,4358.44,4358.57,0.13,84
2026-09-11T18:02:22.087+00:00,4358.45,4358.58,0.13,84
2026-09-11T18:02:22.309+00:00,4358.51,4358.64,0.13,84
2026-09-11T18:02:22.534+00:00,4358.52,4358.62,0.1,84
2026-09-11T18:02:22.834+00:00,4358.5,4358.61,0.11,84
2026-09-11T18:02:23.130+00:00,4358.52,4358.65,0.13,84
2026-09-11T18:02:23.358+00:00,4358.45,4358.57,0.12,84
2026-09-11T18:02:23.580+00:00,4358.86,4358.96,0.1,84
2026-09-11T18:02:23.805+00:00,4358.88,4358.97,0.09,84
2026-09-11T18:02:24.029+00:00,4358.89,4358.99,0.1,84
2026-09-11T18:02:24.330+00:00,4358.68,4358.79,0.11,84
2026-09-11T18:02:24.835+00:00,4358.91,4359.03,0.12,84
2026-09-11T18:02:25.064+00:00,4358.92,4359.03,0.11,84
2026-09-11T18:02:25.362+00:00,4358.92,4359.04,0.12,84
2026-09-11T18:02:25.752+00:00,4358.93,4359.03,0.1,84
2026-09-11T18:02:26.024+00:00,4358.96,4359.07,0.11,84
2026-09-11T18:02:26.321+00:00,4358.97,4359.1,0.13,84
2026-09-11T18:02:26.546+00:00,4358.92,4359.05,0.13,84
2026-09-11T18:02:26.778+00:00,4358.93,4359.04,0.11,84
2026-09-11T18:02:27.388+00:00,4358.93,4359.05,0.12,84
2026-09-11T18:02:27.613+00:00,4359.04,4359.15,0.11,84
2026-09-11T18:02:27.839+00:00,4358.52,4358.61,0.09,84
2026-09-11T18:02:28.062+00:00,4358.29,4358.4,0.11,84
2026-09-11T18:02:28.365+00:00,4358.36,4358.48,0.12,84
2026-09-11T18:02:28.592+00:00,4358.42,4358.52,0.1,84
2026-09-11T18:02:28.816+00:00,4358.39,4358.47,0.08,84
2026-09-11T18:02:29.056+00:00,4358.38,4358.46,0.08,84
2026-09-11T18:02:29.413+00:00,4358.37,4358.47,0.1,84
2026-09-11T18:02:29.633+00:00,4358.5,4358.58,0.08,84
2026-09-11T18:02:29.932+00:00,4358.52,4358.6,0.08,84
2026-09-11T18:02:30.457+00:00,4358.51,4358.59,0.08,84
2026-09-11T18:02:30.683+00:00,4358.34,4358.42,0.08,84
2026-09-11T18:02:30.908+00:00,4358.54,4358.62,0.08,84
2026-09-11T18:02:31.132+00:00,4358.46,4358.55,0.09,84
2026-09-11T18:02:31.359+00:00,4358.44,4358.52,0.08,84
2026-09-11T18:02:31.584+00:00,4358.41,4358.51,0.1,84
2026-09-11T18:02:31.808+00:00,4358.38,4358.48,0.1,84
2026-09-11T18:02:32.033+00:00,4358.37,4358.47,0.1,84
2026-09-11T18:02:32.259+00:00,4358.67,4358.76,0.09,84
2026-09-11T18:02:32.488+00:00,4358.72,4358.8,0.08,84
2026-09-11T18:02:32.726+00:00,4358.73,4358.81,0.08,84
2026-09-11T18:02:32.938+00:00,4358.42,4358.52,0.1,84
2026-09-11T18:02:33.285+00:00,4358.69,4358.79,0.1,84
2026-09-11T18:02:33.726+00:00,4358.7,4358.78,0.08,84
2026-09-11T18:02:34.073+00:00,4358.48,4358.56,0.08,84
2026-09-11T18:02:34.298+00:00,4358.49,4358.58,0.09,84
2026-09-11T18:02:34.531+00:00,4358.58,4358.68,0.1,85
2026-09-11T18:02:34.730+00:00,4358.8,4358.89,0.09,85
2026-09-11T18:02:34.989+00:00,4359.02,4359.1,0.08,85
2026-09-11T18:02:35.283+00:00,4359.01,4359.09,0.08,85
2026-09-11T18:02:35.509+00:00,4358.93,4359.02,0.09,85
2026-09-11T18:02:35.726+00:00,4358.63,4358.72,0.09,85
2026-09-11T18:02:35.960+00:00,4358.56,4358.65,0.09,85
2026-09-11T18:02:36.262+00:00,4358.47,4358.57,0.1,85
2026-09-11T18:02:36.485+00:00,4358.24,4358.35,0.11,85
2026-09-11T18:02:36.718+00:00,4358.27,4358.39,0.12,85
2026-09-11T18:02:36.935+00:00,4358.6,4358.7,0.1,85
2026-09-11T18:02:37.164+00:00,4358.65,4358.73,0.08,85
2026-09-11T18:02:37.386+00:00,4358.61,4358.69,0.08,85
2026-09-11T18:02:37.610+00:00,4358.59,4358.69,0.1,85
2026-09-11T18:02:37.838+00:00,4358.72,4358.82,0.1,85
2026-09-11T18:02:38.140+00:00,4358.79,4358.89,0.1,85
2026-09-11T18:02:38.437+00:00,4358.77,4358.87,0.1,85
2026-09-11T18:02:38.728+00:00,4358.81,4358.91,0.1,85
2026-09-11T18:02:38.963+00:00,4358.76,4358.86,0.1,85
2026-09-11T18:02:39.189+00:00,4358.84,4358.94,0.1,85
2026-09-11T18:02:39.415+00:00,4359.07,4359.16,0.09,85
2026-09-11T18:02:39.863+00:00,4359.13,4359.22,0.09,85
2026-09-11T18:02:40.124+00:00,4359.11,4359.22,0.11,85
2026-09-11T18:02:40.357+00:00,4359.11,4359.21,0.1,85
2026-09-11T18:02:40.588+00:00,4359.12,4359.22,0.1,85
2026-09-11T18:02:40.810+00:00,4358.76,4358.88,0.12,85
2026-09-11T18:02:41.036+00:00,4358.79,4358.92,0.13,85
2026-09-11T18:02:41.727+00:00,4358.81,4358.93,0.12,85
2026-09-11T18:02:41.947+00:00,4358.8,4358.9,0.1,85
2026-09-11T18:02:42.172+00:00,4358.75,4358.86,0.11,85
2026-09-11T18:02:42.397+00:00,4358.78,4358.89,0.11,85
2026-09-11T18:02:42.697+00:00,4358.69,4358.82,0.13,85
2026-09-11T18:02:42.923+00:00,4358.8,4358.93,0.13,85
2026-09-11T18:02:43.147+00:00,4358.8,4358.92,0.12,85
2026-09-11T18:02:43.373+00:00,4359.01,4359.13,0.12,85
2026-09-11T18:02:43.597+00:00,4358.99,4359.1,0.11,85
2026-09-11T18:02:43.898+00:00,4358.86,4358.98,0.12,85
2026-09-11T18:02:44.348+00:00,4358.66,4358.77,0.11,85
2026-09-11T18:02:44.573+00:00,4358.67,4358.78,0.11,85
2026-09-11T18:02:44.798+00:00,4358.64,4358.76,0.12,85
2026-09-11T18:02:45.023+00:00,4358.64,4358.77,0.13,85
2026-09-11T18:02:45.253+00:00,4358.75,4358.87,0.12,85
2026-09-11T18:02:45.474+00:00,4358.69,4358.8,0.11,85
2026-09-11T18:02:45.697+00:00,4358.69,4358.81,0.12,85
2026-09-11T18:02:46.072+00:00,4358.93,4359.06,0.13,85
2026-09-11T18:02:46.726+00:00,4358.95,4359.06,0.11,85
2026-09-11T18:02:46.962+00:00,4358.89,4359.0,0.11,85
2026-09-11T18:02:47.188+00:00,4358.88,4358.99,0.11,85
2026-09-11T18:02:47.417+00:00,4358.88,4359.0,0.12,85
2026-09-11T18:02:47.713+00:00,4358.9,4359.02,0.12,85
2026-09-11T18:02:48.011+00:00,4358.85,4358.96,0.11,85
2026-09-11T18:02:48.238+00:00,4358.79,4358.91,0.12,85
2026-09-11T18:02:48.508+00:00,4358.44,4358.55,0.11,85
2026-09-11T18:02:48.726+00:00,4358.45,4358.55,0.1,85
2026-09-11T18:02:49.147+00:00,4358.47,4358.56,0.09,85
2026-09-11T18:02:49.362+00:00,4358.56,4358.65,0.09,85
2026-09-11T18:02:49.587+00:00,4358.46,4358.55,0.09,85
2026-09-11T18:02:49.817+00:00,4358.67,4358.76,0.09,85
2026-09-11T18:02:50.043+00:00,4358.82,4358.91,0.09,85
2026-09-11T18:02:50.267+00:00,4358.82,4358.9,0.08,85
2026-09-11T18:02:50.493+00:00,4359.03,4359.11,0.08,85
2026-09-11T18:02:50.717+00:00,4358.89,4358.99,0.1,85
2026-09-11T18:02:50.958+00:00,4358.89,4359.0,0.11,85
2026-09-11T18:02:51.259+00:00,4359.14,4359.26,0.12,85
2026-09-11T18:02:51.562+00:00,4359.14,4359.27,0.13,85
2026-09-11T18:02:51.791+00:00,4359.1,4359.23,0.13,85
2026-09-11T18:02:52.087+00:00,4359.1,4359.22,0.12,85
2026-09-11T18:02:52.387+00:00,4359.18,4359.29,0.11,85
2026-09-11T18:02:52.612+00:00,4359.22,4359.31,0.09,85
2026-09-11T18:02:52.987+00:00,4359.24,4359.32,0.08,85
2026-09-11T18:02:53.214+00:00,4359.05,4359.15,0.1,85
2026-09-11T18:02:53.663+00:00,4359.25,4359.35,0.1,85
2026-09-11T18:02:53.962+00:00,4359.04,4359.14,0.1,85
2026-09-11T18:02:54.226+00:00,4359.1,4359.2,0.1,85
2026-09-11T18:02:54.527+00:00,4359.11,4359.22,0.11,85
2026-09-11T18:02:54.751+00:00,4359.12,4359.23,0.11,85
2026-09-11T18:02:54.977+00:00,4359.37,4359.49,0.12,85
2026-09-11T18:02:55.394+00:00,4359.1,4359.23,0.13,85
2026-09-11T18:02:56.015+00:00,4359.35,4359.48,0.13,85
2026-09-11T18:02:56.281+00:00,4359.37,4359.5,0.13,85
2026-09-11T18:02:56.508+00:00,4359.37,4359.49,0.12,85
2026-09-11T18:02:56.726+00:00,4359.44,4359.56,0.12,85
2026-09-11T18:02:57.041+00:00,4359.54,4359.66,0.12,85
2026-09-11T18:02:57.257+00:00,4359.58,4359.7,0.12,85
2026-09-11T18:02:57.485+00:00,4359.57,4359.68,0.11,85
2026-09-11T18:02:57.720+00:00,4359.6,4359.71,0.11,85
2026-09-11T18:02:58.101+00:00,4359.67,4359.77,0.1,85
2026-09-11T18:02:58.311+00:00,4359.58,4359.68,0.1,85
2026-09-11T18:02:58.535+00:00,4359.66,4359.77,0.11,85
2026-09-11T18:02:58.761+00:00,4359.69,4359.79,0.1,85
2026-09-11T18:02:58.988+00:00,4359.7,4359.81,0.11,85
2026-09-11T18:02:59.210+00:00,4359.68,4359.8,0.12,85
2026-09-11T18:02:59.461+00:00,4359.68,4359.79,0.11,86
2026-09-11T18:02:59.918+00:00,4359.64,4359.75,0.11,86
2026-09-11T18:02:59.918+00:00,4359.3,4359.41,0.11,86
2026-09-11T18:03:00.139+00:00,4359.29,4359.42,0.13,86
2026-09-11T18:03:00.728+00:00,4359.31,4359.44,0.13,86
2026-09-11T18:03:00.985+00:00,4359.37,4359.5,0.13,86
2026-09-11T18:03:01.361+00:00,4359.23,4359.36,0.13,86
2026-09-11T18:03:01.584+00:00,4359.36,4359.48,0.12,86
2026-09-11T18:03:02.068+00:00,4359.37,4359.48,0.11,86
2026-09-11T18:03:02.293+00:00,4359.33,4359.44,0.11,86
2026-09-11T18:03:02.523+00:00,4359.23,4359.35,0.12,86
2026-09-11T18:03:02.726+00:00,4359.28,4359.38,0.1,86
2026-09-11T18:03:02.977+00:00,4359.16,4359.25,0.09,86
2026-09-11T18:03:03.202+00:00,4359.12,4359.23,0.11,86
2026-09-11T18:03:03.725+00:00,4359.15,4359.26,0.11,86
2026-09-11T18:03:04.026+00:00,4359.17,4359.26,0.09,86
2026-09-11T18:03:04.625+00:00,4359.08,4359.19,0.11,86
2026-09-11T18:03:04.852+00:00,4359.09,4359.2,0.11,86
2026-09-11T18:03:05.151+00:00,4359.03,4359.15,0.12,86
2026-09-11T18:03:05.376+00:00,4358.8,4358.92,0.12,86
2026-09-11T18:03:05.604+00:00,4358.79,4358.92,0.13,86
2026-09-11T18:03:05.827+00:00,4358.82,4358.94,0.12,86
2026-09-11T18:03:06.052+00:00,4358.8,4358.9,0.1,86
2026-09-11T18:03:06.277+00:00,4358.81,4358.89,0.08,86
2026-09-11T18:03:06.589+00:00,4358.86,4358.95,0.09,86
2026-09-11T18:03:06.954+00:00,4358.78,4358.88,0.1,86
2026-09-11T18:03:07.155+00:00,4358.86,4358.95,0.09,86
2026-09-11T18:03:07.650+00:00,4358.61,4358.7,0.09,86
2026-09-11T18:03:07.881+00:00,4358.58,4358.69,0.11,86
2026-09-11T18:03:08.325+00:00,4358.59,4358.71,0.12,86
2026-09-11T18:03:08.550+00:00,4358.65,4358.76,0.11,86
2026-09-11T18:03:08.925+00:00,4358.71,4358.8,0.09,86
2026-09-11T18:03:09.150+00:00,4358.84,4358.93,0.09,86
2026-09-11T18:03:09.375+00:00,4358.84,4358.92,0.08,86
2026-09-11T18:03:09.677+00:00,4358.7,4358.79,0.09,86
2026-09-11T18:03:09.933+00:00,4358.7,4358.8,0.1,86
2026-09-11T18:03:10.682+00:00,4359.19,4359.27,0.08,86
2026-09-11T18:03:10.907+00:00,4359.04,4359.12,0.08,86
2026-09-11T18:03:11.130+00:00,4359.12,4359.2,0.08,86
2026-09-11T18:03:11.357+00:00,4359.08,4359.17,0.09,86
2026-09-11T18:03:11.582+00:00,4359.39,4359.5,0.11,86
2026-09-11T18:03:11.806+00:00,4359.35,4359.45,0.1,86
2026-09-11T18:03:12.032+00:00,4359.14,4359.22,0.08,86
2026-09-11T18:03:12.256+00:00,4359.51,4359.61,0.1,86
2026-09-11T18:03:12.482+00:00,4359.4,4359.51,0.11,86
2026-09-11T18:03:12.726+00:00,4359.18,4359.3,0.12,86
2026-09-11T18:03:13.006+00:00,4359.19,4359.31,0.12,86
2026-09-11T18:03:13.232+00:00,4359.18,4359.31,0.13,86
2026-09-11T18:03:13.725+00:00,4359.15,4359.28,0.13,86
2026-09-11T18:03:13.991+00:00,4359.22,4359.33,0.11,86
2026-09-11T18:03:14.217+00:00,4359.15,4359.26,0.11,86
2026-09-11T18:03:14.443+00:00,4358.82,4358.94,0.12,86
2026-09-11T18:03:14.728+00:00,4358.9,4359.01,0.11,86
2026-09-11T18:03:15.043+00:00,4358.89,4359.01,0.12,86
2026-09-11T18:03:15.420+00:00,4358.88,4358.99,0.11,86
2026-09-11T18:03:16.726+00:00,4358.98,4359.09,0.11,86
2026-09-11T18:03:17.433+00:00,4359.19,4359.3,0.11,86
2026-09-11T18:03:17.958+00:00,4359.33,4359.43,0.1,86
2026-09-11T18:03:18.259+00:00,4359.38,4359.48,0.1,86
2026-09-11T18:03:18.536+00:00,4359.37,4359.49,0.12,86
2026-09-11T18:03:18.761+00:00,4359.33,4359.44,0.11,86
2026-09-11T18:03:19.061+00:00,4359.33,4359.43,0.1,86
2026-09-11T18:03:19.286+00:00,4359.33,4359.44,0.11,86
2026-09-11T18:03:19.512+00:00,4359.34,4359.44,0.1,86
2026-09-11T18:03:19.968+00:00,4359.53,4359.61,0.08,86
2026-09-11T18:03:20.191+00:00,4359.58,4359.66,0.08,86
2026-09-11T18:03:20.416+00:00,4359.29,4359.37,0.08,86
2026-09-11T18:03:20.640+00:00,4359.28,4359.36,0.08,86
2026-09-11T18:03:20.866+00:00,4359.32,4359.41,0.09,86
2026-09-11T18:03:21.090+00:00,4359.59,4359.68,0.09,86
2026-09-11T18:03:21.328+00:00,4359.68,4359.78,0.1,86
2026-09-11T18:03:21.546+00:00,4359.47,4359.58,0.11,86
2026-09-11T18:03:21.853+00:00,4359.46,4359.58,0.12,86
2026-09-11T18:03:22.070+00:00,4359.34,4359.46,0.12,86
2026-09-11T18:03:22.293+00:00,4359.32,4359.43,0.11,86
2026-09-11T18:03:22.599+00:00,4359.27,4359.39,0.12,86
2026-09-11T18:03:22.821+00:00,4359.33,4359.45,0.12,86
2026-09-11T18:03:23.046+00:00,4359.34,4359.44,0.1,86
2026-09-11T18:03:23.360+00:00,4359.33,4359.44,0.11,86
2026-09-11T18:03:23.730+00:00,4359.36,4359.47,0.11,86
2026-09-11T18:03:24.334+00:00,4359.39,4359.51,0.12,86
2026-09-11T18:03:24.559+00:00,4359.39,4359.52,0.13,86
2026-09-11T18:03:24.790+00:00,4359.4,4359.53,0.13,87
2026-09-11T18:03:24.999+00:00,4359.29,4359.42,0.13,87
2026-09-11T18:03:25.281+00:00,4359.31,4359.44,0.13,87
2026-09-11T18:03:25.581+00:00,4359.41,4359.51,0.1,87
2026-09-11T18:03:26.172+00:00,4359.64,4359.75,0.11,87
2026-09-11T18:03:26.715+00:00,4359.45,4359.56,0.11,87
2026-09-11T18:03:26.936+00:00,4359.4,4359.51,0.11,87
2026-09-11T18:03:27.611+00:00,4359.4,4359.5,0.1,87
2026-09-11T18:03:27.838+00:00,4359.36,4359.46,0.1,87
2026-09-11T18:03:28.215+00:00,4359.39,4359.48,0.09,87
2026-09-11T18:03:28.692+00:00,4359.4,4359.48,0.08,87
2026-09-11T18:03:29.142+00:00,4359.39,4359.48,0.09,87
2026-09-11T18:03:29.367+00:00,4359.59,4359.69,0.1,87
2026-09-11T18:03:29.595+00:00,4359.63,4359.72,0.09,87
2026-09-11T18:03:29.816+00:00,4359.64,4359.74,0.1,87
2026-09-11T18:03:30.232+00:00,4359.61,4359.73,0.12,87
2026-09-11T18:03:30.624+00:00,4359.62,4359.72,0.1,87
2026-09-11T18:03:31.542+00:00,4359.6,4359.71,0.11,87
2026-09-11T18:03:31.768+00:00,4359.47,4359.56,0.09,87
2026-09-11T18:03:32.007+00:00,4359.51,4359.59,0.08,87
2026-09-11T18:03:32.218+00:00,4359.47,4359.55,0.08,87
2026-09-11T18:03:32.443+00:00,4359.47,4359.57,0.1,87
2026-09-11T18:03:32.669+00:00,4359.44,4359.54,0.1,87
2026-09-11T18:03:33.455+00:00,4359.14,4359.24,0.1,87
2026-09-11T18:03:33.743+00:00,4359.44,4359.54,0.1,87
2026-09-11T18:03:34.143+00:00,4359.46,4359.57,0.11,87
2026-09-11T18:03:34.373+00:00,4359.16,4359.26,0.1,87
2026-09-11T18:03:34.598+00:00,4359.13,4359.23,0.1,87
2026-09-11T18:03:34.822+00:00,4359.34,4359.44,0.1,87
2026-09-11T18:03:35.124+00:00,4359.31,4359.4,0.09,87
2026-09-11T18:03:35.349+00:00,4359.33,4359.41,0.08,87
2026-09-11T18:03:35.572+00:00,4359.11,4359.19,0.08,87
2026-09-11T18:03:36.052+00:00,4359.1,4359.19,0.09,87
2026-09-11T18:03:36.277+00:00,4359.34,4359.42,0.08,87
2026-09-11T18:03:36.504+00:00,4359.37,4359.45,0.08,87
2026-09-11T18:03:36.804+00:00,4359.38,4359.46,0.08,87
2026-09-11T18:03:37.058+00:00,4359.46,4359.54,0.08,87
2026-09-11T18:03:37.287+00:00,4359.44,4359.54,0.1,87
2026-09-11T18:03:37.495+00:00,4359.29,4359.39,0.1,87
2026-09-11T18:03:37.718+00:00,4359.23,4359.32,0.09,87
2026-09-11T18:03:37.944+00:00,4358.9,4359.0,0.1,87
2026-09-11T18:03:38.170+00:00,4358.91,4359.01,0.1,87
2026-09-11T18:03:38.601+00:00,4358.95,4359.04,0.09,87
2026-09-11T18:03:38.828+00:00,4358.84,4358.93,0.09,87
2026-09-11T18:03:39.051+00:00,4358.79,4358.89,0.1,87
2026-09-11T18:03:39.308+00:00,4358.84,4358.96,0.12,87
2026-09-11T18:03:39.542+00:00,4359.01,4359.1,0.09,87
2026-09-11T18:03:39.837+00:00,4359.01,4359.09,0.08,87
2026-09-11T18:03:40.510+00:00,4359.02,4359.1,0.08,87
2026-09-11T18:03:40.742+00:00,4359.0,4359.08,0.08,87
2026-09-11T18:03:42.451+00:00,4359.01,4359.09,0.08,87
2026-09-11T18:03:42.835+00:00,4359.02,4359.1,0.08,87
2026-09-11T18:03:43.057+00:00,4358.84,4358.92,0.08,87
2026-09-11T18:03:43.284+00:00,4358.85,4358.93,0.08,87
2026-09-11T18:03:43.505+00:00,4358.8,4358.9,0.1,87
2026-09-11T18:03:44.090+00:00,4358.89,4358.97,0.08,87
2026-09-11T18:03:45.368+00:00,4358.82,4358.9,0.08,87
2026-09-11T18:03:45.591+00:00,4358.84,4358.92,0.08,87
2026-09-11T18:03:45.818+00:00,4358.83,4358.91,0.08,87
2026-09-11T18:03:46.042+00:00,4358.86,4358.94,0.08,87
2026-09-11T18:03:47.086+00:00,4358.95,4359.03,0.08,87
2026-09-11T18:03:47.408+00:00,4358.93,4359.01,0.08,87
2026-09-11T18:03:47.636+00:00,4358.88,4358.96,0.08,87
2026-09-11T18:03:47.888+00:00,4358.87,4358.96,0.09,87
2026-09-11T18:03:48.110+00:00,4358.94,4359.02,0.08,87
2026-09-11T18:03:48.341+00:00,4358.85,4358.94,0.09,87
2026-09-11T18:03:48.562+00:00,4358.83,4358.93,0.1,87
2026-09-11T18:03:48.788+00:00,4358.85,4358.96,0.11,87
2026-09-11T18:03:49.171+00:00,4358.87,4358.95,0.08,87
2026-09-11T18:03:49.397+00:00,4358.88,4358.96,0.08,87
2026-09-11T18:03:49.622+00:00,4358.91,4358.99,0.08,87
2026-09-11T18:03:50.123+00:00,4358.97,4359.05,0.08,88
2026-09-11T18:03:50.684+00:00,4358.94,4359.02,0.08,88
2026-09-11T18:03:51.283+00:00,4359.19,4359.29,0.1,88
2026-09-11T18:03:51.542+00:00,4359.21,4359.31,0.1,88
2026-09-11T18:03:51.766+00:00,4359.2,4359.32,0.12,88
2026-09-11T18:03:51.982+00:00,4359.09,4359.2,0.11,88
2026-09-11T18:03:52.283+00:00,4359.1,4359.18,0.08,88
2026-09-11T18:03:52.738+00:00,4358.99,4359.07,0.08,88
2026-09-11T18:03:52.979+00:00,4358.96,4359.04,0.08,88
2026-09-11T18:03:53.204+00:00,4359.24,4359.32,0.08,88
2026-09-11T18:03:53.438+00:00,4359.29,4359.38,0.09,88
2026-09-11T18:03:53.660+00:00,4359.32,4359.4,0.08,88
2026-09-11T18:03:53.887+00:00,4359.33,4359.41,0.08,88
2026-09-11T18:03:54.451+00:00,4359.24,4359.33,0.09,88
2026-09-11T18:03:54.724+00:00,4359.03,4359.11,0.08,88
2026-09-11T18:03:54.977+00:00,4359.23,4359.32,0.09,88
2026-09-11T18:03:55.726+00:00,4359.24,4359.32,0.08,88
2026-09-11T18:03:56.143+00:00,4359.04,4359.12,0.08,88
2026-09-11T18:03:57.947+00:00,4359.02,4359.1,0.08,88
2026-09-11T18:03:59.066+00:00,4359.01,4359.09,0.08,88
2026-09-11T18:03:59.369+00:00,4359.45,4359.53,0.08,88
2026-09-11T18:03:59.589+00:00,4359.57,4359.65,0.08,88
2026-09-11T18:03:59.816+00:00,4359.51,4359.59,0.08,88
2026-09-11T18:04:00.040+00:00,4359.52,4359.61,0.09,88
2026-09-11T18:04:00.416+00:00,4359.45,4359.55,0.1,88
2026-09-11T18:04:01.009+00:00,4359.23,4359.32,0.09,88
2026-09-11T18:04:01.233+00:00,4359.36,4359.44,0.08,88
2026-09-11T18:04:01.701+00:00,4359.32,4359.4,0.08,88
2026-09-11T18:04:01.927+00:00,4359.28,4359.37,0.09,88
2026-09-11T18:04:02.153+00:00,4359.52,4359.63,0.11,88
2026-09-11T18:04:02.379+00:00,4359.32,4359.44,0.12,88
2026-09-11T18:04:02.620+00:00,4359.3,4359.4,0.1,88
2026-09-11T18:04:02.854+00:00,4359.34,4359.45,0.11,88
2026-09-11T18:04:03.077+00:00,4359.39,4359.48,0.09,88
2026-09-11T18:04:03.696+00:00,4359.38,4359.47,0.09,88
2026-09-11T18:04:04.032+00:00,4359.46,4359.56,0.1,88
2026-09-11T18:04:04.257+00:00,4359.69,4359.8,0.11,88
2026-09-11T18:04:04.483+00:00,4359.71,4359.81,0.1,88
2026-09-11T18:04:04.725+00:00,4359.7,4359.82,0.12,88
2026-09-11T18:04:05.118+00:00,4359.69,4359.79,0.1,88
2026-09-11T18:04:05.360+00:00,4359.38,4359.49,0.11,88
2026-09-11T18:04:05.813+00:00,4359.39,4359.51,0.12,88
2026-09-11T18:04:06.341+00:00,4359.68,4359.79,0.11,88
2026-09-11T18:04:06.562+00:00,4359.71,4359.82,0.11,88
2026-09-11T18:04:07.001+00:00,4359.4,4359.51,0.11,88
2026-09-11T18:04:07.310+00:00,4359.37,4359.49,0.12,88
2026-09-11T18:04:07.533+00:00,4359.32,4359.42,0.1,88
2026-09-11T18:04:07.757+00:00,4359.31,4359.41,0.1,88
2026-09-11T18:04:08.062+00:00,4359.3,4359.41,0.11,88
2026-09-11T18:04:08.359+00:00,4359.34,4359.43,0.09,88
2026-09-11T18:04:08.585+00:00,4359.26,4359.35,0.09,88
2026-09-11T18:04:08.808+00:00,4359.3,4359.38,0.08,88
2026-09-11T18:04:09.040+00:00,4359.39,4359.49,0.1,88
2026-09-11T18:04:09.260+00:00,4359.29,4359.4,0.11,88
2026-09-11T18:04:09.725+00:00,4359.26,4359.35,0.09,88
2026-09-11T18:04:10.059+00:00,4359.35,4359.45,0.1,88
2026-09-11T18:04:10.280+00:00,4359.3,4359.4,0.1,88
2026-09-11T18:04:10.512+00:00,4359.07,4359.17,0.1,88
2026-09-11T18:04:10.807+00:00,4359.11,4359.22,0.11,88
2026-09-11T18:04:11.032+00:00,4358.92,4359.03,0.11,88
2026-09-11T18:04:11.482+00:00,4358.81,4358.92,0.11,88
2026-09-11T18:04:11.726+00:00,4358.8,4358.91,0.11,88
2026-09-11T18:04:11.932+00:00,4358.86,4358.96,0.1,88
2026-09-11T18:04:12.467+00:00,4358.88,4358.97,0.09,88
2026-09-11T18:04:12.728+00:00,4358.72,4358.8,0.08,88
2026-09-11T18:04:13.215+00:00,4358.73,4358.81,0.08,88
2026-09-11T18:04:13.666+00:00,4358.78,4358.86,0.08,88
2026-09-11T18:04:14.040+00:00,4358.69,4358.79,0.1,88
2026-09-11T18:04:14.266+00:00,4358.72,4358.82,0.1,88
2026-09-11T18:04:14.535+00:00,4358.88,4358.96,0.08,88
2026-09-11T18:04:14.725+00:00,4359.02,4359.1,0.08,89
2026-09-11T18:04:14.970+00:00,4358.97,4359.05,0.08,89
2026-09-11T18:04:15.197+00:00,4359.2,4359.28,0.08,89
2026-09-11T18:04:15.423+00:00,4359.24,4359.32,0.08,89
2026-09-11T18:04:15.723+00:00,4359.23,4359.33,0.1,89
2026-09-11T18:04:16.093+00:00,4359.22,4359.32,0.1,89
2026-09-11T18:04:16.317+00:00,4359.29,4359.37,0.08,89
2026-09-11T18:04:16.554+00:00,4359.35,4359.43,0.08,89
2026-09-11T18:04:16.954+00:00,4359.36,4359.44,0.08,89
2026-09-11T18:04:17.257+00:00,4359.36,4359.45,0.09,89
2026-09-11T18:04:17.477+00:00,4359.25,4359.35,0.1,89
2026-09-11T18:04:17.928+00:00,4358.92,4359.03,0.11,89
2026-09-11T18:04:18.153+00:00,4359.01,4359.11,0.1,89
2026-09-11T18:04:18.377+00:00,4358.87,4358.97,0.1,89
2026-09-11T18:04:18.724+00:00,4358.91,4359.0,0.09,89
2026-09-11T18:04:18.982+00:00,4358.85,4358.94,0.09,89
2026-09-11T18:04:19.280+00:00,4358.8,4358.9,0.1,89
2026-09-11T18:04:19.504+00:00,4358.84,4358.94,0.1,89
2026-09-11T18:04:19.963+00:00,4358.83,4358.94,0.11,89
2026-09-11T18:04:20.188+00:00,4358.81,4358.92,0.11,89
2026-09-11T18:04:20.733+00:00,4358.82,4358.91,0.09,89
2026-09-11T18:04:20.985+00:00,4358.78,4358.88,0.1,89
2026-09-11T18:04:21.692+00:00,4358.76,4358.87,0.11,89
2026-09-11T18:04:21.917+00:00,4358.9,4359.01,0.11,89
2026-09-11T18:04:22.142+00:00,4358.86,4358.96,0.1,89
2026-09-11T18:04:22.366+00:00,4358.77,4358.87,0.1,89
2026-09-11T18:04:22.592+00:00,4358.76,4358.86,0.1,89
2026-09-11T18:04:22.816+00:00,4358.71,4358.8,0.09,89
2026-09-11T18:04:23.040+00:00,4358.7,4358.81,0.11,89
2026-09-11T18:04:23.417+00:00,4358.71,4358.82,0.11,89
2026-09-11T18:04:24.091+00:00,4358.69,4358.8,0.11,89
2026-09-11T18:04:24.318+00:00,4358.6,4358.71,0.11,89
2026-09-11T18:04:24.791+00:00,4358.7,4358.81,0.11,89
2026-09-11T18:04:25.010+00:00,4358.6,4358.71,0.11,89
2026-09-11T18:04:25.463+00:00,4358.58,4358.7,0.12,89
2026-09-11T18:04:26.389+00:00,4358.6,4358.71,0.11,89
2026-09-11T18:04:26.619+00:00,4359.01,4359.13,0.12,89
2026-09-11T18:04:27.142+00:00,4358.83,4358.93,0.1,89
2026-09-11T18:04:27.367+00:00,4358.83,4358.94,0.11,89
2026-09-11T18:04:27.923+00:00,4358.8,4358.92,0.12,89
2026-09-11T18:04:28.148+00:00,4358.79,4358.9,0.11,89
2026-09-11T18:04:28.378+00:00,4358.78,4358.91,0.13,89
2026-09-11T18:04:28.621+00:00,4358.99,4359.11,0.12,89
2026-09-11T18:04:29.372+00:00,4358.77,4358.89,0.12,89
2026-09-11T18:04:29.596+00:00,4358.77,4358.88,0.11,89
2026-09-11T18:04:29.822+00:00,4358.78,4358.89,0.11,89
2026-09-11T18:04:30.441+00:00,4358.78,4358.9,0.12,89
2026-09-11T18:04:30.726+00:00,4358.76,4358.87,0.11,89
2026-09-11T18:04:31.613+00:00,4358.82,4358.93,0.11,89
2026-09-11T18:04:31.987+00:00,4358.77,4358.88,0.11,89
2026-09-11T18:04:32.683+00:00,4358.76,4358.87,0.11,89
2026-09-11T18:04:33.302+00:00,4358.79,4358.9,0.11,89
2026-09-11T18:04:33.599+00:00,4358.84,4358.94,0.1,89
2026-09-11T18:04:33.852+00:00,4358.87,4358.97,0.1,89
2026-09-11T18:04:34.077+00:00,4358.88,4358.99,0.11,89
2026-09-11T18:04:35.463+00:00,4358.89,4359.01,0.12,89
2026-09-11T18:04:35.726+00:00,4358.89,4359.0,0.11,89
2026-09-11T18:04:35.985+00:00,4358.88,4358.99,0.11,89
2026-09-11T18:04:36.212+00:00,4359.15,4359.24,0.09,89
2026-09-11T18:04:36.440+00:00,4359.24,4359.34,0.1,89
2026-09-11T18:04:36.726+00:00,4359.22,4359.32,0.1,89
2026-09-11T18:04:36.985+00:00,4359.35,4359.45,0.1,89
2026-09-11T18:04:37.209+00:00,4358.94,4359.02,0.08,89
2026-09-11T18:04:37.440+00:00,4359.27,4359.35,0.08,89
2026-09-11T18:04:37.662+00:00,4359.25,4359.33,0.08,89
2026-09-11T18:04:37.961+00:00,4359.3,4359.4,0.1,89
2026-09-11T18:04:38.186+00:00,4359.21,4359.32,0.11,89
2026-09-11T18:04:38.411+00:00,4359.22,4359.32,0.1,89
2026-09-11T18:04:38.861+00:00,4359.23,4359.33,0.1,89
2026-09-11T18:04:39.082+00:00,4359.22,4359.32,0.1,89
2026-09-11T18:04:39.334+00:00,4359.24,4359.33,0.09,89
2026-09-11T18:04:39.650+00:00,4359.23,4359.34,0.11,89
2026-09-11T18:04:40.726+00:00,4358.91,4359.02,0.11,89
2026-09-11T18:04:41.012+00:00,4358.92,4359.03,0.11,90
2026-09-11T18:04:41.713+00:00,4358.96,4359.08,0.12,90
2026-09-11T18:04:41.939+00:00,4359.04,4359.14,0.1,90
2026-09-11T18:04:42.367+00:00,4359.02,4359.12,0.1,90
2026-09-11T18:04:42.666+00:00,4359.02,4359.13,0.11,90
2026-09-11T18:04:42.940+00:00,4359.02,4359.14,0.12,90
2026-09-11T18:04:43.163+00:00,4358.92,4359.03,0.11,90
2026-09-11T18:04:43.386+00:00,4358.93,4359.04,0.11,90
2026-09-11T18:04:43.612+00:00,4359.01,4359.11,0.1,90
2026-09-11T18:04:43.925+00:00,4359.23,4359.34,0.11,90
2026-09-11T18:04:44.176+00:00,4359.24,4359.33,0.09,90
2026-09-11T18:04:44.725+00:00,4359.23,4359.33,0.1,90
2026-09-11T18:04:45.188+00:00,4359.22,4359.3,0.08,90
2026-09-11T18:04:45.489+00:00,4359.05,4359.13,0.08,90
2026-09-11T18:04:45.724+00:00,4359.04,4359.13,0.09,90
2026-09-11T18:04:46.021+00:00,4358.82,4358.9,0.08,90
2026-09-11T18:04:46.242+00:00,4358.7,4358.78,0.08,90
2026-09-11T18:04:46.564+00:00,4358.71,4358.79,0.08,90
2026-09-11T18:04:46.773+00:00,4358.78,4358.86,0.08,90
2026-09-11T18:04:46.974+00:00,4358.74,4358.83,0.09,90
2026-09-11T18:04:47.178+00:00,4358.73,4358.84,0.11,90
2026-09-11T18:04:47.398+00:00,4358.74,4358.86,0.12,90
2026-09-11T18:04:47.645+00:00,4358.75,4358.85,0.1,90
2026-09-11T18:04:47.875+00:00,4358.76,4358.86,0.1,90
2026-09-11T18:04:48.203+00:00,4358.74,4358.84,0.1,90
2026-09-11T18:04:48.817+00:00,4358.95,4359.04,0.09,90
2026-09-11T18:04:48.970+00:00,4358.92,4359.03,0.11,90
2026-09-11T18:04:49.733+00:00,4358.93,4359.04,0.11,90
2026-09-11T18:04:49.957+00:00,4358.69,4358.79,0.1,90
2026-09-11T18:04:50.183+00:00,4358.69,4358.78,0.09,90
2026-09-11T18:04:50.632+00:00,4358.91,4359.01,0.1,90
2026-09-11T18:04:50.847+00:00,4358.9,4359.0,0.1,90
2026-09-11T18:04:51.082+00:00,4359.17,4359.25,0.08,90
2026-09-11T18:04:51.297+00:00,4359.2,4359.29,0.09,90
2026-09-11T18:04:51.596+00:00,4359.33,4359.41,0.08,90
2026-09-11T18:04:51.898+00:00,4359.25,4359.36,0.11,90
2026-09-11T18:04:52.197+00:00,4359.26,4359.38,0.12,90
2026-09-11T18:04:52.651+00:00,4359.25,4359.37,0.12,90
2026-09-11T18:04:53.157+00:00,4359.27,4359.37,0.1,90
2026-09-11T18:04:53.439+00:00,4359.26,4359.37,0.11,90
2026-09-11T18:04:53.676+00:00,4359.26,4359.38,0.12,90
2026-09-11T18:04:54.154+00:00,4359.43,4359.55,0.12,90
2026-09-11T18:04:54.377+00:00,4359.52,4359.62,0.1,90
2026-09-11T18:04:54.827+00:00,4359.5,4359.62,0.12,90
2026-09-11T18:04:55.307+00:00,4359.51,4359.62,0.11,90
2026-09-11T18:04:55.532+00:00,4359.75,4359.86,0.11,90
2026-09-11T18:04:55.834+00:00,4359.8,4359.91,0.11,90
2026-09-11T18:04:56.055+00:00,4359.52,4359.63,0.11,90
2026-09-11T18:04:56.583+00:00,4359.54,4359.64,0.1,90
2026-09-11T18:04:56.890+00:00,4359.74,4359.84,0.1,90
2026-09-11T18:04:57.301+00:00,4359.74,4359.85,0.11,90
2026-09-11T18:04:57.602+00:00,4359.53,4359.63,0.1,90
2026-09-11T18:04:58.391+00:00,4359.81,4359.92,0.11,90
2026-09-11T18:04:58.856+00:00,4359.82,4359.91,0.09,90
2026-09-11T18:04:59.321+00:00,4359.79,4359.89,0.1,90
2026-09-11T18:04:59.694+00:00,4359.92,4360.04,0.12,90
2026-09-11T18:04:59.968+00:00,4359.87,4359.98,0.11,90
2026-09-11T18:05:00.347+00:00,4359.87,4359.99,0.12,90
2026-09-11T18:05:00.577+00:00,4359.91,4360.02,0.11,90
2026-09-11T18:05:00.806+00:00,4360.07,4360.17,0.1,90
2026-09-11T18:05:01.034+00:00,4359.94,4360.03,0.09,90
2026-09-11T18:05:01.251+00:00,4359.96,4360.05,0.09,90
2026-09-11T18:05:01.473+00:00,4359.84,4359.96,0.12,90
2026-09-11T18:05:01.726+00:00,4359.85,4359.95,0.1,90
2026-09-11T18:05:02.261+00:00,4359.84,4359.94,0.1,90
2026-09-11T18:05:02.487+00:00,4359.43,4359.53,0.1,90
2026-09-11T18:05:02.711+00:00,4359.35,4359.45,0.1,90
2026-09-11T18:05:02.938+00:00,4359.41,4359.51,0.1,90
2026-09-11T18:05:03.236+00:00,4359.34,4359.45,0.11,90
2026-09-11T18:05:03.613+00:00,4359.43,4359.54,0.11,90
2026-09-11T18:05:03.837+00:00,4359.32,4359.41,0.09,90
2026-09-11T18:05:04.362+00:00,4359.6,4359.7,0.1,90
2026-09-11T18:05:04.813+00:00,4359.4,4359.5,0.1,90
2026-09-11T18:05:05.035+00:00,4359.41,4359.51,0.1,90
2026-09-11T18:05:05.263+00:00,4359.41,4359.5,0.09,90
2026-09-11T18:05:05.638+00:00,4359.6,4359.7,0.1,90
2026-09-11T18:05:05.879+00:00,4359.59,4359.69,0.1,90
2026-09-11T18:05:06.336+00:00,4359.61,4359.7,0.09,91
2026-09-11T18:05:06.562+00:00,4359.84,4359.92,0.08,91
2026-09-11T18:05:06.787+00:00,4359.93,4360.01,0.08,91
2026-09-11T18:05:07.012+00:00,4359.88,4359.96,0.08,91
2026-09-11T18:05:07.237+00:00,4359.84,4359.93,0.09,91
2026-09-11T18:05:07.463+00:00,4359.89,4359.99,0.1,91
2026-09-11T18:05:07.688+00:00,4359.87,4359.96,0.09,91
2026-09-11T18:05:07.989+00:00,4359.92,4360.0,0.08,91
2026-09-11T18:05:08.214+00:00,4359.95,4360.03,0.08,91
2026-09-11T18:05:08.514+00:00,4359.96,4360.05,0.09,91
2026-09-11T18:05:08.724+00:00,4359.9,4360.0,0.1,91
2026-09-11T18:05:08.965+00:00,4359.89,4359.98,0.09,91
2026-09-11T18:05:09.266+00:00,4359.89,4359.99,0.1,91
2026-09-11T18:05:09.841+00:00,4359.92,4360.02,0.1,91
2026-09-11T18:05:10.408+00:00,4359.91,4360.0,0.09,91
2026-09-11T18:05:10.724+00:00,4359.91,4360.01,0.1,91
2026-09-11T18:05:11.352+00:00,4359.9,4360.0,0.1,91
2026-09-11T18:05:11.981+00:00,4359.89,4359.97,0.08,91
2026-09-11T18:05:12.208+00:00,4359.99,4360.07,0.08,91
2026-09-11T18:05:12.431+00:00,4360.0,4360.09,0.09,91
2026-09-11T18:05:13.258+00:00,4359.97,4360.07,0.1,91
2026-09-11T18:05:13.725+00:00,4359.96,4360.06,0.1,91
2026-09-11T18:05:13.972+00:00,4359.98,4360.06,0.08,91
2026-09-11T18:05:14.417+00:00,4360.03,4360.11,0.08,91
2026-09-11T18:05:14.661+00:00,4360.06,4360.14,0.08,91
2026-09-11T18:05:15.035+00:00,4360.05,4360.14,0.09,91
2026-09-11T18:05:15.969+00:00,4360.01,4360.09,0.08,91
2026-09-11T18:05:16.417+00:00,4360.0,4360.08,0.08,91
2026-09-11T18:05:16.717+00:00,4360.05,4360.13,0.08,91
2026-09-11T18:05:16.947+00:00,4360.06,4360.14,0.08,91
2026-09-11T18:05:17.174+00:00,4360.14,4360.22,0.08,91
2026-09-11T18:05:17.391+00:00,4360.13,4360.21,0.08,91
2026-09-11T18:05:17.618+00:00,4360.17,4360.25,0.08,91
2026-09-11T18:05:17.846+00:00,4360.17,4360.27,0.1,91
2026-09-11T18:05:18.321+00:00,4360.16,4360.27,0.11,91
2026-09-11T18:05:18.552+00:00,4359.95,4360.05,0.1,91
2026-09-11T18:05:18.777+00:00,4359.72,4359.82,0.1,91
2026-09-11T18:05:19.000+00:00,4359.7,4359.81,0.11,91
2026-09-11T18:05:19.301+00:00,4359.69,4359.8,0.11,91
2026-09-11T18:05:19.526+00:00,4359.74,4359.85,0.11,91
2026-09-11T18:05:19.750+00:00,4359.82,4359.93,0.11,91
2026-09-11T18:05:20.053+00:00,4359.82,4359.91,0.09,91
2026-09-11T18:05:20.264+00:00,4359.82,4359.92,0.1,91
2026-09-11T18:05:20.489+00:00,4359.79,4359.9,0.11,91
2026-09-11T18:05:20.713+00:00,4359.62,4359.74,0.12,91
2026-09-11T18:05:20.936+00:00,4359.64,4359.75,0.11,91
2026-09-11T18:05:21.162+00:00,4359.12,4359.22,0.1,91
2026-09-11T18:05:21.387+00:00,4358.99,4359.07,0.08,91
2026-09-11T18:05:21.615+00:00,4358.9,4358.99,0.09,91
2026-09-11T18:05:21.837+00:00,4358.92,4359.02,0.1,91
2026-09-11T18:05:22.063+00:00,4358.94,4359.04,0.1,91
2026-09-11T18:05:22.290+00:00,4358.99,4359.08,0.09,91
2026-09-11T18:05:22.588+00:00,4359.01,4359.09,0.08,91
2026-09-11T18:05:23.039+00:00,4359.0,4359.08,0.08,91
2026-09-11T18:05:23.414+00:00,4358.95,4359.03,0.08,91
2026-09-11T18:05:23.639+00:00,4358.8,4358.88,0.08,91
2026-09-11T18:05:23.864+00:00,4358.88,4358.98,0.1,91
2026-09-11T18:05:24.090+00:00,4359.18,4359.28,0.1,91
2026-09-11T18:05:24.314+00:00,4359.2,4359.3,0.1,91
2026-09-11T18:05:24.553+00:00,4359.21,4359.3,0.09,91
2026-09-11T18:05:24.764+00:00,4359.18,4359.27,0.09,91
2026-09-11T18:05:24.988+00:00,4359.14,4359.25,0.11,91
2026-09-11T18:05:25.364+00:00,4359.13,4359.23,0.1,91
2026-09-11T18:05:25.590+00:00,4358.81,4358.92,0.11,91
2026-09-11T18:05:25.814+00:00,4358.8,4358.91,0.11,91
2026-09-11T18:05:26.322+00:00,4358.8,4358.92,0.12,91
2026-09-11T18:05:26.585+00:00,4359.11,4359.22,0.11,91
2026-09-11T18:05:26.856+00:00,4359.12,4359.21,0.09,91
2026-09-11T18:05:27.081+00:00,4359.06,4359.17,0.11,91
2026-09-11T18:05:27.309+00:00,4358.89,4359.0,0.11,91
2026-09-11T18:05:27.533+00:00,4358.55,4358.66,0.11,91
2026-09-11T18:05:27.758+00:00,4358.55,4358.67,0.12,91
2026-09-11T18:05:28.200+00:00,4358.56,4358.67,0.11,91
2026-09-11T18:05:28.719+00:00,4358.55,4358.65,0.1,91
2026-09-11T18:05:29.724+00:00,4358.64,4358.74,0.1,91
2026-09-11T18:05:30.219+00:00,4358.65,4358.73,0.08,91
2026-09-11T18:05:30.445+00:00,4358.54,4358.65,0.11,91
2026-09-11T18:05:30.675+00:00,4358.64,4358.76,0.12,91
2026-09-11T18:05:30.901+00:00,4358.52,4358.64,0.12,91
2026-09-11T18:05:31.139+00:00,4358.21,4358.32,0.11,92
2026-09-11T18:05:31.572+00:00,4358.14,4358.25,0.11,92
2026-09-11T18:05:31.798+00:00,4358.03,4358.14,0.11,92
2026-09-11T18:05:32.022+00:00,4358.0,4358.09,0.09,92
2026-09-11T18:05:32.256+00:00,4358.43,4358.52,0.09,92
2026-09-11T18:05:32.472+00:00,4358.35,4358.45,0.1,92
2026-09-11T18:05:32.696+00:00,4358.36,4358.45,0.09,92
2026-09-11T18:05:32.923+00:00,4358.25,4358.34,0.09,92
2026-09-11T18:05:33.149+00:00,4358.25,4358.36,0.11,92
2026-09-11T18:05:33.451+00:00,4358.2,4358.32,0.12,92
2026-09-11T18:05:33.709+00:00,4358.51,4358.62,0.11,92
2026-09-11T18:05:34.006+00:00,4358.42,4358.53,0.11,92
2026-09-11T18:05:34.353+00:00,4358.41,4358.5,0.09,92
2026-09-11T18:05:34.588+00:00,4358.34,4358.42,0.08,92
2026-09-11T18:05:34.811+00:00,4358.12,4358.21,0.09,92
2026-09-11T18:05:35.110+00:00,4358.12,4358.22,0.1,92
2026-09-11T18:05:35.336+00:00,4358.09,4358.18,0.09,92
2026-09-11T18:05:35.562+00:00,4357.81,4357.9,0.09,92
2026-09-11T18:05:35.786+00:00,4357.8,4357.91,0.11,92
2026-09-11T18:05:36.313+00:00,4357.77,4357.89,0.12,92
2026-09-11T18:05:36.540+00:00,4357.92,4358.04,0.12,92
2026-09-11T18:05:36.762+00:00,4357.62,4357.74,0.12,92
2026-09-11T18:05:36.988+00:00,4357.66,4357.77,0.11,92
2026-09-11T18:05:37.213+00:00,4357.66,4357.78,0.12,92
2026-09-11T18:05:37.437+00:00,4357.91,4358.02,0.11,92
2026-09-11T18:05:37.664+00:00,4357.94,4358.05,0.11,92
2026-09-11T18:05:37.892+00:00,4358.02,4358.12,0.1,92
2026-09-11T18:05:38.124+00:00,4358.08,4358.16,0.08,92
2026-09-11T18:05:38.347+00:00,4358.12,4358.21,0.09,92
2026-09-11T18:05:38.569+00:00,4358.09,4358.2,0.11,92
2026-09-11T18:05:38.871+00:00,4358.18,4358.27,0.09,92
2026-09-11T18:05:39.095+00:00,4358.22,4358.3,0.08,92
2026-09-11T18:05:39.322+00:00,4358.33,4358.41,0.08,92
2026-09-11T18:05:39.545+00:00,4358.39,4358.48,0.09,92
2026-09-11T18:05:39.772+00:00,4358.25,4358.36,0.11,92
2026-09-11T18:05:39.994+00:00,4357.84,4357.95,0.11,92
2026-09-11T18:05:40.294+00:00,4357.95,4358.07,0.12,92
2026-09-11T18:05:40.577+00:00,4357.97,4358.09,0.12,92
2026-09-11T18:05:40.753+00:00,4357.98,4358.1,0.12,92
2026-09-11T18:05:41.042+00:00,4357.89,4358.0,0.11,92
2026-09-11T18:05:41.266+00:00,4357.9,4357.99,0.09,92
2026-09-11T18:05:41.654+00:00,4358.19,4358.28,0.09,92
2026-09-11T18:05:42.131+00:00,4358.2,4358.31,0.11,92
2026-09-11T18:05:42.431+00:00,4358.18,4358.3,0.12,92
2026-09-11T18:05:42.655+00:00,4358.18,4358.29,0.11,92
2026-09-11T18:05:42.880+00:00,4358.23,4358.33,0.1,92
2026-09-11T18:05:43.111+00:00,4358.22,4358.33,0.11,92
2026-09-11T18:05:43.465+00:00,4358.23,4358.32,0.09,92
2026-09-11T18:05:43.697+00:00,4358.27,4358.38,0.11,92
2026-09-11T18:05:43.925+00:00,4358.19,4358.29,0.1,92
2026-09-11T18:05:44.381+00:00,4358.17,4358.28,0.11,92
2026-09-11T18:05:44.607+00:00,4357.96,4358.07,0.11,92
2026-09-11T18:05:44.908+00:00,4357.85,4357.95,0.1,92
2026-09-11T18:05:45.131+00:00,4357.83,4357.95,0.12,92
2026-09-11T18:05:45.357+00:00,4357.9,4358.02,0.12,92
2026-09-11T18:05:45.726+00:00,4357.84,4357.95,0.11,92
2026-09-11T18:05:46.041+00:00,4357.49,4357.62,0.13,92
2026-09-11T18:05:46.268+00:00,4357.55,4357.65,0.1,92
2026-09-11T18:05:46.569+00:00,4357.49,4357.6,0.11,92
2026-09-11T18:05:46.794+00:00,4357.53,4357.64,0.11,92
2026-09-11T18:05:47.020+00:00,4357.54,4357.63,0.09,92
2026-09-11T18:05:47.457+00:00,4357.52,4357.61,0.09,92
2026-09-11T18:05:47.724+00:00,4357.57,4357.66,0.09,92
2026-09-11T18:05:47.984+00:00,4357.49,4357.59,0.1,92
2026-09-11T18:05:48.333+00:00,4357.57,4357.68,0.11,92
2026-09-11T18:05:48.724+00:00,4357.49,4357.59,0.1,92
2026-09-11T18:05:48.987+00:00,4357.92,4358.03,0.11,92
2026-09-11T18:05:49.213+00:00,4357.95,4358.03,0.08,92
2026-09-11T18:05:49.438+00:00,4358.11,4358.19,0.08,92
2026-09-11T18:05:49.661+00:00,4358.19,4358.27,0.08,92
2026-09-11T18:05:49.888+00:00,4358.23,4358.32,0.09,92
2026-09-11T18:05:50.113+00:00,4358.03,4358.13,0.1,92
2026-09-11T18:05:50.656+00:00,4358.23,4358.33,0.1,92
2026-09-11T18:05:50.901+00:00,4357.97,4358.08,0.11,92
2026-09-11T18:05:51.201+00:00,4357.95,4358.07,0.12,92
2026-09-11T18:05:51.426+00:00,4358.24,4358.35,0.11,92
2026-09-11T18:05:51.662+00:00,4358.04,4358.12,0.08,92
2026-09-11T18:05:52.120+00:00,4358.03,4358.13,0.1,92
2026-09-11T18:05:52.441+00:00,4357.97,4358.07,0.1,92
2026-09-11T18:05:52.725+00:00,4357.93,4358.03,0.1,92
2026-09-11T18:05:53.501+00:00,4357.9,4358.01,0.11,92
2026-09-11T18:05:53.996+00:00,4357.86,4357.98,0.12,92
2026-09-11T18:05:54.222+00:00,4357.88,4357.99,0.11,92
2026-09-11T18:05:54.446+00:00,4357.8,4357.89,0.09,92
2026-09-11T18:05:54.670+00:00,4357.81,4357.9,0.09,92
2026-09-11T18:05:54.918+00:00,4357.89,4357.99,0.1,92
2026-09-11T18:05:55.141+00:00,4357.71,4357.81,0.1,92
2026-09-11T18:05:55.366+00:00,4357.79,4357.88,0.09,92
2026-09-11T18:05:55.591+00:00,4357.73,4357.83,0.1,92
2026-09-11T18:05:55.817+00:00,4357.74,4357.85,0.11,92
2026-09-11T18:05:56.041+00:00,4357.85,4357.96,0.11,92
2026-09-11T18:05:56.417+00:00,4357.93,4358.01,0.08,93
2026-09-11T18:05:56.911+00:00,4358.25,4358.34,0.09,93
2026-09-11T18:05:57.140+00:00,4358.29,4358.38,0.09,93
2026-09-11T18:05:57.361+00:00,4358.29,4358.37,0.08,93
2026-09-11T18:05:57.585+00:00,4358.06,4358.14,0.08,93
2026-09-11T18:05:57.811+00:00,4357.89,4357.98,0.09,93
2026-09-11T18:05:58.037+00:00,4358.22,4358.33,0.11,93
2026-09-11T18:05:58.263+00:00,4357.99,4358.08,0.09,93
2026-09-11T18:05:58.484+00:00,4357.81,4357.9,0.09,93
2026-09-11T18:05:58.716+00:00,4357.82,4357.94,0.12,93
2026-09-11T18:05:59.041+00:00,4357.84,4357.95,0.11,93
2026-09-11T18:05:59.269+00:00,4357.84,4357.96,0.12,93
2026-09-11T18:05:59.494+00:00,4357.96,4358.06,0.1,93
2026-09-11T18:05:59.716+00:00,4358.19,4358.28,0.09,93
2026-09-11T18:05:59.982+00:00,4358.21,4358.29,0.08,93
2026-09-11T18:06:00.505+00:00,4358.3,4358.38,0.08,93
2026-09-11T18:06:00.727+00:00,4358.28,4358.36,0.08,93
2026-09-11T18:06:00.967+00:00,4358.49,4358.59,0.1,93
2026-09-11T18:06:01.191+00:00,4358.51,4358.6,0.09,93
2026-09-11T18:06:01.417+00:00,4358.67,4358.76,0.09,93
2026-09-11T18:06:01.645+00:00,4358.45,4358.54,0.09,93
2026-09-11T18:06:01.866+00:00,4358.45,4358.53,0.08,93
2026-09-11T18:06:02.133+00:00,4358.44,4358.54,0.1,93
2026-09-11T18:06:02.370+00:00,4358.43,4358.52,0.09,93
2026-09-11T18:06:02.596+00:00,4358.55,4358.66,0.11,93
2026-09-11T18:06:02.827+00:00,4358.75,4358.86,0.11,93
2026-09-11T18:06:03.275+00:00,4358.73,4358.86,0.13,93
2026-09-11T18:06:03.574+00:00,4358.74,4358.87,0.13,93
2026-09-11T18:06:04.232+00:00,4358.76,4358.89,0.13,93
2026-09-11T18:06:04.723+00:00,4358.74,4358.86,0.12,93
2026-09-11T18:06:04.982+00:00,4358.42,4358.54,0.12,93
2026-09-11T18:06:05.210+00:00,4358.34,4358.46,0.12,93
2026-09-11T18:06:05.435+00:00,4358.35,4358.46,0.11,93
2026-09-11T18:06:05.864+00:00,4358.35,4358.47,0.12,93
2026-09-11T18:06:05.991+00:00,4358.36,4358.48,0.12,93
2026-09-11T18:06:06.292+00:00,4358.36,4358.46,0.1,93
2026-09-11T18:06:06.590+00:00,4358.46,4358.55,0.09,93
2026-09-11T18:06:06.967+00:00,4358.57,4358.67,0.1,93
2026-09-11T18:06:07.380+00:00,4358.53,4358.62,0.09,93
2026-09-11T18:06:07.605+00:00,4358.53,4358.64,0.11,93
2026-09-11T18:06:07.997+00:00,4358.52,4358.64,0.12,93
2026-09-11T18:06:08.265+00:00,4358.43,4358.54,0.11,93
2026-09-11T18:06:08.561+00:00,4358.41,4358.51,0.1,93
2026-09-11T18:06:08.804+00:00,4358.32,4358.43,0.11,93
2026-09-11T18:06:09.031+00:00,4358.25,4358.35,0.1,93
2026-09-11T18:06:09.253+00:00,4358.22,4358.34,0.12,93
2026-09-11T18:06:09.476+00:00,4358.23,4358.35,0.12,93
2026-09-11T18:06:09.721+00:00,4358.25,4358.36,0.11,93
2026-09-11T18:06:10.025+00:00,4358.26,4358.37,0.11,93
2026-09-11T18:06:10.250+00:00,4358.36,4358.48,0.12,93
2026-09-11T18:06:10.500+00:00,4358.31,4358.42,0.11,93
2026-09-11T18:06:10.724+00:00,4358.29,4358.41,0.12,93
2026-09-11T18:06:10.967+00:00,4358.31,4358.43,0.12,93
2026-09-11T18:06:11.187+00:00,4358.31,4358.42,0.11,93
2026-09-11T18:06:11.486+00:00,4358.24,4358.33,0.09,93
2026-09-11T18:06:12.141+00:00,4358.25,4358.34,0.09,93
2026-09-11T18:06:12.673+00:00,4358.24,4358.33,0.09,93
2026-09-11T18:06:12.974+00:00,4358.22,4358.32,0.1,93
2026-09-11T18:06:13.206+00:00,4358.23,4358.34,0.11,93
2026-09-11T18:06:13.427+00:00,4358.26,4358.38,0.12,93
2026-09-11T18:06:13.875+00:00,4358.26,4358.37,0.11,93
2026-09-11T18:06:14.175+00:00,4358.16,4358.29,0.13,93
2026-09-11T18:06:14.400+00:00,4358.48,4358.59,0.11,93
2026-09-11T18:06:14.625+00:00,4358.57,4358.67,0.1,93
2026-09-11T18:06:14.852+00:00,4358.68,4358.79,0.11,93
2026-09-11T18:06:15.121+00:00,4358.69,4358.8,0.11,93
2026-09-11T18:06:15.729+00:00,4358.37,4358.48,0.11,93
2026-09-11T18:06:16.165+00:00,4358.37,4358.49,0.12,93
2026-09-11T18:06:16.665+00:00,4358.38,4358.5,0.12,93
2026-09-11T18:06:16.887+00:00,4358.71,4358.82,0.11,93
2026-09-11T18:06:17.108+00:00,4358.83,4358.94,0.11,93
2026-09-11T18:06:17.407+00:00,4358.81,4358.94,0.13,93
2026-09-11T18:06:17.725+00:00,4358.82,4358.95,0.13,93
2026-09-11T18:06:17.940+00:00,4358.78,4358.9,0.12,93
2026-09-11T18:06:18.163+00:00,4358.8,4358.93,0.13,93
2026-09-11T18:06:18.463+00:00,4358.81,4358.94,0.13,93
2026-09-11T18:06:18.688+00:00,4358.85,4358.97,0.12,93
2026-09-11T18:06:18.914+00:00,4358.47,4358.59,0.12,93
2026-09-11T18:06:19.397+00:00,4358.8,4358.92,0.12,93
2026-09-11T18:06:19.621+00:00,4358.34,4358.46,0.12,93
2026-09-11T18:06:19.845+00:00,4358.36,4358.48,0.12,93
2026-09-11T18:06:20.069+00:00,4357.94,4358.05,0.11,93
2026-09-11T18:06:20.295+00:00,4357.86,4357.95,0.09,93
2026-09-11T18:06:20.519+00:00,4357.96,4358.05,0.09,93
2026-09-11T18:06:20.724+00:00,4357.82,4357.91,0.09,93
2026-09-11T18:06:20.970+00:00,4357.7,4357.82,0.12,93
2026-09-11T18:06:21.345+00:00,4357.74,4357.84,0.1,93
2026-09-11T18:06:21.571+00:00,4357.87,4357.96,0.09,94
2026-09-11T18:06:21.795+00:00,4357.87,4357.95,0.08,94
2026-09-11T18:06:22.020+00:00,4357.84,4357.94,0.1,94
2026-09-11T18:06:22.247+00:00,4358.14,4358.24,0.1,94
2026-09-11T18:06:22.469+00:00,4358.27,4358.36,0.09,94
2026-09-11T18:06:22.724+00:00,4358.29,4358.37,0.08,94
2026-09-11T18:06:23.070+00:00,4358.23,4358.34,0.11,94
2026-09-11T18:06:23.298+00:00,4358.0,4358.11,0.11,94
2026-09-11T18:06:23.520+00:00,4357.99,4358.1,0.11,94
2026-09-11T18:06:23.724+00:00,4358.07,4358.16,0.09,94
2026-09-11T18:06:23.970+00:00,4358.21,4358.3,0.09,94
2026-09-11T18:06:24.272+00:00,4357.88,4357.99,0.11,94
2026-09-11T18:06:24.602+00:00,4357.88,4358.0,0.12,94
2026-09-11T18:06:24.900+00:00,4357.91,4358.03,0.12,94
2026-09-11T18:06:25.126+00:00,4358.18,4358.29,0.11,94
2026-09-11T18:06:25.355+00:00,4357.76,4357.86,0.1,94
2026-09-11T18:06:25.578+00:00,4357.79,4357.88,0.09,94
2026-09-11T18:06:26.029+00:00,4357.99,4358.07,0.08,94
2026-09-11T18:06:26.253+00:00,4357.96,4358.04,0.08,94
2026-09-11T18:06:26.479+00:00,4358.11,4358.19,0.08,94
2026-09-11T18:06:27.154+00:00,4358.14,4358.22,0.08,94
2026-09-11T18:06:27.385+00:00,4357.81,4357.9,0.09,94
2026-09-11T18:06:27.680+00:00,4357.8,4357.91,0.11,94
2026-09-11T18:06:28.086+00:00,4357.81,4357.91,0.1,94
2026-09-11T18:06:28.551+00:00,4357.68,4357.77,0.09,94
2026-09-11T18:06:28.774+00:00,4357.61,4357.72,0.11,94
2026-09-11T18:06:29.001+00:00,4357.77,4357.87,0.1,94
2026-09-11T18:06:29.225+00:00,4357.6,4357.7,0.1,94
2026-09-11T18:06:29.524+00:00,4357.59,4357.71,0.12,94
2026-09-11T18:06:30.206+00:00,4357.57,4357.68,0.11,94
2026-09-11T18:06:30.561+00:00,4357.68,4357.8,0.12,94
2026-09-11T18:06:31.180+00:00,4357.59,4357.7,0.11,94
2026-09-11T18:06:31.628+00:00,4357.69,4357.8,0.11,94
2026-09-11T18:06:31.854+00:00,4357.74,4357.85,0.11,94
2026-09-11T18:06:32.076+00:00,4357.74,4357.86,0.12,94
2026-09-11T18:06:32.377+00:00,4357.71,4357.83,0.12,94
2026-09-11T18:06:32.725+00:00,4357.97,4358.09,0.12,94
2026-09-11T18:06:32.996+00:00,4357.86,4357.97,0.11,94
2026-09-11T18:06:33.292+00:00,4357.88,4357.99,0.11,94
2026-09-11T18:06:33.518+00:00,4357.9,4358.02,0.12,94
2026-09-11T18:06:33.725+00:00,4357.87,4357.97,0.1,94
2026-09-11T18:06:34.047+00:00,4357.61,4357.7,0.09,94
2026-09-11T18:06:34.351+00:00,4357.6,4357.69,0.09,94
2026-09-11T18:06:34.723+00:00,4357.59,4357.7,0.11,94
2026-09-11T18:06:35.126+00:00,4357.58,4357.7,0.12,94
2026-09-11T18:06:35.685+00:00,4357.61,4357.73,0.12,94
2026-09-11T18:06:35.910+00:00,4357.75,4357.84,0.09,94
2026-09-11T18:06:36.133+00:00,4357.96,4358.04,0.08,94
2026-09-11T18:06:36.364+00:00,4357.91,4357.99,0.08,94
2026-09-11T18:06:36.588+00:00,4357.94,4358.04,0.1,94
2026-09-11T18:06:36.824+00:00,4357.93,4358.05,0.12,94
2026-09-11T18:06:37.201+00:00,4357.59,4357.71,0.12,94
2026-09-11T18:06:37.446+00:00,4357.61,4357.73,0.12,94
2026-09-11T18:06:37.725+00:00,4357.62,4357.72,0.1,94
2026-09-11T18:06:38.200+00:00,4357.57,4357.67,0.1,94
2026-09-11T18:06:38.500+00:00,4357.56,4357.66,0.1,94
2026-09-11T18:06:38.724+00:00,4357.68,4357.78,0.1,94
2026-09-11T18:06:39.657+00:00,4357.92,4358.01,0.09,94
2026-09-11T18:06:40.066+00:00,4357.64,4357.74,0.1,94
2026-09-11T18:06:40.335+00:00,4357.63,4357.74,0.11,94
2026-09-11T18:06:40.931+00:00,4357.64,4357.73,0.09,94
2026-09-11T18:06:41.158+00:00,4357.64,4357.75,0.11,94
2026-09-11T18:06:41.621+00:00,4357.65,4357.74,0.09,94
2026-09-11T18:06:41.841+00:00,4357.64,4357.74,0.1,94
2026-09-11T18:06:42.068+00:00,4357.96,4358.06,0.1,94
2026-09-11T18:06:42.368+00:00,4357.99,4358.08,0.09,94
2026-09-11T18:06:42.593+00:00,4358.0,4358.1,0.1,94
2026-09-11T18:06:42.925+00:00,4357.97,4358.07,0.1,94
2026-09-11T18:06:43.229+00:00,4357.76,4357.84,0.08,94
2026-09-11T18:06:43.607+00:00,4357.76,4357.85,0.09,94
2026-09-11T18:06:44.146+00:00,4357.81,4357.89,0.08,94
2026-09-11T18:06:44.368+00:00,4357.76,4357.87,0.11,94
2026-09-11T18:06:44.596+00:00,4357.69,4357.81,0.12,94
2026-09-11T18:06:44.897+00:00,4357.65,4357.77,0.12,94
2026-09-11T18:06:45.122+00:00,4357.64,4357.76,0.12,94
2026-09-11T18:06:45.475+00:00,4357.95,4358.05,0.1,94
2026-09-11T18:06:45.709+00:00,4357.89,4358.0,0.11,94
2026-09-11T18:06:45.933+00:00,4357.88,4357.98,0.1,94
2026-09-11T18:06:46.158+00:00,4357.83,4357.95,0.12,94
2026-09-11T18:06:46.533+00:00,4357.59,4357.71,0.12,95
2026-09-11T18:06:46.757+00:00,4357.59,4357.7,0.11,95
2026-09-11T18:06:47.357+00:00,4357.44,4357.54,0.1,95
2026-09-11T18:06:47.724+00:00,4357.63,4357.74,0.11,95
2026-09-11T18:06:48.042+00:00,4357.59,4357.72,0.13,95
2026-09-11T18:06:48.397+00:00,4357.37,4357.49,0.12,95
2026-09-11T18:06:48.881+00:00,4357.46,4357.57,0.11,95
2026-09-11T18:06:49.172+00:00,4357.49,4357.57,0.08,95
2026-09-11T18:06:49.552+00:00,4357.5,4357.58,0.08,95
2026-09-11T18:06:49.852+00:00,4357.71,4357.79,0.08,95
2026-09-11T18:06:50.748+00:00,4357.75,4357.83,0.08,95
2026-09-11T18:06:51.061+00:00,4357.74,4357.83,0.09,95
2026-09-11T18:06:51.435+00:00,4357.72,4357.82,0.1,95
2026-09-11T18:06:51.881+00:00,4357.65,4357.74,0.09,95
2026-09-11T18:06:52.482+00:00,4357.65,4357.73,0.08,95
2026-09-11T18:06:52.724+00:00,4357.66,4357.74,0.08,95
2026-09-11T18:06:52.934+00:00,4357.49,4357.58,0.09,95
2026-09-11T18:06:53.467+00:00,4357.48,4357.56,0.08,95
2026-09-11T18:06:53.696+00:00,4357.78,4357.88,0.1,95
2026-09-11T18:06:53.919+00:00,4357.77,4357.89,0.12,95
2026-09-11T18:06:54.297+00:00,4357.74,4357.86,0.12,95
2026-09-11T18:06:54.522+00:00,4357.51,4357.63,0.12,95
2026-09-11T18:06:54.723+00:00,4357.75,4357.86,0.11,95
2026-09-11T18:06:54.972+00:00,4357.77,4357.85,0.08,95
2026-09-11T18:06:55.461+00:00,4357.62,4357.7,0.08,95
2026-09-11T18:06:55.675+00:00,4357.78,4357.86,0.08,95
2026-09-11T18:06:55.932+00:00,4357.37,4357.45,0.08,95
2026-09-11T18:06:56.230+00:00,4357.68,4357.79,0.11,95
2026-09-11T18:06:56.605+00:00,4357.67,4357.77,0.1,95
2026-09-11T18:06:56.833+00:00,4357.49,4357.59,0.1,95
2026-09-11T18:06:57.439+00:00,4357.42,4357.51,0.09,95
2026-09-11T18:06:57.908+00:00,4357.51,4357.61,0.1,95
2026-09-11T18:06:58.277+00:00,4357.59,4357.69,0.1,95
2026-09-11T18:06:58.580+00:00,4357.88,4357.97,0.09,95
2026-09-11T18:06:58.804+00:00,4357.89,4357.97,0.08,95
2026-09-11T18:06:59.029+00:00,4357.87,4357.95,0.08,95
2026-09-11T18:06:59.509+00:00,4357.92,4358.0,0.08,95
2026-09-11T18:06:59.724+00:00,4357.91,4358.0,0.09,95
2026-09-11T18:07:00.185+00:00,4357.88,4357.98,0.1,95
2026-09-11T18:07:00.661+00:00,4357.93,4358.02,0.09,95
2026-09-11T18:07:00.960+00:00,4357.91,4358.01,0.1,95
2026-09-11T18:07:01.187+00:00,4357.76,4357.87,0.11,95
2026-09-11T18:07:01.411+00:00,4357.63,4357.74,0.11,95
2026-09-11T18:07:01.636+00:00,4357.42,4357.52,0.1,95
2026-09-11T18:07:01.861+00:00,4357.31,4357.42,0.11,95
2026-09-11T18:07:02.211+00:00,4357.43,4357.55,0.12,95
2026-09-11T18:07:02.435+00:00,4357.45,4357.55,0.1,95
2026-09-11T18:07:02.661+00:00,4357.43,4357.52,0.09,95
2026-09-11T18:07:02.886+00:00,4357.7,4357.79,0.09,95
2026-09-11T18:07:03.111+00:00,4357.72,4357.81,0.09,95
2026-09-11T18:07:03.335+00:00,4357.8,4357.88,0.08,95
2026-09-11T18:07:03.564+00:00,4357.83,4357.91,0.08,95
2026-09-11T18:07:04.180+00:00,4357.8,4357.88,0.08,95
2026-09-11T18:07:04.405+00:00,4357.8,4357.89,0.09,95
2026-09-11T18:07:04.630+00:00,4357.57,4357.68,0.11,95
2026-09-11T18:07:04.855+00:00,4357.18,4357.28,0.1,95
2026-09-11T18:07:05.079+00:00,4357.23,4357.33,0.1,95
2026-09-11T18:07:05.306+00:00,4357.27,4357.36,0.09,95
2026-09-11T18:07:05.605+00:00,4357.33,4357.41,0.08,95
2026-09-11T18:07:05.946+00:00,4357.24,4357.34,0.1,95
2026-09-11T18:07:06.322+00:00,4357.23,4357.33,0.1,95
2026-09-11T18:07:06.545+00:00,4357.18,4357.28,0.1,95
2026-09-11T18:07:06.772+00:00,4357.26,4357.35,0.09,95
2026-09-11T18:07:06.996+00:00,4357.27,4357.36,0.09,95
2026-09-11T18:07:07.822+00:00,4357.45,4357.55,0.1,95
2026-09-11T18:07:08.048+00:00,4357.45,4357.53,0.08,95
2026-09-11T18:07:08.304+00:00,4357.48,4357.56,0.08,95
2026-09-11T18:07:08.723+00:00,4357.53,4357.61,0.08,95
2026-09-11T18:07:09.104+00:00,4357.54,4357.62,0.08,95
2026-09-11T18:07:09.347+00:00,4357.55,4357.63,0.08,95
2026-09-11T18:07:09.554+00:00,4357.25,4357.35,0.1,95
2026-09-11T18:07:09.780+00:00,4357.32,4357.43,0.11,95
2026-09-11T18:07:10.004+00:00,4357.06,4357.19,0.13,95
2026-09-11T18:07:10.228+00:00,4356.96,4357.09,0.13,95
2026-09-11T18:07:10.723+00:00,4356.94,4357.05,0.11,95
2026-09-11T18:07:11.032+00:00,4356.94,4357.06,0.12,95
2026-09-11T18:07:11.237+00:00,4356.95,4357.05,0.1,95
2026-09-11T18:07:11.562+00:00,4357.23,4357.34,0.11,96
2026-09-11T18:07:11.787+00:00,4357.24,4357.34,0.1,96
2026-09-11T18:07:12.181+00:00,4357.24,4357.35,0.11,96
2026-09-11T18:07:12.255+00:00,4357.22,4357.32,0.1,96
2026-09-11T18:07:12.723+00:00,4357.22,4357.31,0.09,96
2026-09-11T18:07:12.988+00:00,4356.8,4356.88,0.08,96
2026-09-11T18:07:13.289+00:00,4356.75,4356.86,0.11,96
2026-09-11T18:07:13.513+00:00,4356.64,4356.76,0.12,96
2026-09-11T18:07:13.724+00:00,4356.67,4356.79,0.12,96
2026-09-11T18:07:13.962+00:00,4356.85,4356.93,0.08,96
2026-09-11T18:07:14.187+00:00,4356.71,4356.79,0.08,96
2026-09-11T18:07:14.413+00:00,4357.09,4357.17,0.08,96
2026-09-11T18:07:14.638+00:00,4357.2,4357.3,0.1,96
2026-09-11T18:07:14.863+00:00,4357.23,4357.31,0.08,96
2026-09-11T18:07:15.163+00:00,4357.33,4357.42,0.09,96
2026-09-11T18:07:15.388+00:00,4357.06,4357.14,0.08,96
2026-09-11T18:07:15.723+00:00,4357.33,4357.42,0.09,96
2026-09-11T18:07:16.037+00:00,4357.28,4357.38,0.1,96
2026-09-11T18:07:16.261+00:00,4357.23,4357.34,0.11,96
2026-09-11T18:07:16.486+00:00,4356.92,4357.03,0.11,96
2026-09-11T18:07:16.711+00:00,4356.91,4357.04,0.13,96
2026-09-11T18:07:17.041+00:00,4356.93,4357.06,0.13,96
2026-09-11T18:07:17.571+00:00,4356.94,4357.07,0.13,96
2026-09-11T18:07:17.824+00:00,4356.95,4357.07,0.12,96
2026-09-11T18:07:18.125+00:00,4356.96,4357.06,0.1,96
2026-09-11T18:07:18.426+00:00,4356.97,4357.07,0.1,96
2026-09-11T18:07:18.626+00:00,4356.85,4356.96,0.11,96
2026-09-11T18:07:18.924+00:00,4356.84,4356.97,0.13,96
2026-09-11T18:07:19.159+00:00,4356.86,4356.98,0.12,96
2026-09-11T18:07:19.384+00:00,4356.91,4357.02,0.11,96
2026-09-11T18:07:19.724+00:00,4356.92,4357.01,0.09,96
2026-09-11T18:07:19.985+00:00,4356.67,4356.75,0.08,96
2026-09-11T18:07:20.211+00:00,4356.74,4356.84,0.1,96
2026-09-11T18:07:20.435+00:00,4356.72,4356.81,0.09,96
2026-09-11T18:07:20.659+00:00,4356.81,4356.91,0.1,96
2026-09-11T18:07:20.885+00:00,4356.76,4356.87,0.11,96
2026-09-11T18:07:21.624+00:00,4356.74,4356.86,0.12,96
2026-09-11T18:07:21.872+00:00,4356.74,4356.85,0.11,96
2026-09-11T18:07:22.096+00:00,4356.66,4356.77,0.11,96
2026-09-11T18:07:22.398+00:00,4356.65,4356.78,0.13,96
2026-09-11T18:07:22.638+00:00,4356.67,4356.8,0.13,96
2026-09-11T18:07:22.863+00:00,4356.74,4356.84,0.1,96
2026-09-11T18:07:23.086+00:00,4356.74,4356.83,0.09,96
2026-09-11T18:07:23.387+00:00,4356.75,4356.84,0.09,96
2026-09-11T18:07:23.612+00:00,4356.7,4356.79,0.09,96
2026-09-11T18:07:23.837+00:00,4356.55,4356.63,0.08,96
2026-09-11T18:07:24.064+00:00,4356.56,4356.66,0.1,96
2026-09-11T18:07:24.288+00:00,4356.62,4356.73,0.11,96
2026-09-11T18:07:24.514+00:00,4356.63,4356.72,0.09,96
2026-09-11T18:07:24.725+00:00,4356.64,4356.72,0.08,96
2026-09-11T18:07:24.965+00:00,4356.62,4356.71,0.09,96
2026-09-11T18:07:25.190+00:00,4356.64,4356.72,0.08,96
2026-09-11T18:07:25.495+00:00,4356.81,4356.89,0.08,96
2026-09-11T18:07:25.868+00:00,4356.83,4356.91,0.08,96
2026-09-11T18:07:26.867+00:00,4356.69,4356.77,0.08,96
2026-09-11T18:07:27.088+00:00,4356.58,4356.66,0.08,96
2026-09-11T18:07:27.316+00:00,4356.57,4356.65,0.08,96
2026-09-11T18:07:27.614+00:00,4356.73,4356.83,0.1,96
2026-09-11T18:07:27.840+00:00,4356.71,4356.79,0.08,96
2026-09-11T18:07:28.070+00:00,4356.7,4356.78,0.08,96
2026-09-11T18:07:28.370+00:00,4356.71,4356.79,0.08,96
2026-09-11T18:07:28.724+00:00,4356.59,4356.67,0.08,96
2026-09-11T18:07:29.195+00:00,4356.67,4356.75,0.08,96
2026-09-11T18:07:29.421+00:00,4356.64,4356.72,0.08,96
2026-09-11T18:07:29.723+00:00,4356.62,4356.7,0.08,96
2026-09-11T18:07:29.950+00:00,4356.63,4356.72,0.09,96
2026-09-11T18:07:30.285+00:00,4356.6,4356.68,0.08,96
2026-09-11T18:07:30.723+00:00,4356.61,4356.7,0.09,96
2026-09-11T18:07:30.986+00:00,4356.48,4356.58,0.1,96
2026-09-11T18:07:31.210+00:00,4356.48,4356.59,0.11,96
2026-09-11T18:07:31.510+00:00,4356.49,4356.6,0.11,96
2026-09-11T18:07:31.736+00:00,4356.49,4356.59,0.1,96
2026-09-11T18:07:32.114+00:00,4356.81,4356.91,0.1,96
2026-09-11T18:07:32.338+00:00,4356.8,4356.88,0.08,96
2026-09-11T18:07:32.562+00:00,4356.79,4356.87,0.08,96
2026-09-11T18:07:32.863+00:00,4356.81,4356.9,0.09,96
2026-09-11T18:07:33.086+00:00,4356.84,4356.93,0.09,96
2026-09-11T18:07:33.992+00:00,4356.57,4356.65,0.08,96
2026-09-11T18:07:34.219+00:00,4356.51,4356.59,0.08,96
2026-09-11T18:07:34.443+00:00,4356.48,4356.58,0.1,96
2026-09-11T18:07:34.667+00:00,4356.49,4356.59,0.1,96
2026-09-11T18:07:34.893+00:00,4356.46,4356.56,0.1,96
2026-09-11T18:07:35.119+00:00,4356.51,4356.6,0.09,96
2026-09-11T18:07:35.419+00:00,4356.57,4356.65,0.08,96
2026-09-11T18:07:35.869+00:00,4356.62,4356.7,0.08,96
2026-09-11T18:07:36.094+00:00,4356.57,4356.65,0.08,96
2026-09-11T18:07:36.319+00:00,4356.82,4356.91,0.09,96
2026-09-11T18:07:36.543+00:00,4356.81,4356.91,0.1,96
2026-09-11T18:07:36.843+00:00,4356.82,4356.92,0.1,97
2026-09-11T18:07:37.070+00:00,4356.69,4356.78,0.09,97
2026-09-11T18:07:37.294+00:00,4356.82,4356.9,0.08,97
2026-09-11T18:07:37.518+00:00,4356.72,4356.8,0.08,97
2026-09-11T18:07:37.894+00:00,4356.71,4356.79,0.08,97
2026-09-11T18:07:38.128+00:00,4356.68,4356.76,0.08,97
2026-09-11T18:07:38.387+00:00,4356.58,4356.68,0.1,97
2026-09-11T18:07:38.605+00:00,4356.57,4356.67,0.1,97
2026-09-11T18:07:38.829+00:00,4356.8,4356.9,0.1,97
2026-09-11T18:07:39.054+00:00,4356.79,4356.88,0.09,97
2026-09-11T18:07:39.726+00:00,4356.8,4356.88,0.08,97
2026-09-11T18:07:39.989+00:00,4357.05,4357.14,0.09,97
2026-09-11T18:07:40.215+00:00,4357.06,4357.16,0.1,97
2026-09-11T18:07:40.457+00:00,4356.98,4357.09,0.11,97
2026-09-11T18:07:40.723+00:00,4356.96,4357.07,0.11,97
2026-09-11T18:07:40.983+00:00,4356.92,4357.02,0.1,97
2026-09-11T18:07:41.209+00:00,4356.83,4356.93,0.1,97
2026-09-11T18:07:41.790+00:00,4356.84,4356.94,0.1,97
2026-09-11T18:07:42.105+00:00,4356.83,4356.95,0.12,97
2026-09-11T18:07:42.365+00:00,4356.56,4356.68,0.12,97
2026-09-11T18:07:42.592+00:00,4356.49,4356.59,0.1,97
2026-09-11T18:07:42.814+00:00,4356.56,4356.66,0.1,97
2026-09-11T18:07:43.115+00:00,4356.48,4356.58,0.1,97
2026-09-11T18:07:43.339+00:00,4356.61,4356.7,0.09,97
2026-09-11T18:07:43.567+00:00,4356.64,4356.72,0.08,97
2026-09-11T18:07:43.869+00:00,4356.63,4356.71,0.08,97
2026-09-11T18:07:44.091+00:00,4356.6,4356.68,0.08,97
2026-09-11T18:07:44.361+00:00,4356.58,4356.66,0.08,97
2026-09-11T18:07:44.596+00:00,4356.83,4356.91,0.08,97
2026-09-11T18:07:44.850+00:00,4356.67,4356.76,0.09,97
2026-09-11T18:07:45.075+00:00,4356.67,4356.75,0.08,97
2026-09-11T18:07:45.300+00:00,4356.63,4356.72,0.09,97
2026-09-11T18:07:45.528+00:00,4356.56,4356.65,0.09,97
2026-09-11T18:07:45.751+00:00,4356.57,4356.66,0.09,97
2026-09-11T18:07:45.976+00:00,4356.38,4356.48,0.1,97
2026-09-11T18:07:46.202+00:00,4356.3,4356.4,0.1,97
2026-09-11T18:07:46.595+00:00,4356.29,4356.39,0.1,97
2026-09-11T18:07:47.378+00:00,4356.32,4356.4,0.08,97
2026-09-11T18:07:47.837+00:00,4356.31,4356.39,0.08,97
2026-09-11T18:07:48.094+00:00,4356.38,4356.46,0.08,97
2026-09-11T18:07:48.324+00:00,4356.36,4356.45,0.09,97
2026-09-11T18:07:48.620+00:00,4356.44,4356.52,0.08,97
2026-09-11T18:07:48.845+00:00,4356.49,4356.57,0.08,97
2026-09-11T18:07:49.371+00:00,4356.34,4356.42,0.08,97
2026-09-11T18:07:49.593+00:00,4356.27,4356.37,0.1,97
2026-09-11T18:07:49.895+00:00,4356.27,4356.39,0.12,97
2026-09-11T18:07:50.385+00:00,4356.21,4356.31,0.1,97
2026-09-11T18:07:50.610+00:00,4356.18,4356.28,0.1,97
2026-09-11T18:07:50.836+00:00,4356.17,4356.26,0.09,97
2026-09-11T18:07:51.081+00:00,4356.28,4356.36,0.08,97
2026-09-11T18:07:51.396+00:00,4356.26,4356.34,0.08,97
2026-09-11T18:07:51.855+00:00,4356.27,4356.35,0.08,97
2026-09-11T18:07:52.900+00:00,4356.37,4356.45,0.08,97
2026-09-11T18:07:53.342+00:00,4356.33,4356.41,0.08,97
2026-09-11T18:07:53.568+00:00,4356.41,4356.51,0.1,97
2026-09-11T18:07:53.867+00:00,4356.33,4356.44,0.11,97
2026-09-11T18:07:54.093+00:00,4356.46,4356.55,0.09,97
2026-09-11T18:07:54.318+00:00,4356.49,4356.57,0.08,97
2026-09-11T18:07:54.545+00:00,4356.51,4356.59,0.08,97
2026-09-11T18:07:54.771+00:00,4356.59,4356.67,0.08,97
2026-09-11T18:07:54.990+00:00,4356.45,4356.53,0.08,97
2026-09-11T18:07:55.219+00:00,4356.41,4356.49,0.08,97
2026-09-11T18:07:55.455+00:00,4356.4,4356.49,0.09,97
2026-09-11T18:07:55.681+00:00,4356.39,4356.49,0.1,97
2026-09-11T18:07:56.250+00:00,4356.4,4356.49,0.09,97
2026-09-11T18:07:56.480+00:00,4356.37,4356.47,0.1,97
2026-09-11T18:07:56.701+00:00,4356.36,4356.46,0.1,97
2026-09-11T18:07:57.001+00:00,4356.36,4356.45,0.09,97
2026-09-11T18:07:57.377+00:00,4356.34,4356.43,0.09,97
2026-09-11T18:07:57.724+00:00,4356.32,4356.42,0.1,97
2026-09-11T18:07:57.977+00:00,4356.61,4356.72,0.11,97
2026-09-11T18:07:58.278+00:00,4356.33,4356.44,0.11,97
2026-09-11T18:07:58.502+00:00,4356.63,4356.74,0.11,97
2026-09-11T18:07:58.725+00:00,4356.62,4356.72,0.1,97
2026-09-11T18:07:59.209+00:00,4356.63,4356.73,0.1,97
2026-09-11T18:07:59.441+00:00,4356.64,4356.75,0.11,97
2026-09-11T18:07:59.723+00:00,4356.68,4356.79,0.11,97
2026-09-11T18:07:59.966+00:00,4356.67,4356.77,0.1,97
2026-09-11T18:08:00.191+00:00,4356.68,4356.78,0.1,97
2026-09-11T18:08:00.415+00:00,4356.43,4356.53,0.1,97
2026-09-11T18:08:00.641+00:00,4356.42,4356.51,0.09,97
2026-09-11T18:08:00.941+00:00,4356.37,4356.45,0.08,97
2026-09-11T18:08:01.165+00:00,4356.36,4356.44,0.08,97
2026-09-11T18:08:01.395+00:00,4356.33,4356.43,0.1,97
2026-09-11T18:08:01.650+00:00,4356.19,4356.29,0.1,97
2026-09-11T18:08:01.875+00:00,4356.37,4356.47,0.1,98
2026-09-11T18:08:02.342+00:00,4356.16,4356.26,0.1,98
2026-09-11T18:08:02.565+00:00,4356.22,4356.31,0.09,98
2026-09-11T18:08:02.791+00:00,4356.28,4356.37,0.09,98
2026-09-11T18:08:03.017+00:00,4356.25,4356.35,0.1,98
2026-09-11T18:08:03.241+00:00,4356.04,4356.15,0.11,98
2026-09-11T18:08:03.540+00:00,4355.97,4356.07,0.1,98
2026-09-11T18:08:03.766+00:00,4356.0,4356.08,0.08,98
2026-09-11T18:08:04.142+00:00,4355.98,4356.07,0.09,98
2026-09-11T18:08:04.380+00:00,4355.9,4355.99,0.09,98
2026-09-11T18:08:04.678+00:00,4355.89,4355.99,0.1,98
2026-09-11T18:08:05.128+00:00,4355.91,4356.01,0.1,98
2026-09-11T18:08:05.429+00:00,4355.89,4356.0,0.11,98
2026-09-11T18:08:05.723+00:00,4356.21,4356.32,0.11,98
2026-09-11T18:08:05.955+00:00,4356.02,4356.12,0.1,98
2026-09-11T18:08:06.180+00:00,4355.98,4356.06,0.08,98
2026-09-11T18:08:06.408+00:00,4355.96,4356.04,0.08,98
2026-09-11T18:08:06.634+00:00,4356.04,4356.12,0.08,98
2026-09-11T18:08:06.858+00:00,4355.97,4356.06,0.09,98
2026-09-11T18:08:07.084+00:00,4356.14,4356.22,0.08,98
2026-09-11T18:08:07.308+00:00,4356.08,4356.17,0.09,98
2026-09-11T18:08:07.564+00:00,4356.12,4356.21,0.09,98
2026-09-11T18:08:07.789+00:00,4356.14,4356.24,0.1,98
2026-09-11T18:08:08.014+00:00,4356.2,4356.29,0.09,98
2026-09-11T18:08:08.315+00:00,4356.29,4356.37,0.08,98
2026-09-11T18:08:08.540+00:00,4356.25,4356.33,0.08,98
2026-09-11T18:08:08.840+00:00,4356.45,4356.53,0.08,98
2026-09-11T18:08:09.139+00:00,4356.44,4356.52,0.08,98
2026-09-11T18:08:09.398+00:00,4356.45,4356.53,0.08,98
2026-09-11T18:08:09.774+00:00,4356.47,4356.55,0.08,98
2026-09-11T18:08:10.074+00:00,4356.49,4356.57,0.08,98
2026-09-11T18:08:10.563+00:00,4356.49,4356.58,0.09,98
2026-09-11T18:08:11.387+00:00,4356.25,4356.34,0.09,98
2026-09-11T18:08:11.626+00:00,4356.46,4356.55,0.09,98
2026-09-11T18:08:12.000+00:00,4356.44,4356.54,0.1,98
2026-09-11T18:08:12.300+00:00,4356.46,4356.56,0.1,98
2026-09-11T18:08:12.676+00:00,4356.58,4356.66,0.08,98
2026-09-11T18:08:12.900+00:00,4356.64,4356.72,0.08,98
2026-09-11T18:08:13.125+00:00,4356.66,4356.74,0.08,98
2026-09-11T18:08:13.350+00:00,4356.64,4356.74,0.1,98
2026-09-11T18:08:13.575+00:00,4356.58,4356.68,0.1,98
2026-09-11T18:08:13.878+00:00,4356.51,4356.62,0.11,98
2026-09-11T18:08:14.100+00:00,4356.5,4356.61,0.11,98
2026-09-11T18:08:14.327+00:00,4356.27,4356.38,0.11,98
2026-09-11T18:08:14.550+00:00,4356.3,4356.41,0.11,98
2026-09-11T18:08:14.791+00:00,4356.23,4356.33,0.1,98
2026-09-11T18:08:15.013+00:00,4356.0,4356.09,0.09,98
2026-09-11T18:08:15.313+00:00,4356.01,4356.12,0.11,98
2026-09-11T18:08:15.612+00:00,4355.69,4355.8,0.11,98
2026-09-11T18:08:15.836+00:00,4355.72,4355.83,0.11,98
2026-09-11T18:08:16.065+00:00,4355.71,4355.8,0.09,98
2026-09-11T18:08:16.288+00:00,4355.68,4355.76,0.08,98
2026-09-11T18:08:16.662+00:00,4355.73,4355.82,0.09,98
2026-09-11T18:08:16.888+00:00,4355.77,4355.85,0.08,98
2026-09-11T18:08:17.489+00:00,4355.76,4355.86,0.1,98
2026-09-11T18:08:17.712+00:00,4355.84,4355.94,0.1,98
2026-09-11T18:08:18.180+00:00,4355.72,4355.82,0.1,98
2026-09-11T18:08:18.404+00:00,4355.41,4355.52,0.11,98
2026-09-11T18:08:18.831+00:00,4355.29,4355.4,0.11,98
2026-09-11T18:08:18.855+00:00,4355.44,4355.55,0.11,98
2026-09-11T18:08:19.081+00:00,4355.43,4355.52,0.09,98
2026-09-11T18:08:19.308+00:00,4355.44,4355.52,0.08,98
2026-09-11T18:08:19.914+00:00,4355.41,4355.51,0.1,98
2026-09-11T18:08:20.143+00:00,4355.42,4355.52,0.1,98
2026-09-11T18:08:20.535+00:00,4355.39,4355.51,0.12,98
2026-09-11T18:08:20.761+00:00,4355.3,4355.42,0.12,98
2026-09-11T18:08:20.995+00:00,4355.59,4355.7,0.11,98
2026-09-11T18:08:21.464+00:00,4355.6,4355.69,0.09,98
2026-09-11T18:08:21.690+00:00,4355.57,4355.66,0.09,98
2026-09-11T18:08:21.915+00:00,4355.38,4355.48,0.1,98
2026-09-11T18:08:22.440+00:00,4355.58,4355.68,0.1,98
2026-09-11T18:08:22.665+00:00,4355.58,4355.7,0.12,98
2026-09-11T18:08:22.889+00:00,4355.57,4355.69,0.12,98
2026-09-11T18:08:23.115+00:00,4355.59,4355.71,0.12,98
2026-09-11T18:08:23.341+00:00,4355.67,4355.77,0.1,98
2026-09-11T18:08:23.565+00:00,4355.66,4355.75,0.09,98
2026-09-11T18:08:23.791+00:00,4355.64,4355.72,0.08,98
2026-09-11T18:08:24.015+00:00,4355.63,4355.74,0.11,98
2026-09-11T18:08:24.448+00:00,4355.62,4355.72,0.1,98
2026-09-11T18:08:24.723+00:00,4355.58,4355.67,0.09,98
2026-09-11T18:08:24.975+00:00,4355.72,4355.8,0.08,98
2026-09-11T18:08:25.199+00:00,4355.71,4355.8,0.09,98
2026-09-11T18:08:25.424+00:00,4355.81,4355.91,0.1,98
2026-09-11T18:08:25.723+00:00,4355.83,4355.92,0.09,98
2026-09-11T18:08:26.028+00:00,4355.88,4355.96,0.08,98
2026-09-11T18:08:26.326+00:00,4355.87,4355.97,0.1,98
2026-09-11T18:08:26.551+00:00,4355.62,4355.72,0.1,98
2026-09-11T18:08:26.775+00:00,4355.84,4355.93,0.09,98
2026-09-11T18:08:27.076+00:00,4355.84,4355.94,0.1,99
2026-09-11T18:08:27.301+00:00,4355.81,4355.91,0.1,99
2026-09-11T18:08:27.526+00:00,4355.73,4355.85,0.12,99
2026-09-11T18:08:27.751+00:00,4355.48,4355.6,0.12,99
2026-09-11T18:08:28.354+00:00,4355.49,4355.6,0.11,99
2026-09-11T18:08:28.578+00:00,4355.38,4355.49,0.11,99
2026-09-11T18:08:28.995+00:00,4355.39,4355.48,0.09,99
2026-09-11T18:08:29.310+00:00,4355.42,4355.53,0.11,99
2026-09-11T18:08:29.610+00:00,4355.38,4355.5,0.12,99
2026-09-11T18:08:29.836+00:00,4355.39,4355.51,0.12,99
2026-09-11T18:08:30.211+00:00,4355.39,4355.52,0.13,99
2026-09-11T18:08:30.436+00:00,4355.46,4355.58,0.12,99
2026-09-11T18:08:30.660+00:00,4355.42,4355.53,0.11,99
2026-09-11T18:08:30.890+00:00,4355.4,4355.51,0.11,99
2026-09-11T18:08:31.186+00:00,4355.41,4355.5,0.09,99
2026-09-11T18:08:31.412+00:00,4355.35,4355.46,0.11,99
2026-09-11T18:08:31.639+00:00,4355.49,4355.59,0.1,99
2026-09-11T18:08:31.869+00:00,4355.52,4355.6,0.08,99
2026-09-11T18:08:32.471+00:00,4355.51,4355.59,0.08,99
2026-09-11T18:08:34.015+00:00,4355.49,4355.58,0.09,99
2026-09-11T18:08:34.317+00:00,4355.4,4355.49,0.09,99
2026-09-11T18:08:34.540+00:00,4355.44,4355.54,0.1,99
2026-09-11T18:08:34.840+00:00,4355.46,4355.55,0.09,99
2026-09-11T18:08:35.064+00:00,4355.46,4355.54,0.08,99
2026-09-11T18:08:35.404+00:00,4355.45,4355.54,0.09,99
2026-09-11T18:08:35.629+00:00,4355.42,4355.51,0.09,99
2026-09-11T18:08:35.929+00:00,4355.43,4355.51,0.08,99
2026-09-11T18:08:36.275+00:00,4355.42,4355.51,0.09,99
2026-09-11T18:08:36.499+00:00,4355.57,4355.66,0.09,99
2026-09-11T18:08:36.724+00:00,4355.54,4355.63,0.09,99
2026-09-11T18:08:37.543+00:00,4355.51,4355.6,0.09,99
2026-09-11T18:08:37.915+00:00,4355.37,4355.45,0.08,99
2026-09-11T18:08:38.382+00:00,4355.54,4355.62,0.08,99
2026-09-11T18:08:38.608+00:00,4355.31,4355.39,0.08,99
2026-09-11T18:08:38.833+00:00,4355.5,4355.58,0.08,99
2026-09-11T18:08:39.060+00:00,4355.59,4355.67,0.08,99
2026-09-11T18:08:39.288+00:00,4355.56,4355.66,0.1,99
2026-09-11T18:08:39.585+00:00,4355.57,4355.66,0.09,99
2026-09-11T18:08:39.811+00:00,4355.37,4355.47,0.1,99
2026-09-11T18:08:40.564+00:00,4355.34,4355.44,0.1,99
2026-09-11T18:08:40.863+00:00,4355.57,4355.66,0.09,99
2026-09-11T18:08:41.088+00:00,4355.62,4355.7,0.08,99
2026-09-11T18:08:41.722+00:00,4355.61,4355.7,0.09,99
2026-09-11T18:08:41.946+00:00,4355.59,4355.69,0.1,99
2026-09-11T18:08:42.173+00:00,4355.46,4355.56,0.1,99
2026-09-11T18:08:42.399+00:00,4355.39,4355.47,0.08,99
2026-09-11T18:08:42.626+00:00,4355.34,4355.42,0.08,99
2026-09-11T18:08:42.848+00:00,4355.34,4355.43,0.09,99
2026-09-11T18:08:43.146+00:00,4355.33,4355.42,0.09,99
2026-09-11T18:08:43.372+00:00,4355.35,4355.43,0.08,99
2026-09-11T18:08:43.722+00:00,4355.32,4355.4,0.08,99
2026-09-11T18:08:43.973+00:00,4355.36,4355.45,0.09,99
2026-09-11T18:08:44.226+00:00,4355.32,4355.4,0.08,99
2026-09-11T18:08:44.599+00:00,4355.32,4355.41,0.09,99
2026-09-11T18:08:44.857+00:00,4355.3,4355.39,0.09,99
2026-09-11T18:08:45.173+00:00,4355.26,4355.34,0.08,99
2026-09-11T18:08:45.723+00:00,4355.55,4355.65,0.1,99
2026-09-11T18:08:46.059+00:00,4355.57,4355.67,0.1,99
2026-09-11T18:08:46.283+00:00,4355.33,4355.43,0.1,99
2026-09-11T18:08:46.846+00:00,4355.37,4355.48,0.11,99
2026-09-11T18:08:47.071+00:00,4355.55,4355.65,0.1,99
2026-09-11T18:08:47.447+00:00,4355.58,4355.68,0.1,99
2026-09-11T18:08:47.724+00:00,4355.37,4355.47,0.1,99
2026-09-11T18:08:48.423+00:00,4355.57,4355.67,0.1,99
2026-09-11T18:08:48.648+00:00,4355.41,4355.51,0.1,99
2026-09-11T18:08:48.873+00:00,4355.55,4355.63,0.08,99
2026-09-11T18:08:49.084+00:00,4355.62,4355.7,0.08,99
2026-09-11T18:08:49.312+00:00,4355.66,4355.74,0.08,99
2026-09-11T18:08:49.547+00:00,4355.69,4355.78,0.09,99
2026-09-11T18:08:49.999+00:00,4355.62,4355.71,0.09,99
2026-09-11T18:08:50.373+00:00,4355.67,4355.75,0.08,99
2026-09-11T18:08:50.609+00:00,4355.69,4355.77,0.08,99
2026-09-11T18:08:50.914+00:00,4355.68,4355.78,0.1,99
2026-09-11T18:08:51.211+00:00,4355.5,4355.6,0.1,99
2026-09-11T18:08:51.436+00:00,4355.42,4355.51,0.09,99
2026-09-11T18:08:51.663+00:00,4355.71,4355.8,0.09,99
2026-09-11T18:08:51.962+00:00,4355.52,4355.6,0.08,99
2026-09-11T18:08:52.187+00:00,4355.54,4355.62,0.08,100
2026-09-11T18:08:52.413+00:00,4355.4,4355.49,0.09,100
2026-09-11T18:08:52.712+00:00,4355.41,4355.5,0.09,100
2026-09-11T18:08:53.089+00:00,4355.39,4355.48,0.09,100
2026-09-11T18:08:53.461+00:00,4355.4,4355.49,0.09,100
2026-09-11T18:08:53.724+00:00,4355.41,4355.51,0.1,100
2026-09-11T18:08:54.317+00:00,4355.39,4355.48,0.09,100
2026-09-11T18:08:55.015+00:00,4355.4,4355.49,0.09,100
2026-09-11T18:08:55.239+00:00,4355.43,4355.53,0.1,100
2026-09-11T18:08:55.540+00:00,4355.44,4355.52,0.08,100
2026-09-11T18:08:55.765+00:00,4355.5,4355.59,0.09,100
2026-09-11T18:08:55.992+00:00,4355.66,4355.74,0.08,100
2026-09-11T18:08:56.290+00:00,4355.6,4355.68,0.08,100
2026-09-11T18:08:56.515+00:00,4355.61,4355.7,0.09,100
2026-09-11T18:08:56.723+00:00,4355.57,4355.66,0.09,100
2026-09-11T18:08:56.924+00:00,4355.44,4355.53,0.09,100
2026-09-11T18:08:57.151+00:00,4355.46,4355.55,0.09,100
2026-09-11T18:08:57.455+00:00,4355.5,4355.6,0.1,100
2026-09-11T18:08:57.675+00:00,4355.54,4355.63,0.09,100
2026-09-11T18:08:58.352+00:00,4355.59,4355.68,0.09,100
2026-09-11T18:08:58.652+00:00,4355.58,4355.68,0.1,100
2026-09-11T18:08:58.881+00:00,4355.57,4355.66,0.09,100
2026-09-11T18:08:59.103+00:00,4355.5,4355.59,0.09,100
2026-09-11T18:08:59.484+00:00,4355.5,4355.6,0.1,100
2026-09-11T18:08:59.724+00:00,4355.5,4355.59,0.09,100
2026-09-11T18:09:00.307+00:00,4355.42,4355.5,0.08,100
2026-09-11T18:09:00.531+00:00,4355.44,4355.53,0.09,100
2026-09-11T18:09:00.757+00:00,4355.45,4355.53,0.08,100
2026-09-11T18:09:00.984+00:00,4355.44,4355.52,0.08,100
2026-09-11T18:09:01.207+00:00,4355.43,4355.53,0.1,100
2026-09-11T18:09:01.465+00:00,4355.42,4355.52,0.1,100
2026-09-11T18:09:01.690+00:00,4355.45,4355.55,0.1,100
2026-09-11T18:09:01.914+00:00,4355.45,4355.54,0.09,100
2026-09-11T18:09:02.141+00:00,4355.46,4355.54,0.08,100
2026-09-11T18:09:02.475+00:00,4355.42,4355.51,0.09,100
2026-09-11T18:09:02.705+00:00,4355.63,4355.73,0.1,100
2026-09-11T18:09:02.930+00:00,4355.5,4355.59,0.09,100
2026-09-11T18:09:03.305+00:00,4355.62,4355.7,0.08,100
2026-09-11T18:09:03.679+00:00,4355.64,4355.73,0.09,100
2026-09-11T18:09:03.978+00:00,4355.63,4355.72,0.09,100
2026-09-11T18:09:04.204+00:00,4355.69,4355.77,0.08,100
2026-09-11T18:09:04.432+00:00,4355.4,4355.48,0.08,100
2026-09-11T18:09:04.659+00:00,4355.45,4355.53,0.08,100
2026-09-11T18:09:04.882+00:00,4355.54,4355.62,0.08,100
2026-09-11T18:09:05.106+00:00,4355.58,4355.66,0.08,100
2026-09-11T18:09:05.334+00:00,4355.6,4355.68,0.08,100
2026-09-11T18:09:05.558+00:00,4355.57,4355.65,0.08,100
2026-09-11T18:09:06.168+00:00,4355.6,4355.68,0.08,100
2026-09-11T18:09:06.401+00:00,4355.61,4355.69,0.08,100
2026-09-11T18:09:06.966+00:00,4355.49,4355.57,0.08,100
2026-09-11T18:09:07.189+00:00,4355.48,4355.56,0.08,100
2026-09-11T18:09:07.489+00:00,4355.65,4355.75,0.1,100
2026-09-11T18:09:08.001+00:00,4355.67,4355.77,0.1,100
2026-09-11T18:09:08.595+00:00,4355.69,4355.79,0.1,100
2026-09-11T18:09:08.900+00:00,4355.75,4355.83,0.08,100
2026-09-11T18:09:09.499+00:00,4355.76,4355.84,0.08,100
2026-09-11T18:09:09.724+00:00,4355.77,4355.85,0.08,100
2026-09-11T18:09:10.025+00:00,4355.81,4355.89,0.08,100
2026-09-11T18:09:10.474+00:00,4355.82,4355.92,0.1,100
2026-09-11T18:09:10.700+00:00,4355.8,4355.9,0.1,100
2026-09-11T18:09:10.956+00:00,4355.8,4355.89,0.09,100
2026-09-11T18:09:11.257+00:00,4355.93,4356.01,0.08,100
2026-09-11T18:09:11.485+00:00,4356.06,4356.14,0.08,100
2026-09-11T18:09:11.707+00:00,4356.07,4356.15,0.08,100
2026-09-11T18:09:11.932+00:00,4356.15,4356.23,0.08,100
2026-09-11T18:09:12.158+00:00,4356.14,4356.22,0.08,100
2026-09-11T18:09:12.381+00:00,4356.11,4356.21,0.1,100
2026-09-11T18:09:13.080+00:00,4356.13,4356.22,0.09,100
2026-09-11T18:09:13.681+00:00,4356.15,4356.25,0.1,100
2026-09-11T18:09:13.910+00:00,4355.87,4355.97,0.1,100
2026-09-11T18:09:14.207+00:00,4356.06,4356.15,0.09,100
2026-09-11T18:09:14.682+00:00,4356.05,4356.14,0.09,100
2026-09-11T18:09:14.926+00:00,4356.03,4356.13,0.1,100
2026-09-11T18:09:15.696+00:00,4355.81,4355.9,0.09,100
2026-09-11T18:09:16.217+00:00,4355.88,4355.97,0.09,100
2026-09-11T18:09:16.430+00:00,4355.89,4355.98,0.09,100
2026-09-11T18:09:16.679+00:00,4355.9,4355.99,0.09,100
2026-09-11T18:09:16.977+00:00,4356.04,4356.12,0.08,100
2026-09-11T18:09:17.200+00:00,4356.05,4356.13,0.08,101
2026-09-11T18:09:17.649+00:00,4355.88,4355.96,0.08,101
2026-09-11T18:09:17.877+00:00,4355.87,4355.96,0.09,101
2026-09-11T18:09:18.600+00:00,4355.8,4355.89,0.09,101
2026-09-11T18:09:18.827+00:00,4355.83,4355.92,0.09,101
2026-09-11T18:09:19.051+00:00,4356.1,4356.19,0.09,101
2026-09-11T18:09:19.275+00:00,4356.18,4356.26,0.08,101
2026-09-11T18:09:19.523+00:00,4356.13,4356.21,0.08,101
2026-09-11T18:09:19.725+00:00,4356.09,4356.18,0.09,101
2026-09-11T18:09:19.972+00:00,4356.43,4356.51,0.08,101
2026-09-11T18:09:20.196+00:00,4356.44,4356.52,0.08,101
2026-09-11T18:09:20.495+00:00,4356.43,4356.52,0.09,101
2026-09-11T18:09:20.732+00:00,4356.46,4356.54,0.08,101
2026-09-11T18:09:20.941+00:00,4356.48,4356.57,0.09,101
2026-09-11T18:09:21.186+00:00,4356.46,4356.56,0.1,101
2026-09-11T18:09:21.410+00:00,4356.42,4356.52,0.1,101
2026-09-11T18:09:21.721+00:00,4356.43,4356.51,0.08,101
2026-09-11T18:09:21.967+00:00,4356.39,4356.47,0.08,101
2026-09-11T18:09:22.492+00:00,4356.27,4356.35,0.08,101
2026-09-11T18:09:22.715+00:00,4356.19,4356.28,0.09,101
2026-09-11T18:09:22.940+00:00,4356.17,4356.27,0.1,101
2026-09-11T18:09:23.242+00:00,4356.16,4356.25,0.09,101
2026-09-11T18:09:23.465+00:00,4356.16,4356.26,0.1,101
2026-09-11T18:09:23.691+00:00,4356.17,4356.26,0.09,101
2026-09-11T18:09:23.990+00:00,4356.13,4356.21,0.08,101
2026-09-11T18:09:24.441+00:00,4356.15,4356.23,0.08,101
2026-09-11T18:09:24.723+00:00,4356.14,4356.22,0.08,101
2026-09-11T18:09:24.968+00:00,4356.09,4356.17,0.08,101
2026-09-11T18:09:25.266+00:00,4356.08,4356.18,0.1,101
2026-09-11T18:09:25.494+00:00,4356.1,4356.19,0.09,101
2026-09-11T18:09:25.718+00:00,4356.07,4356.16,0.09,101
2026-09-11T18:09:26.243+00:00,4356.09,4356.17,0.08,101
2026-09-11T18:09:26.543+00:00,4356.3,4356.38,0.08,101
2026-09-11T18:09:27.723+00:00,4356.34,4356.44,0.1,101
2026-09-11T18:09:28.177+00:00,4356.09,4356.19,0.1,101
2026-09-11T18:09:29.443+00:00,4356.09,4356.18,0.09,101
2026-09-11T18:09:29.722+00:00,4356.01,4356.09,0.08,101
2026-09-11T18:09:29.966+00:00,4356.24,4356.34,0.1,101
2026-09-11T18:09:30.342+00:00,4356.06,4356.15,0.09,101
2026-09-11T18:09:30.565+00:00,4354.92,4355.01,0.09,101
2026-09-11T18:09:30.790+00:00,4355.47,4355.57,0.1,101
2026-09-11T18:09:31.016+00:00,4355.1,4355.18,0.08,101
2026-09-11T18:09:31.242+00:00,4355.14,4355.22,0.08,101
2026-09-11T18:09:31.466+00:00,4355.09,4355.17,0.08,101
2026-09-11T18:09:31.721+00:00,4354.94,4355.02,0.08,101
2026-09-11T18:09:32.071+00:00,4355.12,4355.23,0.11,101
2026-09-11T18:09:33.015+00:00,4355.07,4355.19,0.12,101
2026-09-11T18:09:33.241+00:00,4354.86,4354.96,0.1,101
2026-09-11T18:09:33.723+00:00,4354.8,4354.9,0.1,101
2026-09-11T18:09:34.366+00:00,4354.77,4354.88,0.11,101
2026-09-11T18:09:34.589+00:00,4354.79,4354.88,0.09,101
2026-09-11T18:09:34.817+00:00,4354.61,4354.71,0.1,101
2026-09-11T18:09:35.042+00:00,4354.59,4354.69,0.1,101
2026-09-11T18:09:35.272+00:00,4354.58,4354.66,0.08,101
2026-09-11T18:09:35.492+00:00,4354.38,4354.46,0.08,101
2026-09-11T18:09:36.197+00:00,4354.37,4354.45,0.08,101
2026-09-11T18:09:36.421+00:00,4354.3,4354.38,0.08,101
2026-09-11T18:09:36.721+00:00,4354.57,4354.66,0.09,101
2026-09-11T18:09:37.174+00:00,4354.58,4354.66,0.08,101
2026-09-11T18:09:37.396+00:00,4354.6,4354.68,0.08,101
2026-09-11T18:09:37.621+00:00,4354.59,4354.67,0.08,101
2026-09-11T18:09:37.847+00:00,4354.66,4354.77,0.11,101
2026-09-11T18:09:38.072+00:00,4354.67,4354.79,0.12,101
2026-09-11T18:09:38.299+00:00,4354.7,4354.8,0.1,101
2026-09-11T18:09:38.526+00:00,4354.72,4354.81,0.09,101
2026-09-11T18:09:39.007+00:00,4354.7,4354.81,0.11,101
2026-09-11T18:09:39.761+00:00,4354.69,4354.8,0.11,101
2026-09-11T18:09:40.434+00:00,4354.64,4354.75,0.11,101
2026-09-11T18:09:40.650+00:00,4354.76,4354.86,0.1,101
2026-09-11T18:09:40.873+00:00,4354.78,4354.88,0.1,101
2026-09-11T18:09:41.099+00:00,4354.84,4354.92,0.08,101
2026-09-11T18:09:41.398+00:00,4354.48,4354.6,0.12,101
2026-09-11T18:09:41.723+00:00,4354.81,4354.92,0.11,101
2026-09-11T18:09:42.020+00:00,4354.8,4354.91,0.11,102
2026-09-11T18:09:42.400+00:00,4354.48,4354.59,0.11,102
2026-09-11T18:09:42.722+00:00,4354.8,4354.91,0.11,102
2026-09-11T18:09:43.232+00:00,4354.48,4354.59,0.11,102
2026-09-11T18:09:43.459+00:00,4354.73,4354.84,0.11,102
2026-09-11T18:09:43.721+00:00,4354.69,4354.8,0.11,102
2026-09-11T18:09:44.230+00:00,4354.67,4354.78,0.11,102
2026-09-11T18:09:44.533+00:00,4354.36,4354.46,0.1,102
2026-09-11T18:09:44.832+00:00,4354.21,4354.3,0.09,102
2026-09-11T18:09:45.057+00:00,4354.24,4354.35,0.11,102
2026-09-11T18:09:45.285+00:00,4354.23,4354.34,0.11,102
2026-09-11T18:09:45.507+00:00,4354.16,4354.26,0.1,102
2026-09-11T18:09:45.722+00:00,4354.2,4354.31,0.11,102
2026-09-11T18:09:45.957+00:00,4354.21,4354.32,0.11,102
2026-09-11T18:09:46.508+00:00,4354.29,4354.38,0.09,102
2026-09-11T18:09:46.722+00:00,4354.5,4354.58,0.08,102
2026-09-11T18:09:47.182+00:00,4354.48,4354.57,0.09,102
2026-09-11T18:09:47.407+00:00,4354.46,4354.55,0.09,102
2026-09-11T18:09:47.630+00:00,4354.36,4354.46,0.1,102
2026-09-11T18:09:47.857+00:00,4354.31,4354.41,0.1,102
2026-09-11T18:09:48.082+00:00,4354.31,4354.43,0.12,102
2026-09-11T18:09:48.308+00:00,4354.28,4354.39,0.11,102
2026-09-11T18:09:48.606+00:00,4354.23,4354.34,0.11,102
2026-09-11T18:09:49.040+00:00,4354.28,4354.36,0.08,102
2026-09-11T18:09:49.265+00:00,4354.33,4354.43,0.1,102
2026-09-11T18:09:49.498+00:00,4354.39,4354.47,0.08,102
2026-09-11T18:09:49.724+00:00,4354.37,4354.46,0.09,102
2026-09-11T18:09:49.952+00:00,4354.4,4354.49,0.09,102
2026-09-11T18:09:50.316+00:00,4354.41,4354.52,0.11,102
2026-09-11T18:09:50.696+00:00,4354.5,4354.6,0.1,102
2026-09-11T18:09:51.072+00:00,4354.4,4354.48,0.08,102
2026-09-11T18:09:51.297+00:00,4354.42,4354.51,0.09,102
2026-09-11T18:09:51.722+00:00,4354.07,4354.17,0.1,102
2026-09-11T18:09:51.974+00:00,4354.06,4354.17,0.11,102
2026-09-11T18:09:52.496+00:00,4354.08,4354.17,0.09,102
2026-09-11T18:09:52.724+00:00,4354.06,4354.16,0.1,102
2026-09-11T18:09:52.950+00:00,4354.19,4354.28,0.09,102
2026-09-11T18:09:53.400+00:00,4354.17,4354.25,0.08,102
2026-09-11T18:09:53.624+00:00,4354.43,4354.52,0.09,102
2026-09-11T18:09:53.932+00:00,4354.1,4354.21,0.11,102
2026-09-11T18:09:54.150+00:00,4353.93,4354.04,0.11,102
2026-09-11T18:09:54.374+00:00,4354.22,4354.33,0.11,102
2026-09-11T18:09:54.603+00:00,4354.21,4354.31,0.1,102
2026-09-11T18:09:55.112+00:00,4354.23,4354.32,0.09,102
2026-09-11T18:09:55.359+00:00,4354.22,4354.32,0.1,102
2026-09-11T18:09:55.595+00:00,4353.92,4354.02,0.1,102
2026-09-11T18:09:55.820+00:00,4354.04,4354.14,0.1,102
2026-09-11T18:09:56.053+00:00,4354.02,4354.13,0.11,102
2026-09-11T18:09:56.346+00:00,4353.78,4353.89,0.11,102
2026-09-11T18:09:56.721+00:00,4353.66,4353.77,0.11,102
2026-09-11T18:09:57.024+00:00,4353.77,4353.89,0.12,102
2026-09-11T18:09:57.249+00:00,4354.09,4354.21,0.12,102
2026-09-11T18:09:57.698+00:00,4354.11,4354.22,0.11,102
2026-09-11T18:09:58.134+00:00,4354.08,4354.21,0.13,102
2026-09-11T18:09:58.804+00:00,4354.07,4354.19,0.12,102
2026-09-11T18:09:59.229+00:00,4354.07,4354.18,0.11,102
2026-09-11T18:10:00.343+00:00,4354.02,4354.14,0.12,102
2026-09-11T18:10:00.641+00:00,4353.94,4354.05,0.11,102
2026-09-11T18:10:00.866+00:00,4354.01,4354.11,0.1,102
2026-09-11T18:10:01.092+00:00,4354.04,4354.14,0.1,102
2026-09-11T18:10:01.393+00:00,4354.03,4354.15,0.12,102
2026-09-11T18:10:01.613+00:00,4353.69,4353.81,0.12,102
2026-09-11T18:10:01.884+00:00,4353.69,4353.8,0.11,102
2026-09-11T18:10:02.407+00:00,4353.77,4353.87,0.1,102
2026-09-11T18:10:02.729+00:00,4353.75,4353.87,0.12,102
2026-09-11T18:10:02.952+00:00,4354.08,4354.18,0.1,102
2026-09-11T18:10:03.176+00:00,4354.08,4354.19,0.11,102
2026-09-11T18:10:03.402+00:00,4353.88,4353.99,0.11,102
2026-09-11T18:10:03.722+00:00,4354.2,4354.31,0.11,102
2026-09-11T18:10:04.129+00:00,4354.18,4354.3,0.12,102
2026-09-11T18:10:04.722+00:00,4354.19,4354.3,0.11,102
2026-09-11T18:10:04.961+00:00,4354.46,4354.56,0.1,102
2026-09-11T18:10:05.185+00:00,4354.49,4354.6,0.11,102
2026-09-11T18:10:05.555+00:00,4354.52,4354.64,0.12,102
2026-09-11T18:10:06.161+00:00,4354.51,4354.62,0.11,102
2026-09-11T18:10:06.161+00:00,4354.58,4354.69,0.11,102
2026-09-11T18:10:06.459+00:00,4354.59,4354.69,0.1,102
2026-09-11T18:10:06.722+00:00,4354.59,4354.7,0.11,102
2026-09-11T18:10:06.989+00:00,4354.6,4354.71,0.11,102
2026-09-11T18:10:07.214+00:00,4354.63,4354.74,0.11,103
2026-09-11T18:10:07.590+00:00,4354.62,4354.73,0.11,103
2026-09-11T18:10:07.814+00:00,4354.53,4354.64,0.11,103
2026-09-11T18:10:08.038+00:00,4354.55,4354.66,0.11,103
2026-09-11T18:10:08.265+00:00,4354.62,4354.73,0.11,103
2026-09-11T18:10:08.491+00:00,4354.64,4354.75,0.11,103
2026-09-11T18:10:08.716+00:00,4354.6,4354.7,0.1,103
2026-09-11T18:10:09.726+00:00,4354.59,4354.7,0.11,103
2026-09-11T18:10:10.043+00:00,4354.58,4354.69,0.11,103
2026-09-11T18:10:10.304+00:00,4354.59,4354.71,0.12,103
2026-09-11T18:10:10.528+00:00,4354.57,4354.68,0.11,103
2026-09-11T18:10:10.755+00:00,4354.54,4354.66,0.12,103
2026-09-11T18:10:11.097+00:00,4354.46,4354.57,0.11,103
2026-09-11T18:10:11.474+00:00,4354.47,4354.58,0.11,103
2026-09-11T18:10:12.401+00:00,4354.36,4354.48,0.12,103
2026-09-11T18:10:12.685+00:00,4354.35,4354.46,0.11,103
2026-09-11T18:10:12.909+00:00,4354.36,4354.46,0.1,103
2026-09-11T18:10:13.137+00:00,4354.44,4354.52,0.08,103
2026-09-11T18:10:13.583+00:00,4354.49,4354.57,0.08,103
2026-09-11T18:10:13.884+00:00,4354.48,4354.58,0.1,103
2026-09-11T18:10:14.108+00:00,4354.13,4354.23,0.1,103
2026-09-11T18:10:14.333+00:00,4354.14,4354.25,0.11,103
2026-09-11T18:10:14.559+00:00,4354.28,4354.39,0.11,103
2026-09-11T18:10:14.789+00:00,4354.28,4354.37,0.09,103
2026-09-11T18:10:15.087+00:00,4354.56,4354.65,0.09,103
2026-09-11T18:10:15.477+00:00,4354.57,4354.67,0.1,103
2026-09-11T18:10:15.701+00:00,4354.52,4354.62,0.1,103
2026-09-11T18:10:15.925+00:00,4354.27,4354.39,0.12,103
2026-09-11T18:10:16.150+00:00,4354.25,4354.36,0.11,103
2026-09-11T18:10:16.375+00:00,4354.24,4354.35,0.11,103
2026-09-11T18:10:16.601+00:00,4354.21,4354.32,0.11,103
2026-09-11T18:10:16.826+00:00,4354.19,4354.31,0.12,103
2026-09-11T18:10:17.050+00:00,4354.18,4354.29,0.11,103
2026-09-11T18:10:17.577+00:00,4354.17,4354.29,0.12,103
2026-09-11T18:10:17.800+00:00,4354.44,4354.54,0.1,103
2026-09-11T18:10:18.489+00:00,4354.48,4354.59,0.11,103
2026-09-11T18:10:18.949+00:00,4354.5,4354.61,0.11,103
2026-09-11T18:10:19.175+00:00,4354.48,4354.59,0.11,103
2026-09-11T18:10:19.399+00:00,4354.5,4354.61,0.11,103
2026-09-11T18:10:19.721+00:00,4354.51,4354.62,0.11,103
2026-09-11T18:10:20.075+00:00,4354.53,4354.64,0.11,103
2026-09-11T18:10:20.313+00:00,4354.5,4354.61,0.11,103
2026-09-11T18:10:20.538+00:00,4354.53,4354.64,0.11,103
2026-09-11T18:10:20.762+00:00,4354.49,4354.6,0.11,103
2026-09-11T18:10:20.989+00:00,4354.47,4354.58,0.11,103
2026-09-11T18:10:21.290+00:00,4354.46,4354.57,0.11,103
2026-09-11T18:10:21.724+00:00,4354.47,4354.58,0.11,103
2026-09-11T18:10:22.384+00:00,4354.22,4354.33,0.11,103
2026-09-11T18:10:22.684+00:00,4354.55,4354.66,0.11,103
2026-09-11T18:10:22.914+00:00,4354.26,4354.37,0.11,103
2026-09-11T18:10:23.142+00:00,4354.49,4354.6,0.11,103
2026-09-11T18:10:23.364+00:00,4354.51,4354.6,0.09,103
2026-09-11T18:10:23.592+00:00,4354.53,4354.62,0.09,103
2026-09-11T18:10:24.146+00:00,4354.51,4354.61,0.1,103
2026-09-11T18:10:24.372+00:00,4354.52,4354.63,0.11,103
2026-09-11T18:10:24.724+00:00,4354.54,4354.65,0.11,103
2026-09-11T18:10:24.983+00:00,4354.85,4354.95,0.1,103
2026-09-11T18:10:25.371+00:00,4354.84,4354.94,0.1,103
2026-09-11T18:10:25.438+00:00,4354.87,4354.98,0.11,103
2026-09-11T18:10:25.988+00:00,4354.86,4354.97,0.11,103
2026-09-11T18:10:26.344+00:00,4354.85,4354.96,0.11,103
2026-09-11T18:10:26.975+00:00,4354.82,4354.94,0.12,103
2026-09-11T18:10:26.984+00:00,4354.84,4354.95,0.11,103
2026-09-11T18:10:27.249+00:00,4354.85,4354.96,0.11,103
2026-09-11T18:10:27.722+00:00,4354.78,4354.89,0.11,103
2026-09-11T18:10:27.924+00:00,4354.66,4354.77,0.11,103
2026-09-11T18:10:28.223+00:00,4354.64,4354.74,0.1,103
2026-09-11T18:10:28.448+00:00,4354.68,4354.79,0.11,103
2026-09-11T18:10:28.722+00:00,4354.72,4354.81,0.09,103
2026-09-11T18:10:28.979+00:00,4354.73,4354.81,0.08,103
2026-09-11T18:10:29.426+00:00,4354.84,4354.93,0.09,103
2026-09-11T18:10:29.726+00:00,4354.83,4354.94,0.11,103
2026-09-11T18:10:30.605+00:00,4354.84,4354.96,0.12,103
2026-09-11T18:10:30.832+00:00,4354.77,4354.88,0.11,103
2026-09-11T18:10:31.063+00:00,4354.85,4354.94,0.09,103
2026-09-11T18:10:31.278+00:00,4354.85,4354.93,0.08,103
2026-09-11T18:10:31.503+00:00,4354.89,4354.97,0.08,103
2026-09-11T18:10:31.722+00:00,4354.9,4354.99,0.09,103
2026-09-11T18:10:31.953+00:00,4354.89,4355.0,0.11,103
2026-09-11T18:10:32.253+00:00,4354.88,4354.98,0.1,103
2026-09-11T18:10:32.486+00:00,4354.88,4354.99,0.11,104
2026-09-11T18:10:33.396+00:00,4354.89,4355.0,0.11,104
2026-09-11T18:10:33.608+00:00,4354.92,4355.02,0.1,104
2026-09-11T18:10:33.842+00:00,4355.15,4355.25,0.1,104
2026-09-11T18:10:34.061+00:00,4355.58,4355.66,0.08,104
2026-09-11T18:10:34.284+00:00,4355.49,4355.57,0.08,104
2026-09-11T18:10:34.512+00:00,4355.47,4355.55,0.08,104
2026-09-11T18:10:34.728+00:00,4355.52,4355.6,0.08,104
2026-09-11T18:10:34.961+00:00,4355.54,4355.63,0.09,104
2026-09-11T18:10:35.264+00:00,4355.57,4355.65,0.08,104
2026-09-11T18:10:35.487+00:00,4355.58,4355.67,0.09,104
2026-09-11T18:10:35.711+00:00,4355.57,4355.68,0.11,104
2026-09-11T18:10:35.936+00:00,4355.59,4355.7,0.11,104
2026-09-11T18:10:36.236+00:00,4355.6,4355.71,0.11,104
2026-09-11T18:10:36.461+00:00,4355.57,4355.69,0.12,104
2026-09-11T18:10:36.695+00:00,4355.53,4355.64,0.11,104
2026-09-11T18:10:36.918+00:00,4355.56,4355.67,0.11,104
2026-09-11T18:10:37.143+00:00,4355.62,4355.7,0.08,104
2026-09-11T18:10:37.446+00:00,4355.65,4355.73,0.08,104
2026-09-11T18:10:37.723+00:00,4355.65,4355.74,0.09,104
2026-09-11T18:10:37.969+00:00,4355.69,4355.79,0.1,104
2026-09-11T18:10:38.205+00:00,4355.56,4355.67,0.11,104
2026-09-11T18:10:38.429+00:00,4355.52,4355.64,0.12,104
2026-09-11T18:10:39.358+00:00,4355.52,4355.62,0.1,104
2026-09-11T18:10:39.983+00:00,4355.51,4355.59,0.08,104
2026-09-11T18:10:40.208+00:00,4355.53,4355.61,0.08,104
2026-09-11T18:10:40.722+00:00,4355.26,4355.36,0.1,104
2026-09-11T18:10:41.663+00:00,4355.28,4355.37,0.09,104
2026-09-11T18:10:41.888+00:00,4355.38,4355.47,0.09,104
2026-09-11T18:10:42.111+00:00,4355.58,4355.66,0.08,104
2026-09-11T18:10:42.562+00:00,4355.65,4355.74,0.09,104
2026-09-11T18:10:42.904+00:00,4355.69,4355.79,0.1,104
2026-09-11T18:10:43.343+00:00,4355.7,4355.8,0.1,104
2026-09-11T18:10:43.568+00:00,4355.69,4355.79,0.1,104
2026-09-11T18:10:44.344+00:00,4355.59,4355.69,0.1,104
2026-09-11T18:10:44.559+00:00,4355.36,4355.47,0.11,104
2026-09-11T18:10:44.906+00:00,4355.34,4355.46,0.12,104
2026-09-11T18:10:45.203+00:00,4355.41,4355.49,0.08,104
2026-09-11T18:10:45.734+00:00,4355.38,4355.46,0.08,104
2026-09-11T18:10:45.954+00:00,4355.65,4355.74,0.09,104
2026-09-11T18:10:46.179+00:00,4355.51,4355.63,0.12,104
2026-09-11T18:10:46.482+00:00,4355.49,4355.6,0.11,104
2026-09-11T18:10:46.781+00:00,4355.26,4355.38,0.12,104
2026-09-11T18:10:47.007+00:00,4355.21,4355.33,0.12,104
2026-09-11T18:10:47.233+00:00,4355.5,4355.63,0.13,104
2026-09-11T18:10:47.532+00:00,4355.42,4355.53,0.11,104
2026-09-11T18:10:47.908+00:00,4355.44,4355.52,0.08,104
2026-09-11T18:10:48.186+00:00,4355.42,4355.5,0.08,104
2026-09-11T18:10:48.408+00:00,4355.49,4355.57,0.08,104
2026-09-11T18:10:48.634+00:00,4355.53,4355.62,0.09,104
2026-09-11T18:10:48.933+00:00,4355.52,4355.62,0.1,104
2026-09-11T18:10:49.157+00:00,4355.21,4355.32,0.11,104
2026-09-11T18:10:49.683+00:00,4355.23,4355.34,0.11,104
2026-09-11T18:10:50.126+00:00,4355.22,4355.33,0.11,104
2026-09-11T18:10:50.427+00:00,4355.19,4355.3,0.11,104
2026-09-11T18:10:50.650+00:00,4355.05,4355.16,0.11,104
2026-09-11T18:10:50.873+00:00,4354.86,4354.96,0.1,104
2026-09-11T18:10:51.101+00:00,4354.96,4355.05,0.09,104
2026-09-11T18:10:51.323+00:00,4354.94,4355.04,0.1,104
2026-09-11T18:10:51.558+00:00,4354.94,4355.05,0.11,104
2026-09-11T18:10:51.774+00:00,4355.27,4355.38,0.11,104
2026-09-11T18:10:52.723+00:00,4355.26,4355.36,0.1,104
2026-09-11T18:10:53.261+00:00,4355.47,4355.57,0.1,104
2026-09-11T18:10:53.634+00:00,4355.49,4355.58,0.09,104
2026-09-11T18:10:53.859+00:00,4355.6,4355.7,0.1,104
2026-09-11T18:10:54.310+00:00,4355.6,4355.71,0.11,104
2026-09-11T18:10:54.534+00:00,4355.53,4355.63,0.1,104
2026-09-11T18:10:54.745+00:00,4355.64,4355.75,0.11,104
2026-09-11T18:10:54.964+00:00,4355.65,4355.74,0.09,104
2026-09-11T18:10:55.191+00:00,4355.66,4355.76,0.1,104
2026-09-11T18:10:55.564+00:00,4355.79,4355.9,0.11,104
2026-09-11T18:10:55.793+00:00,4355.9,4356.01,0.11,104
2026-09-11T18:10:56.019+00:00,4356.11,4356.21,0.1,104
2026-09-11T18:10:56.242+00:00,4356.15,4356.25,0.1,104
2026-09-11T18:10:56.466+00:00,4356.0,4356.1,0.1,104
2026-09-11T18:10:56.721+00:00,4356.02,4356.11,0.09,104
2026-09-11T18:10:57.071+00:00,4355.97,4356.06,0.09,104
2026-09-11T18:10:57.297+00:00,4355.97,4356.08,0.11,104
2026-09-11T18:10:57.723+00:00,4355.9,4356.0,0.1,105
2026-09-11T18:10:57.975+00:00,4355.99,4356.07,0.08,105
2026-09-11T18:10:58.192+00:00,4355.96,4356.06,0.1,105
2026-09-11T18:10:58.416+00:00,4356.05,4356.16,0.11,105
2026-09-11T18:10:58.722+00:00,4355.99,4356.11,0.12,105
2026-09-11T18:10:58.942+00:00,4355.92,4356.02,0.1,105
2026-09-11T18:10:59.199+00:00,4355.88,4355.98,0.1,105
2026-09-11T18:10:59.424+00:00,4355.98,4356.09,0.11,105
2026-09-11T18:10:59.734+00:00,4355.99,4356.1,0.11,105
2026-09-11T18:11:00.224+00:00,4355.89,4356.0,0.11,105
2026-09-11T18:11:00.446+00:00,4355.9,4356.01,0.11,105
2026-09-11T18:11:02.428+00:00,4355.91,4356.02,0.11,105
2026-09-11T18:11:02.649+00:00,4355.93,4356.04,0.11,105
2026-09-11T18:11:03.481+00:00,4355.75,4355.86,0.11,105
2026-09-11T18:11:03.689+00:00,4355.74,4355.86,0.12,105
2026-09-11T18:11:04.468+00:00,4355.73,4355.84,0.11,105
2026-09-11T18:11:04.689+00:00,4355.74,4355.86,0.12,105
2026-09-11T18:11:05.165+00:00,4355.72,4355.84,0.12,105
2026-09-11T18:11:05.541+00:00,4355.75,4355.85,0.1,105
2026-09-11T18:11:06.186+00:00,4355.75,4355.86,0.11,105
2026-09-11T18:11:06.411+00:00,4355.8,4355.91,0.11,105
2026-09-11T18:11:06.638+00:00,4355.77,4355.88,0.11,105
2026-09-11T18:11:07.012+00:00,4355.77,4355.89,0.12,105
2026-09-11T18:11:07.311+00:00,4355.74,4355.84,0.1,105
2026-09-11T18:11:07.540+00:00,4355.61,4355.71,0.1,105
2026-09-11T18:11:07.765+00:00,4355.57,4355.68,0.11,105
2026-09-11T18:11:07.989+00:00,4355.6,4355.71,0.11,105
2026-09-11T18:11:08.214+00:00,4355.51,4355.61,0.1,105
2026-09-11T18:11:08.442+00:00,4355.45,4355.54,0.09,105
2026-09-11T18:11:08.665+00:00,4355.35,4355.44,0.09,105
2026-09-11T18:11:08.890+00:00,4355.64,4355.75,0.11,105
2026-09-11T18:11:09.189+00:00,4355.39,4355.5,0.11,105
2026-09-11T18:11:09.414+00:00,4355.06,4355.15,0.09,105
2026-09-11T18:11:09.638+00:00,4355.05,4355.16,0.11,105
2026-09-11T18:11:09.952+00:00,4355.06,4355.17,0.11,105
2026-09-11T18:11:10.178+00:00,4355.05,4355.16,0.11,105
2026-09-11T18:11:10.403+00:00,4355.2,4355.31,0.11,105
2026-09-11T18:11:10.627+00:00,4355.14,4355.24,0.1,105
2026-09-11T18:11:10.928+00:00,4355.03,4355.13,0.1,105
2026-09-11T18:11:11.153+00:00,4355.26,4355.37,0.11,105
2026-09-11T18:11:11.453+00:00,4355.36,4355.47,0.11,105
2026-09-11T18:11:11.967+00:00,4355.37,4355.48,0.11,105
2026-09-11T18:11:12.188+00:00,4355.14,4355.25,0.11,105
2026-09-11T18:11:12.508+00:00,4355.14,4355.24,0.1,105
2026-09-11T18:11:12.722+00:00,4355.25,4355.34,0.09,105
2026-09-11T18:11:12.962+00:00,4355.12,4355.21,0.09,105
2026-09-11T18:11:13.185+00:00,4354.96,4355.05,0.09,105
2026-09-11T18:11:13.410+00:00,4354.84,4354.93,0.09,105
2026-09-11T18:11:13.638+00:00,4355.05,4355.13,0.08,105
2026-09-11T18:11:13.860+00:00,4355.06,4355.14,0.08,105
2026-09-11T18:11:14.158+00:00,4355.05,4355.15,0.1,105
2026-09-11T18:11:14.458+00:00,4354.93,4355.03,0.1,105
2026-09-11T18:11:14.685+00:00,4354.95,4355.04,0.09,105
2026-09-11T18:11:14.909+00:00,4355.07,4355.16,0.09,105
2026-09-11T18:11:15.134+00:00,4355.04,4355.12,0.08,105
2026-09-11T18:11:15.360+00:00,4355.02,4355.1,0.08,105
2026-09-11T18:11:15.586+00:00,4355.04,4355.14,0.1,105
2026-09-11T18:11:16.213+00:00,4355.06,4355.17,0.11,105
2026-09-11T18:11:16.655+00:00,4355.15,4355.25,0.1,105
2026-09-11T18:11:16.882+00:00,4355.15,4355.26,0.11,105
2026-09-11T18:11:17.259+00:00,4355.14,4355.25,0.11,105
2026-09-11T18:11:17.721+00:00,4355.15,4355.26,0.11,105
2026-09-11T18:11:18.409+00:00,4355.17,4355.28,0.11,105
2026-09-11T18:11:18.634+00:00,4355.16,4355.27,0.11,105
2026-09-11T18:11:18.890+00:00,4355.15,4355.26,0.11,105
2026-09-11T18:11:19.338+00:00,4355.14,4355.25,0.11,105
2026-09-11T18:11:20.264+00:00,4355.08,4355.19,0.11,105
2026-09-11T18:11:20.489+00:00,4355.14,4355.24,0.1,105
2026-09-11T18:11:20.731+00:00,4355.19,4355.28,0.09,105
2026-09-11T18:11:20.983+00:00,4355.21,4355.32,0.11,105
2026-09-11T18:11:21.206+00:00,4355.27,4355.37,0.1,105
2026-09-11T18:11:21.431+00:00,4355.18,4355.28,0.1,105
2026-09-11T18:11:21.661+00:00,4355.14,4355.25,0.11,105
2026-09-11T18:11:22.280+00:00,4355.08,4355.19,0.11,105
2026-09-11T18:11:22.501+00:00,4355.02,4355.11,0.09,105
2026-09-11T18:11:22.722+00:00,4355.02,4355.1,0.08,106
2026-09-11T18:11:23.110+00:00,4354.99,4355.07,0.08,106
2026-09-11T18:11:23.332+00:00,4355.02,4355.12,0.1,106
2026-09-11T18:11:23.558+00:00,4355.02,4355.11,0.09,106
2026-09-11T18:11:24.397+00:00,4355.05,4355.14,0.09,106
2026-09-11T18:11:24.618+00:00,4354.99,4355.07,0.08,106
2026-09-11T18:11:24.918+00:00,4355.08,4355.16,0.08,106
2026-09-11T18:11:25.217+00:00,4355.15,4355.24,0.09,106
2026-09-11T18:11:25.520+00:00,4355.16,4355.25,0.09,106
2026-09-11T18:11:25.721+00:00,4355.16,4355.27,0.11,106
2026-09-11T18:11:26.321+00:00,4355.09,4355.22,0.13,106
2026-09-11T18:11:26.621+00:00,4355.11,4355.22,0.11,106
2026-09-11T18:11:26.849+00:00,4355.11,4355.21,0.1,106
2026-09-11T18:11:27.073+00:00,4355.08,4355.2,0.12,106
2026-09-11T18:11:27.301+00:00,4354.92,4355.03,0.11,106
2026-09-11T18:11:27.524+00:00,4354.86,4354.96,0.1,106
2026-09-11T18:11:28.144+00:00,4354.92,4355.01,0.09,106
2026-09-11T18:11:28.443+00:00,4354.67,4354.75,0.08,106
2026-09-11T18:11:28.723+00:00,4354.66,4354.75,0.09,106
2026-09-11T18:11:29.314+00:00,4354.67,4354.76,0.09,106
2026-09-11T18:11:29.722+00:00,4354.84,4354.94,0.1,106
2026-09-11T18:11:29.985+00:00,4354.87,4354.97,0.1,106
2026-09-11T18:11:30.359+00:00,4354.42,4354.52,0.1,106
2026-09-11T18:11:30.585+00:00,4354.49,4354.58,0.09,106
2026-09-11T18:11:30.810+00:00,4354.51,4354.59,0.08,106
2026-09-11T18:11:31.035+00:00,4354.46,4354.54,0.08,106
2026-09-11T18:11:31.259+00:00,4354.58,4354.66,0.08,106
2026-09-11T18:11:31.487+00:00,4354.75,4354.83,0.08,106
2026-09-11T18:11:31.710+00:00,4354.78,4354.86,0.08,106
2026-09-11T18:11:31.936+00:00,4354.81,4354.89,0.08,106
2026-09-11T18:11:32.236+00:00,4354.72,4354.8,0.08,106
2026-09-11T18:11:32.460+00:00,4354.68,4354.77,0.09,106
2026-09-11T18:11:32.722+00:00,4354.66,4354.76,0.1,106
2026-09-11T18:11:32.989+00:00,4354.73,4354.81,0.08,106
2026-09-11T18:11:33.318+00:00,4354.74,4354.82,0.08,106
2026-09-11T18:11:33.975+00:00,4354.75,4354.83,0.08,106
2026-09-11T18:11:34.489+00:00,4354.78,4354.86,0.08,106
2026-09-11T18:11:34.711+00:00,4354.66,4354.75,0.09,106
2026-09-11T18:11:34.934+00:00,4354.62,4354.72,0.1,106
2026-09-11T18:11:35.411+00:00,4354.46,4354.57,0.11,106
2026-09-11T18:11:35.635+00:00,4354.18,4354.28,0.1,106
2026-09-11T18:11:35.933+00:00,4354.18,4354.3,0.12,106
2026-09-11T18:11:36.557+00:00,4354.2,4354.29,0.09,106
2026-09-11T18:11:36.860+00:00,4354.15,4354.25,0.1,106
2026-09-11T18:11:37.083+00:00,4354.1,4354.22,0.12,106
2026-09-11T18:11:37.790+00:00,4354.11,4354.22,0.11,106
2026-09-11T18:11:38.223+00:00,4354.11,4354.23,0.12,106
2026-09-11T18:11:38.448+00:00,4354.17,4354.27,0.1,106
2026-09-11T18:11:38.675+00:00,4354.13,4354.23,0.1,106
2026-09-11T18:11:38.900+00:00,4354.22,4354.33,0.11,106
2026-09-11T18:11:39.124+00:00,4354.37,4354.48,0.11,106
2026-09-11T18:11:39.348+00:00,4354.49,4354.57,0.08,106
2026-09-11T18:11:39.683+00:00,4354.53,4354.61,0.08,106
2026-09-11T18:11:39.917+00:00,4354.49,4354.6,0.11,106
2026-09-11T18:11:40.145+00:00,4354.46,4354.57,0.11,106
2026-09-11T18:11:40.371+00:00,4354.43,4354.54,0.11,106
2026-09-11T18:11:40.599+00:00,4354.41,4354.53,0.12,106
2026-09-11T18:11:40.823+00:00,4354.57,4354.68,0.11,106
2026-09-11T18:11:41.049+00:00,4354.58,4354.69,0.11,106
2026-09-11T18:11:41.349+00:00,4354.61,4354.72,0.11,106
2026-09-11T18:11:41.575+00:00,4354.76,4354.87,0.11,106
2026-09-11T18:11:41.798+00:00,4354.8,4354.88,0.08,106
2026-09-11T18:11:42.099+00:00,4354.86,4354.94,0.08,106
2026-09-11T18:11:42.324+00:00,4354.92,4355.0,0.08,106
2026-09-11T18:11:43.073+00:00,4354.87,4354.95,0.08,106
2026-09-11T18:11:43.293+00:00,4354.87,4354.96,0.09,106
2026-09-11T18:11:43.519+00:00,4354.91,4355.0,0.09,106
2026-09-11T18:11:43.721+00:00,4354.9,4355.0,0.1,106
2026-09-11T18:11:44.043+00:00,4354.97,4355.1,0.13,106
2026-09-11T18:11:44.271+00:00,4354.95,4355.07,0.12,106
2026-09-11T18:11:44.634+00:00,4354.96,4355.04,0.08,106
2026-09-11T18:11:45.314+00:00,4355.01,4355.09,0.08,106
2026-09-11T18:11:46.149+00:00,4355.0,4355.09,0.09,106
2026-09-11T18:11:46.722+00:00,4355.03,4355.12,0.09,106
2026-09-11T18:11:46.969+00:00,4355.0,4355.12,0.12,106
2026-09-11T18:11:47.194+00:00,4355.01,4355.11,0.1,106
2026-09-11T18:11:47.965+00:00,4354.63,4354.73,0.1,107
2026-09-11T18:11:48.201+00:00,4354.87,4354.98,0.11,107
2026-09-11T18:11:48.640+00:00,4354.9,4355.0,0.1,107
2026-09-11T18:11:48.879+00:00,4354.87,4354.97,0.1,107
2026-09-11T18:11:49.101+00:00,4354.65,4354.74,0.09,107
2026-09-11T18:11:49.330+00:00,4354.61,4354.69,0.08,107
2026-09-11T18:11:49.549+00:00,4354.43,4354.51,0.08,107
2026-09-11T18:11:49.776+00:00,4354.38,4354.48,0.1,107
2026-09-11T18:11:50.001+00:00,4354.56,4354.66,0.1,107
2026-09-11T18:11:50.303+00:00,4354.57,4354.67,0.1,107
2026-09-11T18:11:50.527+00:00,4354.56,4354.67,0.11,107
2026-09-11T18:11:50.866+00:00,4354.59,4354.67,0.08,107
2026-09-11T18:11:51.423+00:00,4354.59,4354.69,0.1,107
2026-09-11T18:11:51.950+00:00,4354.58,4354.67,0.09,107
2026-09-11T18:11:52.432+00:00,4354.51,4354.59,0.08,107
2026-09-11T18:11:52.749+00:00,4354.58,4354.67,0.09,107
2026-09-11T18:11:53.280+00:00,4354.7,4354.79,0.09,107
2026-09-11T18:11:53.506+00:00,4354.67,4354.76,0.09,107
2026-09-11T18:11:53.725+00:00,4354.75,4354.83,0.08,107
2026-09-11T18:11:54.407+00:00,4354.76,4354.85,0.09,107
2026-09-11T18:11:54.646+00:00,4354.85,4354.94,0.09,107
2026-09-11T18:11:54.852+00:00,4354.86,4354.96,0.1,107
2026-09-11T18:11:55.150+00:00,4354.9,4354.99,0.09,107
2026-09-11T18:11:55.375+00:00,4354.96,4355.06,0.1,107
2026-09-11T18:11:55.674+00:00,4354.97,4355.05,0.08,107
2026-09-11T18:11:56.126+00:00,4355.02,4355.1,0.08,107
2026-09-11T18:11:56.449+00:00,4355.03,4355.11,0.08,107
2026-09-11T18:11:56.721+00:00,4355.03,4355.12,0.09,107
2026-09-11T18:11:57.406+00:00,4355.01,4355.12,0.11,107
2026-09-11T18:11:57.961+00:00,4355.0,4355.12,0.12,107
2026-09-11T18:11:58.271+00:00,4354.92,4355.02,0.1,107
2026-09-11T18:11:58.769+00:00,4354.72,4354.83,0.11,107
2026-09-11T18:11:58.994+00:00,4354.52,4354.62,0.1,107
2026-09-11T18:11:59.219+00:00,4354.47,4354.57,0.1,107
2026-09-11T18:11:59.445+00:00,4354.56,4354.65,0.09,107
2026-09-11T18:11:59.669+00:00,4354.7,4354.78,0.08,107
2026-09-11T18:12:00.439+00:00,4354.65,4354.73,0.08,107
2026-09-11T18:12:00.664+00:00,4354.56,4354.66,0.1,107
2026-09-11T18:12:01.037+00:00,4354.62,4354.7,0.08,107
2026-09-11T18:12:01.247+00:00,4354.53,4354.61,0.08,107
2026-09-11T18:12:01.474+00:00,4354.45,4354.56,0.11,107
2026-09-11T18:12:01.697+00:00,4354.43,4354.55,0.12,107
2026-09-11T18:12:01.925+00:00,4354.71,4354.83,0.12,107
2026-09-11T18:12:02.172+00:00,4354.69,4354.8,0.11,107
2026-09-11T18:12:02.398+00:00,4354.7,4354.82,0.12,107
2026-09-11T18:12:02.620+00:00,4354.72,4354.82,0.1,107
2026-09-11T18:12:03.069+00:00,4354.74,4354.83,0.09,107
2026-09-11T18:12:03.301+00:00,4354.73,4354.83,0.1,107
2026-09-11T18:12:03.960+00:00,4354.71,4354.81,0.1,107
2026-09-11T18:12:04.498+00:00,4354.69,4354.79,0.1,107
2026-09-11T18:12:04.721+00:00,4354.66,4354.76,0.1,107
2026-09-11T18:12:04.949+00:00,4354.71,4354.79,0.08,107
2026-09-11T18:12:05.249+00:00,4354.49,4354.57,0.08,107
2026-09-11T18:12:05.480+00:00,4354.52,4354.6,0.08,107
2026-09-11T18:12:05.724+00:00,4354.51,4354.59,0.08,107
2026-09-11T18:12:05.927+00:00,4354.46,4354.54,0.08,107
2026-09-11T18:12:06.151+00:00,4354.39,4354.47,0.08,107
2026-09-11T18:12:06.381+00:00,4354.45,4354.53,0.08,107
2026-09-11T18:12:06.678+00:00,4354.44,4354.52,0.08,107
2026-09-11T18:12:06.903+00:00,4354.45,4354.53,0.08,107
2026-09-11T18:12:07.442+00:00,4354.74,4354.82,0.08,107
2026-09-11T18:12:07.662+00:00,4354.78,4354.86,0.08,107
2026-09-11T18:12:07.962+00:00,4354.79,4354.87,0.08,107
2026-09-11T18:12:08.191+00:00,4354.67,4354.76,0.09,107
2026-09-11T18:12:08.487+00:00,4354.73,4354.82,0.09,107
2026-09-11T18:12:08.939+00:00,4354.74,4354.82,0.08,107
2026-09-11T18:12:09.162+00:00,4354.48,4354.56,0.08,107
2026-09-11T18:12:09.462+00:00,4354.49,4354.58,0.09,107
2026-09-11T18:12:09.721+00:00,4354.46,4354.57,0.11,107
2026-09-11T18:12:10.137+00:00,4354.45,4354.54,0.09,107
2026-09-11T18:12:10.590+00:00,4353.84,4353.93,0.09,107
2026-09-11T18:12:10.821+00:00,4353.59,4353.68,0.09,107
2026-09-11T18:12:11.043+00:00,4353.6,4353.7,0.1,107
2026-09-11T18:12:11.268+00:00,4353.7,4353.79,0.09,107
2026-09-11T18:12:11.493+00:00,4353.75,4353.83,0.08,107
2026-09-11T18:12:11.718+00:00,4353.77,4353.86,0.09,107
2026-09-11T18:12:12.250+00:00,4353.72,4353.82,0.1,107
2026-09-11T18:12:12.475+00:00,4353.74,4353.83,0.09,107
2026-09-11T18:12:12.704+00:00,4353.72,4353.8,0.08,107
2026-09-11T18:12:13.082+00:00,4353.71,4353.79,0.08,108
2026-09-11T18:12:13.308+00:00,4353.79,4353.87,0.08,108
2026-09-11T18:12:13.522+00:00,4353.82,4353.91,0.09,108
2026-09-11T18:12:13.724+00:00,4354.02,4354.11,0.09,108
2026-09-11T18:12:13.969+00:00,4354.03,4354.11,0.08,108
2026-09-11T18:12:14.720+00:00,4354.02,4354.12,0.1,108
2026-09-11T18:12:15.038+00:00,4354.02,4354.1,0.08,108
2026-09-11T18:12:15.263+00:00,4354.06,4354.14,0.08,108
2026-09-11T18:12:15.488+00:00,4354.05,4354.13,0.08,108
2026-09-11T18:12:15.865+00:00,4354.06,4354.14,0.08,108
2026-09-11T18:12:16.178+00:00,4354.07,4354.16,0.09,108
2026-09-11T18:12:16.403+00:00,4354.04,4354.12,0.08,108
2026-09-11T18:12:16.626+00:00,4354.05,4354.13,0.08,108
2026-09-11T18:12:17.191+00:00,4354.07,4354.15,0.08,108
2026-09-11T18:12:17.414+00:00,4354.13,4354.21,0.08,108
2026-09-11T18:12:17.641+00:00,4354.1,4354.18,0.08,108
2026-09-11T18:12:17.997+00:00,4354.13,4354.21,0.08,108
2026-09-11T18:12:18.224+00:00,4354.14,4354.22,0.08,108
2026-09-11T18:12:18.523+00:00,4354.17,4354.25,0.08,108
2026-09-11T18:12:18.987+00:00,4354.12,4354.2,0.08,108
2026-09-11T18:12:19.211+00:00,4354.12,4354.21,0.09,108
2026-09-11T18:12:19.453+00:00,4354.17,4354.26,0.09,108
2026-09-11T18:12:19.907+00:00,4354.04,4354.13,0.09,108
2026-09-11T18:12:20.131+00:00,4353.97,4354.07,0.1,108
2026-09-11T18:12:20.358+00:00,4354.01,4354.12,0.11,108
2026-09-11T18:12:20.580+00:00,4354.04,4354.13,0.09,108
2026-09-11T18:12:20.806+00:00,4353.95,4354.03,0.08,108
2026-09-11T18:12:21.256+00:00,4353.89,4353.97,0.08,108
2026-09-11T18:12:21.718+00:00,4353.85,4353.94,0.09,108
2026-09-11T18:12:21.944+00:00,4353.82,4353.91,0.09,108
2026-09-11T18:12:22.175+00:00,4353.49,4353.57,0.08,108
2026-09-11T18:12:22.408+00:00,4353.55,4353.64,0.09,108
2026-09-11T18:12:22.628+00:00,4353.63,4353.71,0.08,108
2026-09-11T18:12:22.852+00:00,4353.49,4353.57,0.08,108
2026-09-11T18:12:23.077+00:00,4353.49,4353.59,0.1,108
2026-09-11T18:12:23.303+00:00,4353.59,4353.7,0.11,108
2026-09-11T18:12:23.529+00:00,4353.56,4353.65,0.09,108
2026-09-11T18:12:23.751+00:00,4353.45,4353.54,0.09,108
2026-09-11T18:12:23.977+00:00,4353.44,4353.55,0.11,108
2026-09-11T18:12:24.201+00:00,4353.45,4353.55,0.1,108
2026-09-11T18:12:24.426+00:00,4353.57,4353.66,0.09,108
2026-09-11T18:12:24.721+00:00,4353.55,4353.63,0.08,108
2026-09-11T18:12:24.984+00:00,4353.81,4353.89,0.08,108
2026-09-11T18:12:25.208+00:00,4353.46,4353.54,0.08,108
2026-09-11T18:12:25.509+00:00,4353.39,4353.47,0.08,108
2026-09-11T18:12:25.721+00:00,4353.57,4353.66,0.09,108
2026-09-11T18:12:25.959+00:00,4353.7,4353.78,0.08,108
2026-09-11T18:12:26.183+00:00,4353.57,4353.65,0.08,108
2026-09-11T18:12:26.408+00:00,4353.55,4353.63,0.08,108
2026-09-11T18:12:26.634+00:00,4353.69,4353.77,0.08,108
2026-09-11T18:12:26.859+00:00,4353.71,4353.79,0.08,108
2026-09-11T18:12:27.084+00:00,4353.62,4353.7,0.08,108
2026-09-11T18:12:27.309+00:00,4353.64,4353.72,0.08,108
2026-09-11T18:12:27.534+00:00,4353.67,4353.75,0.08,108
2026-09-11T18:12:27.759+00:00,4353.98,4354.07,0.09,108
2026-09-11T18:12:27.983+00:00,4353.92,4354.0,0.08,108
2026-09-11T18:12:28.359+00:00,4354.14,4354.22,0.08,108
2026-09-11T18:12:28.586+00:00,4353.96,4354.05,0.09,108
2026-09-11T18:12:28.959+00:00,4354.22,4354.31,0.09,108
2026-09-11T18:12:29.182+00:00,4354.23,4354.33,0.1,108
2026-09-11T18:12:29.633+00:00,4354.2,4354.31,0.11,108
2026-09-11T18:12:30.120+00:00,4354.21,4354.32,0.11,108
2026-09-11T18:12:30.339+00:00,4354.2,4354.31,0.11,108
2026-09-11T18:12:30.564+00:00,4354.38,4354.5,0.12,108
2026-09-11T18:12:30.790+00:00,4354.44,4354.54,0.1,108
2026-09-11T18:12:31.093+00:00,4354.49,4354.58,0.09,108
2026-09-11T18:12:31.364+00:00,4354.48,4354.57,0.09,108
2026-09-11T18:12:31.689+00:00,4354.51,4354.6,0.09,108
2026-09-11T18:12:32.067+00:00,4354.5,4354.61,0.11,108
2026-09-11T18:12:32.299+00:00,4354.52,4354.62,0.1,108
2026-09-11T18:12:32.595+00:00,4354.68,4354.78,0.1,108
2026-09-11T18:12:32.817+00:00,4354.79,4354.89,0.1,108
2026-09-11T18:12:33.042+00:00,4354.79,4354.88,0.09,108
2026-09-11T18:12:33.463+00:00,4354.82,4354.91,0.09,108
2026-09-11T18:12:33.688+00:00,4354.77,4354.87,0.1,108
2026-09-11T18:12:33.912+00:00,4354.64,4354.76,0.12,108
2026-09-11T18:12:34.589+00:00,4354.58,4354.7,0.12,108
2026-09-11T18:12:35.213+00:00,4354.58,4354.67,0.09,108
2026-09-11T18:12:35.439+00:00,4354.66,4354.76,0.1,108
2026-09-11T18:12:35.666+00:00,4353.87,4353.96,0.09,108
2026-09-11T18:12:35.889+00:00,4353.78,4353.88,0.1,108
2026-09-11T18:12:36.115+00:00,4353.77,4353.89,0.12,108
2026-09-11T18:12:36.577+00:00,4353.65,4353.77,0.12,108
2026-09-11T18:12:36.790+00:00,4353.64,4353.76,0.12,108
2026-09-11T18:12:37.167+00:00,4353.95,4354.06,0.11,108
2026-09-11T18:12:37.392+00:00,4353.96,4354.05,0.09,108
2026-09-11T18:12:37.650+00:00,4353.92,4354.02,0.1,108
2026-09-11T18:12:37.875+00:00,4353.83,4353.94,0.11,108
2026-09-11T18:12:38.175+00:00,4353.81,4353.93,0.12,108
2026-09-11T18:12:38.399+00:00,4353.83,4353.93,0.1,109
2026-09-11T18:12:38.664+00:00,4353.87,4353.96,0.09,109
2026-09-11T18:12:38.849+00:00,4353.9,4354.0,0.1,109
2026-09-11T18:12:39.077+00:00,4353.89,4354.0,0.11,109
2026-09-11T18:12:39.305+00:00,4353.93,4354.04,0.11,109
2026-09-11T18:12:39.674+00:00,4353.82,4353.94,0.12,109
2026-09-11T18:12:39.900+00:00,4353.69,4353.79,0.1,109
2026-09-11T18:12:40.199+00:00,4353.68,4353.79,0.11,109
2026-09-11T18:12:40.423+00:00,4353.72,4353.82,0.1,109
2026-09-11T18:12:41.100+00:00,4353.75,4353.84,0.09,109
2026-09-11T18:12:41.335+00:00,4353.63,4353.73,0.1,109
2026-09-11T18:12:41.557+00:00,4353.59,4353.68,0.09,109
2026-09-11T18:12:41.783+00:00,4353.54,4353.63,0.09,109
2026-09-11T18:12:42.009+00:00,4353.53,4353.62,0.09,109
2026-09-11T18:12:42.240+00:00,4353.53,4353.63,0.1,109
2026-09-11T18:12:42.684+00:00,4353.54,4353.64,0.1,109
2026-09-11T18:12:42.985+00:00,4353.34,4353.45,0.11,109
2026-09-11T18:12:43.211+00:00,4353.23,4353.33,0.1,109
2026-09-11T18:12:43.586+00:00,4353.28,4353.37,0.09,109
2026-09-11T18:12:43.811+00:00,4353.18,4353.27,0.09,109
2026-09-11T18:12:44.038+00:00,4353.16,4353.24,0.08,109
2026-09-11T18:12:44.262+00:00,4353.33,4353.44,0.11,109
2026-09-11T18:12:44.490+00:00,4353.36,4353.45,0.09,109
2026-09-11T18:12:44.729+00:00,4353.35,4353.44,0.09,109
2026-09-11T18:12:45.014+00:00,4353.36,4353.44,0.08,109
2026-09-11T18:12:45.238+00:00,4353.41,4353.49,0.08,109
2026-09-11T18:12:45.463+00:00,4353.43,4353.53,0.1,109
2026-09-11T18:12:45.699+00:00,4353.48,4353.57,0.09,109
2026-09-11T18:12:45.924+00:00,4353.47,4353.56,0.09,109
2026-09-11T18:12:46.148+00:00,4353.45,4353.53,0.08,109
2026-09-11T18:12:46.448+00:00,4353.44,4353.52,0.08,109
2026-09-11T18:12:46.674+00:00,4353.43,4353.53,0.1,109
2026-09-11T18:12:46.916+00:00,4353.09,4353.18,0.09,109
2026-09-11T18:12:47.123+00:00,4353.1,4353.21,0.11,109
2026-09-11T18:12:47.349+00:00,4353.05,4353.16,0.11,109
2026-09-11T18:12:47.573+00:00,4352.79,4352.91,0.12,109
2026-09-11T18:12:47.949+00:00,4352.85,4353.0,0.15,109
2026-09-11T18:12:48.173+00:00,4352.83,4352.97,0.14,109
2026-09-11T18:12:48.657+00:00,4352.82,4352.92,0.1,109
2026-09-11T18:12:49.107+00:00,4352.71,4352.8,0.09,109
2026-09-11T18:12:49.332+00:00,4352.47,4352.57,0.1,109
2026-09-11T18:12:49.560+00:00,4352.49,4352.6,0.11,109
2026-09-11T18:12:49.783+00:00,4352.57,4352.67,0.1,109
2026-09-11T18:12:50.009+00:00,4352.45,4352.54,0.09,109
2026-09-11T18:12:50.235+00:00,4352.64,4352.72,0.08,109
2026-09-11T18:12:50.457+00:00,4352.62,4352.72,0.1,109
2026-09-11T18:12:50.683+00:00,4352.62,4352.71,0.09,109
2026-09-11T18:12:51.546+00:00,4352.61,4352.69,0.08,109
2026-09-11T18:12:51.789+00:00,4352.72,4352.8,0.08,109
2026-09-11T18:12:52.015+00:00,4352.77,4352.85,0.08,109
2026-09-11T18:12:52.464+00:00,4352.73,4352.81,0.08,109
2026-09-11T18:12:52.690+00:00,4352.74,4352.82,0.08,109
2026-09-11T18:12:52.914+00:00,4352.69,4352.78,0.09,109
2026-09-11T18:12:53.140+00:00,4352.68,4352.78,0.1,109
2026-09-11T18:12:53.367+00:00,4352.63,4352.72,0.09,109
2026-09-11T18:12:53.665+00:00,4352.56,4352.65,0.09,109
2026-09-11T18:12:53.968+00:00,4352.59,4352.67,0.08,109
2026-09-11T18:12:54.417+00:00,4352.62,4352.7,0.08,109
2026-09-11T18:12:54.716+00:00,4352.66,4352.74,0.08,109
2026-09-11T18:12:55.018+00:00,4352.7,4352.78,0.08,109
2026-09-11T18:12:55.246+00:00,4352.73,4352.81,0.08,109
2026-09-11T18:12:55.544+00:00,4352.68,4352.76,0.08,109
2026-09-11T18:12:55.771+00:00,4352.76,4352.84,0.08,109
2026-09-11T18:12:56.293+00:00,4352.8,4352.88,0.08,109
2026-09-11T18:12:56.522+00:00,4352.89,4352.97,0.08,109
2026-09-11T18:12:56.721+00:00,4352.87,4352.95,0.08,109
2026-09-11T18:12:57.009+00:00,4352.86,4352.94,0.08,109
2026-09-11T18:12:57.239+00:00,4352.89,4352.98,0.09,109
2026-09-11T18:12:57.457+00:00,4352.95,4353.04,0.09,109
2026-09-11T18:12:57.684+00:00,4352.97,4353.06,0.09,109
2026-09-11T18:12:57.981+00:00,4352.98,4353.06,0.08,109
2026-09-11T18:12:58.458+00:00,4353.05,4353.14,0.09,109
2026-09-11T18:12:58.707+00:00,4353.06,4353.14,0.08,109
2026-09-11T18:12:58.933+00:00,4352.98,4353.07,0.09,109
2026-09-11T18:12:59.309+00:00,4352.9,4352.98,0.08,109
2026-09-11T18:12:59.535+00:00,4352.81,4352.89,0.08,109
2026-09-11T18:12:59.759+00:00,4352.81,4352.91,0.1,109
2026-09-11T18:13:00.132+00:00,4353.04,4353.15,0.11,109
2026-09-11T18:13:00.361+00:00,4352.89,4352.99,0.1,109
2026-09-11T18:13:00.608+00:00,4353.06,4353.15,0.09,109
2026-09-11T18:13:00.858+00:00,4352.62,4352.71,0.09,109
2026-09-11T18:13:01.154+00:00,4352.57,4352.68,0.11,109
2026-09-11T18:13:01.720+00:00,4352.58,4352.69,0.11,109
2026-09-11T18:13:01.981+00:00,4352.79,4352.88,0.09,109
2026-09-11T18:13:02.205+00:00,4352.79,4352.87,0.08,109
2026-09-11T18:13:02.437+00:00,4353.01,4353.09,0.08,109
2026-09-11T18:13:02.658+00:00,4352.99,4353.08,0.09,109
2026-09-11T18:13:02.884+00:00,4353.02,4353.12,0.1,109
2026-09-11T18:13:03.115+00:00,4353.03,4353.12,0.09,109
2026-09-11T18:13:03.410+00:00,4353.07,4353.15,0.08,110
2026-09-11T18:13:03.660+00:00,4353.09,4353.18,0.09,110
2026-09-11T18:13:04.179+00:00,4353.08,4353.17,0.09,110
2026-09-11T18:13:04.408+00:00,4352.98,4353.12,0.14,110
2026-09-11T18:13:04.631+00:00,4352.92,4353.06,0.14,110
2026-09-11T18:13:04.857+00:00,4352.88,4353.02,0.14,110
2026-09-11T18:13:05.155+00:00,4352.87,4353.01,0.14,110
2026-09-11T18:13:05.382+00:00,4352.9,4353.0,0.1,110
2026-09-11T18:13:05.830+00:00,4352.9,4353.01,0.11,110
2026-09-11T18:13:06.205+00:00,4352.87,4352.98,0.11,110
2026-09-11T18:13:06.434+00:00,4352.82,4352.92,0.1,110
2026-09-11T18:13:06.658+00:00,4352.83,4352.91,0.08,110
2026-09-11T18:13:06.882+00:00,4352.86,4352.94,0.08,110
2026-09-11T18:13:07.322+00:00,4352.86,4352.95,0.09,110
2026-09-11T18:13:07.545+00:00,4352.85,4352.96,0.11,110
2026-09-11T18:13:07.770+00:00,4352.38,4352.5,0.12,110
2026-09-11T18:13:07.994+00:00,4352.45,4352.54,0.09,110
2026-09-11T18:13:08.295+00:00,4352.65,4352.73,0.08,110
2026-09-11T18:13:08.521+00:00,4352.53,4352.61,0.08,110
2026-09-11T18:13:08.721+00:00,4352.68,4352.76,0.08,110
2026-09-11T18:13:08.973+00:00,4352.8,4352.88,0.08,110
2026-09-11T18:13:09.196+00:00,4352.87,4352.95,0.08,110
2026-09-11T18:13:09.424+00:00,4352.81,4352.89,0.08,110
2026-09-11T18:13:09.723+00:00,4352.81,4352.9,0.09,110
2026-09-11T18:13:10.377+00:00,4352.8,4352.91,0.11,110
2026-09-11T18:13:10.602+00:00,4352.76,4352.87,0.11,110
2026-09-11T18:13:10.831+00:00,4352.74,4352.86,0.12,110
2026-09-11T18:13:11.054+00:00,4352.7,4352.82,0.12,110
2026-09-11T18:13:11.276+00:00,4352.74,4352.83,0.09,110
2026-09-11T18:13:11.501+00:00,4352.75,4352.83,0.08,110
2026-09-11T18:13:11.721+00:00,4352.77,4352.85,0.08,110
2026-09-11T18:13:12.035+00:00,4352.81,4352.89,0.08,110
2026-09-11T18:13:12.562+00:00,4352.82,4352.9,0.08,110
2026-09-11T18:13:13.257+00:00,4352.87,4352.95,0.08,110
2026-09-11T18:13:13.487+00:00,4352.86,4352.94,0.08,110
2026-09-11T18:13:13.714+00:00,4352.81,4352.92,0.11,110
2026-09-11T18:13:13.936+00:00,4352.78,4352.89,0.11,110
2026-09-11T18:13:14.549+00:00,4352.74,4352.85,0.11,110
2026-09-11T18:13:14.774+00:00,4352.74,4352.84,0.1,110
2026-09-11T18:13:14.998+00:00,4352.56,4352.65,0.09,110
2026-09-11T18:13:15.301+00:00,4352.57,4352.65,0.08,110
2026-09-11T18:13:15.526+00:00,4352.55,4352.63,0.08,110
2026-09-11T18:13:15.850+00:00,4352.78,4352.87,0.09,110
2026-09-11T18:13:16.148+00:00,4352.79,4352.88,0.09,110
2026-09-11T18:13:16.377+00:00,4352.83,4352.91,0.08,110
2026-09-11T18:13:16.644+00:00,4352.79,4352.88,0.09,110
2026-09-11T18:13:16.943+00:00,4352.74,4352.85,0.11,110
2026-09-11T18:13:17.242+00:00,4352.73,4352.83,0.1,110
2026-09-11T18:13:17.721+00:00,4352.74,4352.83,0.09,110
2026-09-11T18:13:18.082+00:00,4352.7,4352.8,0.1,110
2026-09-11T18:13:18.497+00:00,4352.47,4352.56,0.09,110
2026-09-11T18:13:18.721+00:00,4352.71,4352.8,0.09,110
2026-09-11T18:13:18.981+00:00,4352.59,4352.68,0.09,110
2026-09-11T18:13:19.204+00:00,4352.6,4352.71,0.11,110
2026-09-11T18:13:19.655+00:00,4352.37,4352.49,0.12,110
2026-09-11T18:13:19.881+00:00,4352.4,4352.51,0.11,110
2026-09-11T18:13:20.106+00:00,4352.34,4352.44,0.1,110
2026-09-11T18:13:20.482+00:00,4352.3,4352.4,0.1,110
2026-09-11T18:13:20.721+00:00,4352.22,4352.31,0.09,110
2026-09-11T18:13:20.934+00:00,4352.4,4352.49,0.09,110
2026-09-11T18:13:21.163+00:00,4352.43,4352.51,0.08,110
2026-09-11T18:13:21.461+00:00,4352.48,4352.56,0.08,110
2026-09-11T18:13:21.693+00:00,4352.46,4352.54,0.08,110
2026-09-11T18:13:21.918+00:00,4352.44,4352.54,0.1,110
2026-09-11T18:13:22.143+00:00,4352.43,4352.53,0.1,110
2026-09-11T18:13:22.368+00:00,4352.6,4352.69,0.09,110
2026-09-11T18:13:22.593+00:00,4352.65,4352.73,0.08,110
2026-09-11T18:13:22.818+00:00,4352.68,4352.76,0.08,110
2026-09-11T18:13:23.044+00:00,4352.67,4352.77,0.1,110
2026-09-11T18:13:23.274+00:00,4352.72,4352.83,0.11,110
2026-09-11T18:13:23.496+00:00,4352.81,4352.91,0.1,110
2026-09-11T18:13:23.721+00:00,4352.73,4352.82,0.09,110
2026-09-11T18:13:24.022+00:00,4352.83,4352.91,0.08,110
2026-09-11T18:13:24.250+00:00,4352.84,4352.93,0.09,110
2026-09-11T18:13:24.474+00:00,4352.83,4352.93,0.1,110
2026-09-11T18:13:24.698+00:00,4352.71,4352.8,0.09,110
2026-09-11T18:13:24.998+00:00,4352.7,4352.8,0.1,110
2026-09-11T18:13:25.460+00:00,4352.68,4352.78,0.1,110
2026-09-11T18:13:25.681+00:00,4352.66,4352.75,0.09,110
2026-09-11T18:13:25.907+00:00,4352.67,4352.75,0.08,110
2026-09-11T18:13:26.283+00:00,4352.75,4352.83,0.08,110
2026-09-11T18:13:26.509+00:00,4352.74,4352.84,0.1,110
2026-09-11T18:13:26.721+00:00,4352.83,4352.93,0.1,110
2026-09-11T18:13:26.958+00:00,4352.77,4352.88,0.11,110
2026-09-11T18:13:27.703+00:00,4352.75,4352.86,0.11,110
2026-09-11T18:13:27.967+00:00,4352.74,4352.85,0.11,110
2026-09-11T18:13:28.171+00:00,4352.74,4352.86,0.12,110
2026-09-11T18:13:28.424+00:00,4352.36,4352.46,0.1,110
2026-09-11T18:13:28.751+00:00,4352.44,4352.53,0.09,111
2026-09-11T18:13:28.886+00:00,4352.37,4352.45,0.08,111
2026-09-11T18:13:29.054+00:00,4352.4,4352.48,0.08,111
2026-09-11T18:13:29.275+00:00,4352.14,4352.22,0.08,111
2026-09-11T18:13:29.625+00:00,4352.15,4352.25,0.1,111
2026-09-11T18:13:29.829+00:00,4351.89,4351.99,0.1,111
2026-09-11T18:13:30.037+00:00,4351.94,4352.04,0.1,111
2026-09-11T18:13:30.255+00:00,4352.01,4352.1,0.09,111
2026-09-11T18:13:30.481+00:00,4352.02,4352.1,0.08,111
2026-09-11T18:13:30.934+00:00,4352.05,4352.13,0.08,111
2026-09-11T18:13:31.263+00:00,4352.21,4352.29,0.08,111
2026-09-11T18:13:31.519+00:00,4352.26,4352.36,0.1,111
2026-09-11T18:13:32.058+00:00,4352.36,4352.45,0.09,111
2026-09-11T18:13:32.285+00:00,4352.35,4352.45,0.1,111
2026-09-11T18:13:32.510+00:00,4352.36,4352.47,0.11,111
2026-09-11T18:13:33.028+00:00,4352.41,4352.5,0.09,111
2026-09-11T18:13:33.256+00:00,4352.4,4352.49,0.09,111
2026-09-11T18:13:33.480+00:00,4352.33,4352.42,0.09,111
2026-09-11T18:13:33.709+00:00,4352.42,4352.51,0.09,111
2026-09-11T18:13:33.933+00:00,4352.42,4352.5,0.08,111
2026-09-11T18:13:34.156+00:00,4352.45,4352.53,0.08,111
2026-09-11T18:13:34.458+00:00,4352.44,4352.53,0.09,111
2026-09-11T18:13:34.720+00:00,4352.45,4352.53,0.08,111
2026-09-11T18:13:34.984+00:00,4352.18,4352.28,0.1,111
2026-09-11T18:13:35.208+00:00,4352.25,4352.35,0.1,111
2026-09-11T18:13:35.583+00:00,4352.26,4352.34,0.08,111
2026-09-11T18:13:35.808+00:00,4352.06,4352.15,0.09,111
2026-09-11T18:13:36.109+00:00,4352.1,4352.2,0.1,111
2026-09-11T18:13:36.378+00:00,4352.1,4352.22,0.12,111
2026-09-11T18:13:36.787+00:00,4352.11,4352.21,0.1,111
2026-09-11T18:13:37.023+00:00,4352.12,4352.23,0.11,111
2026-09-11T18:13:37.696+00:00,4352.4,4352.51,0.11,111
2026-09-11T18:13:38.172+00:00,4352.11,4352.21,0.1,111
2026-09-11T18:13:38.398+00:00,4352.13,4352.22,0.09,111
2026-09-11T18:13:38.623+00:00,4351.81,4351.9,0.09,111
2026-09-11T18:13:38.847+00:00,4351.86,4351.95,0.09,111
2026-09-11T18:13:39.072+00:00,4351.85,4351.96,0.11,111
2026-09-11T18:13:39.296+00:00,4351.86,4351.95,0.09,111
2026-09-11T18:13:40.170+00:00,4351.85,4351.95,0.1,111
2026-09-11T18:13:40.409+00:00,4351.31,4351.41,0.1,111
2026-09-11T18:13:40.676+00:00,4351.26,4351.4,0.14,111
2026-09-11T18:13:40.898+00:00,4351.27,4351.41,0.14,111
2026-09-11T18:13:41.197+00:00,4351.28,4351.41,0.13,111
2026-09-11T18:13:41.422+00:00,4351.13,4351.22,0.09,111
2026-09-11T18:13:41.647+00:00,4351.15,4351.25,0.1,111
2026-09-11T18:13:42.306+00:00,4351.05,4351.14,0.09,111
2026-09-11T18:13:42.534+00:00,4351.22,4351.31,0.09,111
2026-09-11T18:13:42.758+00:00,4351.23,4351.31,0.08,111
2026-09-11T18:13:42.985+00:00,4351.22,4351.31,0.09,111
2026-09-11T18:13:43.209+00:00,4351.49,4351.58,0.09,111
2026-09-11T18:13:43.441+00:00,4351.55,4351.64,0.09,111
2026-09-11T18:13:43.663+00:00,4351.79,4351.87,0.08,111
2026-09-11T18:13:43.886+00:00,4351.83,4351.92,0.09,111
2026-09-11T18:13:44.168+00:00,4351.88,4351.98,0.1,111
2026-09-11T18:13:44.392+00:00,4351.91,4352.01,0.1,111
2026-09-11T18:13:44.619+00:00,4352.0,4352.08,0.08,111
2026-09-11T18:13:44.843+00:00,4351.74,4351.83,0.09,111
2026-09-11T18:13:45.070+00:00,4352.02,4352.11,0.09,111
2026-09-11T18:13:45.524+00:00,4351.74,4351.83,0.09,111
2026-09-11T18:13:45.778+00:00,4351.95,4352.05,0.1,111
2026-09-11T18:13:46.005+00:00,4351.7,4351.82,0.12,111
2026-09-11T18:13:46.261+00:00,4351.3,4351.41,0.11,111
2026-09-11T18:13:46.489+00:00,4351.36,4351.47,0.11,111
2026-09-11T18:13:46.715+00:00,4351.43,4351.54,0.11,111
2026-09-11T18:13:47.468+00:00,4351.42,4351.53,0.11,111
2026-09-11T18:13:47.689+00:00,4351.34,4351.45,0.11,111
2026-09-11T18:13:48.338+00:00,4351.42,4351.54,0.12,111
2026-09-11T18:13:48.721+00:00,4351.26,4351.37,0.11,111
2026-09-11T18:13:49.088+00:00,4351.07,4351.2,0.13,111
2026-09-11T18:13:49.720+00:00,4351.07,4351.19,0.12,111
2026-09-11T18:13:50.149+00:00,4351.08,4351.19,0.11,111
2026-09-11T18:13:50.372+00:00,4350.99,4351.1,0.11,111
2026-09-11T18:13:50.898+00:00,4351.0,4351.11,0.11,111
2026-09-11T18:13:51.122+00:00,4351.01,4351.11,0.1,111
2026-09-11T18:13:51.721+00:00,4350.97,4351.07,0.1,111
2026-09-11T18:13:52.837+00:00,4350.89,4350.99,0.1,111
2026-09-11T18:13:53.065+00:00,4351.07,4351.18,0.11,111
2026-09-11T18:13:53.291+00:00,4351.28,4351.37,0.09,111
2026-09-11T18:13:53.518+00:00,4350.86,4350.96,0.1,111
2026-09-11T18:13:53.994+00:00,4350.63,4350.74,0.11,112
2026-09-11T18:13:54.204+00:00,4350.46,4350.61,0.15,112
2026-09-11T18:13:54.503+00:00,4350.39,4350.53,0.14,112
2026-09-11T18:13:54.720+00:00,4350.35,4350.49,0.14,112
2026-09-11T18:13:55.029+00:00,4350.39,4350.51,0.12,112
2026-09-11T18:13:55.254+00:00,4350.51,4350.63,0.12,112
2026-09-11T18:13:55.554+00:00,4350.45,4350.56,0.11,112
2026-09-11T18:13:55.853+00:00,4350.39,4350.5,0.11,112
2026-09-11T18:13:56.078+00:00,4350.37,4350.5,0.13,112
2026-09-11T18:13:56.314+00:00,4350.48,4350.6,0.12,112
2026-09-11T18:13:56.707+00:00,4350.49,4350.59,0.1,112
2026-09-11T18:13:57.322+00:00,4350.48,4350.59,0.11,112
2026-09-11T18:13:57.549+00:00,4350.49,4350.58,0.09,112
2026-09-11T18:13:57.848+00:00,4350.83,4350.92,0.09,112
2026-09-11T18:13:58.076+00:00,4350.83,4350.95,0.12,112
2026-09-11T18:13:58.307+00:00,4350.84,4350.95,0.11,112
2026-09-11T18:13:58.527+00:00,4350.75,4350.86,0.11,112
2026-09-11T18:13:58.752+00:00,4350.74,4350.86,0.12,112
2026-09-11T18:13:58.977+00:00,4350.84,4350.95,0.11,112
2026-09-11T18:13:59.429+00:00,4351.23,4351.35,0.12,112
2026-09-11T18:13:59.652+00:00,4351.14,4351.25,0.11,112
2026-09-11T18:13:59.880+00:00,4350.36,4350.46,0.1,112
2026-09-11T18:14:00.119+00:00,4350.52,4350.64,0.12,112
2026-09-11T18:14:00.343+00:00,4350.32,4350.41,0.09,112
2026-09-11T18:14:00.565+00:00,4350.34,4350.44,0.1,112
2026-09-11T18:14:00.789+00:00,4350.28,4350.39,0.11,112
2026-09-11T18:14:01.089+00:00,4350.14,4350.25,0.11,112
2026-09-11T18:14:01.314+00:00,4350.06,4350.15,0.09,112
2026-09-11T18:14:01.542+00:00,4350.07,4350.15,0.08,112
2026-09-11T18:14:01.774+00:00,4349.79,4349.9,0.11,112
2026-09-11T18:14:01.999+00:00,4350.01,4350.15,0.14,112
2026-09-11T18:14:02.219+00:00,4350.01,4350.12,0.11,112
2026-09-11T18:14:02.450+00:00,4350.01,4350.13,0.12,112
2026-09-11T18:14:02.669+00:00,4350.06,4350.18,0.12,112
2026-09-11T18:14:03.130+00:00,4350.06,4350.19,0.13,112
2026-09-11T18:14:03.499+00:00,4350.05,4350.19,0.14,112
2026-09-11T18:14:03.720+00:00,4349.98,4350.12,0.14,112
2026-09-11T18:14:04.022+00:00,4350.0,4350.1,0.1,112
2026-09-11T18:14:04.252+00:00,4349.89,4349.99,0.1,112
2026-09-11T18:14:04.625+00:00,4349.99,4350.08,0.09,112
2026-09-11T18:14:04.888+00:00,4350.08,4350.18,0.1,112
2026-09-11T18:14:05.112+00:00,4350.15,4350.24,0.09,112
2026-09-11T18:14:05.413+00:00,4350.19,4350.3,0.11,112
2026-09-11T18:14:06.243+00:00,4350.11,4350.21,0.1,112
2026-09-11T18:14:06.468+00:00,4350.19,4350.3,0.11,112
2026-09-11T18:14:06.695+00:00,4350.1,4350.2,0.1,112
2026-09-11T18:14:06.918+00:00,4350.09,4350.2,0.11,112
2026-09-11T18:14:07.592+00:00,4350.11,4350.22,0.11,112
2026-09-11T18:14:07.828+00:00,4349.52,4349.62,0.1,112
2026-09-11T18:14:08.053+00:00,4348.43,4348.59,0.16,112
2026-09-11T18:14:08.287+00:00,4348.27,4348.43,0.16,112
2026-09-11T18:14:08.506+00:00,4348.33,4348.46,0.13,112
2026-09-11T18:14:08.961+00:00,4348.58,4348.69,0.11,112
2026-09-11T18:14:09.186+00:00,4348.51,4348.61,0.1,112
2026-09-11T18:14:09.414+00:00,4348.48,4348.57,0.09,112
2026-09-11T18:14:09.642+00:00,4348.37,4348.48,0.11,112
2026-09-11T18:14:09.863+00:00,4348.17,4348.28,0.11,112
2026-09-11T18:14:10.086+00:00,4348.48,4348.58,0.1,112
2026-09-11T18:14:10.309+00:00,4348.44,4348.54,0.1,112
2026-09-11T18:14:10.537+00:00,4348.41,4348.51,0.1,112
2026-09-11T18:14:11.214+00:00,4348.24,4348.35,0.11,112
2026-09-11T18:14:11.587+00:00,4348.16,4348.27,0.11,112
2026-09-11T18:14:12.036+00:00,4347.91,4348.02,0.11,112
2026-09-11T18:14:12.262+00:00,4348.01,4348.14,0.13,112
2026-09-11T18:14:12.488+00:00,4348.07,4348.19,0.12,112
2026-09-11T18:14:12.711+00:00,4348.08,4348.18,0.1,112
2026-09-11T18:14:12.944+00:00,4347.97,4348.09,0.12,112
2026-09-11T18:14:13.164+00:00,4348.03,4348.15,0.12,112
2026-09-11T18:14:13.392+00:00,4348.06,4348.19,0.13,112
2026-09-11T18:14:13.620+00:00,4348.26,4348.36,0.1,112
2026-09-11T18:14:14.102+00:00,4348.27,4348.37,0.1,112
2026-09-11T18:14:14.517+00:00,4348.34,4348.42,0.08,112
2026-09-11T18:14:14.721+00:00,4348.42,4348.5,0.08,112
2026-09-11T18:14:14.960+00:00,4348.4,4348.48,0.08,112
2026-09-11T18:14:15.182+00:00,4348.59,4348.67,0.08,112
2026-09-11T18:14:15.406+00:00,4348.61,4348.7,0.09,112
2026-09-11T18:14:15.632+00:00,4348.99,4349.13,0.14,112
2026-09-11T18:14:15.859+00:00,4349.22,4349.36,0.14,112
2026-09-11T18:14:16.092+00:00,4349.31,4349.43,0.12,112
2026-09-11T18:14:16.308+00:00,4349.28,4349.39,0.11,112
2026-09-11T18:14:16.533+00:00,4349.34,4349.42,0.08,112
2026-09-11T18:14:16.759+00:00,4349.3,4349.41,0.11,112
2026-09-11T18:14:17.208+00:00,4349.23,4349.34,0.11,112
2026-09-11T18:14:17.434+00:00,4349.24,4349.32,0.08,112
2026-09-11T18:14:17.658+00:00,4349.25,4349.33,0.08,112
2026-09-11T18:14:17.884+00:00,4349.29,4349.4,0.11,112
2026-09-11T18:14:18.110+00:00,4349.35,4349.46,0.11,112
2026-09-11T18:14:18.332+00:00,4349.34,4349.47,0.13,112
2026-09-11T18:14:18.559+00:00,4349.53,4349.64,0.11,112
2026-09-11T18:14:18.788+00:00,4349.48,4349.59,0.11,113
2026-09-11T18:14:19.008+00:00,4349.46,4349.56,0.1,113
2026-09-11T18:14:19.235+00:00,4349.35,4349.46,0.11,113
2026-09-11T18:14:19.463+00:00,4349.36,4349.47,0.11,113
2026-09-11T18:14:19.693+00:00,4348.71,4348.84,0.13,113
2026-09-11T18:14:19.919+00:00,4348.48,4348.58,0.1,113
2026-09-11T18:14:20.144+00:00,4348.51,4348.61,0.1,113
2026-09-11T18:14:20.367+00:00,4348.46,4348.55,0.09,113
2026-09-11T18:14:20.616+00:00,4347.68,4347.79,0.11,113
2026-09-11T18:14:20.829+00:00,4347.64,4347.8,0.16,113
2026-09-11T18:14:21.050+00:00,4347.44,4347.54,0.1,113
2026-09-11T18:14:21.272+00:00,4347.38,4347.48,0.1,113
2026-09-11T18:14:21.498+00:00,4347.33,4347.44,0.11,113
2026-09-11T18:14:21.719+00:00,4347.75,4347.86,0.11,113
2026-09-11T18:14:21.948+00:00,4347.99,4348.1,0.11,113
2026-09-11T18:14:22.179+00:00,4348.19,4348.28,0.09,113
2026-09-11T18:14:22.404+00:00,4348.28,4348.38,0.1,113
2026-09-11T18:14:22.624+00:00,4348.24,4348.34,0.1,113
2026-09-11T18:14:22.849+00:00,4348.2,4348.31,0.11,113
2026-09-11T18:14:23.072+00:00,4348.19,4348.29,0.1,113
2026-09-11T18:14:23.289+00:00,4348.2,4348.31,0.11,113
2026-09-11T18:14:23.501+00:00,4348.1,4348.22,0.12,113
2026-09-11T18:14:23.720+00:00,4348.1,4348.21,0.11,113
2026-09-11T18:14:24.102+00:00,4347.98,4348.08,0.1,113
2026-09-11T18:14:24.604+00:00,4347.99,4348.09,0.1,113
2026-09-11T18:14:24.829+00:00,4347.64,4347.75,0.11,113
2026-09-11T18:14:25.051+00:00,4347.78,4347.88,0.1,113
2026-09-11T18:14:25.276+00:00,4348.11,4348.25,0.14,113
2026-09-11T18:14:25.502+00:00,4348.13,4348.26,0.13,113
2026-09-11T18:14:25.722+00:00,4348.16,4348.31,0.15,113
2026-09-11T18:14:25.953+00:00,4348.5,4348.62,0.12,113
2026-09-11T18:14:26.177+00:00,4348.51,4348.61,0.1,113
2026-09-11T18:14:26.595+00:00,4348.51,4348.6,0.09,113
2026-09-11T18:14:26.705+00:00,4348.5,4348.59,0.09,113
2026-09-11T18:14:26.963+00:00,4348.49,4348.58,0.09,113
2026-09-11T18:14:27.185+00:00,4348.46,4348.54,0.08,113
2026-09-11T18:14:27.410+00:00,4348.33,4348.41,0.08,113
2026-09-11T18:14:27.633+00:00,4348.3,4348.4,0.1,113
2026-09-11T18:14:27.859+00:00,4348.3,4348.42,0.12,113
2026-09-11T18:14:28.083+00:00,4348.25,4348.37,0.12,113
2026-09-11T18:14:28.405+00:00,4348.28,4348.4,0.12,113
2026-09-11T18:14:28.610+00:00,4348.25,4348.36,0.11,113
2026-09-11T18:14:29.034+00:00,4348.0,4348.11,0.11,113
2026-09-11T18:14:29.061+00:00,4347.78,4347.9,0.12,113
2026-09-11T18:14:29.286+00:00,4346.24,4346.42,0.18,113
2026-09-11T18:14:29.525+00:00,4345.93,4346.12,0.19,113
2026-09-11T18:14:29.759+00:00,4345.86,4346.03,0.17,113
2026-09-11T18:14:29.983+00:00,4346.01,4346.1,0.09,113
2026-09-11T18:14:30.214+00:00,4346.2,4346.29,0.09,113
2026-09-11T18:14:30.435+00:00,4346.09,4346.18,0.09,113
2026-09-11T18:14:30.660+00:00,4346.12,4346.21,0.09,113
2026-09-11T18:14:30.888+00:00,4346.24,4346.34,0.1,113
2026-09-11T18:14:31.111+00:00,4346.05,4346.13,0.08,113
2026-09-11T18:14:31.342+00:00,4346.27,4346.36,0.09,113
2026-09-11T18:14:31.565+00:00,4346.28,4346.38,0.1,113
2026-09-11T18:14:32.252+00:00,4346.18,4346.28,0.1,113
2026-09-11T18:14:32.475+00:00,4346.23,4346.32,0.09,113
2026-09-11T18:14:32.719+00:00,4346.24,4346.34,0.1,113
2026-09-11T18:14:33.102+00:00,4346.22,4346.33,0.11,113
2026-09-11T18:14:33.336+00:00,4346.24,4346.34,0.1,113
2026-09-11T18:14:33.554+00:00,4346.23,4346.34,0.11,113
2026-09-11T18:14:34.006+00:00,4346.29,4346.39,0.1,113
2026-09-11T18:14:34.229+00:00,4346.68,4346.77,0.09,113
2026-09-11T18:14:34.458+00:00,4346.73,4346.81,0.08,113
2026-09-11T18:14:34.682+00:00,4346.77,4346.85,0.08,113
2026-09-11T18:14:34.907+00:00,4346.87,4346.95,0.08,113
2026-09-11T18:14:35.133+00:00,4346.84,4346.92,0.08,113
2026-09-11T18:14:35.358+00:00,4346.75,4346.83,0.08,113
2026-09-11T18:14:35.583+00:00,4346.7,4346.78,0.08,113
2026-09-11T18:14:35.812+00:00,4346.74,4346.82,0.08,113
2026-09-11T18:14:36.033+00:00,4346.73,4346.81,0.08,113
2026-09-11T18:14:36.257+00:00,4346.68,4346.77,0.09,113
2026-09-11T18:14:36.484+00:00,4346.61,4346.69,0.08,113
2026-09-11T18:14:36.710+00:00,4346.62,4346.7,0.08,113
2026-09-11T18:14:37.013+00:00,4346.57,4346.65,0.08,113
2026-09-11T18:14:37.233+00:00,4346.59,4346.67,0.08,113
2026-09-11T18:14:37.459+00:00,4346.67,4346.75,0.08,113
2026-09-11T18:14:37.688+00:00,4346.68,4346.76,0.08,113
2026-09-11T18:14:37.909+00:00,4346.75,4346.83,0.08,113
2026-09-11T18:14:38.135+00:00,4346.5,4346.58,0.08,113
2026-09-11T18:14:38.364+00:00,4346.61,4346.7,0.09,113
2026-09-11T18:14:38.585+00:00,4346.76,4346.84,0.08,113
2026-09-11T18:14:38.809+00:00,4346.81,4346.89,0.08,113
2026-09-11T18:14:39.034+00:00,4346.79,4346.87,0.08,113
2026-09-11T18:14:39.259+00:00,4346.78,4346.86,0.08,113
2026-09-11T18:14:39.484+00:00,4347.07,4347.15,0.08,113
2026-09-11T18:14:39.710+00:00,4347.03,4347.11,0.08,113
2026-09-11T18:14:39.935+00:00,4347.04,4347.12,0.08,113
2026-09-11T18:14:40.242+00:00,4347.06,4347.14,0.08,113
2026-09-11T18:14:40.466+00:00,4347.13,4347.21,0.08,113
2026-09-11T18:14:40.693+00:00,4347.15,4347.23,0.08,113
2026-09-11T18:14:40.920+00:00,4347.04,4347.12,0.08,113
2026-09-11T18:14:41.147+00:00,4347.06,4347.14,0.08,113
2026-09-11T18:14:41.367+00:00,4346.98,4347.06,0.08,113
2026-09-11T18:14:41.593+00:00,4346.98,4347.07,0.09,113
2026-09-11T18:14:41.817+00:00,4346.84,4346.92,0.08,113
2026-09-11T18:14:42.042+00:00,4346.91,4346.99,0.08,113
2026-09-11T18:14:42.267+00:00,4347.02,4347.1,0.08,113
2026-09-11T18:14:42.494+00:00,4346.98,4347.06,0.08,113
2026-09-11T18:14:42.721+00:00,4346.95,4347.03,0.08,113
2026-09-11T18:14:42.942+00:00,4347.02,4347.1,0.08,113
2026-09-11T18:14:43.169+00:00,4347.05,4347.13,0.08,113
2026-09-11T18:14:43.395+00:00,4347.17,4347.25,0.08,113
2026-09-11T18:14:43.786+00:00,4347.2,4347.28,0.08,113
2026-09-11T18:14:43.844+00:00,4346.98,4347.06,0.08,114
2026-09-11T18:14:44.070+00:00,4347.02,4347.11,0.09,114
2026-09-11T18:14:44.298+00:00,4347.38,4347.49,0.11,114
2026-09-11T18:14:44.522+00:00,4347.48,4347.57,0.09,114
2026-09-11T18:14:44.749+00:00,4347.52,4347.6,0.08,114
2026-09-11T18:14:44.973+00:00,4347.49,4347.59,0.1,114
2026-09-11T18:14:45.200+00:00,4347.38,4347.49,0.11,114
2026-09-11T18:14:45.498+00:00,4347.49,4347.59,0.1,114
2026-09-11T18:14:45.724+00:00,4347.46,4347.56,0.1,114
2026-09-11T18:14:45.950+00:00,4347.54,4347.64,0.1,114
2026-09-11T18:14:46.400+00:00,4347.47,4347.56,0.09,114
2026-09-11T18:14:47.149+00:00,4347.52,4347.6,0.08,114
2026-09-11T18:14:47.375+00:00,4347.4,4347.48,0.08,114
2026-09-11T18:14:47.604+00:00,4347.49,4347.57,0.08,114
2026-09-11T18:14:47.824+00:00,4347.49,4347.59,0.1,114
2026-09-11T18:14:48.051+00:00,4347.48,4347.59,0.11,114
2026-09-11T18:14:48.350+00:00,4347.53,4347.65,0.12,114
2026-09-11T18:14:48.575+00:00,4346.77,4346.87,0.1,114
2026-09-11T18:14:48.800+00:00,4346.81,4346.9,0.09,114
2026-09-11T18:14:49.026+00:00,4346.78,4346.88,0.1,114
2026-09-11T18:14:49.252+00:00,4346.64,4346.72,0.08,114
2026-09-11T18:14:49.480+00:00,4346.59,4346.69,0.1,114
2026-09-11T18:14:49.706+00:00,4346.4,4346.49,0.09,114
2026-09-11T18:14:49.930+00:00,4346.65,4346.76,0.11,114
2026-09-11T18:14:50.157+00:00,4346.8,4346.88,0.08,114
2026-09-11T18:14:50.456+00:00,4346.83,4346.91,0.08,114
2026-09-11T18:14:50.906+00:00,4346.4,4346.48,0.08,114
2026-09-11T18:14:51.130+00:00,4346.42,4346.51,0.09,114
2026-09-11T18:14:51.356+00:00,4346.43,4346.52,0.09,114
2026-09-11T18:14:51.581+00:00,4346.41,4346.49,0.08,114
2026-09-11T18:14:51.806+00:00,4346.48,4346.56,0.08,114
2026-09-11T18:14:52.520+00:00,4346.51,4346.59,0.08,114
2026-09-11T18:14:52.720+00:00,4346.59,4346.67,0.08,114
2026-09-11T18:14:52.968+00:00,4346.97,4347.05,0.08,114
2026-09-11T18:14:53.194+00:00,4346.89,4346.97,0.08,114
2026-09-11T18:14:53.423+00:00,4346.87,4346.95,0.08,114
2026-09-11T18:14:54.167+00:00,4346.83,4346.91,0.08,114
2026-09-11T18:14:54.391+00:00,4346.81,4346.89,0.08,114
2026-09-11T18:14:54.690+00:00,4346.84,4346.92,0.08,114
2026-09-11T18:14:54.915+00:00,4346.83,4346.91,0.08,114
2026-09-11T18:14:55.144+00:00,4347.18,4347.26,0.08,114
2026-09-11T18:14:55.367+00:00,4347.18,4347.27,0.09,114
2026-09-11T18:14:55.665+00:00,4347.18,4347.28,0.1,114
2026-09-11T18:14:55.892+00:00,4347.11,4347.2,0.09,114
2026-09-11T18:14:56.136+00:00,4347.05,4347.14,0.09,114
2026-09-11T18:14:56.362+00:00,4347.09,4347.17,0.08,114
2026-09-11T18:14:56.663+00:00,4347.1,4347.19,0.09,114
2026-09-11T18:14:57.114+00:00,4347.16,4347.24,0.08,114
2026-09-11T18:14:57.338+00:00,4347.3,4347.38,0.08,114
2026-09-11T18:14:57.562+00:00,4347.26,4347.35,0.09,114
2026-09-11T18:14:57.790+00:00,4347.27,4347.35,0.08,114
2026-09-11T18:14:58.088+00:00,4347.21,4347.29,0.08,114
2026-09-11T18:14:58.387+00:00,4347.13,4347.21,0.08,114
2026-09-11T18:14:58.612+00:00,4347.06,4347.15,0.09,114
2026-09-11T18:14:58.838+00:00,4347.0,4347.1,0.1,114
2026-09-11T18:14:59.064+00:00,4347.02,4347.12,0.1,114
2026-09-11T18:14:59.438+00:00,4347.03,4347.11,0.08,114
2026-09-11T18:15:00.053+00:00,4347.02,4347.11,0.09,114
2026-09-11T18:15:00.576+00:00,4347.02,4347.1,0.08,114
2026-09-11T18:15:00.802+00:00,4346.92,4347.0,0.08,114
2026-09-11T18:15:01.038+00:00,4346.66,4346.74,0.08,114
2026-09-11T18:15:01.252+00:00,4346.85,4346.95,0.1,114
2026-09-11T18:15:01.554+00:00,4346.86,4346.94,0.08,114
2026-09-11T18:15:01.808+00:00,4346.83,4346.91,0.08,114
2026-09-11T18:15:02.035+00:00,4346.84,4346.92,0.08,114
2026-09-11T18:15:02.717+00:00,4346.79,4346.87,0.08,114
2026-09-11T18:15:02.944+00:00,4346.84,4346.92,0.08,114
2026-09-11T18:15:03.244+00:00,4346.88,4346.97,0.09,114
2026-09-11T18:15:03.467+00:00,4346.88,4346.96,0.08,114
2026-09-11T18:15:03.693+00:00,4346.87,4346.95,0.08,114
2026-09-11T18:15:03.918+00:00,4346.61,4346.69,0.08,114
2026-09-11T18:15:04.226+00:00,4346.64,4346.72,0.08,114
2026-09-11T18:15:04.520+00:00,4346.66,4346.75,0.09,114
2026-09-11T18:15:04.745+00:00,4346.65,4346.74,0.09,114
2026-09-11T18:15:04.971+00:00,4346.66,4346.76,0.1,114
2026-09-11T18:15:05.419+00:00,4346.67,4346.75,0.08,114
2026-09-11T18:15:05.671+00:00,4346.7,4346.78,0.08,114
2026-09-11T18:15:05.895+00:00,4346.8,4346.88,0.08,114
2026-09-11T18:15:06.123+00:00,4346.58,4346.66,0.08,114
2026-09-11T18:15:06.348+00:00,4346.56,4346.65,0.09,114
2026-09-11T18:15:06.573+00:00,4346.54,4346.66,0.12,114
2026-09-11T18:15:06.798+00:00,4346.53,4346.64,0.11,114
2026-09-11T18:15:07.023+00:00,4346.52,4346.6,0.08,114
2026-09-11T18:15:07.247+00:00,4346.86,4346.94,0.08,114
2026-09-11T18:15:07.474+00:00,4346.83,4346.91,0.08,114
2026-09-11T18:15:07.705+00:00,4346.26,4346.34,0.08,114
2026-09-11T18:15:07.926+00:00,4346.38,4346.46,0.08,114
2026-09-11T18:15:08.150+00:00,4346.42,4346.5,0.08,114
2026-09-11T18:15:08.374+00:00,4346.33,4346.41,0.08,114
2026-09-11T18:15:08.727+00:00,4346.3,4346.38,0.08,114
2026-09-11T18:15:08.923+00:00,4346.24,4346.32,0.08,114
2026-09-11T18:15:09.221+00:00,4346.27,4346.35,0.08,115
2026-09-11T18:15:09.448+00:00,4346.32,4346.4,0.08,115
2026-09-11T18:15:09.674+00:00,4346.21,4346.29,0.08,115
2026-09-11T18:15:09.897+00:00,4346.16,4346.24,0.08,115
2026-09-11T18:15:10.272+00:00,4346.04,4346.13,0.09,115
2026-09-11T18:15:10.497+00:00,4345.82,4345.92,0.1,115
2026-09-11T18:15:10.946+00:00,4345.93,4346.02,0.09,115
2026-09-11T18:15:11.172+00:00,4345.71,4345.79,0.08,115
2026-09-11T18:15:11.400+00:00,4345.54,4345.62,0.08,115
2026-09-11T18:15:11.627+00:00,4345.56,4345.65,0.09,115
2026-09-11T18:15:11.851+00:00,4345.58,4345.67,0.09,115
2026-09-11T18:15:12.076+00:00,4345.68,4345.76,0.08,115
2026-09-11T18:15:12.302+00:00,4345.68,4345.78,0.1,115
2026-09-11T18:15:12.847+00:00,4345.25,4345.33,0.08,115
2026-09-11T18:15:13.059+00:00,4345.19,4345.27,0.08,115
2026-09-11T18:15:13.285+00:00,4345.1,4345.18,0.08,115
2026-09-11T18:15:13.509+00:00,4344.95,4345.03,0.08,115
2026-09-11T18:15:13.721+00:00,4344.93,4345.02,0.09,115
2026-09-11T18:15:13.959+00:00,4345.11,4345.2,0.09,115
2026-09-11T18:15:14.183+00:00,4345.24,4345.32,0.08,115
2026-09-11T18:15:14.412+00:00,4345.33,4345.41,0.08,115
2026-09-11T18:15:14.709+00:00,4345.37,4345.45,0.08,115
2026-09-11T18:15:14.934+00:00,4345.38,4345.46,0.08,115
2026-09-11T18:15:15.235+00:00,4345.24,4345.32,0.08,115
2026-09-11T18:15:15.462+00:00,4345.43,4345.52,0.09,115
2026-09-11T18:15:15.685+00:00,4345.28,4345.36,0.08,115
2026-09-11T18:15:15.986+00:00,4345.27,4345.35,0.08,115
2026-09-11T18:15:16.244+00:00,4345.26,4345.35,0.09,115
2026-09-11T18:15:16.467+00:00,4345.34,4345.43,0.09,115
2026-09-11T18:15:16.694+00:00,4345.3,4345.42,0.12,115
2026-09-11T18:15:16.920+00:00,4345.54,4345.65,0.11,115
2026-09-11T18:15:17.145+00:00,4345.66,4345.77,0.11,115
2026-09-11T18:15:17.370+00:00,4345.66,4345.74,0.08,115
2026-09-11T18:15:17.597+00:00,4345.57,4345.65,0.08,115
2026-09-11T18:15:17.971+00:00,4345.71,4345.79,0.08,115
2026-09-11T18:15:18.195+00:00,4345.58,4345.66,0.08,115
2026-09-11T18:15:18.452+00:00,4345.81,4345.89,0.08,115
2026-09-11T18:15:18.676+00:00,4345.83,4345.91,0.08,115
2026-09-11T18:15:19.126+00:00,4345.81,4345.91,0.1,115
2026-09-11T18:15:19.503+00:00,4345.6,4345.7,0.1,115
2026-09-11T18:15:19.729+00:00,4345.49,4345.59,0.1,115
2026-09-11T18:15:20.029+00:00,4345.42,4345.52,0.1,115
2026-09-11T18:15:20.410+00:00,4345.49,4345.57,0.08,115
2026-09-11T18:15:20.629+00:00,4345.59,4345.67,0.08,115
2026-09-11T18:15:21.404+00:00,4345.64,4345.72,0.08,115
2026-09-11T18:15:21.719+00:00,4345.61,4345.69,0.08,115
2026-09-11T18:15:21.935+00:00,4345.77,4345.86,0.09,115
2026-09-11T18:15:22.157+00:00,4345.81,4345.89,0.08,115
2026-09-11T18:15:22.382+00:00,4345.87,4345.95,0.08,115
2026-09-11T18:15:22.607+00:00,4345.72,4345.8,0.08,115
2026-09-11T18:15:22.837+00:00,4346.08,4346.16,0.08,115
2026-09-11T18:15:23.059+00:00,4346.26,4346.34,0.08,115
2026-09-11T18:15:23.284+00:00,4346.28,4346.36,0.08,115
2026-09-11T18:15:23.508+00:00,4346.86,4346.94,0.08,115
2026-09-11T18:15:23.720+00:00,4346.66,4346.74,0.08,115
2026-09-11T18:15:23.959+00:00,4346.65,4346.73,0.08,115
2026-09-11T18:15:24.379+00:00,4346.7,4346.78,0.08,115
2026-09-11T18:15:24.597+00:00,4346.76,4346.84,0.08,115
2026-09-11T18:15:24.822+00:00,4346.75,4346.85,0.1,115
2026-09-11T18:15:25.054+00:00,4346.81,4346.92,0.11,115
2026-09-11T18:15:25.345+00:00,4346.72,4346.82,0.1,115
2026-09-11T18:15:25.720+00:00,4346.75,4346.84,0.09,115
2026-09-11T18:15:25.951+00:00,4346.67,4346.75,0.08,115
2026-09-11T18:15:26.324+00:00,4346.73,4346.82,0.09,115
2026-09-11T18:15:26.548+00:00,4346.7,4346.79,0.09,115
2026-09-11T18:15:26.850+00:00,4346.76,4346.84,0.08,115
2026-09-11T18:15:27.076+00:00,4346.83,4346.91,0.08,115
2026-09-11T18:15:27.299+00:00,4346.82,4346.9,0.08,115
2026-09-11T18:15:27.719+00:00,4346.91,4346.99,0.08,115
2026-09-11T18:15:27.974+00:00,4346.98,4347.06,0.08,115
2026-09-11T18:15:28.274+00:00,4346.96,4347.04,0.08,115
2026-09-11T18:15:28.651+00:00,4346.84,4346.95,0.11,115
2026-09-11T18:15:28.888+00:00,4346.81,4346.91,0.1,115
2026-09-11T18:15:29.427+00:00,4346.82,4346.95,0.13,115
2026-09-11T18:15:29.652+00:00,4346.83,4346.94,0.11,115
2026-09-11T18:15:29.886+00:00,4346.83,4346.91,0.08,115
2026-09-11T18:15:30.151+00:00,4346.82,4346.91,0.09,115
2026-09-11T18:15:30.374+00:00,4346.83,4346.92,0.09,115
2026-09-11T18:15:30.597+00:00,4346.81,4346.89,0.08,115
2026-09-11T18:15:30.824+00:00,4346.87,4346.95,0.08,115
2026-09-11T18:15:31.347+00:00,4347.57,4347.65,0.08,115
2026-09-11T18:15:31.649+00:00,4347.91,4348.03,0.12,115
2026-09-11T18:15:31.894+00:00,4347.85,4347.97,0.12,115
2026-09-11T18:15:32.111+00:00,4347.73,4347.85,0.12,115
2026-09-11T18:15:32.344+00:00,4347.75,4347.86,0.11,115
2026-09-11T18:15:32.566+00:00,4347.78,4347.89,0.11,115
2026-09-11T18:15:32.794+00:00,4347.77,4347.9,0.13,115
2026-09-11T18:15:33.244+00:00,4347.82,4347.95,0.13,115
2026-09-11T18:15:33.468+00:00,4347.81,4347.96,0.15,115
2026-09-11T18:15:33.725+00:00,4347.77,4347.91,0.14,115
2026-09-11T18:15:34.157+00:00,4347.76,4347.89,0.13,115
2026-09-11T18:15:34.382+00:00,4347.88,4348.0,0.12,116
2026-09-11T18:15:34.607+00:00,4347.94,4348.05,0.11,116
2026-09-11T18:15:34.834+00:00,4348.03,4348.11,0.08,116
2026-09-11T18:15:35.060+00:00,4348.02,4348.12,0.1,116
2026-09-11T18:15:35.284+00:00,4348.0,4348.15,0.15,116
2026-09-11T18:15:35.509+00:00,4348.08,4348.19,0.11,116
2026-09-11T18:15:35.720+00:00,4348.0,4348.12,0.12,116
2026-09-11T18:15:35.961+00:00,4348.06,4348.15,0.09,116
2026-09-11T18:15:36.391+00:00,4348.1,4348.18,0.08,116
2026-09-11T18:15:36.693+00:00,4348.13,4348.21,0.08,116
2026-09-11T18:15:37.141+00:00,4348.06,4348.14,0.08,116
2026-09-11T18:15:37.367+00:00,4348.05,4348.13,0.08,116
2026-09-11T18:15:37.590+00:00,4348.13,4348.21,0.08,116
2026-09-11T18:15:37.816+00:00,4348.19,4348.27,0.08,116
2026-09-11T18:15:38.191+00:00,4348.2,4348.28,0.08,116
2026-09-11T18:15:38.415+00:00,4348.25,4348.33,0.08,116
2026-09-11T18:15:38.625+00:00,4348.52,4348.6,0.08,116
2026-09-11T18:15:38.851+00:00,4348.76,4348.85,0.09,116
2026-09-11T18:15:39.078+00:00,4348.88,4348.98,0.1,116
2026-09-11T18:15:39.303+00:00,4348.89,4348.99,0.1,116
2026-09-11T18:15:39.527+00:00,4348.71,4348.81,0.1,116
2026-09-11T18:15:40.135+00:00,4348.51,4348.61,0.1,116
2026-09-11T18:15:40.355+00:00,4348.28,4348.38,0.1,116
2026-09-11T18:15:40.580+00:00,4348.36,4348.45,0.09,116
2026-09-11T18:15:40.938+00:00,4348.21,4348.3,0.09,116
2026-09-11T18:15:41.161+00:00,4348.3,4348.41,0.11,116
2026-09-11T18:15:41.388+00:00,4348.19,4348.3,0.11,116
2026-09-11T18:15:41.612+00:00,4348.24,4348.36,0.12,116
2026-09-11T18:15:41.837+00:00,4348.25,4348.36,0.11,116
2026-09-11T18:15:42.068+00:00,4348.22,4348.3,0.08,116
2026-09-11T18:15:42.289+00:00,4348.46,4348.55,0.09,116
2026-09-11T18:15:42.721+00:00,4348.45,4348.53,0.08,116
2026-09-11T18:15:42.921+00:00,4348.5,4348.58,0.08,116
2026-09-11T18:15:43.145+00:00,4348.5,4348.59,0.09,116
2026-09-11T18:15:43.471+00:00,4348.44,4348.53,0.09,116
2026-09-11T18:15:43.719+00:00,4348.2,4348.29,0.09,116
2026-09-11T18:15:43.993+00:00,4348.33,4348.41,0.08,116
2026-09-11T18:15:44.221+00:00,4348.32,4348.42,0.1,116
2026-09-11T18:15:44.595+00:00,4348.13,4348.23,0.1,116
2026-09-11T18:15:45.134+00:00,4348.32,4348.41,0.09,116
2026-09-11T18:15:45.601+00:00,4348.16,4348.25,0.09,116
2026-09-11T18:15:45.831+00:00,4348.17,4348.25,0.08,116
2026-09-11T18:15:46.280+00:00,4348.16,4348.26,0.1,116
2026-09-11T18:15:46.654+00:00,4348.15,4348.23,0.08,116
2026-09-11T18:15:46.876+00:00,4348.27,4348.36,0.09,116
2026-09-11T18:15:47.101+00:00,4348.34,4348.42,0.08,116
2026-09-11T18:15:47.329+00:00,4347.04,4347.13,0.09,116
2026-09-11T18:15:47.551+00:00,4346.96,4347.11,0.15,116
2026-09-11T18:15:47.775+00:00,4346.94,4347.02,0.08,116
2026-09-11T18:15:48.003+00:00,4347.09,4347.18,0.09,116
2026-09-11T18:15:48.225+00:00,4347.06,4347.14,0.08,116
2026-09-11T18:15:48.452+00:00,4347.17,4347.25,0.08,116
2026-09-11T18:15:48.683+00:00,4347.12,4347.2,0.08,116
2026-09-11T18:15:48.985+00:00,4347.11,4347.19,0.08,116
2026-09-11T18:15:49.300+00:00,4347.19,4347.27,0.08,116
2026-09-11T18:15:49.522+00:00,4347.15,4347.23,0.08,116
2026-09-11T18:15:50.054+00:00,4347.3,4347.4,0.1,116
2026-09-11T18:15:50.272+00:00,4347.34,4347.42,0.08,116
2026-09-11T18:15:50.499+00:00,4347.33,4347.41,0.08,116
2026-09-11T18:15:50.721+00:00,4347.58,4347.66,0.08,116
2026-09-11T18:15:50.959+00:00,4347.64,4347.72,0.08,116
2026-09-11T18:15:51.182+00:00,4347.41,4347.49,0.08,116
2026-09-11T18:15:51.408+00:00,4347.62,4347.71,0.09,116
2026-09-11T18:15:51.632+00:00,4347.63,4347.71,0.08,116
2026-09-11T18:15:51.859+00:00,4347.62,4347.7,0.08,116
2026-09-11T18:15:52.494+00:00,4347.6,4347.68,0.08,116
2026-09-11T18:15:52.718+00:00,4347.67,4347.76,0.09,116
2026-09-11T18:15:52.942+00:00,4347.65,4347.73,0.08,116
2026-09-11T18:15:53.167+00:00,4347.47,4347.55,0.08,116
2026-09-11T18:15:53.617+00:00,4347.86,4347.94,0.08,116
2026-09-11T18:15:53.843+00:00,4347.93,4348.01,0.08,116
2026-09-11T18:15:54.067+00:00,4347.86,4347.94,0.08,116
2026-09-11T18:15:54.294+00:00,4347.76,4347.84,0.08,116
2026-09-11T18:15:54.517+00:00,4348.16,4348.24,0.08,116
2026-09-11T18:15:54.719+00:00,4348.09,4348.18,0.09,116
2026-09-11T18:15:54.968+00:00,4348.35,4348.43,0.08,116
2026-09-11T18:15:55.194+00:00,4348.44,4348.53,0.09,116
2026-09-11T18:15:55.424+00:00,4348.19,4348.28,0.09,116
2026-09-11T18:15:55.644+00:00,4348.3,4348.38,0.08,116
2026-09-11T18:15:55.869+00:00,4348.32,4348.4,0.08,116
2026-09-11T18:15:56.095+00:00,4348.58,4348.66,0.08,116
2026-09-11T18:15:56.320+00:00,4348.28,4348.37,0.09,116
2026-09-11T18:15:56.544+00:00,4348.64,4348.72,0.08,116
2026-09-11T18:15:56.770+00:00,4348.85,4348.93,0.08,116
2026-09-11T18:15:56.995+00:00,4348.82,4348.9,0.08,116
2026-09-11T18:15:57.222+00:00,4348.94,4349.02,0.08,116
2026-09-11T18:15:57.453+00:00,4348.97,4349.05,0.08,116
2026-09-11T18:15:57.972+00:00,4348.96,4349.05,0.09,116
2026-09-11T18:15:58.200+00:00,4348.55,4348.64,0.09,116
2026-09-11T18:15:58.425+00:00,4348.43,4348.54,0.11,116
2026-09-11T18:15:58.651+00:00,4348.4,4348.52,0.12,116
2026-09-11T18:15:59.027+00:00,4348.38,4348.5,0.12,116
2026-09-11T18:15:59.251+00:00,4348.43,4348.53,0.1,116
2026-09-11T18:15:59.474+00:00,4348.49,4348.58,0.09,117
2026-09-11T18:15:59.702+00:00,4348.48,4348.59,0.11,117
2026-09-11T18:16:00.247+00:00,4348.46,4348.59,0.13,117
2026-09-11T18:16:00.471+00:00,4348.1,4348.21,0.11,117
2026-09-11T18:16:00.774+00:00,4348.09,4348.22,0.13,117
2026-09-11T18:16:00.996+00:00,4348.16,4348.28,0.12,117
2026-09-11T18:16:01.221+00:00,4348.18,4348.3,0.12,117
2026-09-11T18:16:01.447+00:00,4348.17,4348.29,0.12,117
2026-09-11T18:16:01.671+00:00,4347.8,4347.9,0.1,117
2026-09-11T18:16:01.896+00:00,4347.81,4347.92,0.11,117
2026-09-11T18:16:02.125+00:00,4347.82,4347.92,0.1,117
2026-09-11T18:16:02.345+00:00,4347.93,4348.01,0.08,117
2026-09-11T18:16:02.576+00:00,4347.83,4347.91,0.08,117
2026-09-11T18:16:02.798+00:00,4347.85,4347.93,0.08,117
2026-09-11T18:16:03.021+00:00,4348.19,4348.27,0.08,117
2026-09-11T18:16:03.248+00:00,4348.52,4348.6,0.08,117
2026-09-11T18:16:03.472+00:00,4348.68,4348.76,0.08,117
2026-09-11T18:16:03.698+00:00,4348.99,4349.07,0.08,117
2026-09-11T18:16:03.923+00:00,4348.62,4348.71,0.09,117
2026-09-11T18:16:04.151+00:00,4348.58,4348.66,0.08,117
2026-09-11T18:16:04.374+00:00,4348.57,4348.66,0.09,117
2026-09-11T18:16:04.824+00:00,4348.44,4348.53,0.09,117
2026-09-11T18:16:05.052+00:00,4348.41,4348.5,0.09,117
2026-09-11T18:16:05.272+00:00,4348.59,4348.68,0.09,117
2026-09-11T18:16:05.506+00:00,4348.58,4348.66,0.08,117
2026-09-11T18:16:05.721+00:00,4348.57,4348.65,0.08,117
2026-09-11T18:16:05.949+00:00,4348.54,4348.62,0.08,117
2026-09-11T18:16:06.173+00:00,4348.64,4348.72,0.08,117
2026-09-11T18:16:06.474+00:00,4348.65,4348.73,0.08,117
2026-09-11T18:16:06.700+00:00,4348.72,4348.8,0.08,117
2026-09-11T18:16:06.928+00:00,4348.74,4348.82,0.08,117
2026-09-11T18:16:07.159+00:00,4348.69,4348.77,0.08,117
2026-09-11T18:16:07.377+00:00,4348.72,4348.8,0.08,117
2026-09-11T18:16:07.609+00:00,4348.64,4348.72,0.08,117
2026-09-11T18:16:07.835+00:00,4348.7,4348.78,0.08,117
2026-09-11T18:16:08.061+00:00,4348.49,4348.57,0.08,117
2026-09-11T18:16:08.281+00:00,4348.46,4348.55,0.09,117
2026-09-11T18:16:08.510+00:00,4348.47,4348.58,0.11,117
2026-09-11T18:16:08.964+00:00,4348.48,4348.56,0.08,117
2026-09-11T18:16:09.192+00:00,4348.55,4348.65,0.1,117
2026-09-11T18:16:09.432+00:00,4348.71,4348.8,0.09,117
2026-09-11T18:16:09.657+00:00,4348.79,4348.87,0.08,117
2026-09-11T18:16:09.879+00:00,4348.81,4348.89,0.08,117
2026-09-11T18:16:10.336+00:00,4348.85,4348.93,0.08,117
2026-09-11T18:16:10.557+00:00,4348.89,4348.97,0.08,117
2026-09-11T18:16:10.810+00:00,4348.98,4349.06,0.08,117
2026-09-11T18:16:11.012+00:00,4348.84,4348.92,0.08,117
2026-09-11T18:16:11.231+00:00,4348.92,4349.0,0.08,117
2026-09-11T18:16:11.609+00:00,4348.97,4349.05,0.08,117
2026-09-11T18:16:11.834+00:00,4349.0,4349.08,0.08,117
2026-09-11T18:16:12.065+00:00,4349.02,4349.1,0.08,117
2026-09-11T18:16:12.285+00:00,4349.01,4349.09,0.08,117
2026-09-11T18:16:12.727+00:00,4349.02,4349.1,0.08,117
2026-09-11T18:16:12.960+00:00,4348.88,4348.96,0.08,117
2026-09-11T18:16:13.184+00:00,4348.91,4348.99,0.08,117
2026-09-11T18:16:13.560+00:00,4348.97,4349.05,0.08,117
2026-09-11T18:16:13.785+00:00,4348.92,4349.0,0.08,117
2026-09-11T18:16:14.011+00:00,4348.99,4349.07,0.08,117
2026-09-11T18:16:14.235+00:00,4348.96,4349.07,0.11,117
2026-09-11T18:16:14.460+00:00,4348.82,4348.92,0.1,117
2026-09-11T18:16:14.685+00:00,4348.88,4348.96,0.08,117
2026-09-11T18:16:14.913+00:00,4348.98,4349.06,0.08,117
2026-09-11T18:16:15.361+00:00,4348.76,4348.84,0.08,117
2026-09-11T18:16:15.587+00:00,4348.81,4348.89,0.08,117
2026-09-11T18:16:15.811+00:00,4348.85,4348.93,0.08,117
2026-09-11T18:16:16.036+00:00,4348.86,4348.94,0.08,117
2026-09-11T18:16:16.262+00:00,4348.89,4348.97,0.08,117
2026-09-11T18:16:16.487+00:00,4349.01,4349.09,0.08,117
2026-09-11T18:16:16.711+00:00,4348.99,4349.07,0.08,117
2026-09-11T18:16:16.943+00:00,4349.17,4349.25,0.08,117
2026-09-11T18:16:17.237+00:00,4349.13,4349.21,0.08,117
2026-09-11T18:16:17.465+00:00,4348.83,4348.91,0.08,117
2026-09-11T18:16:18.069+00:00,4348.98,4349.06,0.08,117
2026-09-11T18:16:18.288+00:00,4348.97,4349.05,0.08,117
2026-09-11T18:16:18.515+00:00,4348.76,4348.84,0.08,117
2026-09-11T18:16:18.718+00:00,4348.75,4348.83,0.08,117
2026-09-11T18:16:19.191+00:00,4348.72,4348.8,0.08,117
2026-09-11T18:16:19.415+00:00,4348.71,4348.79,0.08,117
2026-09-11T18:16:19.641+00:00,4348.77,4348.85,0.08,117
2026-09-11T18:16:19.939+00:00,4348.78,4348.86,0.08,117
2026-09-11T18:16:20.165+00:00,4348.82,4348.9,0.08,117
2026-09-11T18:16:20.692+00:00,4348.96,4349.04,0.08,117
2026-09-11T18:16:20.915+00:00,4348.94,4349.02,0.08,117
2026-09-11T18:16:21.442+00:00,4348.97,4349.05,0.08,117
2026-09-11T18:16:21.665+00:00,4348.98,4349.06,0.08,117
2026-09-11T18:16:21.890+00:00,4349.25,4349.33,0.08,117
2026-09-11T18:16:22.115+00:00,4349.39,4349.47,0.08,117
2026-09-11T18:16:22.341+00:00,4349.32,4349.4,0.08,117
2026-09-11T18:16:22.566+00:00,4349.35,4349.43,0.08,117
2026-09-11T18:16:22.795+00:00,4349.23,4349.31,0.08,117
2026-09-11T18:16:23.016+00:00,4349.1,4349.18,0.08,117
2026-09-11T18:16:23.242+00:00,4349.15,4349.24,0.09,117
2026-09-11T18:16:23.469+00:00,4349.16,4349.24,0.08,117
2026-09-11T18:16:23.994+00:00,4349.21,4349.29,0.08,117
2026-09-11T18:16:24.218+00:00,4349.51,4349.59,0.08,117
2026-09-11T18:16:24.444+00:00,4349.8,4349.88,0.08,118
2026-09-11T18:16:24.668+00:00,4349.84,4349.92,0.08,118
2026-09-11T18:16:24.894+00:00,4349.83,4349.91,0.08,118
2026-09-11T18:16:25.118+00:00,4349.66,4349.74,0.08,118
2026-09-11T18:16:25.345+00:00,4349.61,4349.72,0.11,118
2026-09-11T18:16:25.645+00:00,4349.63,4349.75,0.12,118
2026-09-11T18:16:25.945+00:00,4349.72,4349.85,0.13,118
2026-09-11T18:16:26.406+00:00,4349.77,4349.88,0.11,118
2026-09-11T18:16:26.630+00:00,4349.86,4349.96,0.1,118
2026-09-11T18:16:26.854+00:00,4349.69,4349.8,0.11,118
2026-09-11T18:16:27.086+00:00,4349.55,4349.66,0.11,118
2026-09-11T18:16:27.305+00:00,4349.33,4349.45,0.12,118
2026-09-11T18:16:27.605+00:00,4349.22,4349.34,0.12,118
2026-09-11T18:16:27.832+00:00,4348.79,4348.9,0.11,118
2026-09-11T18:16:28.062+00:00,4348.67,4348.77,0.1,118
2026-09-11T18:16:28.285+00:00,4348.87,4348.96,0.09,118
2026-09-11T18:16:28.510+00:00,4348.86,4348.94,0.08,118
2026-09-11T18:16:28.958+00:00,4348.87,4348.95,0.08,118
2026-09-11T18:16:29.183+00:00,4348.86,4348.94,0.08,118
2026-09-11T18:16:29.483+00:00,4348.88,4348.97,0.09,118
2026-09-11T18:16:29.719+00:00,4348.93,4349.01,0.08,118
2026-09-11T18:16:29.934+00:00,4349.13,4349.21,0.08,118
2026-09-11T18:16:30.239+00:00,4349.14,4349.22,0.08,118
2026-09-11T18:16:30.534+00:00,4349.16,4349.24,0.08,118
2026-09-11T18:16:30.761+00:00,4349.15,4349.24,0.09,118
2026-09-11T18:16:30.985+00:00,4349.07,4349.16,0.09,118
2026-09-11T18:16:31.212+00:00,4349.08,4349.17,0.09,118
2026-09-11T18:16:31.435+00:00,4349.1,4349.19,0.09,118
2026-09-11T18:16:31.969+00:00,4348.92,4349.01,0.09,118
2026-09-11T18:16:32.222+00:00,4348.91,4349.0,0.09,118
2026-09-11T18:16:32.864+00:00,4348.93,4349.02,0.09,118
2026-09-11T18:16:33.087+00:00,4349.01,4349.1,0.09,118
2026-09-11T18:16:33.312+00:00,4349.03,4349.12,0.09,118
2026-09-11T18:16:33.537+00:00,4349.06,4349.14,0.08,118
2026-09-11T18:16:33.839+00:00,4349.27,4349.36,0.09,118
2026-09-11T18:16:34.063+00:00,4349.02,4349.1,0.08,118
2026-09-11T18:16:34.363+00:00,4349.02,4349.12,0.1,118
2026-09-11T18:16:34.720+00:00,4349.28,4349.38,0.1,118
2026-09-11T18:16:35.167+00:00,4349.25,4349.35,0.1,118
2026-09-11T18:16:35.394+00:00,4349.23,4349.31,0.08,118
2026-09-11T18:16:35.616+00:00,4349.15,4349.24,0.09,118
2026-09-11T18:16:35.841+00:00,4349.0,4349.11,0.11,118
2026-09-11T18:16:36.070+00:00,4348.98,4349.09,0.11,118
2026-09-11T18:16:36.292+00:00,4349.1,4349.2,0.1,118
2026-09-11T18:16:36.517+00:00,4349.12,4349.2,0.08,118
2026-09-11T18:16:36.720+00:00,4349.13,4349.22,0.09,118
2026-09-11T18:16:36.974+00:00,4349.05,4349.14,0.09,118
2026-09-11T18:16:37.266+00:00,4349.03,4349.15,0.12,118
2026-09-11T18:16:37.491+00:00,4348.99,4349.12,0.13,118
2026-09-11T18:16:37.719+00:00,4349.01,4349.13,0.12,118
2026-09-11T18:16:38.017+00:00,4349.0,4349.12,0.12,118
2026-09-11T18:16:38.330+00:00,4348.97,4349.09,0.12,118
2026-09-11T18:16:38.554+00:00,4349.06,4349.16,0.1,118
2026-09-11T18:16:38.779+00:00,4349.03,4349.11,0.08,118
2026-09-11T18:16:39.003+00:00,4349.01,4349.1,0.09,118
2026-09-11T18:16:39.229+00:00,4349.02,4349.1,0.08,118
2026-09-11T18:16:39.453+00:00,4349.08,4349.16,0.08,118
2026-09-11T18:16:39.679+00:00,4348.83,4348.93,0.1,118
2026-09-11T18:16:39.904+00:00,4348.72,4348.83,0.11,118
2026-09-11T18:16:40.131+00:00,4348.71,4348.82,0.11,118
2026-09-11T18:16:40.355+00:00,4348.67,4348.77,0.1,118
2026-09-11T18:16:40.579+00:00,4348.68,4348.8,0.12,118
2026-09-11T18:16:40.802+00:00,4348.8,4348.91,0.11,118
2026-09-11T18:16:41.028+00:00,4348.99,4349.08,0.09,118
2026-09-11T18:16:41.255+00:00,4349.0,4349.11,0.11,118
2026-09-11T18:16:41.555+00:00,4348.9,4349.03,0.13,118
2026-09-11T18:16:41.780+00:00,4349.01,4349.1,0.09,118
2026-09-11T18:16:42.006+00:00,4349.11,4349.19,0.08,118
2026-09-11T18:16:42.235+00:00,4349.09,4349.2,0.11,118
2026-09-11T18:16:42.530+00:00,4349.1,4349.23,0.13,118
2026-09-11T18:16:42.835+00:00,4349.06,4349.18,0.12,118
2026-09-11T18:16:43.055+00:00,4349.05,4349.18,0.13,118
2026-09-11T18:16:43.432+00:00,4349.06,4349.17,0.11,118
2026-09-11T18:16:43.656+00:00,4349.06,4349.18,0.12,118
2026-09-11T18:16:44.101+00:00,4349.05,4349.17,0.12,118
2026-09-11T18:16:44.325+00:00,4349.12,4349.22,0.1,118
2026-09-11T18:16:44.554+00:00,4349.13,4349.23,0.1,118
2026-09-11T18:16:44.777+00:00,4349.1,4349.19,0.09,118
2026-09-11T18:16:45.001+00:00,4349.09,4349.2,0.11,118
2026-09-11T18:16:45.225+00:00,4349.09,4349.21,0.12,118
2026-09-11T18:16:45.721+00:00,4349.08,4349.2,0.12,118
2026-09-11T18:16:45.979+00:00,4348.97,4349.08,0.11,118
2026-09-11T18:16:46.202+00:00,4348.98,4349.07,0.09,118
2026-09-11T18:16:46.429+00:00,4348.97,4349.05,0.08,118
2026-09-11T18:16:46.879+00:00,4348.99,4349.07,0.08,118
2026-09-11T18:16:47.329+00:00,4348.98,4349.06,0.08,118
2026-09-11T18:16:47.554+00:00,4348.87,4348.96,0.09,118
2026-09-11T18:16:47.780+00:00,4348.85,4348.96,0.11,118
2026-09-11T18:16:48.005+00:00,4348.88,4348.98,0.1,118
2026-09-11T18:16:48.229+00:00,4348.9,4348.98,0.08,118
2026-09-11T18:16:48.455+00:00,4348.92,4349.0,0.08,118
2026-09-11T18:16:48.755+00:00,4348.91,4349.01,0.1,118
2026-09-11T18:16:49.182+00:00,4348.93,4349.02,0.09,118
2026-09-11T18:16:49.407+00:00,4348.97,4349.06,0.09,119
2026-09-11T18:16:49.630+00:00,4348.96,4349.07,0.11,119
2026-09-11T18:16:49.855+00:00,4348.97,4349.06,0.09,119
2026-09-11T18:16:50.083+00:00,4348.95,4349.05,0.1,119
2026-09-11T18:16:50.319+00:00,4348.86,4348.96,0.1,119
2026-09-11T18:16:50.540+00:00,4348.85,4348.95,0.1,119
2026-09-11T18:16:50.767+00:00,4348.5,4348.61,0.11,119
2026-09-11T18:16:50.995+00:00,4348.5,4348.58,0.08,119
2026-09-11T18:16:51.218+00:00,4348.88,4348.96,0.08,119
2026-09-11T18:16:51.443+00:00,4348.95,4349.03,0.08,119
2026-09-11T18:16:51.669+00:00,4349.07,4349.16,0.09,119
2026-09-11T18:16:51.891+00:00,4349.03,4349.11,0.08,119
2026-09-11T18:16:52.117+00:00,4349.04,4349.12,0.08,119
2026-09-11T18:16:52.342+00:00,4349.19,4349.28,0.09,119
2026-09-11T18:16:52.661+00:00,4349.22,4349.3,0.08,119
2026-09-11T18:16:52.887+00:00,4349.34,4349.42,0.08,119
2026-09-11T18:16:53.111+00:00,4349.38,4349.46,0.08,119
2026-09-11T18:16:53.336+00:00,4349.3,4349.38,0.08,119
2026-09-11T18:16:53.564+00:00,4349.29,4349.39,0.1,119
2026-09-11T18:16:53.789+00:00,4349.31,4349.39,0.08,119
2026-09-11T18:16:54.017+00:00,4349.33,4349.41,0.08,119
2026-09-11T18:16:54.544+00:00,4349.32,4349.4,0.08,119
2026-09-11T18:16:54.788+00:00,4349.31,4349.4,0.09,119
2026-09-11T18:16:55.041+00:00,4349.25,4349.34,0.09,119
2026-09-11T18:16:55.340+00:00,4349.22,4349.3,0.08,119
2026-09-11T18:16:55.642+00:00,4349.29,4349.39,0.1,119
2026-09-11T18:16:55.957+00:00,4348.95,4349.09,0.14,119
2026-09-11T18:16:56.352+00:00,4348.97,4349.07,0.1,119
2026-09-11T18:16:56.652+00:00,4348.97,4349.08,0.11,119
2026-09-11T18:16:56.904+00:00,4348.98,4349.07,0.09,119
2026-09-11T18:16:57.204+00:00,4348.99,4349.09,0.1,119
2026-09-11T18:16:57.429+00:00,4349.31,4349.4,0.09,119
2026-09-11T18:16:57.653+00:00,4349.34,4349.42,0.08,119
2026-09-11T18:16:57.889+00:00,4349.35,4349.43,0.08,119
2026-09-11T18:16:58.104+00:00,4349.42,4349.51,0.09,119
2026-09-11T18:16:58.329+00:00,4349.38,4349.47,0.09,119
2026-09-11T18:16:58.552+00:00,4349.32,4349.41,0.09,119
2026-09-11T18:16:58.777+00:00,4349.31,4349.4,0.09,119
2026-09-11T18:16:59.078+00:00,4349.35,4349.45,0.1,119
2026-09-11T18:16:59.304+00:00,4349.35,4349.47,0.12,119
2026-09-11T18:16:59.949+00:00,4349.37,4349.48,0.11,119
2026-09-11T18:17:00.471+00:00,4349.38,4349.47,0.09,119
2026-09-11T18:17:00.975+00:00,4349.32,4349.43,0.11,119
2026-09-11T18:17:01.199+00:00,4349.29,4349.39,0.1,119
2026-09-11T18:17:01.425+00:00,4349.31,4349.39,0.08,119
2026-09-11T18:17:02.028+00:00,4349.29,4349.38,0.09,119
2026-09-11T18:17:02.257+00:00,4349.31,4349.39,0.08,119
2026-09-11T18:17:02.576+00:00,4349.32,4349.4,0.08,119
2026-09-11T18:17:02.982+00:00,4349.34,4349.42,0.08,119
2026-09-11T18:17:03.209+00:00,4349.35,4349.44,0.09,119
2026-09-11T18:17:03.433+00:00,4349.35,4349.43,0.08,119
2026-09-11T18:17:03.661+00:00,4349.28,4349.36,0.08,119
2026-09-11T18:17:04.184+00:00,4349.21,4349.29,0.08,119
2026-09-11T18:17:04.634+00:00,4349.29,4349.37,0.08,119
2026-09-11T18:17:04.860+00:00,4349.08,4349.17,0.09,119
2026-09-11T18:17:05.083+00:00,4349.12,4349.2,0.08,119
2026-09-11T18:17:05.385+00:00,4349.37,4349.45,0.08,119
2026-09-11T18:17:05.685+00:00,4349.4,4349.48,0.08,119
2026-09-11T18:17:05.913+00:00,4349.41,4349.49,0.08,119
2026-09-11T18:17:06.135+00:00,4349.64,4349.72,0.08,119
2026-09-11T18:17:06.360+00:00,4349.57,4349.65,0.08,119
2026-09-11T18:17:06.586+00:00,4349.51,4349.61,0.1,119
2026-09-11T18:17:07.037+00:00,4349.47,4349.57,0.1,119
2026-09-11T18:17:07.263+00:00,4349.4,4349.49,0.09,119
2026-09-11T18:17:07.486+00:00,4349.5,4349.59,0.09,119
2026-09-11T18:17:07.712+00:00,4349.52,4349.62,0.1,119
2026-09-11T18:17:08.162+00:00,4349.54,4349.63,0.09,119
2026-09-11T18:17:08.388+00:00,4349.62,4349.72,0.1,119
2026-09-11T18:17:08.618+00:00,4349.69,4349.77,0.08,119
2026-09-11T18:17:08.841+00:00,4349.71,4349.79,0.08,119
2026-09-11T18:17:09.063+00:00,4349.74,4349.82,0.08,119
2026-09-11T18:17:09.821+00:00,4349.73,4349.81,0.08,119
2026-09-11T18:17:10.042+00:00,4349.76,4349.84,0.08,119
2026-09-11T18:17:10.343+00:00,4349.76,4349.87,0.11,119
2026-09-11T18:17:10.568+00:00,4349.66,4349.78,0.12,119
2026-09-11T18:17:10.792+00:00,4349.64,4349.72,0.08,119
2026-09-11T18:17:11.019+00:00,4349.6,4349.68,0.08,119
2026-09-11T18:17:11.244+00:00,4349.46,4349.54,0.08,119
2026-09-11T18:17:11.472+00:00,4349.47,4349.55,0.08,119
2026-09-11T18:17:12.070+00:00,4349.3,4349.38,0.08,119
2026-09-11T18:17:12.295+00:00,4349.18,4349.27,0.09,119
2026-09-11T18:17:12.721+00:00,4349.15,4349.25,0.1,119
2026-09-11T18:17:13.048+00:00,4349.35,4349.46,0.11,119
2026-09-11T18:17:13.352+00:00,4349.36,4349.45,0.09,119
2026-09-11T18:17:13.590+00:00,4349.34,4349.44,0.1,119
2026-09-11T18:17:13.818+00:00,4349.81,4349.9,0.09,119
2026-09-11T18:17:14.051+00:00,4350.32,4350.42,0.1,119
2026-09-11T18:17:14.275+00:00,4350.18,4350.26,0.08,119
2026-09-11T18:17:14.499+00:00,4350.08,4350.16,0.08,119
2026-09-11T18:17:15.307+00:00,4350.11,4350.19,0.08,120
2026-09-11T18:17:15.531+00:00,4350.19,4350.27,0.08,120
2026-09-11T18:17:15.756+00:00,4350.22,4350.3,0.08,120
2026-09-11T18:17:16.057+00:00,4350.29,4350.37,0.08,120
2026-09-11T18:17:16.355+00:00,4350.27,4350.38,0.11,120
2026-09-11T18:17:16.718+00:00,4350.3,4350.41,0.11,120
2026-09-11T18:17:17.338+00:00,4350.28,4350.41,0.13,120
2026-09-11T18:17:17.706+00:00,4350.27,4350.38,0.11,120
2026-09-11T18:17:18.083+00:00,4350.31,4350.41,0.1,120
2026-09-11T18:17:18.382+00:00,4350.26,4350.37,0.11,120
2026-09-11T18:17:18.607+00:00,4350.29,4350.38,0.09,120
2026-09-11T18:17:18.832+00:00,4350.38,4350.46,0.08,120
2026-09-11T18:17:19.058+00:00,4350.36,4350.44,0.08,120
2026-09-11T18:17:19.442+00:00,4350.39,4350.47,0.08,120
2026-09-11T18:17:19.667+00:00,4350.51,4350.59,0.08,120
2026-09-11T18:17:19.891+00:00,4350.59,4350.67,0.08,120
2026-09-11T18:17:20.118+00:00,4350.52,4350.6,0.08,120
2026-09-11T18:17:20.340+00:00,4350.51,4350.59,0.08,120
2026-09-11T18:17:20.667+00:00,4350.4,4350.5,0.1,120
2026-09-11T18:17:20.891+00:00,4350.4,4350.52,0.12,120
2026-09-11T18:17:21.117+00:00,4350.45,4350.56,0.11,120
2026-09-11T18:17:21.343+00:00,4350.51,4350.6,0.09,120
2026-09-11T18:17:21.567+00:00,4350.53,4350.61,0.08,120
2026-09-11T18:17:21.795+00:00,4350.54,4350.62,0.08,120
2026-09-11T18:17:22.178+00:00,4350.55,4350.63,0.08,120
2026-09-11T18:17:22.507+00:00,4350.51,4350.61,0.1,120
2026-09-11T18:17:22.957+00:00,4350.48,4350.58,0.1,120
2026-09-11T18:17:23.257+00:00,4350.49,4350.57,0.08,120
2026-09-11T18:17:23.485+00:00,4350.44,4350.52,0.08,120
2026-09-11T18:17:23.718+00:00,4350.49,4350.57,0.08,120
2026-09-11T18:17:23.936+00:00,4350.55,4350.63,0.08,120
2026-09-11T18:17:24.535+00:00,4350.53,4350.61,0.08,120
2026-09-11T18:17:24.763+00:00,4350.58,4350.67,0.09,120
2026-09-11T18:17:24.988+00:00,4350.55,4350.63,0.08,120
2026-09-11T18:17:25.587+00:00,4350.53,4350.61,0.08,120
2026-09-11T18:17:26.046+00:00,4350.48,4350.56,0.08,120
2026-09-11T18:17:26.243+00:00,4350.44,4350.52,0.08,120
2026-09-11T18:17:26.541+00:00,4350.37,4350.45,0.08,120
2026-09-11T18:17:26.942+00:00,4350.31,4350.39,0.08,120
2026-09-11T18:17:26.992+00:00,4350.28,4350.36,0.08,120
2026-09-11T18:17:27.218+00:00,4350.25,4350.33,0.08,120
2026-09-11T18:17:27.668+00:00,4350.24,4350.32,0.08,120
2026-09-11T18:17:28.111+00:00,4350.15,4350.23,0.08,120
2026-09-11T18:17:28.381+00:00,4350.1,4350.18,0.08,120
2026-09-11T18:17:28.607+00:00,4350.16,4350.24,0.08,120
2026-09-11T18:17:28.831+00:00,4350.19,4350.27,0.08,120
2026-09-11T18:17:29.058+00:00,4349.99,4350.07,0.08,120
2026-09-11T18:17:29.282+00:00,4350.16,4350.24,0.08,120
2026-09-11T18:17:29.507+00:00,4350.17,4350.27,0.1,120
2026-09-11T18:17:29.720+00:00,4350.21,4350.31,0.1,120
2026-09-11T18:17:29.958+00:00,4350.25,4350.33,0.08,120
2026-09-11T18:17:30.364+00:00,4350.24,4350.32,0.08,120
2026-09-11T18:17:30.791+00:00,4350.16,4350.24,0.08,120
2026-09-11T18:17:31.099+00:00,4349.99,4350.07,0.08,120
2026-09-11T18:17:31.325+00:00,4350.02,4350.1,0.08,120
2026-09-11T18:17:32.039+00:00,4350.03,4350.11,0.08,120
2026-09-11T18:17:32.795+00:00,4350.11,4350.19,0.08,120
2026-09-11T18:17:33.032+00:00,4350.07,4350.15,0.08,120
2026-09-11T18:17:33.258+00:00,4349.43,4349.51,0.08,120
2026-09-11T18:17:33.483+00:00,4349.46,4349.55,0.09,120
2026-09-11T18:17:33.707+00:00,4349.43,4349.55,0.12,120
2026-09-11T18:17:33.932+00:00,4349.34,4349.45,0.11,120
2026-09-11T18:17:34.157+00:00,4349.43,4349.51,0.08,120
2026-09-11T18:17:34.384+00:00,4349.2,4349.28,0.08,120
2026-09-11T18:17:34.608+00:00,4349.27,4349.35,0.08,120
2026-09-11T18:17:34.865+00:00,4349.29,4349.37,0.08,120
2026-09-11T18:17:35.098+00:00,4349.28,4349.36,0.08,120
2026-09-11T18:17:35.318+00:00,4349.4,4349.48,0.08,120
2026-09-11T18:17:35.544+00:00,4349.37,4349.45,0.08,120
2026-09-11T18:17:35.768+00:00,4349.38,4349.46,0.08,120
2026-09-11T18:17:36.140+00:00,4349.36,4349.44,0.08,120
2026-09-11T18:17:36.590+00:00,4349.41,4349.49,0.08,120
2026-09-11T18:17:37.086+00:00,4349.35,4349.43,0.08,120
2026-09-11T18:17:37.312+00:00,4349.24,4349.32,0.08,120
2026-09-11T18:17:37.538+00:00,4349.56,4349.65,0.09,120
2026-09-11T18:17:37.763+00:00,4349.52,4349.61,0.09,120
2026-09-11T18:17:37.988+00:00,4350.13,4350.21,0.08,120
2026-09-11T18:17:38.212+00:00,4350.15,4350.23,0.08,120
2026-09-11T18:17:38.437+00:00,4349.99,4350.07,0.08,120
2026-09-11T18:17:38.680+00:00,4349.82,4349.94,0.12,120
2026-09-11T18:17:38.894+00:00,4349.86,4349.98,0.12,120
2026-09-11T18:17:39.129+00:00,4349.87,4349.98,0.11,120
2026-09-11T18:17:39.349+00:00,4349.88,4349.99,0.11,120
2026-09-11T18:17:39.578+00:00,4349.94,4350.05,0.11,120
2026-09-11T18:17:39.804+00:00,4349.98,4350.08,0.1,121
2026-09-11T18:17:40.269+00:00,4349.75,4349.85,0.1,121
2026-09-11T18:17:40.501+00:00,4349.8,4349.9,0.1,121
2026-09-11T18:17:40.718+00:00,4349.88,4349.99,0.11,121
2026-09-11T18:17:40.948+00:00,4349.68,4349.76,0.08,121
2026-09-11T18:17:41.173+00:00,4349.66,4349.74,0.08,121
2026-09-11T18:17:41.399+00:00,4349.53,4349.61,0.08,121
2026-09-11T18:17:41.699+00:00,4349.5,4349.58,0.08,121
2026-09-11T18:17:41.926+00:00,4349.46,4349.54,0.08,121
2026-09-11T18:17:42.147+00:00,4349.61,4349.69,0.08,121
2026-09-11T18:17:42.602+00:00,4349.5,4349.58,0.08,121
2026-09-11T18:17:42.823+00:00,4349.61,4349.69,0.08,121
2026-09-11T18:17:43.618+00:00,4350.29,4350.37,0.08,121
2026-09-11T18:17:43.619+00:00,4350.23,4350.31,0.08,121
2026-09-11T18:17:43.988+00:00,4350.22,4350.3,0.08,121
2026-09-11T18:17:44.194+00:00,4350.02,4350.1,0.08,121
2026-09-11T18:17:44.402+00:00,4349.99,4350.07,0.08,121
2026-09-11T18:17:45.012+00:00,4349.91,4349.99,0.08,121
2026-09-11T18:17:45.152+00:00,4349.85,4349.93,0.08,121
2026-09-11T18:17:46.147+00:00,4349.83,4349.91,0.08,121
2026-09-11T18:17:46.372+00:00,4349.88,4349.96,0.08,121
2026-09-11T18:17:46.826+00:00,4349.87,4349.95,0.08,121
2026-09-11T18:17:47.106+00:00,4349.86,4349.94,0.08,121
2026-09-11T18:17:47.335+00:00,4349.94,4350.02,0.08,121
2026-09-11T18:17:47.711+00:00,4349.96,4350.04,0.08,121
2026-09-11T18:17:48.081+00:00,4349.88,4349.96,0.08,121
2026-09-11T18:17:48.606+00:00,4350.17,4350.25,0.08,121
2026-09-11T18:17:48.831+00:00,4350.64,4350.72,0.08,121
2026-09-11T18:17:49.056+00:00,4350.59,4350.67,0.08,121
2026-09-11T18:17:49.283+00:00,4350.57,4350.65,0.08,121
2026-09-11T18:17:49.515+00:00,4350.46,4350.54,0.08,121
2026-09-11T18:17:49.719+00:00,4350.55,4350.63,0.08,121
2026-09-11T18:17:49.969+00:00,4350.5,4350.58,0.08,121
2026-09-11T18:17:50.268+00:00,4350.31,4350.39,0.08,121
2026-09-11T18:17:50.491+00:00,4349.86,4349.96,0.1,121
2026-09-11T18:17:50.717+00:00,4350.13,4350.22,0.09,121
2026-09-11T18:17:50.941+00:00,4350.11,4350.19,0.08,121
2026-09-11T18:17:51.167+00:00,4350.22,4350.3,0.08,121
2026-09-11T18:17:51.391+00:00,4350.49,4350.57,0.08,121
2026-09-11T18:17:51.619+00:00,4350.54,4350.62,0.08,121
2026-09-11T18:17:51.842+00:00,4350.51,4350.64,0.13,121
2026-09-11T18:17:52.067+00:00,4350.25,4350.36,0.11,121
2026-09-11T18:17:52.291+00:00,4350.29,4350.38,0.09,121
2026-09-11T18:17:52.517+00:00,4350.22,4350.3,0.08,121
2026-09-11T18:17:52.718+00:00,4350.27,4350.35,0.08,121
2026-09-11T18:17:52.968+00:00,4350.05,4350.13,0.08,121
2026-09-11T18:17:53.455+00:00,4350.06,4350.14,0.08,121
2026-09-11T18:17:53.721+00:00,4350.17,4350.25,0.08,121
2026-09-11T18:17:53.933+00:00,4350.44,4350.52,0.08,121
2026-09-11T18:17:54.158+00:00,4350.32,4350.41,0.09,121
2026-09-11T18:17:54.378+00:00,4349.91,4350.02,0.11,121
2026-09-11T18:17:54.681+00:00,4349.84,4349.92,0.08,121
2026-09-11T18:17:54.906+00:00,4350.02,4350.1,0.08,121
2026-09-11T18:17:55.506+00:00,4350.0,4350.08,0.08,121
2026-09-11T18:17:55.896+00:00,4349.91,4349.99,0.08,121
2026-09-11T18:17:56.120+00:00,4349.87,4349.95,0.08,121
2026-09-11T18:17:56.421+00:00,4349.84,4349.92,0.08,121
2026-09-11T18:17:56.856+00:00,4349.8,4349.88,0.08,121
2026-09-11T18:17:57.153+00:00,4349.85,4349.93,0.08,121
2026-09-11T18:17:57.380+00:00,4349.88,4349.96,0.08,121
2026-09-11T18:17:57.719+00:00,4349.87,4349.95,0.08,121
2026-09-11T18:17:57.980+00:00,4349.86,4349.94,0.08,121
2026-09-11T18:17:58.431+00:00,4349.88,4349.96,0.08,121
2026-09-11T18:18:00.723+00:00,4350.03,4350.11,0.08,121
2026-09-11T18:18:01.007+00:00,4349.84,4349.92,0.08,121
2026-09-11T18:18:01.306+00:00,4349.97,4350.05,0.08,121
2026-09-11T18:18:01.756+00:00,4350.05,4350.13,0.08,121
2026-09-11T18:18:01.987+00:00,4350.1,4350.18,0.08,121
2026-09-11T18:18:02.208+00:00,4350.08,4350.16,0.08,121
2026-09-11T18:18:02.438+00:00,4350.04,4350.12,0.08,121
2026-09-11T18:18:02.658+00:00,4350.34,4350.42,0.08,121
2026-09-11T18:18:02.882+00:00,4350.4,4350.48,0.08,121
2026-09-11T18:18:03.107+00:00,4350.36,4350.44,0.08,121
2026-09-11T18:18:03.336+00:00,4350.35,4350.43,0.08,121
2026-09-11T18:18:03.558+00:00,4350.36,4350.44,0.08,121
2026-09-11T18:18:03.857+00:00,4350.39,4350.47,0.08,121
2026-09-11T18:18:04.720+00:00,4350.4,4350.48,0.08,121
2026-09-11T18:18:05.094+00:00,4350.42,4350.5,0.08,122
2026-09-11T18:18:05.392+00:00,4350.4,4350.48,0.08,122
2026-09-11T18:18:05.618+00:00,4350.41,4350.49,0.08,122
2026-09-11T18:18:05.995+00:00,4350.42,4350.5,0.08,122
2026-09-11T18:18:06.295+00:00,4350.37,4350.45,0.08,122
2026-09-11T18:18:06.853+00:00,4350.26,4350.34,0.08,122
2026-09-11T18:18:07.156+00:00,4350.49,4350.57,0.08,122
2026-09-11T18:18:07.381+00:00,4350.39,4350.47,0.08,122
2026-09-11T18:18:07.718+00:00,4350.38,4350.47,0.09,122
2026-09-11T18:18:07.996+00:00,4350.33,4350.43,0.1,122
2026-09-11T18:18:08.234+00:00,4350.27,4350.36,0.09,122
2026-09-11T18:18:08.689+00:00,4350.37,4350.45,0.08,122
2026-09-11T18:18:08.908+00:00,4350.24,4350.32,0.08,122
2026-09-11T18:18:09.208+00:00,4350.22,4350.3,0.08,122
2026-09-11T18:18:09.432+00:00,4350.24,4350.32,0.08,122
2026-09-11T18:18:09.664+00:00,4350.32,4350.4,0.08,122
2026-09-11T18:18:10.108+00:00,4350.29,4350.37,0.08,122
2026-09-11T18:18:10.332+00:00,4350.26,4350.34,0.08,122
2026-09-11T18:18:10.637+00:00,4350.31,4350.39,0.08,122
2026-09-11T18:18:10.859+00:00,4350.28,4350.36,0.08,122
2026-09-11T18:18:11.082+00:00,4350.39,4350.47,0.08,122
2026-09-11T18:18:11.316+00:00,4350.41,4350.49,0.08,122
2026-09-11T18:18:11.534+00:00,4350.3,4350.38,0.08,122
2026-09-11T18:18:12.718+00:00,4350.29,4350.37,0.08,122
2026-09-11T18:18:13.561+00:00,4350.31,4350.39,0.08,122
2026-09-11T18:18:13.785+00:00,4350.3,4350.38,0.08,122
2026-09-11T18:18:14.013+00:00,4350.34,4350.42,0.08,122
2026-09-11T18:18:14.718+00:00,4350.3,4350.38,0.08,122
2026-09-11T18:18:14.934+00:00,4350.33,4350.43,0.1,122
2026-09-11T18:18:15.151+00:00,4350.36,4350.46,0.1,122
2026-09-11T18:18:15.724+00:00,4350.28,4350.39,0.11,122
2026-09-11T18:18:15.981+00:00,4350.32,4350.43,0.11,122
2026-09-11T18:18:16.204+00:00,4350.43,4350.53,0.1,122
2026-09-11T18:18:16.432+00:00,4350.57,4350.65,0.08,122
2026-09-11T18:18:16.736+00:00,4350.59,4350.67,0.08,122
2026-09-11T18:18:16.952+00:00,4350.63,4350.71,0.08,122
2026-09-11T18:18:17.179+00:00,4350.17,4350.25,0.08,122
2026-09-11T18:18:17.410+00:00,4350.1,4350.18,0.08,122
2026-09-11T18:18:17.639+00:00,4350.14,4350.22,0.08,122
2026-09-11T18:18:17.863+00:00,4350.24,4350.32,0.08,122
2026-09-11T18:18:18.086+00:00,4350.29,4350.37,0.08,122
2026-09-11T18:18:18.311+00:00,4350.33,4350.41,0.08,122
2026-09-11T18:18:18.534+00:00,4350.32,4350.4,0.08,122
2026-09-11T18:18:18.836+00:00,4350.4,4350.48,0.08,122
2026-09-11T18:18:19.285+00:00,4350.41,4350.49,0.08,122
2026-09-11T18:18:19.718+00:00,4350.42,4350.5,0.08,122
2026-09-11T18:18:19.963+00:00,4350.43,4350.51,0.08,122
2026-09-11T18:18:20.187+00:00,4350.45,4350.53,0.08,122
2026-09-11T18:18:20.416+00:00,4350.43,4350.51,0.08,122
2026-09-11T18:18:20.693+00:00,4350.45,4350.53,0.08,122
2026-09-11T18:18:20.921+00:00,4350.25,4350.33,0.08,122
2026-09-11T18:18:21.147+00:00,4350.26,4350.34,0.08,122
2026-09-11T18:18:21.376+00:00,4350.51,4350.59,0.08,122
2026-09-11T18:18:21.670+00:00,4350.31,4350.39,0.08,122
2026-09-11T18:18:21.899+00:00,4350.37,4350.45,0.08,122
2026-09-11T18:18:22.349+00:00,4350.38,4350.46,0.08,122
2026-09-11T18:18:22.730+00:00,4350.37,4350.45,0.08,122
2026-09-11T18:18:22.955+00:00,4350.06,4350.14,0.08,122
2026-09-11T18:18:23.186+00:00,4350.15,4350.23,0.08,122
2026-09-11T18:18:23.403+00:00,4350.0,4350.08,0.08,122
2026-09-11T18:18:23.629+00:00,4349.97,4350.05,0.08,122
2026-09-11T18:18:23.859+00:00,4350.0,4350.08,0.08,122
2026-09-11T18:18:24.309+00:00,4349.89,4349.97,0.08,122
2026-09-11T18:18:24.718+00:00,4349.9,4349.98,0.08,122
2026-09-11T18:18:25.021+00:00,4349.93,4350.01,0.08,122
2026-09-11T18:18:25.257+00:00,4349.49,4349.57,0.08,122
2026-09-11T18:18:25.471+00:00,4349.41,4349.49,0.08,122
2026-09-11T18:18:25.696+00:00,4349.21,4349.29,0.08,122
2026-09-11T18:18:25.924+00:00,4348.91,4348.99,0.08,122
2026-09-11T18:18:26.146+00:00,4348.93,4349.01,0.08,122
2026-09-11T18:18:26.372+00:00,4349.16,4349.24,0.08,122
2026-09-11T18:18:26.821+00:00,4349.14,4349.22,0.08,122
2026-09-11T18:18:27.048+00:00,4349.12,4349.2,0.08,122
2026-09-11T18:18:27.272+00:00,4349.19,4349.27,0.08,122
2026-09-11T18:18:27.507+00:00,4349.18,4349.26,0.08,122
2026-09-11T18:18:28.338+00:00,4349.15,4349.23,0.08,122
2026-09-11T18:18:28.561+00:00,4349.03,4349.11,0.08,122
2026-09-11T18:18:28.787+00:00,4349.02,4349.12,0.1,122
2026-09-11T18:18:29.045+00:00,4349.09,4349.18,0.09,122
2026-09-11T18:18:29.271+00:00,4349.22,4349.3,0.08,122
2026-09-11T18:18:29.719+00:00,4349.21,4349.29,0.08,122
2026-09-11T18:18:29.945+00:00,4349.3,4349.38,0.08,122
2026-09-11T18:18:30.253+00:00,4349.12,4349.2,0.08,123
2026-09-11T18:18:30.476+00:00,4349.22,4349.3,0.08,123
2026-09-11T18:18:30.893+00:00,4348.88,4348.96,0.08,123
2026-09-11T18:18:31.009+00:00,4349.38,4349.46,0.08,123
2026-09-11T18:18:31.464+00:00,4349.47,4349.55,0.08,123
2026-09-11T18:18:31.464+00:00,4349.48,4349.56,0.08,123
2026-09-11T18:18:31.680+00:00,4349.42,4349.5,0.08,123
2026-09-11T18:18:31.907+00:00,4349.6,4349.68,0.08,123
2026-09-11T18:18:32.206+00:00,4349.61,4349.69,0.08,123
2026-09-11T18:18:32.430+00:00,4349.7,4349.78,0.08,123
2026-09-11T18:18:32.656+00:00,4349.71,4349.79,0.08,123
2026-09-11T18:18:32.882+00:00,4349.82,4349.9,0.08,123
2026-09-11T18:18:33.106+00:00,4349.87,4349.95,0.08,123
2026-09-11T18:18:33.332+00:00,4349.95,4350.03,0.08,123
2026-09-11T18:18:33.646+00:00,4349.74,4349.82,0.08,123
2026-09-11T18:18:33.868+00:00,4349.92,4350.0,0.08,123
2026-09-11T18:18:34.094+00:00,4349.86,4349.94,0.08,123
2026-09-11T18:18:34.469+00:00,4349.84,4349.92,0.08,123
2026-09-11T18:18:34.719+00:00,4349.99,4350.07,0.08,123
2026-09-11T18:18:34.993+00:00,4349.88,4349.96,0.08,123
2026-09-11T18:18:35.167+00:00,4349.87,4349.95,0.08,123
2026-09-11T18:18:35.412+00:00,4349.93,4350.01,0.08,123
2026-09-11T18:18:35.713+00:00,4349.91,4349.99,0.08,123
2026-09-11T18:18:35.941+00:00,4349.96,4350.04,0.08,123
2026-09-11T18:18:36.170+00:00,4349.68,4349.79,0.11,123
2026-09-11T18:18:36.395+00:00,4349.68,4349.8,0.12,123
2026-09-11T18:18:36.617+00:00,4349.69,4349.8,0.11,123
2026-09-11T18:18:36.841+00:00,4349.77,4349.86,0.09,123
2026-09-11T18:18:37.143+00:00,4349.78,4349.86,0.08,123
2026-09-11T18:18:37.367+00:00,4349.87,4349.95,0.08,123
2026-09-11T18:18:37.671+00:00,4349.93,4350.01,0.08,123
2026-09-11T18:18:37.892+00:00,4350.02,4350.1,0.08,123
2026-09-11T18:18:38.343+00:00,4349.93,4350.01,0.08,123
2026-09-11T18:18:38.569+00:00,4349.93,4350.02,0.09,123
2026-09-11T18:18:38.792+00:00,4349.92,4350.02,0.1,123
2026-09-11T18:18:39.020+00:00,4350.18,4350.28,0.1,123
2026-09-11T18:18:39.978+00:00,4350.19,4350.29,0.1,123
2026-09-11T18:18:40.211+00:00,4350.33,4350.41,0.08,123
2026-09-11T18:18:40.428+00:00,4350.34,4350.42,0.08,123
2026-09-11T18:18:40.657+00:00,4350.35,4350.43,0.08,123
2026-09-11T18:18:40.880+00:00,4350.33,4350.42,0.09,123
2026-09-11T18:18:41.104+00:00,4350.31,4350.39,0.08,123
2026-09-11T18:18:41.330+00:00,4350.02,4350.1,0.08,123
2026-09-11T18:18:41.553+00:00,4350.05,4350.13,0.08,123
2026-09-11T18:18:41.855+00:00,4349.95,4350.05,0.1,123
2026-09-11T18:18:42.246+00:00,4349.87,4349.97,0.1,123
2026-09-11T18:18:42.475+00:00,4349.83,4349.91,0.08,123
2026-09-11T18:18:43.627+00:00,4349.68,4349.76,0.08,123
2026-09-11T18:18:43.852+00:00,4349.83,4349.91,0.08,123
2026-09-11T18:18:44.079+00:00,4349.75,4349.83,0.08,123
2026-09-11T18:18:44.302+00:00,4349.65,4349.73,0.08,123
2026-09-11T18:18:44.602+00:00,4349.67,4349.76,0.09,123
2026-09-11T18:18:44.832+00:00,4349.76,4349.84,0.08,123
2026-09-11T18:18:45.053+00:00,4349.92,4350.0,0.08,123
2026-09-11T18:18:45.279+00:00,4349.89,4349.97,0.08,123
2026-09-11T18:18:45.503+00:00,4349.95,4350.03,0.08,123
2026-09-11T18:18:45.718+00:00,4350.0,4350.08,0.08,123
2026-09-11T18:18:45.919+00:00,4349.99,4350.07,0.08,123
2026-09-11T18:18:46.148+00:00,4350.09,4350.17,0.08,123
2026-09-11T18:18:46.825+00:00,4350.06,4350.14,0.08,123
2026-09-11T18:18:47.269+00:00,4350.21,4350.29,0.08,123
2026-09-11T18:18:47.494+00:00,4350.27,4350.35,0.08,123
2026-09-11T18:18:47.720+00:00,4350.2,4350.28,0.08,123
2026-09-11T18:18:47.970+00:00,4350.23,4350.31,0.08,123
2026-09-11T18:18:48.193+00:00,4350.71,4350.79,0.08,123
2026-09-11T18:18:48.421+00:00,4350.73,4350.81,0.08,123
2026-09-11T18:18:48.644+00:00,4350.81,4350.89,0.08,123
2026-09-11T18:18:48.875+00:00,4350.82,4350.9,0.08,123
2026-09-11T18:18:49.094+00:00,4350.79,4350.87,0.08,123
2026-09-11T18:18:49.544+00:00,4350.75,4350.83,0.08,123
2026-09-11T18:18:49.771+00:00,4350.81,4350.89,0.08,123
2026-09-11T18:18:50.150+00:00,4350.65,4350.73,0.08,123
2026-09-11T18:18:50.371+00:00,4350.7,4350.78,0.08,123
2026-09-11T18:18:50.597+00:00,4350.79,4350.87,0.08,123
2026-09-11T18:18:50.820+00:00,4350.8,4350.88,0.08,123
2026-09-11T18:18:51.282+00:00,4350.84,4350.92,0.08,123
2026-09-11T18:18:51.505+00:00,4351.41,4351.49,0.08,123
2026-09-11T18:18:51.719+00:00,4350.93,4351.01,0.08,123
2026-09-11T18:18:51.980+00:00,4350.99,4351.11,0.12,123
2026-09-11T18:18:52.355+00:00,4350.89,4351.01,0.12,123
2026-09-11T18:18:52.577+00:00,4350.74,4350.86,0.12,123
2026-09-11T18:18:52.971+00:00,4350.73,4350.87,0.14,123
2026-09-11T18:18:53.328+00:00,4350.75,4350.88,0.13,123
2026-09-11T18:18:53.553+00:00,4350.73,4350.87,0.14,123
2026-09-11T18:18:53.777+00:00,4350.74,4350.87,0.13,123
2026-09-11T18:18:54.002+00:00,4350.92,4351.03,0.11,123
2026-09-11T18:18:54.232+00:00,4350.99,4351.09,0.1,123
2026-09-11T18:18:54.459+00:00,4350.94,4351.05,0.11,123
2026-09-11T18:18:54.721+00:00,4351.0,4351.1,0.1,123
2026-09-11T18:18:55.006+00:00,4350.97,4351.08,0.11,123
2026-09-11T18:18:55.226+00:00,4351.06,4351.17,0.11,124
2026-09-11T18:18:55.451+00:00,4350.92,4351.04,0.12,124
2026-09-11T18:18:55.676+00:00,4350.83,4350.97,0.14,124
2026-09-11T18:18:55.901+00:00,4350.79,4350.95,0.16,124
2026-09-11T18:18:56.350+00:00,4350.69,4350.84,0.15,124
2026-09-11T18:18:56.584+00:00,4350.71,4350.84,0.13,124
2026-09-11T18:18:56.811+00:00,4350.89,4351.02,0.13,124
2026-09-11T18:18:57.105+00:00,4350.92,4351.03,0.11,124
2026-09-11T18:18:57.401+00:00,4350.98,4351.08,0.1,124
2026-09-11T18:18:57.700+00:00,4351.01,4351.12,0.11,124
2026-09-11T18:18:57.925+00:00,4351.07,4351.15,0.08,124
2026-09-11T18:18:58.152+00:00,4351.28,4351.36,0.08,124
2026-09-11T18:18:58.374+00:00,4351.09,4351.17,0.08,124
2026-09-11T18:19:00.492+00:00,4351.08,4351.16,0.08,124
2026-09-11T18:19:00.715+00:00,4350.98,4351.06,0.08,124
2026-09-11T18:19:00.940+00:00,4350.93,4351.01,0.08,124
2026-09-11T18:19:01.390+00:00,4350.92,4351.0,0.08,124
2026-09-11T18:19:01.617+00:00,4351.08,4351.16,0.08,124
2026-09-11T18:19:02.999+00:00,4350.97,4351.05,0.08,124
2026-09-11T18:19:03.224+00:00,4350.88,4350.96,0.08,124
2026-09-11T18:19:03.676+00:00,4350.89,4350.97,0.08,124
2026-09-11T18:19:04.272+00:00,4350.87,4350.95,0.08,124
2026-09-11T18:19:04.798+00:00,4350.93,4351.01,0.08,124
2026-09-11T18:19:05.024+00:00,4350.94,4351.02,0.08,124
2026-09-11T18:19:05.249+00:00,4350.91,4350.99,0.08,124
2026-09-11T18:19:05.548+00:00,4350.89,4350.97,0.08,124
2026-09-11T18:19:05.776+00:00,4350.98,4351.07,0.09,124
2026-09-11T18:19:06.019+00:00,4351.11,4351.19,0.08,124
2026-09-11T18:19:06.227+00:00,4351.29,4351.37,0.08,124
2026-09-11T18:19:06.448+00:00,4351.25,4351.33,0.08,124
2026-09-11T18:19:06.672+00:00,4351.24,4351.32,0.08,124
2026-09-11T18:19:06.899+00:00,4351.22,4351.3,0.08,124
2026-09-11T18:19:07.124+00:00,4351.27,4351.35,0.08,124
2026-09-11T18:19:07.581+00:00,4351.45,4351.53,0.08,124
2026-09-11T18:19:07.799+00:00,4351.39,4351.47,0.08,124
2026-09-11T18:19:08.330+00:00,4351.34,4351.42,0.08,124
2026-09-11T18:19:08.629+00:00,4351.26,4351.34,0.08,124
2026-09-11T18:19:09.002+00:00,4351.23,4351.31,0.08,124
2026-09-11T18:19:09.455+00:00,4351.06,4351.14,0.08,124
2026-09-11T18:19:09.681+00:00,4351.07,4351.15,0.08,124
2026-09-11T18:19:09.903+00:00,4351.02,4351.11,0.09,124
2026-09-11T18:19:10.126+00:00,4351.18,4351.26,0.08,124
2026-09-11T18:19:10.718+00:00,4351.23,4351.31,0.08,124
2026-09-11T18:19:10.960+00:00,4351.26,4351.34,0.08,124
2026-09-11T18:19:11.182+00:00,4351.38,4351.46,0.08,124
2026-09-11T18:19:11.402+00:00,4351.39,4351.47,0.08,124
2026-09-11T18:19:11.629+00:00,4351.41,4351.49,0.08,124
2026-09-11T18:19:12.088+00:00,4351.48,4351.56,0.08,124
2026-09-11T18:19:12.310+00:00,4351.51,4351.59,0.08,124
2026-09-11T18:19:12.537+00:00,4351.49,4351.57,0.08,124
2026-09-11T18:19:13.039+00:00,4351.32,4351.4,0.08,124
2026-09-11T18:19:13.363+00:00,4351.31,4351.39,0.08,124
2026-09-11T18:19:13.716+00:00,4351.28,4351.36,0.08,124
2026-09-11T18:19:14.000+00:00,4351.27,4351.37,0.1,124
2026-09-11T18:19:14.521+00:00,4351.46,4351.55,0.09,124
2026-09-11T18:19:14.746+00:00,4351.29,4351.37,0.08,124
2026-09-11T18:19:15.045+00:00,4351.29,4351.38,0.09,124
2026-09-11T18:19:15.275+00:00,4351.51,4351.59,0.08,124
2026-09-11T18:19:15.570+00:00,4351.57,4351.65,0.08,124
2026-09-11T18:19:15.795+00:00,4351.6,4351.68,0.08,124
2026-09-11T18:19:16.526+00:00,4351.64,4351.72,0.08,124
2026-09-11T18:19:17.144+00:00,4351.63,4351.71,0.08,124
2026-09-11T18:19:17.366+00:00,4351.61,4351.69,0.08,124
2026-09-11T18:19:17.669+00:00,4351.5,4351.59,0.09,124
2026-09-11T18:19:17.893+00:00,4351.23,4351.31,0.08,124
2026-09-11T18:19:18.126+00:00,4351.22,4351.32,0.1,124
2026-09-11T18:19:18.418+00:00,4351.23,4351.32,0.09,124
2026-09-11T18:19:18.643+00:00,4351.51,4351.59,0.08,124
2026-09-11T18:19:18.868+00:00,4351.65,4351.73,0.08,124
2026-09-11T18:19:19.168+00:00,4351.7,4351.79,0.09,124
2026-09-11T18:19:19.397+00:00,4351.68,4351.79,0.11,124
2026-09-11T18:19:19.619+00:00,4351.95,4352.07,0.12,124
2026-09-11T18:19:19.842+00:00,4352.0,4352.08,0.08,124
2026-09-11T18:19:20.069+00:00,4352.01,4352.09,0.08,125
2026-09-11T18:19:20.294+00:00,4352.09,4352.17,0.08,125
2026-09-11T18:19:20.519+00:00,4352.15,4352.23,0.08,125
2026-09-11T18:19:20.745+00:00,4352.21,4352.29,0.08,125
2026-09-11T18:19:20.970+00:00,4351.75,4351.83,0.08,125
2026-09-11T18:19:21.197+00:00,4351.42,4351.5,0.08,125
2026-09-11T18:19:21.423+00:00,4351.61,4351.69,0.08,125
2026-09-11T18:19:21.644+00:00,4351.65,4351.73,0.08,125
2026-09-11T18:19:21.870+00:00,4351.68,4351.76,0.08,125
2026-09-11T18:19:22.095+00:00,4351.66,4351.74,0.08,125
2026-09-11T18:19:22.322+00:00,4351.63,4351.71,0.08,125
2026-09-11T18:19:22.548+00:00,4351.53,4351.61,0.08,125
2026-09-11T18:19:22.773+00:00,4351.76,4351.84,0.08,125
2026-09-11T18:19:22.999+00:00,4351.87,4351.95,0.08,125
2026-09-11T18:19:23.224+00:00,4351.75,4351.83,0.08,125
2026-09-11T18:19:23.449+00:00,4351.71,4351.79,0.08,125
2026-09-11T18:19:23.681+00:00,4351.62,4351.7,0.08,125
2026-09-11T18:19:23.897+00:00,4351.58,4351.66,0.08,125
2026-09-11T18:19:24.121+00:00,4351.57,4351.65,0.08,125
2026-09-11T18:19:24.423+00:00,4351.49,4351.57,0.08,125
2026-09-11T18:19:24.646+00:00,4350.9,4350.98,0.08,125
2026-09-11T18:19:24.876+00:00,4350.69,4350.77,0.08,125
2026-09-11T18:19:25.160+00:00,4350.76,4350.84,0.08,125
2026-09-11T18:19:25.614+00:00,4350.77,4350.85,0.08,125
2026-09-11T18:19:25.614+00:00,4350.88,4350.96,0.08,125
2026-09-11T18:19:25.812+00:00,4351.12,4351.2,0.08,125
2026-09-11T18:19:26.000+00:00,4351.05,4351.13,0.08,125
2026-09-11T18:19:26.224+00:00,4351.06,4351.14,0.08,125
2026-09-11T18:19:26.449+00:00,4351.11,4351.19,0.08,125
2026-09-11T18:19:27.221+00:00,4350.93,4351.01,0.08,125
2026-09-11T18:19:27.670+00:00,4351.06,4351.14,0.08,125
2026-09-11T18:19:27.894+00:00,4350.98,4351.06,0.08,125
2026-09-11T18:19:28.119+00:00,4350.96,4351.04,0.08,125
2026-09-11T18:19:28.346+00:00,4350.97,4351.05,0.08,125
2026-09-11T18:19:28.719+00:00,4350.99,4351.07,0.08,125
2026-09-11T18:19:31.208+00:00,4350.98,4351.06,0.08,125
2026-09-11T18:19:31.510+00:00,4351.0,4351.08,0.08,125
2026-09-11T18:19:31.718+00:00,4350.98,4351.06,0.08,125
2026-09-11T18:19:31.958+00:00,4350.93,4351.01,0.08,125
2026-09-11T18:19:32.183+00:00,4350.91,4350.99,0.08,125
2026-09-11T18:19:32.409+00:00,4350.98,4351.06,0.08,125
2026-09-11T18:19:33.309+00:00,4350.87,4350.95,0.08,125
2026-09-11T18:19:33.950+00:00,4351.03,4351.11,0.08,125
2026-09-11T18:19:34.162+00:00,4350.87,4350.95,0.08,125
2026-09-11T18:19:34.540+00:00,4350.84,4350.92,0.08,125
2026-09-11T18:19:34.841+00:00,4350.9,4350.98,0.08,125
2026-09-11T18:19:35.063+00:00,4350.83,4350.91,0.08,125
2026-09-11T18:19:35.291+00:00,4350.91,4350.99,0.08,125
2026-09-11T18:19:35.586+00:00,4350.92,4351.0,0.08,125
2026-09-11T18:19:35.813+00:00,4350.97,4351.05,0.08,125
2026-09-11T18:19:36.263+00:00,4351.19,4351.27,0.08,125
2026-09-11T18:19:36.938+00:00,4351.26,4351.34,0.08,125
2026-09-11T18:19:37.168+00:00,4351.25,4351.33,0.08,125
2026-09-11T18:19:37.994+00:00,4351.28,4351.37,0.09,125
2026-09-11T18:19:38.212+00:00,4351.26,4351.35,0.09,125
2026-09-11T18:19:38.526+00:00,4351.28,4351.36,0.08,125
2026-09-11T18:19:38.828+00:00,4351.26,4351.34,0.08,125
2026-09-11T18:19:39.188+00:00,4351.25,4351.35,0.1,125
2026-09-11T18:19:39.897+00:00,4351.27,4351.36,0.09,125
2026-09-11T18:19:40.121+00:00,4351.43,4351.51,0.08,125
2026-09-11T18:19:40.347+00:00,4351.42,4351.5,0.08,125
2026-09-11T18:19:40.571+00:00,4351.46,4351.54,0.08,125
2026-09-11T18:19:40.795+00:00,4351.38,4351.46,0.08,125
2026-09-11T18:19:41.071+00:00,4351.48,4351.56,0.08,125
2026-09-11T18:19:41.256+00:00,4351.44,4351.52,0.08,125
2026-09-11T18:19:41.492+00:00,4351.43,4351.51,0.08,125
2026-09-11T18:19:41.717+00:00,4351.21,4351.29,0.08,125
2026-09-11T18:19:41.990+00:00,4351.5,4351.58,0.08,125
2026-09-11T18:19:42.216+00:00,4351.3,4351.38,0.08,125
2026-09-11T18:19:42.442+00:00,4351.02,4351.1,0.08,125
2026-09-11T18:19:42.721+00:00,4351.02,4351.11,0.09,125
2026-09-11T18:19:42.965+00:00,4351.01,4351.09,0.08,125
2026-09-11T18:19:43.191+00:00,4351.12,4351.2,0.08,125
2026-09-11T18:19:43.492+00:00,4351.08,4351.16,0.08,125
2026-09-11T18:19:43.714+00:00,4351.27,4351.35,0.08,125
2026-09-11T18:19:43.991+00:00,4351.3,4351.38,0.08,125
2026-09-11T18:19:44.325+00:00,4351.19,4351.27,0.08,125
2026-09-11T18:19:44.542+00:00,4351.18,4351.28,0.1,125
2026-09-11T18:19:44.762+00:00,4351.17,4351.28,0.11,125
2026-09-11T18:19:45.183+00:00,4351.22,4351.31,0.09,126
2026-09-11T18:19:45.364+00:00,4351.44,4351.53,0.09,126
2026-09-11T18:19:45.630+00:00,4351.43,4351.51,0.08,126
2026-09-11T18:19:45.816+00:00,4351.44,4351.52,0.08,126
2026-09-11T18:19:46.040+00:00,4351.46,4351.57,0.11,126
2026-09-11T18:19:46.541+00:00,4351.49,4351.6,0.11,126
2026-09-11T18:19:46.761+00:00,4351.47,4351.56,0.09,126
2026-09-11T18:19:46.987+00:00,4351.48,4351.56,0.08,126
2026-09-11T18:19:47.214+00:00,4351.51,4351.59,0.08,126
2026-09-11T18:19:48.332+00:00,4351.54,4351.62,0.08,126
2026-09-11T18:19:48.848+00:00,4351.49,4351.57,0.08,126
2026-09-11T18:19:48.887+00:00,4351.51,4351.59,0.08,126
2026-09-11T18:19:49.432+00:00,4351.55,4351.63,0.08,126
2026-09-11T18:19:50.050+00:00,4351.48,4351.56,0.08,126
2026-09-11T18:19:50.504+00:00,4351.4,4351.48,0.08,126
2026-09-11T18:19:50.800+00:00,4351.34,4351.42,0.08,126
2026-09-11T18:19:51.120+00:00,4350.97,4351.05,0.08,126
2026-09-11T18:19:51.329+00:00,4351.0,4351.09,0.09,126
2026-09-11T18:19:51.570+00:00,4350.98,4351.08,0.1,126
2026-09-11T18:19:52.019+00:00,4350.71,4350.8,0.09,126
2026-09-11T18:19:52.230+00:00,4350.74,4350.83,0.09,126
2026-09-11T18:19:52.537+00:00,4350.74,4350.82,0.08,126
2026-09-11T18:19:52.800+00:00,4350.86,4350.94,0.08,126
2026-09-11T18:19:52.984+00:00,4350.75,4350.83,0.08,126
2026-09-11T18:19:53.286+00:00,4350.68,4350.76,0.08,126
2026-09-11T18:19:53.511+00:00,4350.71,4350.79,0.08,126
2026-09-11T18:19:53.718+00:00,4350.74,4350.82,0.08,126
2026-09-11T18:19:53.962+00:00,4350.76,4350.84,0.08,126
2026-09-11T18:19:54.261+00:00,4350.68,4350.76,0.08,126
2026-09-11T18:19:54.718+00:00,4350.7,4350.78,0.08,126
2026-09-11T18:19:54.942+00:00,4350.74,4350.82,0.08,126
2026-09-11T18:19:55.537+00:00,4350.75,4350.83,0.08,126
2026-09-11T18:19:55.765+00:00,4350.83,4350.91,0.08,126
2026-09-11T18:19:56.294+00:00,4350.69,4350.77,0.08,126
2026-09-11T18:19:56.527+00:00,4351.48,4351.56,0.08,126
2026-09-11T18:19:56.748+00:00,4351.32,4351.4,0.08,126
2026-09-11T18:19:56.963+00:00,4351.33,4351.41,0.08,126
2026-09-11T18:19:57.347+00:00,4351.35,4351.43,0.08,126
2026-09-11T18:19:57.646+00:00,4351.34,4351.43,0.09,126
2026-09-11T18:19:57.871+00:00,4351.08,4351.16,0.08,126
2026-09-11T18:19:58.399+00:00,4350.75,4350.83,0.08,126
2026-09-11T18:19:58.625+00:00,4349.93,4350.01,0.08,126
2026-09-11T18:19:58.845+00:00,4350.07,4350.15,0.08,126
2026-09-11T18:19:59.219+00:00,4350.14,4350.22,0.08,126
2026-09-11T18:19:59.488+00:00,4349.53,4349.61,0.08,126
2026-09-11T18:19:59.716+00:00,4349.89,4349.97,0.08,126
2026-09-11T18:19:59.941+00:00,4349.74,4349.82,0.08,126
2026-09-11T18:20:00.167+00:00,4349.86,4349.94,0.08,126
2026-09-11T18:20:00.614+00:00,4349.65,4349.73,0.08,126
2026-09-11T18:20:00.841+00:00,4349.61,4349.69,0.08,126
2026-09-11T18:20:01.067+00:00,4349.7,4349.78,0.08,126
2026-09-11T18:20:01.289+00:00,4349.84,4349.92,0.08,126
2026-09-11T18:20:01.514+00:00,4349.78,4349.86,0.08,126
2026-09-11T18:20:01.717+00:00,4349.67,4349.75,0.08,126
2026-09-11T18:20:01.966+00:00,4349.76,4349.84,0.08,126
2026-09-11T18:20:02.188+00:00,4349.66,4349.74,0.08,126
2026-09-11T18:20:02.414+00:00,4349.63,4349.71,0.08,126
2026-09-11T18:20:02.640+00:00,4349.7,4349.78,0.08,126
2026-09-11T18:20:02.864+00:00,4349.76,4349.84,0.08,126
2026-09-11T18:20:03.090+00:00,4349.82,4349.9,0.08,126
2026-09-11T18:20:03.316+00:00,4349.89,4349.97,0.08,126
2026-09-11T18:20:03.542+00:00,4349.97,4350.05,0.08,126
2026-09-11T18:20:03.769+00:00,4349.96,4350.04,0.08,126
2026-09-11T18:20:03.997+00:00,4349.94,4350.02,0.08,126
2026-09-11T18:20:04.219+00:00,4350.03,4350.11,0.08,126
2026-09-11T18:20:04.668+00:00,4350.09,4350.17,0.08,126
2026-09-11T18:20:04.967+00:00,4350.03,4350.11,0.08,126
2026-09-11T18:20:05.193+00:00,4350.19,4350.27,0.08,126
2026-09-11T18:20:05.417+00:00,4350.28,4350.36,0.08,126
2026-09-11T18:20:05.641+00:00,4350.24,4350.32,0.08,126
2026-09-11T18:20:05.868+00:00,4350.27,4350.36,0.09,126
2026-09-11T18:20:06.170+00:00,4350.23,4350.33,0.1,126
2026-09-11T18:20:06.397+00:00,4350.2,4350.29,0.09,126
2026-09-11T18:20:06.619+00:00,4350.18,4350.26,0.08,126
2026-09-11T18:20:06.844+00:00,4350.07,4350.15,0.08,126
2026-09-11T18:20:07.456+00:00,4350.09,4350.17,0.08,126
2026-09-11T18:20:07.682+00:00,4350.23,4350.31,0.08,126
2026-09-11T18:20:08.148+00:00,4349.9,4349.98,0.08,126
2026-09-11T18:20:08.372+00:00,4349.52,4349.6,0.08,126
2026-09-11T18:20:08.598+00:00,4349.66,4349.74,0.08,126
2026-09-11T18:20:08.828+00:00,4348.13,4348.24,0.11,126
2026-09-11T18:20:09.058+00:00,4348.16,4348.26,0.1,126
2026-09-11T18:20:09.289+00:00,4348.37,4348.45,0.08,126
2026-09-11T18:20:09.513+00:00,4348.66,4348.74,0.08,126
2026-09-11T18:20:09.721+00:00,4347.14,4347.23,0.09,126
2026-09-11T18:20:09.986+00:00,4347.65,4347.76,0.11,126
2026-09-11T18:20:10.210+00:00,4347.68,4347.78,0.1,127
2026-09-11T18:20:10.434+00:00,4348.1,4348.18,0.08,127
2026-09-11T18:20:10.686+00:00,4347.92,4348.0,0.08,127
2026-09-11T18:20:11.057+00:00,4345.02,4345.18,0.16,127
2026-09-11T18:20:11.298+00:00,4345.57,4345.75,0.18,127
2026-09-11T18:20:11.566+00:00,4345.45,4345.61,0.16,127
2026-09-11T18:20:11.813+00:00,4345.92,4346.02,0.1,127
2026-09-11T18:20:12.041+00:00,4346.05,4346.17,0.12,127
2026-09-11T18:20:12.255+00:00,4346.26,4346.34,0.08,127
2026-09-11T18:20:12.475+00:00,4346.41,4346.49,0.08,127
2026-09-11T18:20:12.699+00:00,4346.69,4346.77,0.08,127
2026-09-11T18:20:12.925+00:00,4346.55,4346.63,0.08,127
2026-09-11T18:20:13.149+00:00,4346.89,4346.97,0.08,127
2026-09-11T18:20:13.374+00:00,4346.82,4346.9,0.08,127
2026-09-11T18:20:13.598+00:00,4346.85,4346.93,0.08,127
2026-09-11T18:20:13.828+00:00,4346.58,4346.66,0.08,127
2026-09-11T18:20:14.052+00:00,4346.73,4346.81,0.08,127
2026-09-11T18:20:14.275+00:00,4346.42,4346.5,0.08,127
2026-09-11T18:20:14.499+00:00,4345.91,4346.01,0.1,127
2026-09-11T18:20:14.722+00:00,4345.92,4346.02,0.1,127
2026-09-11T18:20:14.957+00:00,4345.51,4345.59,0.08,127
2026-09-11T18:20:15.182+00:00,4345.44,4345.52,0.08,127
2026-09-11T18:20:15.409+00:00,4345.65,4345.73,0.08,127
2026-09-11T18:20:15.632+00:00,4345.96,4346.05,0.09,127
2026-09-11T18:20:15.856+00:00,4346.38,4346.47,0.09,127
2026-09-11T18:20:16.098+00:00,4346.55,4346.63,0.08,127
2026-09-11T18:20:16.316+00:00,4346.68,4346.76,0.08,127
2026-09-11T18:20:16.549+00:00,4346.82,4346.9,0.08,127
2026-09-11T18:20:16.773+00:00,4347.12,4347.21,0.09,127
2026-09-11T18:20:16.999+00:00,4347.36,4347.45,0.09,127
2026-09-11T18:20:17.226+00:00,4347.38,4347.47,0.09,127
2026-09-11T18:20:17.444+00:00,4347.47,4347.55,0.08,127
2026-09-11T18:20:17.677+00:00,4347.53,4347.61,0.08,127
2026-09-11T18:20:17.895+00:00,4347.47,4347.55,0.08,127
2026-09-11T18:20:18.360+00:00,4346.85,4346.93,0.08,127
2026-09-11T18:20:18.573+00:00,4347.01,4347.09,0.08,127
2026-09-11T18:20:18.804+00:00,4347.06,4347.14,0.08,127
2026-09-11T18:20:19.021+00:00,4347.03,4347.11,0.08,127
2026-09-11T18:20:19.251+00:00,4346.66,4346.74,0.08,127
2026-09-11T18:20:19.477+00:00,4346.81,4346.9,0.09,127
2026-09-11T18:20:19.702+00:00,4346.86,4346.94,0.08,127
2026-09-11T18:20:19.934+00:00,4346.99,4347.07,0.08,127
2026-09-11T18:20:20.154+00:00,4347.02,4347.1,0.08,127
2026-09-11T18:20:20.376+00:00,4347.0,4347.08,0.08,127
2026-09-11T18:20:20.608+00:00,4347.12,4347.2,0.08,127
2026-09-11T18:20:20.841+00:00,4347.11,4347.19,0.08,127
2026-09-11T18:20:21.065+00:00,4347.24,4347.32,0.08,127
2026-09-11T18:20:21.278+00:00,4347.15,4347.23,0.08,127
2026-09-11T18:20:21.503+00:00,4347.38,4347.49,0.11,127
2026-09-11T18:20:21.717+00:00,4347.37,4347.48,0.11,127
2026-09-11T18:20:21.956+00:00,4347.17,4347.28,0.11,127
2026-09-11T18:20:22.183+00:00,4347.25,4347.37,0.12,127
2026-09-11T18:20:22.406+00:00,4347.18,4347.3,0.12,127
2026-09-11T18:20:22.632+00:00,4347.26,4347.36,0.1,127
2026-09-11T18:20:22.856+00:00,4347.21,4347.31,0.1,127
2026-09-11T18:20:23.085+00:00,4347.05,4347.13,0.08,127
2026-09-11T18:20:23.308+00:00,4347.06,4347.15,0.09,127
2026-09-11T18:20:23.540+00:00,4347.15,4347.24,0.09,127
2026-09-11T18:20:23.765+00:00,4347.09,4347.17,0.08,127
2026-09-11T18:20:23.987+00:00,4347.25,4347.35,0.1,127
2026-09-11T18:20:24.211+00:00,4347.21,4347.33,0.12,127
2026-09-11T18:20:24.434+00:00,4347.13,4347.26,0.13,127
2026-09-11T18:20:24.664+00:00,4347.02,4347.14,0.12,127
2026-09-11T18:20:24.887+00:00,4347.02,4347.17,0.15,127
2026-09-11T18:20:25.115+00:00,4347.03,4347.17,0.14,127
2026-09-11T18:20:25.338+00:00,4346.98,4347.11,0.13,127
2026-09-11T18:20:25.644+00:00,4347.02,4347.11,0.09,127
2026-09-11T18:20:25.872+00:00,4346.81,4346.91,0.1,127
2026-09-11T18:20:26.089+00:00,4346.29,4346.38,0.09,127
2026-09-11T18:20:26.316+00:00,4346.21,4346.31,0.1,127
2026-09-11T18:20:26.539+00:00,4346.18,4346.26,0.08,127
2026-09-11T18:20:26.765+00:00,4346.23,4346.31,0.08,127
2026-09-11T18:20:26.990+00:00,4346.3,4346.38,0.08,127
2026-09-11T18:20:27.214+00:00,4346.26,4346.34,0.08,127
2026-09-11T18:20:27.442+00:00,4346.24,4346.32,0.08,127
2026-09-11T18:20:27.667+00:00,4346.34,4346.42,0.08,127
2026-09-11T18:20:27.890+00:00,4346.47,4346.55,0.08,127
2026-09-11T18:20:28.116+00:00,4346.7,4346.78,0.08,127
2026-09-11T18:20:28.439+00:00,4346.68,4346.76,0.08,127
2026-09-11T18:20:28.599+00:00,4346.8,4346.88,0.08,127
2026-09-11T18:20:28.793+00:00,4346.53,4346.62,0.09,127
2026-09-11T18:20:29.058+00:00,4346.55,4346.65,0.1,127
2026-09-11T18:20:29.261+00:00,4346.69,4346.79,0.1,127
2026-09-11T18:20:29.467+00:00,4346.7,4346.8,0.1,127
2026-09-11T18:20:29.691+00:00,4347.23,4347.33,0.1,127
2026-09-11T18:20:29.918+00:00,4347.33,4347.41,0.08,127
2026-09-11T18:20:30.148+00:00,4347.15,4347.23,0.08,127
2026-09-11T18:20:30.367+00:00,4346.83,4346.91,0.08,127
2026-09-11T18:20:30.598+00:00,4346.85,4346.94,0.09,127
2026-09-11T18:20:30.818+00:00,4347.2,4347.29,0.09,127
2026-09-11T18:20:31.043+00:00,4347.07,4347.15,0.08,127
2026-09-11T18:20:31.271+00:00,4347.09,4347.17,0.08,127
2026-09-11T18:20:31.496+00:00,4347.57,4347.66,0.09,127
2026-09-11T18:20:31.717+00:00,4347.5,4347.58,0.08,127
2026-09-11T18:20:31.945+00:00,4347.32,4347.4,0.08,127
2026-09-11T18:20:32.170+00:00,4347.35,4347.43,0.08,127
2026-09-11T18:20:32.398+00:00,4347.55,4347.63,0.08,127
2026-09-11T18:20:32.620+00:00,4347.67,4347.75,0.08,127
2026-09-11T18:20:32.847+00:00,4347.71,4347.79,0.08,127
2026-09-11T18:20:33.072+00:00,4347.71,4347.82,0.11,127
2026-09-11T18:20:33.446+00:00,4347.78,4347.89,0.11,127
2026-09-11T18:20:33.670+00:00,4347.86,4347.97,0.11,127
2026-09-11T18:20:33.898+00:00,4348.04,4348.13,0.09,127
2026-09-11T18:20:34.122+00:00,4347.97,4348.05,0.08,127
2026-09-11T18:20:34.349+00:00,4347.96,4348.04,0.08,127
2026-09-11T18:20:34.576+00:00,4348.05,4348.14,0.09,127
2026-09-11T18:20:34.801+00:00,4348.09,4348.19,0.1,127
2026-09-11T18:20:35.026+00:00,4348.08,4348.18,0.1,127
2026-09-11T18:20:35.486+00:00,4348.15,4348.26,0.11,128
2026-09-11T18:20:35.717+00:00,4348.13,4348.25,0.12,128
2026-09-11T18:20:35.952+00:00,4348.0,4348.11,0.11,128
2026-09-11T18:20:36.175+00:00,4347.97,4348.08,0.11,128
2026-09-11T18:20:36.406+00:00,4347.94,4348.06,0.12,128
2026-09-11T18:20:36.626+00:00,4347.68,4347.79,0.11,128
2026-09-11T18:20:36.852+00:00,4347.81,4347.91,0.1,128
2026-09-11T18:20:37.227+00:00,4348.14,4348.23,0.09,128
2026-09-11T18:20:37.453+00:00,4347.81,4347.92,0.11,128
2026-09-11T18:20:37.688+00:00,4347.65,4347.76,0.11,128
2026-09-11T18:20:37.909+00:00,4347.78,4347.89,0.11,128
2026-09-11T18:20:38.128+00:00,4347.81,4347.93,0.12,128
2026-09-11T18:20:38.356+00:00,4347.91,4348.02,0.11,128
2026-09-11T18:20:38.580+00:00,4347.87,4347.98,0.11,128
2026-09-11T18:20:38.806+00:00,4348.08,4348.18,0.1,128
2026-09-11T18:20:39.034+00:00,4348.15,4348.24,0.09,128
2026-09-11T18:20:39.276+00:00,4347.66,4347.74,0.08,128
2026-09-11T18:20:39.488+00:00,4347.76,4347.84,0.08,128
2026-09-11T18:20:39.724+00:00,4347.8,4347.89,0.09,128
2026-09-11T18:20:39.941+00:00,4347.74,4347.82,0.08,128
2026-09-11T18:20:40.162+00:00,4347.73,4347.83,0.1,128
2026-09-11T18:20:40.388+00:00,4347.91,4348.02,0.11,128
2026-09-11T18:20:40.613+00:00,4347.93,4348.03,0.1,128
2026-09-11T18:20:40.841+00:00,4348.24,4348.34,0.1,128
2026-09-11T18:20:41.066+00:00,4347.92,4348.02,0.1,128
2026-09-11T18:20:41.288+00:00,4347.78,4347.87,0.09,128
2026-09-11T18:20:41.512+00:00,4347.71,4347.82,0.11,128
2026-09-11T18:20:41.717+00:00,4347.7,4347.81,0.11,128
2026-09-11T18:20:42.007+00:00,4347.42,4347.54,0.12,128
2026-09-11T18:20:42.232+00:00,4347.4,4347.51,0.11,128
2026-09-11T18:20:42.454+00:00,4347.36,4347.46,0.1,128
2026-09-11T18:20:42.681+00:00,4347.52,4347.63,0.11,128
2026-09-11T18:20:42.905+00:00,4347.6,4347.71,0.11,128
2026-09-11T18:20:43.132+00:00,4347.6,4347.69,0.09,128
2026-09-11T18:20:43.438+00:00,4347.73,4347.83,0.1,128
2026-09-11T18:20:43.658+00:00,4347.87,4347.97,0.1,128
2026-09-11T18:20:43.881+00:00,4347.91,4348.0,0.09,128
2026-09-11T18:20:44.106+00:00,4347.99,4348.09,0.1,128
2026-09-11T18:20:44.341+00:00,4347.95,4348.06,0.11,128
2026-09-11T18:20:44.568+00:00,4347.91,4348.03,0.12,128
2026-09-11T18:20:44.783+00:00,4348.03,4348.15,0.12,128
2026-09-11T18:20:45.031+00:00,4348.29,4348.38,0.09,128
2026-09-11T18:20:45.255+00:00,4348.35,4348.45,0.1,128
2026-09-11T18:20:45.560+00:00,4347.9,4348.0,0.1,128
2026-09-11T18:20:45.857+00:00,4347.88,4347.99,0.11,128
2026-09-11T18:20:46.081+00:00,4347.97,4348.08,0.11,128
2026-09-11T18:20:46.306+00:00,4348.16,4348.27,0.11,128
2026-09-11T18:20:46.531+00:00,4348.14,4348.22,0.08,128
2026-09-11T18:20:46.755+00:00,4348.13,4348.21,0.08,128
2026-09-11T18:20:46.981+00:00,4348.37,4348.45,0.08,128
2026-09-11T18:20:47.207+00:00,4348.4,4348.48,0.08,128
2026-09-11T18:20:47.430+00:00,4348.34,4348.45,0.11,128
2026-09-11T18:20:47.882+00:00,4348.33,4348.44,0.11,128
2026-09-11T18:20:48.332+00:00,4348.35,4348.45,0.1,128
2026-09-11T18:20:48.558+00:00,4348.5,4348.6,0.1,128
2026-09-11T18:20:48.858+00:00,4348.59,4348.68,0.09,128
2026-09-11T18:20:49.082+00:00,4348.72,4348.81,0.09,128
2026-09-11T18:20:49.309+00:00,4348.78,4348.86,0.08,128
2026-09-11T18:20:49.533+00:00,4348.75,4348.83,0.08,128
2026-09-11T18:20:49.989+00:00,4348.78,4348.86,0.08,128
2026-09-11T18:20:50.214+00:00,4348.67,4348.75,0.08,128
2026-09-11T18:20:50.445+00:00,4348.73,4348.83,0.1,128
2026-09-11T18:20:50.664+00:00,4348.54,4348.63,0.09,128
2026-09-11T18:20:50.894+00:00,4348.58,4348.67,0.09,128
2026-09-11T18:20:51.117+00:00,4348.72,4348.83,0.11,128
2026-09-11T18:20:51.344+00:00,4348.28,4348.39,0.11,128
2026-09-11T18:20:51.567+00:00,4348.32,4348.43,0.11,128
2026-09-11T18:20:51.792+00:00,4348.33,4348.43,0.1,128
2026-09-11T18:20:52.019+00:00,4348.42,4348.51,0.09,128
2026-09-11T18:20:52.245+00:00,4348.45,4348.54,0.09,128
2026-09-11T18:20:52.543+00:00,4348.46,4348.56,0.1,128
2026-09-11T18:20:52.767+00:00,4348.42,4348.51,0.09,128
2026-09-11T18:20:52.992+00:00,4348.29,4348.38,0.09,128
2026-09-11T18:20:53.223+00:00,4347.14,4347.25,0.11,128
2026-09-11T18:20:53.449+00:00,4346.44,4346.54,0.1,128
2026-09-11T18:20:53.688+00:00,4345.84,4345.94,0.1,128
2026-09-11T18:20:53.903+00:00,4345.9,4346.06,0.16,128
2026-09-11T18:20:54.134+00:00,4346.12,4346.2,0.08,128
2026-09-11T18:20:54.353+00:00,4345.91,4345.99,0.08,128
2026-09-11T18:20:54.579+00:00,4346.11,4346.19,0.08,128
2026-09-11T18:20:54.801+00:00,4346.25,4346.33,0.08,128
2026-09-11T18:20:55.028+00:00,4346.46,4346.54,0.08,128
2026-09-11T18:20:55.252+00:00,4346.42,4346.51,0.09,128
2026-09-11T18:20:55.480+00:00,4346.58,4346.67,0.09,128
2026-09-11T18:20:55.705+00:00,4346.71,4346.8,0.09,128
2026-09-11T18:20:55.933+00:00,4346.87,4346.95,0.08,128
2026-09-11T18:20:56.160+00:00,4346.81,4346.9,0.09,128
2026-09-11T18:20:56.378+00:00,4347.02,4347.11,0.09,128
2026-09-11T18:20:56.603+00:00,4347.31,4347.41,0.1,128
2026-09-11T18:20:56.831+00:00,4347.13,4347.22,0.09,128
2026-09-11T18:20:57.055+00:00,4346.6,4346.69,0.09,128
2026-09-11T18:20:57.287+00:00,4346.63,4346.73,0.1,128
2026-09-11T18:20:57.513+00:00,4346.7,4346.8,0.1,128
2026-09-11T18:20:57.720+00:00,4346.88,4346.98,0.1,128
2026-09-11T18:20:57.962+00:00,4346.99,4347.07,0.08,128
2026-09-11T18:20:58.186+00:00,4346.94,4347.02,0.08,128
2026-09-11T18:20:58.415+00:00,4346.97,4347.06,0.09,128
2026-09-11T18:20:58.638+00:00,4346.99,4347.08,0.09,128
2026-09-11T18:20:58.878+00:00,4346.52,4346.62,0.1,128
2026-09-11T18:20:59.101+00:00,4346.29,4346.38,0.09,128
2026-09-11T18:20:59.341+00:00,4346.54,4346.63,0.09,128
2026-09-11T18:20:59.556+00:00,4346.61,4346.73,0.12,128
2026-09-11T18:20:59.779+00:00,4346.51,4346.62,0.11,128
2026-09-11T18:21:00.007+00:00,4346.72,4346.82,0.1,128
2026-09-11T18:21:00.262+00:00,4346.73,4346.83,0.1,128
2026-09-11T18:21:00.472+00:00,4346.76,4346.87,0.11,129
2026-09-11T18:21:00.683+00:00,4346.77,4346.86,0.09,129
2026-09-11T18:21:00.910+00:00,4346.89,4346.98,0.09,129
2026-09-11T18:21:01.207+00:00,4346.87,4346.95,0.08,129
2026-09-11T18:21:01.440+00:00,4346.51,4346.59,0.08,129
2026-09-11T18:21:01.657+00:00,4346.52,4346.63,0.11,129
2026-09-11T18:21:01.883+00:00,4347.0,4347.12,0.12,129
2026-09-11T18:21:02.111+00:00,4347.09,4347.2,0.11,129
2026-09-11T18:21:02.337+00:00,4347.2,4347.29,0.09,129
2026-09-11T18:21:02.784+00:00,4347.05,4347.15,0.1,129
2026-09-11T18:21:03.009+00:00,4347.15,4347.25,0.1,129
2026-09-11T18:21:03.233+00:00,4347.38,4347.47,0.09,129
2026-09-11T18:21:03.463+00:00,4347.54,4347.62,0.08,129
2026-09-11T18:21:03.689+00:00,4347.46,4347.55,0.09,129
2026-09-11T18:21:03.912+00:00,4347.43,4347.52,0.09,129
2026-09-11T18:21:04.137+00:00,4346.92,4347.01,0.09,129
2026-09-11T18:21:04.362+00:00,4347.14,4347.23,0.09,129
2026-09-11T18:21:04.587+00:00,4346.9,4346.98,0.08,129
2026-09-11T18:21:04.810+00:00,4347.27,4347.36,0.09,129
2026-09-11T18:21:05.037+00:00,4347.14,4347.24,0.1,129
2026-09-11T18:21:05.262+00:00,4347.19,4347.29,0.1,129
2026-09-11T18:21:05.488+00:00,4347.02,4347.12,0.1,129
2026-09-11T18:21:05.710+00:00,4347.05,4347.15,0.1,129
2026-09-11T18:21:05.936+00:00,4346.69,4346.78,0.09,129
2026-09-11T18:21:06.161+00:00,4346.69,4346.77,0.08,129
2026-09-11T18:21:06.387+00:00,4346.59,4346.67,0.08,129
2026-09-11T18:21:06.611+00:00,4346.62,4346.71,0.09,129
2026-09-11T18:21:06.835+00:00,4346.64,4346.75,0.11,129
2026-09-11T18:21:07.061+00:00,4346.66,4346.76,0.1,129
2026-09-11T18:21:07.284+00:00,4346.61,4346.71,0.1,129
2026-09-11T18:21:07.510+00:00,4346.7,4346.81,0.11,129
2026-09-11T18:21:07.717+00:00,4346.72,4346.82,0.1,129
2026-09-11T18:21:07.964+00:00,4346.86,4346.95,0.09,129
2026-09-11T18:21:08.187+00:00,4347.03,4347.13,0.1,129
2026-09-11T18:21:08.413+00:00,4347.01,4347.09,0.08,129
2026-09-11T18:21:08.638+00:00,4347.46,4347.54,0.08,129
2026-09-11T18:21:08.866+00:00,4347.44,4347.52,0.08,129
2026-09-11T18:21:09.092+00:00,4347.43,4347.52,0.09,129
2026-09-11T18:21:09.387+00:00,4347.45,4347.56,0.11,129
2026-09-11T18:21:09.614+00:00,4347.53,4347.64,0.11,129
2026-09-11T18:21:09.838+00:00,4347.88,4347.99,0.11,129
2026-09-11T18:21:10.065+00:00,4347.5,4347.6,0.1,129
2026-09-11T18:21:10.294+00:00,4347.54,4347.62,0.08,129
2026-09-11T18:21:10.515+00:00,4347.44,4347.53,0.09,129
2026-09-11T18:21:10.718+00:00,4347.46,4347.55,0.09,129
2026-09-11T18:21:10.991+00:00,4347.18,4347.29,0.11,129
2026-09-11T18:21:11.201+00:00,4347.16,4347.26,0.1,129
2026-09-11T18:21:11.426+00:00,4346.95,4347.04,0.09,129
2026-09-11T18:21:11.653+00:00,4346.94,4347.05,0.11,129
2026-09-11T18:21:11.879+00:00,4346.68,4346.79,0.11,129
2026-09-11T18:21:12.104+00:00,4346.68,4346.77,0.09,129
2026-09-11T18:21:12.330+00:00,4346.92,4347.01,0.09,129
2026-09-11T18:21:12.553+00:00,4346.91,4347.0,0.09,129
2026-09-11T18:21:12.779+00:00,4346.84,4346.95,0.11,129
2026-09-11T18:21:13.087+00:00,4346.65,4346.77,0.12,129
2026-09-11T18:21:13.305+00:00,4346.78,4346.88,0.1,129
2026-09-11T18:21:13.535+00:00,4346.98,4347.07,0.09,129
2026-09-11T18:21:13.754+00:00,4347.02,4347.12,0.1,129
2026-09-11T18:21:13.991+00:00,4347.13,4347.23,0.1,129
2026-09-11T18:21:14.206+00:00,4347.08,4347.2,0.12,129
2026-09-11T18:21:14.510+00:00,4346.99,4347.11,0.12,129
2026-09-11T18:21:14.717+00:00,4347.01,4347.12,0.11,129
2026-09-11T18:21:15.107+00:00,4346.98,4347.11,0.13,129
2026-09-11T18:21:15.331+00:00,4347.05,4347.16,0.11,129
2026-09-11T18:21:15.566+00:00,4347.1,4347.2,0.1,129
2026-09-11T18:21:15.935+00:00,4347.15,4347.27,0.12,129
2026-09-11T18:21:16.162+00:00,4346.55,4346.66,0.11,129
2026-09-11T18:21:16.384+00:00,4346.95,4347.06,0.11,129
2026-09-11T18:21:16.609+00:00,4346.71,4346.83,0.12,129
2026-09-11T18:21:16.832+00:00,4346.69,4346.8,0.11,129
2026-09-11T18:21:17.060+00:00,4346.37,4346.48,0.11,129
2026-09-11T18:21:17.284+00:00,4346.53,4346.64,0.11,129
2026-09-11T18:21:17.716+00:00,4346.6,4346.7,0.1,129
2026-09-11T18:21:17.961+00:00,4346.9,4347.01,0.11,129
2026-09-11T18:21:18.410+00:00,4346.89,4347.01,0.12,129
2026-09-11T18:21:18.635+00:00,4346.92,4347.02,0.1,129
2026-09-11T18:21:18.861+00:00,4346.69,4346.8,0.11,129
2026-09-11T18:21:19.129+00:00,4346.68,4346.79,0.11,129
2026-09-11T18:21:19.359+00:00,4347.03,4347.16,0.13,129
2026-09-11T18:21:19.579+00:00,4347.04,4347.17,0.13,129
2026-09-11T18:21:19.805+00:00,4346.93,4347.06,0.13,129
2026-09-11T18:21:20.030+00:00,4346.99,4347.11,0.12,129
2026-09-11T18:21:20.255+00:00,4347.07,4347.15,0.08,129
2026-09-11T18:21:20.483+00:00,4346.96,4347.04,0.08,129
2026-09-11T18:21:20.708+00:00,4346.9,4346.98,0.08,129
2026-09-11T18:21:20.951+00:00,4346.07,4346.15,0.08,129
2026-09-11T18:21:21.282+00:00,4346.0,4346.11,0.11,129
2026-09-11T18:21:21.540+00:00,4345.28,4345.36,0.08,129
2026-09-11T18:21:21.766+00:00,4345.31,4345.39,0.08,129
2026-09-11T18:21:21.988+00:00,4345.25,4345.34,0.09,129
2026-09-11T18:21:22.213+00:00,4345.26,4345.34,0.08,129
2026-09-11T18:21:22.439+00:00,4345.08,4345.18,0.1,129
2026-09-11T18:21:22.663+00:00,4345.21,4345.29,0.08,129
2026-09-11T18:21:22.887+00:00,4345.19,4345.27,0.08,129
2026-09-11T18:21:23.113+00:00,4345.18,4345.26,0.08,129
2026-09-11T18:21:23.336+00:00,4345.21,4345.29,0.08,129
2026-09-11T18:21:23.567+00:00,4345.52,4345.6,0.08,129
2026-09-11T18:21:23.791+00:00,4345.59,4345.67,0.08,129
2026-09-11T18:21:24.018+00:00,4345.54,4345.62,0.08,129
2026-09-11T18:21:24.240+00:00,4345.59,4345.67,0.08,129
2026-09-11T18:21:24.465+00:00,4345.77,4345.86,0.09,129
2026-09-11T18:21:24.692+00:00,4345.83,4345.91,0.08,129
2026-09-11T18:21:24.923+00:00,4345.9,4345.98,0.08,129
2026-09-11T18:21:25.235+00:00,4345.94,4346.03,0.09,129
2026-09-11T18:21:25.455+00:00,4345.92,4346.01,0.09,130
2026-09-11T18:21:25.681+00:00,4345.97,4346.05,0.08,130
2026-09-11T18:21:25.908+00:00,4345.96,4346.04,0.08,130
2026-09-11T18:21:26.130+00:00,4346.0,4346.08,0.08,130
2026-09-11T18:21:26.355+00:00,4346.27,4346.35,0.08,130
2026-09-11T18:21:26.585+00:00,4346.38,4346.46,0.08,130
2026-09-11T18:21:26.808+00:00,4346.33,4346.41,0.08,130
2026-09-11T18:21:27.031+00:00,4346.34,4346.42,0.08,130
2026-09-11T18:21:27.261+00:00,4345.99,4346.07,0.08,130
2026-09-11T18:21:27.485+00:00,4345.79,4345.88,0.09,130
2026-09-11T18:21:27.709+00:00,4345.77,4345.88,0.11,130
2026-09-11T18:21:27.935+00:00,4345.18,4345.29,0.11,130
2026-09-11T18:21:28.165+00:00,4345.03,4345.13,0.1,130
2026-09-11T18:21:28.392+00:00,4344.97,4345.06,0.09,130
2026-09-11T18:21:28.633+00:00,4344.91,4345.03,0.12,130
2026-09-11T18:21:28.852+00:00,4345.0,4345.1,0.1,130
2026-09-11T18:21:29.075+00:00,4344.95,4345.03,0.08,130
2026-09-11T18:21:29.306+00:00,4344.7,4344.78,0.08,130
2026-09-11T18:21:29.548+00:00,4344.2,4344.29,0.09,130
2026-09-11T18:21:29.786+00:00,4344.14,4344.22,0.08,130
2026-09-11T18:21:30.005+00:00,4344.46,4344.54,0.08,130
2026-09-11T18:21:30.236+00:00,4344.22,4344.32,0.1,130
2026-09-11T18:21:30.464+00:00,4344.43,4344.54,0.11,130
2026-09-11T18:21:30.688+00:00,4344.42,4344.53,0.11,130
2026-09-11T18:21:30.908+00:00,4344.35,4344.45,0.1,130
2026-09-11T18:21:31.139+00:00,4344.38,4344.49,0.11,130
2026-09-11T18:21:31.361+00:00,4344.27,4344.38,0.11,130
2026-09-11T18:21:31.603+00:00,4344.43,4344.55,0.12,130
2026-09-11T18:21:31.813+00:00,4344.64,4344.73,0.09,130
2026-09-11T18:21:32.037+00:00,4344.28,4344.39,0.11,130
2026-09-11T18:21:32.262+00:00,4344.24,4344.35,0.11,130
2026-09-11T18:21:32.496+00:00,4344.61,4344.72,0.11,130
2026-09-11T18:21:32.713+00:00,4344.59,4344.71,0.12,130
2026-09-11T18:21:32.940+00:00,4344.9,4344.99,0.09,130
2026-09-11T18:21:33.163+00:00,4344.99,4345.07,0.08,130
2026-09-11T18:21:33.391+00:00,4345.1,4345.18,0.08,130
2026-09-11T18:21:33.620+00:00,4345.25,4345.33,0.08,130
2026-09-11T18:21:33.845+00:00,4345.34,4345.42,0.08,130
2026-09-11T18:21:34.291+00:00,4345.21,4345.29,0.08,130
2026-09-11T18:21:34.515+00:00,4345.22,4345.31,0.09,130
2026-09-11T18:21:34.716+00:00,4345.21,4345.31,0.1,130
2026-09-11T18:21:34.968+00:00,4345.27,4345.35,0.08,130
2026-09-11T18:21:35.193+00:00,4345.27,4345.37,0.1,130
2026-09-11T18:21:35.417+00:00,4345.59,4345.67,0.08,130
2026-09-11T18:21:35.644+00:00,4345.62,4345.7,0.08,130
2026-09-11T18:21:35.876+00:00,4345.56,4345.64,0.08,130
2026-09-11T18:21:36.167+00:00,4345.57,4345.65,0.08,130
2026-09-11T18:21:36.393+00:00,4345.64,4345.72,0.08,130
2026-09-11T18:21:36.623+00:00,4345.27,4345.36,0.09,130
2026-09-11T18:21:36.846+00:00,4345.22,4345.33,0.11,130
2026-09-11T18:21:37.071+00:00,4345.2,4345.31,0.11,130
2026-09-11T18:21:37.296+00:00,4345.19,4345.32,0.13,130
2026-09-11T18:21:37.521+00:00,4345.2,4345.33,0.13,130
2026-09-11T18:21:37.745+00:00,4345.16,4345.28,0.12,130
2026-09-11T18:21:37.971+00:00,4345.32,4345.42,0.1,130
2026-09-11T18:21:38.195+00:00,4345.24,4345.34,0.1,130
2026-09-11T18:21:38.718+00:00,4345.19,4345.28,0.09,130
2026-09-11T18:21:38.968+00:00,4345.37,4345.45,0.08,130
2026-09-11T18:21:39.179+00:00,4345.35,4345.43,0.08,130
2026-09-11T18:21:39.401+00:00,4345.32,4345.41,0.09,130
2026-09-11T18:21:39.629+00:00,4345.28,4345.38,0.1,130
2026-09-11T18:21:39.854+00:00,4345.05,4345.16,0.11,130
2026-09-11T18:21:40.082+00:00,4344.76,4344.86,0.1,130
2026-09-11T18:21:40.301+00:00,4344.98,4345.07,0.09,130
2026-09-11T18:21:40.528+00:00,4344.99,4345.08,0.09,130
2026-09-11T18:21:40.829+00:00,4345.02,4345.11,0.09,130
2026-09-11T18:21:41.053+00:00,4344.71,4344.81,0.1,130
2026-09-11T18:21:41.279+00:00,4344.62,4344.72,0.1,130
2026-09-11T18:21:41.654+00:00,4344.71,4344.81,0.1,130
2026-09-11T18:21:41.872+00:00,4344.75,4344.86,0.11,130
2026-09-11T18:21:42.096+00:00,4344.72,4344.81,0.09,130
2026-09-11T18:21:42.322+00:00,4344.51,4344.59,0.08,130
2026-09-11T18:21:42.554+00:00,4344.81,4344.9,0.09,130
2026-09-11T18:21:42.779+00:00,4344.98,4345.06,0.08,130
2026-09-11T18:21:43.001+00:00,4345.05,4345.13,0.08,130
2026-09-11T18:21:43.224+00:00,4345.04,4345.13,0.09,130
2026-09-11T18:21:43.451+00:00,4345.07,4345.16,0.09,130
2026-09-11T18:21:43.675+00:00,4345.08,4345.18,0.1,130
2026-09-11T18:21:43.904+00:00,4345.23,4345.34,0.11,130
2026-09-11T18:21:44.126+00:00,4345.4,4345.49,0.09,130
2026-09-11T18:21:44.354+00:00,4345.36,4345.44,0.08,130
2026-09-11T18:21:44.576+00:00,4345.41,4345.49,0.08,130
2026-09-11T18:21:44.804+00:00,4345.36,4345.44,0.08,130
2026-09-11T18:21:45.027+00:00,4344.98,4345.07,0.09,130
2026-09-11T18:21:45.254+00:00,4345.22,4345.32,0.1,130
2026-09-11T18:21:45.478+00:00,4345.23,4345.34,0.11,130
2026-09-11T18:21:45.703+00:00,4345.05,4345.15,0.1,130
2026-09-11T18:21:45.928+00:00,4345.08,4345.17,0.09,130
2026-09-11T18:21:46.153+00:00,4345.37,4345.46,0.09,130
2026-09-11T18:21:46.378+00:00,4345.35,4345.44,0.09,130
2026-09-11T18:21:46.608+00:00,4345.36,4345.44,0.08,130
2026-09-11T18:21:46.830+00:00,4345.28,4345.36,0.08,130
2026-09-11T18:21:47.056+00:00,4345.54,4345.62,0.08,130
2026-09-11T18:21:47.294+00:00,4345.58,4345.66,0.08,130
2026-09-11T18:21:47.520+00:00,4345.6,4345.69,0.09,130
2026-09-11T18:21:47.743+00:00,4345.69,4345.78,0.09,130
2026-09-11T18:21:47.970+00:00,4345.68,4345.77,0.09,130
2026-09-11T18:21:48.194+00:00,4345.7,4345.78,0.08,130
2026-09-11T18:21:48.416+00:00,4345.64,4345.74,0.1,130
2026-09-11T18:21:48.652+00:00,4345.84,4345.93,0.09,130
2026-09-11T18:21:48.870+00:00,4346.12,4346.2,0.08,130
2026-09-11T18:21:49.096+00:00,4346.1,4346.18,0.08,130
2026-09-11T18:21:49.333+00:00,4346.11,4346.19,0.08,130
2026-09-11T18:21:49.549+00:00,4345.59,4345.68,0.09,130
2026-09-11T18:21:49.770+00:00,4345.74,4345.83,0.09,130
2026-09-11T18:21:49.996+00:00,4345.58,4345.69,0.11,130
2026-09-11T18:21:50.220+00:00,4345.6,4345.73,0.13,130
2026-09-11T18:21:50.446+00:00,4345.63,4345.74,0.11,131
2026-09-11T18:21:50.700+00:00,4345.64,4345.74,0.1,131
2026-09-11T18:21:50.976+00:00,4345.77,4345.87,0.1,131
2026-09-11T18:21:51.180+00:00,4345.75,4345.83,0.08,131
2026-09-11T18:21:51.422+00:00,4345.61,4345.7,0.09,131
2026-09-11T18:21:51.638+00:00,4345.84,4345.94,0.1,131
2026-09-11T18:21:51.827+00:00,4345.86,4345.94,0.08,131
2026-09-11T18:21:52.054+00:00,4346.02,4346.1,0.08,131
2026-09-11T18:21:52.278+00:00,4346.04,4346.12,0.08,131
2026-09-11T18:21:52.507+00:00,4346.34,4346.42,0.08,131
2026-09-11T18:21:52.717+00:00,4346.38,4346.46,0.08,131
2026-09-11T18:21:52.960+00:00,4346.27,4346.35,0.08,131
2026-09-11T18:21:53.183+00:00,4346.02,4346.11,0.09,131
2026-09-11T18:21:53.407+00:00,4345.97,4346.08,0.11,131
2026-09-11T18:21:53.633+00:00,4345.96,4346.07,0.11,131
2026-09-11T18:21:53.856+00:00,4346.01,4346.11,0.1,131
2026-09-11T18:21:54.084+00:00,4346.01,4346.1,0.09,131
2026-09-11T18:21:54.306+00:00,4346.1,4346.18,0.08,131
2026-09-11T18:21:54.532+00:00,4346.13,4346.21,0.08,131
2026-09-11T18:21:54.758+00:00,4346.12,4346.22,0.1,131
2026-09-11T18:21:54.984+00:00,4346.06,4346.17,0.11,131
2026-09-11T18:21:55.358+00:00,4345.98,4346.09,0.11,131
2026-09-11T18:21:55.584+00:00,4345.99,4346.08,0.09,131
2026-09-11T18:21:55.844+00:00,4345.61,4345.71,0.1,131
2026-09-11T18:21:56.071+00:00,4345.56,4345.65,0.09,131
2026-09-11T18:21:56.369+00:00,4345.49,4345.58,0.09,131
2026-09-11T18:21:56.715+00:00,4345.71,4345.8,0.09,131
2026-09-11T18:21:56.969+00:00,4345.44,4345.52,0.08,131
2026-09-11T18:21:57.201+00:00,4345.33,4345.43,0.1,131
2026-09-11T18:21:57.420+00:00,4345.34,4345.46,0.12,131
2026-09-11T18:21:57.718+00:00,4345.35,4345.47,0.12,131
2026-09-11T18:21:57.946+00:00,4345.45,4345.54,0.09,131
2026-09-11T18:21:58.171+00:00,4345.46,4345.54,0.08,131
2026-09-11T18:21:58.620+00:00,4345.48,4345.58,0.1,131
2026-09-11T18:21:58.846+00:00,4345.54,4345.63,0.09,131
2026-09-11T18:21:59.070+00:00,4345.52,4345.64,0.12,131
2026-09-11T18:21:59.297+00:00,4345.49,4345.61,0.12,131
2026-09-11T18:21:59.521+00:00,4345.49,4345.59,0.1,131
2026-09-11T18:21:59.748+00:00,4345.22,4345.32,0.1,131
2026-09-11T18:21:59.971+00:00,4345.21,4345.29,0.08,131
2026-09-11T18:22:00.199+00:00,4345.3,4345.38,0.08,131
2026-09-11T18:22:00.423+00:00,4345.15,4345.23,0.08,131
2026-09-11T18:22:00.649+00:00,4345.06,4345.14,0.08,131
2026-09-11T18:22:00.873+00:00,4345.0,4345.12,0.12,131
2026-09-11T18:22:01.098+00:00,4345.13,4345.23,0.1,131
2026-09-11T18:22:01.330+00:00,4345.02,4345.11,0.09,131
2026-09-11T18:22:01.551+00:00,4344.99,4345.08,0.09,131
2026-09-11T18:22:01.776+00:00,4344.98,4345.09,0.11,131
2026-09-11T18:22:02.005+00:00,4345.44,4345.55,0.11,131
2026-09-11T18:22:02.230+00:00,4345.25,4345.34,0.09,131
2026-09-11T18:22:02.457+00:00,4345.45,4345.53,0.08,131
2026-09-11T18:22:02.679+00:00,4345.44,4345.52,0.08,131
2026-09-11T18:22:02.999+00:00,4345.5,4345.58,0.08,131
2026-09-11T18:22:03.221+00:00,4345.62,4345.7,0.08,131
2026-09-11T18:22:03.447+00:00,4345.78,4345.86,0.08,131
2026-09-11T18:22:03.674+00:00,4346.08,4346.16,0.08,131
2026-09-11T18:22:03.899+00:00,4346.09,4346.17,0.08,131
2026-09-11T18:22:04.193+00:00,4346.06,4346.14,0.08,131
2026-09-11T18:22:04.350+00:00,4346.07,4346.15,0.08,131
2026-09-11T18:22:04.578+00:00,4346.16,4346.24,0.08,131
2026-09-11T18:22:04.805+00:00,4346.15,4346.24,0.09,131
2026-09-11T18:22:05.072+00:00,4346.01,4346.1,0.09,131
2026-09-11T18:22:05.253+00:00,4345.94,4346.03,0.09,131
2026-09-11T18:22:05.532+00:00,4345.82,4345.92,0.1,131
2026-09-11T18:22:05.718+00:00,4345.81,4345.93,0.12,131
2026-09-11T18:22:05.935+00:00,4345.77,4345.88,0.11,131
2026-09-11T18:22:06.163+00:00,4345.47,4345.59,0.12,131
2026-09-11T18:22:06.389+00:00,4345.79,4345.89,0.1,131
2026-09-11T18:22:07.253+00:00,4345.77,4345.85,0.08,131
2026-09-11T18:22:07.544+00:00,4345.78,4345.87,0.09,131
2026-09-11T18:22:07.801+00:00,4345.96,4346.05,0.09,131
2026-09-11T18:22:07.996+00:00,4346.02,4346.1,0.08,131
2026-09-11T18:22:08.221+00:00,4345.7,4345.78,0.08,131
2026-09-11T18:22:08.521+00:00,4345.72,4345.84,0.12,131
2026-09-11T18:22:08.821+00:00,4345.63,4345.75,0.12,131
2026-09-11T18:22:09.045+00:00,4345.7,4345.8,0.1,131
2026-09-11T18:22:09.274+00:00,4345.48,4345.57,0.09,131
2026-09-11T18:22:09.500+00:00,4345.45,4345.55,0.1,131
2026-09-11T18:22:09.719+00:00,4345.77,4345.88,0.11,131
2026-09-11T18:22:09.974+00:00,4345.78,4345.87,0.09,131
2026-09-11T18:22:10.259+00:00,4345.64,4345.74,0.1,131
2026-09-11T18:22:10.471+00:00,4345.92,4346.02,0.1,131
2026-09-11T18:22:10.702+00:00,4345.93,4346.01,0.08,131
2026-09-11T18:22:11.042+00:00,4345.78,4345.86,0.08,131
2026-09-11T18:22:11.230+00:00,4345.43,4345.54,0.11,131
2026-09-11T18:22:11.535+00:00,4345.75,4345.86,0.11,131
2026-09-11T18:22:11.930+00:00,4345.48,4345.59,0.11,131
2026-09-11T18:22:12.154+00:00,4345.51,4345.62,0.11,131
2026-09-11T18:22:12.379+00:00,4345.55,4345.68,0.13,131
2026-09-11T18:22:12.607+00:00,4345.87,4346.0,0.13,131
2026-09-11T18:22:12.982+00:00,4345.91,4346.04,0.13,131
2026-09-11T18:22:13.223+00:00,4345.94,4346.06,0.12,131
2026-09-11T18:22:13.496+00:00,4345.89,4346.02,0.13,131
2026-09-11T18:22:13.715+00:00,4345.9,4346.01,0.11,131
2026-09-11T18:22:14.373+00:00,4345.91,4346.03,0.12,131
2026-09-11T18:22:15.048+00:00,4345.89,4345.99,0.1,131
2026-09-11T18:22:16.043+00:00,4345.91,4346.02,0.11,132
2026-09-11T18:22:16.268+00:00,4345.9,4346.0,0.1,132
2026-09-11T18:22:16.665+00:00,4346.0,4346.08,0.08,132
2026-09-11T18:22:16.891+00:00,4346.01,4346.1,0.09,132
2026-09-11T18:22:17.119+00:00,4345.98,4346.07,0.09,132
2026-09-11T18:22:17.566+00:00,4346.03,4346.11,0.08,132
2026-09-11T18:22:17.790+00:00,4345.96,4346.06,0.1,132
2026-09-11T18:22:18.498+00:00,4345.97,4346.07,0.1,132
2026-09-11T18:22:18.719+00:00,4345.98,4346.07,0.09,132
2026-09-11T18:22:18.919+00:00,4345.98,4346.08,0.1,132
2026-09-11T18:22:19.144+00:00,4345.99,4346.08,0.09,132
2026-09-11T18:22:19.367+00:00,4345.99,4346.07,0.08,132
2026-09-11T18:22:19.596+00:00,4346.03,4346.11,0.08,132
2026-09-11T18:22:19.819+00:00,4346.59,4346.67,0.08,132
2026-09-11T18:22:20.047+00:00,4346.78,4346.86,0.08,132
2026-09-11T18:22:20.268+00:00,4346.59,4346.68,0.09,132
2026-09-11T18:22:20.491+00:00,4346.57,4346.66,0.09,132
2026-09-11T18:22:20.723+00:00,4346.67,4346.78,0.11,132
2026-09-11T18:22:21.171+00:00,4346.67,4346.77,0.1,132
2026-09-11T18:22:21.799+00:00,4346.69,4346.78,0.09,132
2026-09-11T18:22:22.097+00:00,4346.61,4346.71,0.1,132
2026-09-11T18:22:22.410+00:00,4346.65,4346.75,0.1,132
2026-09-11T18:22:22.624+00:00,4346.66,4346.76,0.1,132
2026-09-11T18:22:22.923+00:00,4346.6,4346.69,0.09,132
2026-09-11T18:22:23.398+00:00,4346.57,4346.65,0.08,132
2026-09-11T18:22:23.621+00:00,4346.8,4346.9,0.1,132
2026-09-11T18:22:23.845+00:00,4346.79,4346.91,0.12,132
2026-09-11T18:22:24.085+00:00,4346.56,4346.67,0.11,132
2026-09-11T18:22:24.308+00:00,4346.82,4346.94,0.12,132
2026-09-11T18:22:24.716+00:00,4346.83,4346.93,0.1,132
2026-09-11T18:22:25.058+00:00,4346.48,4346.59,0.11,132
2026-09-11T18:22:25.283+00:00,4346.5,4346.63,0.13,132
2026-09-11T18:22:25.511+00:00,4346.46,4346.57,0.11,132
2026-09-11T18:22:25.716+00:00,4346.45,4346.55,0.1,132
2026-09-11T18:22:25.958+00:00,4346.39,4346.51,0.12,132
2026-09-11T18:22:26.434+00:00,4346.41,4346.51,0.1,132
2026-09-11T18:22:26.747+00:00,4346.71,4346.81,0.1,132
2026-09-11T18:22:26.971+00:00,4346.33,4346.43,0.1,132
2026-09-11T18:22:27.196+00:00,4346.56,4346.66,0.1,132
2026-09-11T18:22:27.644+00:00,4346.57,4346.65,0.08,132
2026-09-11T18:22:27.867+00:00,4346.64,4346.72,0.08,132
2026-09-11T18:22:28.245+00:00,4346.59,4346.67,0.08,132
2026-09-11T18:22:28.472+00:00,4346.57,4346.67,0.1,132
2026-09-11T18:22:28.717+00:00,4346.59,4346.7,0.11,132
2026-09-11T18:22:28.959+00:00,4346.58,4346.67,0.09,132
2026-09-11T18:22:29.432+00:00,4346.59,4346.68,0.09,132
2026-09-11T18:22:29.656+00:00,4346.68,4346.77,0.09,132
2026-09-11T18:22:30.103+00:00,4347.12,4347.21,0.09,132
2026-09-11T18:22:30.555+00:00,4347.12,4347.2,0.08,132
2026-09-11T18:22:30.779+00:00,4347.09,4347.17,0.08,132
2026-09-11T18:22:31.230+00:00,4346.77,4346.86,0.09,132
2026-09-11T18:22:31.231+00:00,4346.75,4346.85,0.1,132
2026-09-11T18:22:31.457+00:00,4346.66,4346.78,0.12,132
2026-09-11T18:22:31.717+00:00,4346.66,4346.79,0.13,132
2026-09-11T18:22:31.980+00:00,4346.66,4346.77,0.11,132
2026-09-11T18:22:32.205+00:00,4346.55,4346.66,0.11,132
2026-09-11T18:22:32.435+00:00,4346.56,4346.67,0.11,132
2026-09-11T18:22:32.657+00:00,4346.58,4346.69,0.11,132
2026-09-11T18:22:32.883+00:00,4346.64,4346.76,0.12,132
2026-09-11T18:22:33.105+00:00,4346.55,4346.66,0.11,132
2026-09-11T18:22:33.334+00:00,4346.56,4346.66,0.1,132
2026-09-11T18:22:33.560+00:00,4346.56,4346.64,0.08,132
2026-09-11T18:22:33.828+00:00,4346.69,4346.77,0.08,132
2026-09-11T18:22:34.128+00:00,4346.7,4346.79,0.09,132
2026-09-11T18:22:34.355+00:00,4346.79,4346.89,0.1,132
2026-09-11T18:22:34.576+00:00,4346.86,4346.94,0.08,132
2026-09-11T18:22:34.801+00:00,4346.88,4346.97,0.09,132
2026-09-11T18:22:35.026+00:00,4346.86,4346.94,0.08,132
2026-09-11T18:22:35.253+00:00,4346.82,4346.92,0.1,132
2026-09-11T18:22:35.479+00:00,4346.82,4346.91,0.09,132
2026-09-11T18:22:36.005+00:00,4346.81,4346.89,0.08,132
2026-09-11T18:22:36.302+00:00,4346.76,4346.87,0.11,132
2026-09-11T18:22:36.528+00:00,4346.66,4346.78,0.12,132
2026-09-11T18:22:36.753+00:00,4346.69,4346.79,0.1,132
2026-09-11T18:22:36.981+00:00,4346.64,4346.74,0.1,132
2026-09-11T18:22:37.212+00:00,4346.68,4346.77,0.09,132
2026-09-11T18:22:37.581+00:00,4346.72,4346.8,0.08,132
2026-09-11T18:22:37.807+00:00,4346.76,4346.84,0.08,132
2026-09-11T18:22:38.334+00:00,4346.76,4346.85,0.09,132
2026-09-11T18:22:38.556+00:00,4346.66,4346.79,0.13,132
2026-09-11T18:22:38.781+00:00,4346.91,4347.01,0.1,132
2026-09-11T18:22:39.007+00:00,4347.24,4347.32,0.08,132
2026-09-11T18:22:39.230+00:00,4347.38,4347.47,0.09,132
2026-09-11T18:22:39.456+00:00,4347.4,4347.48,0.08,132
2026-09-11T18:22:39.685+00:00,4347.47,4347.55,0.08,132
2026-09-11T18:22:39.908+00:00,4347.63,4347.72,0.09,132
2026-09-11T18:22:40.132+00:00,4347.95,4348.04,0.09,132
2026-09-11T18:22:40.358+00:00,4348.11,4348.19,0.08,132
2026-09-11T18:22:40.582+00:00,4348.1,4348.18,0.08,133
2026-09-11T18:22:40.811+00:00,4348.18,4348.27,0.09,133
2026-09-11T18:22:41.035+00:00,4348.3,4348.39,0.09,133
2026-09-11T18:22:41.260+00:00,4348.36,4348.45,0.09,133
2026-09-11T18:22:41.486+00:00,4348.35,4348.44,0.09,133
2026-09-11T18:22:41.708+00:00,4348.09,4348.18,0.09,133
2026-09-11T18:22:41.944+00:00,4348.0,4348.1,0.1,133
2026-09-11T18:22:42.390+00:00,4347.81,4347.91,0.1,133
2026-09-11T18:22:42.390+00:00,4347.82,4347.91,0.09,133
2026-09-11T18:22:42.837+00:00,4348.01,4348.09,0.08,133
2026-09-11T18:22:43.062+00:00,4347.97,4348.06,0.09,133
2026-09-11T18:22:43.286+00:00,4348.06,4348.15,0.09,133
2026-09-11T18:22:43.816+00:00,4348.03,4348.12,0.09,133
2026-09-11T18:22:44.038+00:00,4347.73,4347.84,0.11,133
2026-09-11T18:22:44.262+00:00,4347.69,4347.81,0.12,133
2026-09-11T18:22:44.564+00:00,4347.64,4347.75,0.11,133
2026-09-11T18:22:44.792+00:00,4347.81,4347.92,0.11,133
2026-09-11T18:22:45.015+00:00,4347.93,4348.03,0.1,133
2026-09-11T18:22:45.240+00:00,4347.88,4347.97,0.09,133
2026-09-11T18:22:45.464+00:00,4347.93,4348.01,0.08,133
2026-09-11T18:22:45.689+00:00,4347.97,4348.07,0.1,133
2026-09-11T18:22:45.913+00:00,4347.96,4348.05,0.09,133
2026-09-11T18:22:46.139+00:00,4347.86,4347.95,0.09,133
2026-09-11T18:22:46.375+00:00,4347.76,4347.85,0.09,133
2026-09-11T18:22:46.589+00:00,4347.69,4347.79,0.1,133
2026-09-11T18:22:46.819+00:00,4347.73,4347.84,0.11,133
2026-09-11T18:22:47.043+00:00,4347.75,4347.85,0.1,133
2026-09-11T18:22:47.266+00:00,4348.11,4348.2,0.09,133
2026-09-11T18:22:47.493+00:00,4348.04,4348.13,0.09,133
2026-09-11T18:22:47.716+00:00,4348.03,4348.14,0.11,133
2026-09-11T18:22:47.943+00:00,4348.1,4348.21,0.11,133
2026-09-11T18:22:48.168+00:00,4348.11,4348.2,0.09,133
2026-09-11T18:22:48.424+00:00,4348.12,4348.2,0.08,133
2026-09-11T18:22:48.716+00:00,4348.15,4348.23,0.08,133
2026-09-11T18:22:48.950+00:00,4348.31,4348.4,0.09,133
2026-09-11T18:22:49.398+00:00,4348.37,4348.46,0.09,133
2026-09-11T18:22:49.622+00:00,4348.35,4348.43,0.08,133
2026-09-11T18:22:50.019+00:00,4348.63,4348.71,0.08,133
2026-09-11T18:22:50.226+00:00,4348.67,4348.75,0.08,133
2026-09-11T18:22:50.452+00:00,4348.71,4348.79,0.08,133
2026-09-11T18:22:50.685+00:00,4348.87,4348.96,0.09,133
2026-09-11T18:22:50.909+00:00,4348.91,4349.0,0.09,133
2026-09-11T18:22:51.130+00:00,4348.93,4349.01,0.08,133
2026-09-11T18:22:51.356+00:00,4349.12,4349.2,0.08,133
2026-09-11T18:22:51.579+00:00,4349.09,4349.17,0.08,133
2026-09-11T18:22:51.806+00:00,4349.2,4349.29,0.09,133
2026-09-11T18:22:52.038+00:00,4349.18,4349.28,0.1,133
2026-09-11T18:22:52.333+00:00,4349.18,4349.26,0.08,133
2026-09-11T18:22:52.593+00:00,4349.11,4349.19,0.08,133
2026-09-11T18:22:52.818+00:00,4349.07,4349.16,0.09,133
2026-09-11T18:22:53.043+00:00,4349.15,4349.25,0.1,133
2026-09-11T18:22:53.268+00:00,4349.19,4349.28,0.09,133
2026-09-11T18:22:53.568+00:00,4348.95,4349.04,0.09,133
2026-09-11T18:22:53.869+00:00,4348.9,4349.01,0.11,133
2026-09-11T18:22:54.168+00:00,4348.91,4349.02,0.11,133
2026-09-11T18:22:54.395+00:00,4348.98,4349.1,0.12,133
2026-09-11T18:22:54.617+00:00,4348.81,4348.91,0.1,133
2026-09-11T18:22:54.878+00:00,4348.8,4348.92,0.12,133
2026-09-11T18:22:55.078+00:00,4348.9,4349.01,0.11,133
2026-09-11T18:22:55.369+00:00,4348.96,4349.06,0.1,133
2026-09-11T18:22:55.716+00:00,4348.96,4349.04,0.08,133
2026-09-11T18:22:55.988+00:00,4348.94,4349.04,0.1,133
2026-09-11T18:22:56.289+00:00,4348.92,4349.03,0.11,133
2026-09-11T18:22:57.084+00:00,4349.09,4349.2,0.11,133
2026-09-11T18:22:57.312+00:00,4349.07,4349.15,0.08,133
2026-09-11T18:22:57.531+00:00,4349.1,4349.18,0.08,133
2026-09-11T18:22:57.822+00:00,4349.04,4349.12,0.08,133
2026-09-11T18:22:58.034+00:00,4349.0,4349.09,0.09,133
2026-09-11T18:22:58.274+00:00,4349.05,4349.14,0.09,133
2026-09-11T18:22:58.499+00:00,4349.27,4349.36,0.09,133
2026-09-11T18:22:58.716+00:00,4349.26,4349.37,0.11,133
2026-09-11T18:22:58.950+00:00,4348.86,4348.97,0.11,133
2026-09-11T18:22:59.174+00:00,4348.37,4348.48,0.11,133
2026-09-11T18:22:59.402+00:00,4348.65,4348.75,0.1,133
2026-09-11T18:22:59.627+00:00,4348.65,4348.76,0.11,133
2026-09-11T18:22:59.926+00:00,4348.56,4348.67,0.11,133
2026-09-11T18:23:00.153+00:00,4348.62,4348.72,0.1,133
2026-09-11T18:23:00.376+00:00,4348.67,4348.76,0.09,133
2026-09-11T18:23:00.603+00:00,4348.64,4348.74,0.1,133
2026-09-11T18:23:00.845+00:00,4348.47,4348.57,0.1,133
2026-09-11T18:23:01.056+00:00,4348.52,4348.61,0.09,133
2026-09-11T18:23:01.277+00:00,4348.54,4348.62,0.08,133
2026-09-11T18:23:01.505+00:00,4348.17,4348.27,0.1,133
2026-09-11T18:23:01.731+00:00,4348.2,4348.31,0.11,133
2026-09-11T18:23:02.330+00:00,4348.23,4348.34,0.11,133
2026-09-11T18:23:02.554+00:00,4348.14,4348.25,0.11,133
2026-09-11T18:23:02.780+00:00,4348.09,4348.17,0.08,133
2026-09-11T18:23:03.025+00:00,4348.18,4348.27,0.09,133
2026-09-11T18:23:03.250+00:00,4348.19,4348.29,0.1,133
2026-09-11T18:23:03.474+00:00,4348.17,4348.26,0.09,133
2026-09-11T18:23:03.716+00:00,4348.45,4348.54,0.09,133
2026-09-11T18:23:04.080+00:00,4348.44,4348.54,0.1,133
2026-09-11T18:23:04.452+00:00,4348.41,4348.51,0.1,133
2026-09-11T18:23:04.677+00:00,4348.24,4348.32,0.08,133
2026-09-11T18:23:04.905+00:00,4348.25,4348.34,0.09,133
2026-09-11T18:23:05.129+00:00,4348.21,4348.32,0.11,133
2026-09-11T18:23:05.354+00:00,4348.2,4348.33,0.13,133
2026-09-11T18:23:05.578+00:00,4348.17,4348.3,0.13,134
2026-09-11T18:23:05.808+00:00,4348.55,4348.66,0.11,134
2026-09-11T18:23:06.032+00:00,4348.69,4348.77,0.08,134
2026-09-11T18:23:06.257+00:00,4348.57,4348.67,0.1,134
2026-09-11T18:23:06.558+00:00,4348.6,4348.71,0.11,134
2026-09-11T18:23:06.858+00:00,4348.66,4348.77,0.11,134
2026-09-11T18:23:07.235+00:00,4348.67,4348.76,0.09,134
2026-09-11T18:23:07.803+00:00,4348.69,4348.77,0.08,134
2026-09-11T18:23:08.029+00:00,4348.92,4349.02,0.1,134
2026-09-11T18:23:08.254+00:00,4348.94,4349.03,0.09,134
2026-09-11T18:23:08.480+00:00,4348.93,4349.03,0.1,134
2026-09-11T18:23:08.705+00:00,4348.79,4348.88,0.09,134
2026-09-11T18:23:09.005+00:00,4348.71,4348.81,0.1,134
2026-09-11T18:23:09.231+00:00,4349.01,4349.12,0.11,134
2026-09-11T18:23:09.455+00:00,4348.93,4349.04,0.11,134
2026-09-11T18:23:09.693+00:00,4348.87,4349.0,0.13,134
2026-09-11T18:23:09.909+00:00,4348.86,4348.98,0.12,134
2026-09-11T18:23:10.436+00:00,4348.9,4349.01,0.11,134
2026-09-11T18:23:10.665+00:00,4348.94,4349.04,0.1,134
2026-09-11T18:23:10.886+00:00,4349.17,4349.27,0.1,134
2026-09-11T18:23:11.121+00:00,4348.94,4349.03,0.09,134
2026-09-11T18:23:11.409+00:00,4348.91,4348.99,0.08,134
2026-09-11T18:23:11.637+00:00,4348.9,4348.99,0.09,134
2026-09-11T18:23:11.860+00:00,4349.19,4349.29,0.1,134
2026-09-11T18:23:12.333+00:00,4349.29,4349.37,0.08,134
2026-09-11T18:23:12.567+00:00,4349.26,4349.36,0.1,134
2026-09-11T18:23:12.784+00:00,4349.26,4349.39,0.13,134
2026-09-11T18:23:13.008+00:00,4349.2,4349.32,0.12,134
2026-09-11T18:23:13.235+00:00,4349.16,4349.28,0.12,134
2026-09-11T18:23:13.458+00:00,4349.05,4349.14,0.09,134
2026-09-11T18:23:13.686+00:00,4348.56,4348.65,0.09,134
2026-09-11T18:23:13.910+00:00,4348.42,4348.51,0.09,134
2026-09-11T18:23:14.153+00:00,4348.31,4348.41,0.1,134
2026-09-11T18:23:14.360+00:00,4348.33,4348.45,0.12,134
2026-09-11T18:23:14.584+00:00,4348.22,4348.32,0.1,134
2026-09-11T18:23:14.822+00:00,4348.36,4348.47,0.11,134
2026-09-11T18:23:15.151+00:00,4348.45,4348.54,0.09,134
2026-09-11T18:23:15.355+00:00,4348.04,4348.12,0.08,134
2026-09-11T18:23:15.560+00:00,4348.27,4348.35,0.08,134
2026-09-11T18:23:15.785+00:00,4348.51,4348.6,0.09,134
2026-09-11T18:23:16.033+00:00,4348.53,4348.62,0.09,134
2026-09-11T18:23:16.259+00:00,4348.66,4348.74,0.08,134
2026-09-11T18:23:16.585+00:00,4348.67,4348.75,0.08,134
2026-09-11T18:23:16.827+00:00,4348.68,4348.76,0.08,134
2026-09-11T18:23:17.010+00:00,4348.65,4348.74,0.09,134
2026-09-11T18:23:17.214+00:00,4348.64,4348.75,0.11,134
2026-09-11T18:23:17.403+00:00,4348.68,4348.79,0.11,134
2026-09-11T18:23:17.609+00:00,4348.65,4348.76,0.11,134
2026-09-11T18:23:17.836+00:00,4348.42,4348.51,0.09,134
2026-09-11T18:23:18.063+00:00,4348.35,4348.43,0.08,134
2026-09-11T18:23:18.289+00:00,4348.46,4348.54,0.08,134
2026-09-11T18:23:18.514+00:00,4348.45,4348.55,0.1,134
2026-09-11T18:23:18.719+00:00,4348.14,4348.24,0.1,134
2026-09-11T18:23:18.964+00:00,4348.27,4348.36,0.09,134
2026-09-11T18:23:19.194+00:00,4348.26,4348.34,0.08,134
2026-09-11T18:23:19.415+00:00,4348.3,4348.39,0.09,134
2026-09-11T18:23:19.639+00:00,4348.19,4348.28,0.09,134
2026-09-11T18:23:19.865+00:00,4348.3,4348.39,0.09,134
2026-09-11T18:23:20.090+00:00,4348.27,4348.36,0.09,134
2026-09-11T18:23:20.317+00:00,4348.22,4348.31,0.09,134
2026-09-11T18:23:20.540+00:00,4348.08,4348.19,0.11,134
2026-09-11T18:23:20.810+00:00,4348.14,4348.25,0.11,134
2026-09-11T18:23:20.991+00:00,4348.13,4348.23,0.1,134
2026-09-11T18:23:21.215+00:00,4348.4,4348.49,0.09,134
2026-09-11T18:23:21.589+00:00,4348.24,4348.32,0.08,134
2026-09-11T18:23:21.821+00:00,4348.28,4348.36,0.08,134
2026-09-11T18:23:22.041+00:00,4348.34,4348.42,0.08,134
2026-09-11T18:23:22.264+00:00,4349.03,4349.11,0.08,134
2026-09-11T18:23:22.495+00:00,4349.29,4349.39,0.1,134
2026-09-11T18:23:22.717+00:00,4349.32,4349.42,0.1,134
2026-09-11T18:23:22.939+00:00,4349.52,4349.61,0.09,134
2026-09-11T18:23:23.315+00:00,4349.44,4349.52,0.08,134
2026-09-11T18:23:23.616+00:00,4349.31,4349.4,0.09,134
2026-09-11T18:23:23.842+00:00,4349.3,4349.4,0.1,134
2026-09-11T18:23:24.225+00:00,4349.28,4349.38,0.1,134
2026-09-11T18:23:24.453+00:00,4349.32,4349.42,0.1,134
2026-09-11T18:23:24.683+00:00,4349.35,4349.43,0.08,134
2026-09-11T18:23:24.906+00:00,4349.63,4349.71,0.08,134
2026-09-11T18:23:25.129+00:00,4349.64,4349.72,0.08,134
2026-09-11T18:23:25.353+00:00,4349.71,4349.79,0.08,134
2026-09-11T18:23:25.580+00:00,4349.77,4349.86,0.09,134
2026-09-11T18:23:25.806+00:00,4349.9,4349.98,0.08,134
2026-09-11T18:23:26.033+00:00,4350.04,4350.12,0.08,134
2026-09-11T18:23:26.256+00:00,4349.72,4349.82,0.1,134
2026-09-11T18:23:26.482+00:00,4349.64,4349.75,0.11,134
2026-09-11T18:23:26.707+00:00,4349.68,4349.79,0.11,134
2026-09-11T18:23:27.027+00:00,4349.7,4349.81,0.11,134
2026-09-11T18:23:27.180+00:00,4349.82,4349.93,0.11,134
2026-09-11T18:23:27.422+00:00,4350.16,4350.26,0.1,134
2026-09-11T18:23:27.607+00:00,4349.92,4350.02,0.1,134
2026-09-11T18:23:27.832+00:00,4350.11,4350.21,0.1,134
2026-09-11T18:23:28.283+00:00,4349.94,4350.03,0.09,134
2026-09-11T18:23:28.582+00:00,4349.94,4350.02,0.08,134
2026-09-11T18:23:28.808+00:00,4349.93,4350.03,0.1,134
2026-09-11T18:23:29.033+00:00,4349.92,4350.01,0.09,134
2026-09-11T18:23:29.341+00:00,4349.89,4349.99,0.1,134
2026-09-11T18:23:29.561+00:00,4349.88,4350.0,0.12,134
2026-09-11T18:23:29.857+00:00,4349.89,4350.0,0.11,134
2026-09-11T18:23:30.085+00:00,4349.87,4349.98,0.11,134
2026-09-11T18:23:30.310+00:00,4349.82,4349.93,0.11,134
2026-09-11T18:23:30.535+00:00,4349.97,4350.08,0.11,134
2026-09-11T18:23:30.762+00:00,4349.89,4350.0,0.11,134
2026-09-11T18:23:31.063+00:00,4350.25,4350.36,0.11,135
2026-09-11T18:23:31.289+00:00,4350.12,4350.23,0.11,135
2026-09-11T18:23:31.514+00:00,4350.13,4350.23,0.1,135
2026-09-11T18:23:31.717+00:00,4349.96,4350.06,0.1,135
2026-09-11T18:23:31.965+00:00,4349.87,4349.98,0.11,135
2026-09-11T18:23:32.206+00:00,4349.89,4350.0,0.11,135
2026-09-11T18:23:32.423+00:00,4349.83,4349.94,0.11,135
2026-09-11T18:23:32.650+00:00,4349.49,4349.61,0.12,135
2026-09-11T18:23:32.873+00:00,4349.61,4349.71,0.1,135
2026-09-11T18:23:33.106+00:00,4349.14,4349.23,0.09,135
2026-09-11T18:23:33.327+00:00,4349.18,4349.27,0.09,135
2026-09-11T18:23:33.551+00:00,4349.11,4349.21,0.1,135
2026-09-11T18:23:33.925+00:00,4349.08,4349.19,0.11,135
2026-09-11T18:23:34.152+00:00,4349.16,4349.27,0.11,135
2026-09-11T18:23:34.378+00:00,4349.39,4349.48,0.09,135
2026-09-11T18:23:34.603+00:00,4349.43,4349.53,0.1,135
2026-09-11T18:23:34.902+00:00,4349.42,4349.5,0.08,135
2026-09-11T18:23:35.352+00:00,4349.67,4349.75,0.08,135
2026-09-11T18:23:35.578+00:00,4349.64,4349.72,0.08,135
2026-09-11T18:23:35.802+00:00,4349.67,4349.75,0.08,135
2026-09-11T18:23:36.252+00:00,4349.72,4349.8,0.08,135
2026-09-11T18:23:36.477+00:00,4349.69,4349.78,0.09,135
2026-09-11T18:23:36.702+00:00,4349.66,4349.77,0.11,135
2026-09-11T18:23:37.081+00:00,4349.43,4349.52,0.09,135
2026-09-11T18:23:37.303+00:00,4349.38,4349.46,0.08,135
2026-09-11T18:23:37.528+00:00,4349.3,4349.38,0.08,135
2026-09-11T18:23:37.754+00:00,4349.23,4349.32,0.09,135
2026-09-11T18:23:37.978+00:00,4349.29,4349.38,0.09,135
2026-09-11T18:23:38.303+00:00,4349.32,4349.41,0.09,135
2026-09-11T18:23:38.528+00:00,4349.5,4349.58,0.08,135
2026-09-11T18:23:38.755+00:00,4349.26,4349.34,0.08,135
2026-09-11T18:23:39.056+00:00,4349.38,4349.46,0.08,135
2026-09-11T18:23:39.282+00:00,4349.53,4349.61,0.08,135
2026-09-11T18:23:39.506+00:00,4349.52,4349.6,0.08,135
2026-09-11T18:23:39.718+00:00,4349.8,4349.88,0.08,135
2026-09-11T18:23:39.955+00:00,4349.54,4349.64,0.1,135
2026-09-11T18:23:40.181+00:00,4349.8,4349.89,0.09,135
2026-09-11T18:23:40.413+00:00,4349.7,4349.79,0.09,135
2026-09-11T18:23:40.711+00:00,4349.68,4349.8,0.12,135
2026-09-11T18:23:40.940+00:00,4349.63,4349.75,0.12,135
2026-09-11T18:23:41.295+00:00,4349.59,4349.7,0.11,135
2026-09-11T18:23:41.519+00:00,4349.69,4349.78,0.09,135
2026-09-11T18:23:41.745+00:00,4349.66,4349.74,0.08,135
2026-09-11T18:23:41.970+00:00,4349.65,4349.75,0.1,135
2026-09-11T18:23:42.195+00:00,4349.63,4349.71,0.08,135
2026-09-11T18:23:42.497+00:00,4349.59,4349.68,0.09,135
2026-09-11T18:23:42.714+00:00,4349.19,4349.28,0.09,135
2026-09-11T18:23:42.945+00:00,4349.16,4349.26,0.1,135
2026-09-11T18:23:43.171+00:00,4349.29,4349.39,0.1,135
2026-09-11T18:23:43.397+00:00,4349.65,4349.73,0.08,135
2026-09-11T18:23:43.846+00:00,4349.67,4349.75,0.08,135
2026-09-11T18:23:44.071+00:00,4349.5,4349.58,0.08,135
2026-09-11T18:23:44.325+00:00,4349.49,4349.57,0.08,135
2026-09-11T18:23:44.550+00:00,4349.48,4349.56,0.08,135
2026-09-11T18:23:45.000+00:00,4349.48,4349.57,0.09,135
2026-09-11T18:23:45.543+00:00,4349.52,4349.6,0.08,135
2026-09-11T18:23:46.061+00:00,4349.72,4349.8,0.08,135
2026-09-11T18:23:46.360+00:00,4349.64,4349.74,0.1,135
2026-09-11T18:23:46.659+00:00,4349.3,4349.4,0.1,135
2026-09-11T18:23:46.964+00:00,4349.59,4349.69,0.1,135
2026-09-11T18:23:47.264+00:00,4349.6,4349.7,0.1,135
2026-09-11T18:23:47.489+00:00,4349.47,4349.55,0.08,135
2026-09-11T18:23:47.715+00:00,4349.49,4349.57,0.08,135
2026-09-11T18:23:47.939+00:00,4349.31,4349.39,0.08,135
2026-09-11T18:23:48.166+00:00,4349.23,4349.31,0.08,135
2026-09-11T18:23:48.388+00:00,4349.12,4349.22,0.1,135
2026-09-11T18:23:48.716+00:00,4349.1,4349.18,0.08,135
2026-09-11T18:23:49.288+00:00,4349.09,4349.18,0.09,135
2026-09-11T18:23:49.519+00:00,4348.94,4349.02,0.08,135
2026-09-11T18:23:49.715+00:00,4348.95,4349.03,0.08,135
2026-09-11T18:23:49.985+00:00,4348.41,4348.49,0.08,135
2026-09-11T18:23:50.195+00:00,4348.14,4348.22,0.08,135
2026-09-11T18:23:50.427+00:00,4348.07,4348.18,0.11,135
2026-09-11T18:23:50.648+00:00,4348.13,4348.24,0.11,135
2026-09-11T18:23:50.884+00:00,4348.08,4348.19,0.11,135
2026-09-11T18:23:51.185+00:00,4348.19,4348.27,0.08,135
2026-09-11T18:23:51.613+00:00,4348.21,4348.29,0.08,135
2026-09-11T18:23:52.064+00:00,4348.49,4348.57,0.08,135
2026-09-11T18:23:52.291+00:00,4348.49,4348.58,0.09,135
2026-09-11T18:23:52.517+00:00,4348.46,4348.56,0.1,135
2026-09-11T18:23:52.824+00:00,4348.38,4348.46,0.08,135
2026-09-11T18:23:53.042+00:00,4348.23,4348.32,0.09,135
2026-09-11T18:23:53.275+00:00,4348.08,4348.17,0.09,135
2026-09-11T18:23:53.501+00:00,4348.06,4348.14,0.08,135
2026-09-11T18:23:53.717+00:00,4347.75,4347.85,0.1,135
2026-09-11T18:23:53.957+00:00,4347.45,4347.54,0.09,135
2026-09-11T18:23:54.175+00:00,4347.31,4347.39,0.08,135
2026-09-11T18:23:54.402+00:00,4347.3,4347.39,0.09,135
2026-09-11T18:23:54.626+00:00,4347.4,4347.49,0.09,135
2026-09-11T18:23:54.851+00:00,4347.49,4347.57,0.08,135
2026-09-11T18:23:55.079+00:00,4347.26,4347.34,0.08,135
2026-09-11T18:23:55.303+00:00,4347.27,4347.37,0.1,135
2026-09-11T18:23:55.602+00:00,4347.27,4347.38,0.11,135
2026-09-11T18:23:55.937+00:00,4347.57,4347.66,0.09,135
2026-09-11T18:23:56.533+00:00,4347.6,4347.69,0.09,136
2026-09-11T18:23:56.757+00:00,4347.73,4347.82,0.09,136
2026-09-11T18:23:56.982+00:00,4347.76,4347.84,0.08,136
2026-09-11T18:23:57.280+00:00,4347.76,4347.86,0.1,136
2026-09-11T18:23:57.630+00:00,4347.77,4347.88,0.11,136
2026-09-11T18:23:57.850+00:00,4347.98,4348.08,0.1,136
2026-09-11T18:23:58.076+00:00,4348.02,4348.1,0.08,136
2026-09-11T18:23:58.302+00:00,4347.98,4348.06,0.08,136
2026-09-11T18:23:58.721+00:00,4347.97,4348.06,0.09,136
2026-09-11T18:23:58.984+00:00,4347.63,4347.74,0.11,136
2026-09-11T18:23:59.209+00:00,4347.75,4347.86,0.11,136
2026-09-11T18:23:59.431+00:00,4347.93,4348.02,0.09,136
2026-09-11T18:23:59.664+00:00,4347.85,4347.93,0.08,136
2026-09-11T18:23:59.884+00:00,4347.81,4347.9,0.09,136
2026-09-11T18:24:00.185+00:00,4347.75,4347.87,0.12,136
2026-09-11T18:24:00.408+00:00,4347.59,4347.71,0.12,136
2026-09-11T18:24:00.647+00:00,4347.51,4347.61,0.1,136
2026-09-11T18:24:00.860+00:00,4347.6,4347.7,0.1,136
2026-09-11T18:24:01.084+00:00,4347.57,4347.67,0.1,136
2026-09-11T18:24:01.309+00:00,4347.61,4347.72,0.11,136
2026-09-11T18:24:01.610+00:00,4347.84,4347.92,0.08,136
2026-09-11T18:24:01.836+00:00,4347.89,4347.97,0.08,136
2026-09-11T18:24:02.070+00:00,4347.91,4347.99,0.08,136
2026-09-11T18:24:02.290+00:00,4347.95,4348.03,0.08,136
2026-09-11T18:24:02.675+00:00,4348.24,4348.33,0.09,136
2026-09-11T18:24:02.985+00:00,4348.23,4348.34,0.11,136
2026-09-11T18:24:03.184+00:00,4348.19,4348.3,0.11,136
2026-09-11T18:24:03.409+00:00,4347.88,4347.98,0.1,136
2026-09-11T18:24:03.633+00:00,4347.9,4348.01,0.11,136
2026-09-11T18:24:03.933+00:00,4347.9,4348.03,0.13,136
2026-09-11T18:24:04.159+00:00,4347.51,4347.62,0.11,136
2026-09-11T18:24:04.386+00:00,4347.76,4347.86,0.1,136
2026-09-11T18:24:04.608+00:00,4347.78,4347.86,0.08,136
2026-09-11T18:24:04.907+00:00,4347.69,4347.77,0.08,136
2026-09-11T18:24:05.134+00:00,4347.87,4347.96,0.09,136
2026-09-11T18:24:05.360+00:00,4347.82,4347.9,0.08,136
2026-09-11T18:24:05.716+00:00,4347.83,4347.91,0.08,136
2026-09-11T18:24:05.961+00:00,4347.99,4348.08,0.09,136
2026-09-11T18:24:06.186+00:00,4347.97,4348.05,0.08,136
2026-09-11T18:24:06.408+00:00,4348.03,4348.11,0.08,136
2026-09-11T18:24:06.635+00:00,4347.97,4348.05,0.08,136
2026-09-11T18:24:06.859+00:00,4347.99,4348.07,0.08,136
2026-09-11T18:24:07.308+00:00,4348.06,4348.16,0.1,136
2026-09-11T18:24:07.608+00:00,4348.28,4348.36,0.08,136
2026-09-11T18:24:07.833+00:00,4348.27,4348.35,0.08,136
2026-09-11T18:24:08.058+00:00,4348.3,4348.38,0.08,136
2026-09-11T18:24:08.285+00:00,4348.28,4348.37,0.09,136
2026-09-11T18:24:08.588+00:00,4348.21,4348.3,0.09,136
2026-09-11T18:24:08.885+00:00,4348.25,4348.35,0.1,136
2026-09-11T18:24:09.185+00:00,4348.22,4348.3,0.08,136
2026-09-11T18:24:09.408+00:00,4348.23,4348.33,0.1,136
2026-09-11T18:24:09.708+00:00,4348.28,4348.37,0.09,136
2026-09-11T18:24:09.937+00:00,4347.97,4348.07,0.1,136
2026-09-11T18:24:10.159+00:00,4348.22,4348.31,0.09,136
2026-09-11T18:24:10.385+00:00,4348.2,4348.3,0.1,136
2026-09-11T18:24:10.617+00:00,4348.01,4348.11,0.1,136
2026-09-11T18:24:10.841+00:00,4348.05,4348.14,0.09,136
2026-09-11T18:24:11.065+00:00,4347.93,4348.01,0.08,136
2026-09-11T18:24:11.289+00:00,4347.84,4347.94,0.1,136
2026-09-11T18:24:11.514+00:00,4347.84,4347.95,0.11,136
2026-09-11T18:24:11.715+00:00,4347.83,4347.93,0.1,136
2026-09-11T18:24:11.966+00:00,4347.77,4347.85,0.08,136
2026-09-11T18:24:12.190+00:00,4347.92,4348.0,0.08,136
2026-09-11T18:24:12.489+00:00,4347.87,4347.96,0.09,136
2026-09-11T18:24:12.716+00:00,4347.89,4347.98,0.09,136
2026-09-11T18:24:13.090+00:00,4347.87,4347.96,0.09,136
2026-09-11T18:24:13.315+00:00,4348.01,4348.14,0.13,136
2026-09-11T18:24:13.541+00:00,4347.95,4348.05,0.1,136
2026-09-11T18:24:13.840+00:00,4347.97,4348.05,0.08,136
2026-09-11T18:24:14.140+00:00,4347.93,4348.04,0.11,136
2026-09-11T18:24:14.364+00:00,4348.02,4348.1,0.08,136
2026-09-11T18:24:14.955+00:00,4347.92,4348.0,0.08,136
2026-09-11T18:24:14.966+00:00,4347.8,4347.89,0.09,136
2026-09-11T18:24:15.340+00:00,4347.88,4347.96,0.08,136
2026-09-11T18:24:15.825+00:00,4347.97,4348.05,0.08,136
2026-09-11T18:24:16.042+00:00,4347.96,4348.04,0.08,136
2026-09-11T18:24:16.419+00:00,4348.01,4348.09,0.08,136
2026-09-11T18:24:16.645+00:00,4348.04,4348.12,0.08,136
2026-09-11T18:24:17.101+00:00,4348.03,4348.11,0.08,136
2026-09-11T18:24:17.320+00:00,4348.02,4348.11,0.09,136
2026-09-11T18:24:17.547+00:00,4348.23,4348.31,0.08,136
2026-09-11T18:24:17.995+00:00,4348.26,4348.34,0.08,136
2026-09-11T18:24:18.221+00:00,4348.25,4348.35,0.1,136
2026-09-11T18:24:18.448+00:00,4348.2,4348.29,0.09,136
2026-09-11T18:24:18.718+00:00,4348.21,4348.29,0.08,136
2026-09-11T18:24:19.260+00:00,4348.19,4348.27,0.08,136
2026-09-11T18:24:19.521+00:00,4348.02,4348.1,0.08,136
2026-09-11T18:24:19.747+00:00,4348.09,4348.17,0.08,136
2026-09-11T18:24:19.969+00:00,4348.11,4348.19,0.08,136
2026-09-11T18:24:20.194+00:00,4348.04,4348.12,0.08,136
2026-09-11T18:24:20.495+00:00,4348.05,4348.13,0.08,136
2026-09-11T18:24:20.722+00:00,4347.99,4348.07,0.08,136
2026-09-11T18:24:20.947+00:00,4348.05,4348.13,0.08,136
2026-09-11T18:24:21.172+00:00,4348.13,4348.21,0.08,136
2026-09-11T18:24:22.052+00:00,4348.12,4348.2,0.08,137
2026-09-11T18:24:22.396+00:00,4348.11,4348.2,0.09,137
2026-09-11T18:24:22.715+00:00,4348.18,4348.26,0.08,137
2026-09-11T18:24:22.982+00:00,4347.99,4348.07,0.08,137
2026-09-11T18:24:23.209+00:00,4348.01,4348.1,0.09,137
2026-09-11T18:24:23.507+00:00,4348.05,4348.13,0.08,137
2026-09-11T18:24:23.730+00:00,4348.03,4348.11,0.08,137
2026-09-11T18:24:24.106+00:00,4348.02,4348.1,0.08,137
2026-09-11T18:24:24.482+00:00,4348.01,4348.09,0.08,137
2026-09-11T18:24:24.707+00:00,4348.13,4348.21,0.08,137
2026-09-11T18:24:24.930+00:00,4348.01,4348.1,0.09,137
2026-09-11T18:24:25.171+00:00,4348.02,4348.13,0.11,137
2026-09-11T18:24:25.396+00:00,4348.03,4348.14,0.11,137
2026-09-11T18:24:25.716+00:00,4348.04,4348.13,0.09,137
2026-09-11T18:24:25.925+00:00,4348.28,4348.37,0.09,137
2026-09-11T18:24:26.226+00:00,4348.27,4348.35,0.08,137
2026-09-11T18:24:26.449+00:00,4348.26,4348.34,0.08,137
2026-09-11T18:24:26.772+00:00,4348.25,4348.33,0.08,137
2026-09-11T18:24:26.955+00:00,4348.31,4348.39,0.08,137
2026-09-11T18:24:27.406+00:00,4348.23,4348.31,0.08,137
2026-09-11T18:24:27.630+00:00,4348.24,4348.32,0.08,137
2026-09-11T18:24:27.932+00:00,4348.15,4348.23,0.08,137
2026-09-11T18:24:28.154+00:00,4348.1,4348.18,0.08,137
2026-09-11T18:24:28.382+00:00,4348.03,4348.12,0.09,137
2026-09-11T18:24:28.606+00:00,4347.83,4347.92,0.09,137
2026-09-11T18:24:29.356+00:00,4347.95,4348.03,0.08,137
2026-09-11T18:24:29.665+00:00,4347.87,4347.95,0.08,137
2026-09-11T18:24:29.888+00:00,4347.78,4347.86,0.08,137
2026-09-11T18:24:30.193+00:00,4347.78,4347.87,0.09,137
2026-09-11T18:24:30.493+00:00,4347.79,4347.87,0.08,137
2026-09-11T18:24:30.714+00:00,4347.73,4347.81,0.08,137
2026-09-11T18:24:31.203+00:00,4347.52,4347.6,0.08,137
2026-09-11T18:24:31.429+00:00,4347.81,4347.89,0.08,137
2026-09-11T18:24:31.804+00:00,4347.79,4347.87,0.08,137
2026-09-11T18:24:32.105+00:00,4347.93,4348.01,0.08,137
2026-09-11T18:24:32.404+00:00,4347.94,4348.02,0.08,137
2026-09-11T18:24:32.798+00:00,4347.93,4348.01,0.08,137
2026-09-11T18:24:33.177+00:00,4348.06,4348.14,0.08,137
2026-09-11T18:24:33.398+00:00,4348.16,4348.24,0.08,137
2026-09-11T18:24:33.716+00:00,4348.11,4348.19,0.08,137
2026-09-11T18:24:33.924+00:00,4348.12,4348.2,0.08,137
2026-09-11T18:24:34.152+00:00,4348.24,4348.32,0.08,137
2026-09-11T18:24:34.381+00:00,4348.17,4348.25,0.08,137
2026-09-11T18:24:34.675+00:00,4348.27,4348.35,0.08,137
2026-09-11T18:24:34.897+00:00,4348.22,4348.3,0.08,137
2026-09-11T18:24:35.127+00:00,4348.64,4348.72,0.08,137
2026-09-11T18:24:35.349+00:00,4348.6,4348.68,0.08,137
2026-09-11T18:24:35.572+00:00,4348.65,4348.73,0.08,137
2026-09-11T18:24:35.798+00:00,4348.67,4348.75,0.08,137
2026-09-11T18:24:36.024+00:00,4348.86,4348.94,0.08,137
2026-09-11T18:24:36.325+00:00,4348.85,4348.93,0.08,137
2026-09-11T18:24:36.622+00:00,4348.84,4348.92,0.08,137
2026-09-11T18:24:36.848+00:00,4348.86,4348.94,0.08,137
2026-09-11T18:24:37.146+00:00,4348.98,4349.06,0.08,137
2026-09-11T18:24:37.451+00:00,4349.04,4349.12,0.08,137
2026-09-11T18:24:37.714+00:00,4349.06,4349.14,0.08,137
2026-09-11T18:24:37.975+00:00,4348.73,4348.83,0.1,137
2026-09-11T18:24:38.200+00:00,4348.68,4348.77,0.09,137
2026-09-11T18:24:38.423+00:00,4348.6,4348.7,0.1,137
2026-09-11T18:24:38.653+00:00,4348.67,4348.75,0.08,137
2026-09-11T18:24:38.873+00:00,4348.94,4349.02,0.08,137
2026-09-11T18:24:39.173+00:00,4348.96,4349.04,0.08,137
2026-09-11T18:24:39.404+00:00,4348.99,4349.07,0.08,137
2026-09-11T18:24:39.739+00:00,4349.01,4349.09,0.08,137
2026-09-11T18:24:40.017+00:00,4349.11,4349.19,0.08,137
2026-09-11T18:24:40.225+00:00,4349.12,4349.2,0.08,137
2026-09-11T18:24:40.553+00:00,4349.09,4349.17,0.08,137
2026-09-11T18:24:40.756+00:00,4349.1,4349.18,0.08,137
2026-09-11T18:24:40.984+00:00,4349.19,4349.27,0.08,137
2026-09-11T18:24:41.210+00:00,4349.01,4349.09,0.08,137
2026-09-11T18:24:41.436+00:00,4349.19,4349.27,0.08,137
2026-09-11T18:24:41.660+00:00,4349.11,4349.19,0.08,137
2026-09-11T18:24:41.885+00:00,4349.03,4349.11,0.08,137
2026-09-11T18:24:42.206+00:00,4349.02,4349.11,0.09,137
2026-09-11T18:24:42.432+00:00,4349.23,4349.32,0.09,137
2026-09-11T18:24:42.679+00:00,4349.25,4349.33,0.08,137
2026-09-11T18:24:42.911+00:00,4349.27,4349.36,0.09,137
2026-09-11T18:24:43.357+00:00,4349.15,4349.24,0.09,137
2026-09-11T18:24:43.657+00:00,4349.2,4349.28,0.08,137
2026-09-11T18:24:43.879+00:00,4349.18,4349.27,0.09,137
2026-09-11T18:24:44.108+00:00,4349.14,4349.23,0.09,137
2026-09-11T18:24:44.559+00:00,4349.06,4349.16,0.1,137
2026-09-11T18:24:44.784+00:00,4348.8,4348.9,0.1,137
2026-09-11T18:24:45.010+00:00,4349.01,4349.1,0.09,137
2026-09-11T18:24:45.310+00:00,4349.07,4349.15,0.08,137
2026-09-11T18:24:45.537+00:00,4349.06,4349.15,0.09,137
2026-09-11T18:24:45.764+00:00,4349.19,4349.27,0.08,137
2026-09-11T18:24:45.988+00:00,4349.2,4349.28,0.08,137
2026-09-11T18:24:46.213+00:00,4349.21,4349.29,0.08,137
2026-09-11T18:24:46.590+00:00,4349.32,4349.4,0.08,138
2026-09-11T18:24:46.892+00:00,4349.29,4349.37,0.08,138
2026-09-11T18:24:47.339+00:00,4349.26,4349.36,0.1,138
2026-09-11T18:24:47.641+00:00,4349.43,4349.51,0.08,138
2026-09-11T18:24:48.093+00:00,4349.42,4349.5,0.08,138
2026-09-11T18:24:48.617+00:00,4349.44,4349.52,0.08,138
2026-09-11T18:24:48.844+00:00,4349.45,4349.53,0.08,138
2026-09-11T18:24:49.297+00:00,4349.55,4349.63,0.08,138
2026-09-11T18:24:49.715+00:00,4349.56,4349.64,0.08,138
2026-09-11T18:24:49.969+00:00,4349.47,4349.55,0.08,138
2026-09-11T18:24:50.433+00:00,4349.46,4349.54,0.08,138
2026-09-11T18:24:50.657+00:00,4349.52,4349.6,0.08,138
2026-09-11T18:24:51.356+00:00,4349.45,4349.53,0.08,138
2026-09-11T18:24:51.584+00:00,4349.41,4349.49,0.08,138
2026-09-11T18:24:52.070+00:00,4349.42,4349.5,0.08,138
2026-09-11T18:24:52.301+00:00,4349.37,4349.45,0.08,138
2026-09-11T18:24:52.756+00:00,4349.34,4349.42,0.08,138
2026-09-11T18:24:53.054+00:00,4349.42,4349.5,0.08,138
2026-09-11T18:24:53.280+00:00,4349.32,4349.4,0.08,138
2026-09-11T18:24:53.506+00:00,4349.03,4349.11,0.08,138
2026-09-11T18:24:53.955+00:00,4349.09,4349.17,0.08,138
2026-09-11T18:24:54.331+00:00,4349.04,4349.12,0.08,138
2026-09-11T18:24:55.002+00:00,4349.09,4349.17,0.08,138
2026-09-11T18:24:55.148+00:00,4349.07,4349.15,0.08,138
2026-09-11T18:24:55.525+00:00,4349.12,4349.2,0.08,138
2026-09-11T18:24:55.900+00:00,4349.2,4349.28,0.08,138
2026-09-11T18:24:56.126+00:00,4349.15,4349.23,0.08,138
2026-09-11T18:24:56.351+00:00,4349.35,4349.43,0.08,138
2026-09-11T18:24:56.579+00:00,4349.34,4349.43,0.09,138
2026-09-11T18:24:56.803+00:00,4349.25,4349.35,0.1,138
2026-09-11T18:24:57.025+00:00,4349.16,4349.25,0.09,138
2026-09-11T18:24:57.327+00:00,4349.26,4349.35,0.09,138
2026-09-11T18:24:57.776+00:00,4349.08,4349.17,0.09,138
2026-09-11T18:24:58.004+00:00,4349.08,4349.16,0.08,138
2026-09-11T18:24:58.243+00:00,4349.07,4349.15,0.08,138
2026-09-11T18:24:58.456+00:00,4349.07,4349.17,0.1,138
2026-09-11T18:24:58.677+00:00,4349.07,4349.18,0.11,138
2026-09-11T18:24:58.903+00:00,4349.08,4349.17,0.09,138
2026-09-11T18:24:59.433+00:00,4349.07,4349.18,0.11,138
2026-09-11T18:24:59.959+00:00,4348.91,4349.01,0.1,138
2026-09-11T18:25:00.332+00:00,4348.93,4349.04,0.11,138
2026-09-11T18:25:00.558+00:00,4348.91,4349.02,0.11,138
2026-09-11T18:25:00.783+00:00,4348.92,4349.01,0.09,138
2026-09-11T18:25:01.006+00:00,4348.95,4349.04,0.09,138
2026-09-11T18:25:01.233+00:00,4348.95,4349.03,0.08,138
2026-09-11T18:25:01.681+00:00,4349.01,4349.09,0.08,138
2026-09-11T18:25:02.132+00:00,4349.0,4349.08,0.08,138
2026-09-11T18:25:02.358+00:00,4349.02,4349.1,0.08,138
2026-09-11T18:25:02.715+00:00,4349.01,4349.09,0.08,138
2026-09-11T18:25:02.966+00:00,4349.28,4349.36,0.08,138
2026-09-11T18:25:03.183+00:00,4349.27,4349.35,0.08,138
2026-09-11T18:25:03.416+00:00,4349.36,4349.44,0.08,138
2026-09-11T18:25:03.635+00:00,4349.7,4349.78,0.08,138
2026-09-11T18:25:03.860+00:00,4349.82,4349.9,0.08,138
2026-09-11T18:25:04.084+00:00,4350.0,4350.08,0.08,138
2026-09-11T18:25:04.308+00:00,4350.01,4350.09,0.08,138
2026-09-11T18:25:04.534+00:00,4349.98,4350.06,0.08,138
2026-09-11T18:25:04.760+00:00,4349.97,4350.05,0.08,138
2026-09-11T18:25:05.211+00:00,4350.18,4350.27,0.09,138
2026-09-11T18:25:05.510+00:00,4350.3,4350.39,0.09,138
2026-09-11T18:25:05.715+00:00,4350.37,4350.45,0.08,138
2026-09-11T18:25:05.960+00:00,4350.38,4350.46,0.08,138
2026-09-11T18:25:06.185+00:00,4350.4,4350.48,0.08,138
2026-09-11T18:25:06.411+00:00,4350.55,4350.63,0.08,138
2026-09-11T18:25:06.645+00:00,4350.56,4350.64,0.08,138
2026-09-11T18:25:06.861+00:00,4350.59,4350.68,0.09,138
2026-09-11T18:25:07.160+00:00,4350.76,4350.84,0.08,138
2026-09-11T18:25:07.386+00:00,4350.72,4350.8,0.08,138
2026-09-11T18:25:07.615+00:00,4350.57,4350.67,0.1,138
2026-09-11T18:25:07.845+00:00,4350.48,4350.58,0.1,138
2026-09-11T18:25:08.072+00:00,4350.46,4350.57,0.11,138
2026-09-11T18:25:08.294+00:00,4350.46,4350.59,0.13,138
2026-09-11T18:25:08.744+00:00,4350.67,4350.79,0.12,138
2026-09-11T18:25:08.969+00:00,4350.72,4350.8,0.08,138
2026-09-11T18:25:09.194+00:00,4350.66,4350.74,0.08,138
2026-09-11T18:25:09.418+00:00,4350.48,4350.56,0.08,138
2026-09-11T18:25:09.644+00:00,4350.56,4350.64,0.08,138
2026-09-11T18:25:09.869+00:00,4350.49,4350.57,0.08,138
2026-09-11T18:25:10.093+00:00,4350.44,4350.52,0.08,138
2026-09-11T18:25:10.320+00:00,4350.34,4350.42,0.08,138
2026-09-11T18:25:10.541+00:00,4350.37,4350.45,0.08,138
2026-09-11T18:25:10.767+00:00,4350.36,4350.44,0.08,138
2026-09-11T18:25:10.994+00:00,4350.34,4350.42,0.08,138
2026-09-11T18:25:11.219+00:00,4350.06,4350.14,0.08,138
2026-09-11T18:25:11.443+00:00,4350.04,4350.12,0.08,139
2026-09-11T18:25:11.668+00:00,4350.06,4350.14,0.08,139
2026-09-11T18:25:12.123+00:00,4349.94,4350.02,0.08,139
2026-09-11T18:25:12.648+00:00,4349.97,4350.05,0.08,139
2026-09-11T18:25:12.875+00:00,4349.96,4350.04,0.08,139
2026-09-11T18:25:13.102+00:00,4349.94,4350.02,0.08,139
2026-09-11T18:25:13.329+00:00,4349.96,4350.04,0.08,139
2026-09-11T18:25:13.772+00:00,4349.97,4350.05,0.08,139
2026-09-11T18:25:14.002+00:00,4350.03,4350.11,0.08,139
2026-09-11T18:25:14.451+00:00,4349.93,4350.01,0.08,139
2026-09-11T18:25:14.676+00:00,4349.97,4350.05,0.08,139
2026-09-11T18:25:15.204+00:00,4349.92,4350.0,0.08,139
2026-09-11T18:25:15.502+00:00,4349.99,4350.07,0.08,139
2026-09-11T18:25:15.723+00:00,4349.98,4350.06,0.08,139
2026-09-11T18:25:15.998+00:00,4349.99,4350.07,0.08,139
2026-09-11T18:25:16.216+00:00,4349.85,4349.93,0.08,139
2026-09-11T18:25:16.440+00:00,4349.79,4349.87,0.08,139
2026-09-11T18:25:16.664+00:00,4349.81,4349.89,0.08,139
2026-09-11T18:25:17.354+00:00,4349.79,4349.87,0.08,139
2026-09-11T18:25:17.600+00:00,4349.77,4349.85,0.08,139
2026-09-11T18:25:17.791+00:00,4349.81,4349.89,0.08,139
2026-09-11T18:25:18.217+00:00,4349.76,4349.84,0.08,139
2026-09-11T18:25:18.439+00:00,4349.77,4349.85,0.08,139
2026-09-11T18:25:18.886+00:00,4349.75,4349.83,0.08,139
2026-09-11T18:25:19.113+00:00,4349.61,4349.69,0.08,139
2026-09-11T18:25:19.341+00:00,4349.64,4349.72,0.08,139
2026-09-11T18:25:19.561+00:00,4349.67,4349.75,0.08,139
2026-09-11T18:25:19.787+00:00,4349.77,4349.85,0.08,139
2026-09-11T18:25:20.012+00:00,4349.64,4349.72,0.08,139
2026-09-11T18:25:20.256+00:00,4349.69,4349.77,0.08,139
2026-09-11T18:25:20.707+00:00,4349.71,4349.79,0.08,139
2026-09-11T18:25:20.932+00:00,4349.69,4349.77,0.08,139
2026-09-11T18:25:21.383+00:00,4349.67,4349.75,0.08,139
2026-09-11T18:25:21.984+00:00,4349.69,4349.77,0.08,139
2026-09-11T18:25:22.209+00:00,4349.85,4349.93,0.08,139
2026-09-11T18:25:22.508+00:00,4349.83,4349.91,0.08,139
2026-09-11T18:25:22.713+00:00,4349.85,4349.93,0.08,139
2026-09-11T18:25:22.959+00:00,4349.7,4349.78,0.08,139
2026-09-11T18:25:23.259+00:00,4349.71,4349.79,0.08,139
2026-09-11T18:25:23.486+00:00,4349.68,4349.76,0.08,139
2026-09-11T18:25:23.717+00:00,4349.69,4349.77,0.08,139
2026-09-11T18:25:24.011+00:00,4349.87,4349.95,0.08,139
2026-09-11T18:25:24.235+00:00,4349.89,4349.97,0.08,139
2026-09-11T18:25:24.463+00:00,4349.93,4350.01,0.08,139
2026-09-11T18:25:25.096+00:00,4349.96,4350.04,0.08,139
2026-09-11T18:25:25.714+00:00,4349.97,4350.05,0.08,139
2026-09-11T18:25:26.025+00:00,4349.98,4350.06,0.08,139
2026-09-11T18:25:26.280+00:00,4349.93,4350.01,0.08,139
2026-09-11T18:25:26.716+00:00,4349.83,4349.91,0.08,139
2026-09-11T18:25:27.167+00:00,4349.98,4350.06,0.08,139
2026-09-11T18:25:27.685+00:00,4349.96,4350.04,0.08,139
2026-09-11T18:25:28.651+00:00,4349.99,4350.07,0.08,139
2026-09-11T18:25:28.868+00:00,4349.9,4349.98,0.08,139
2026-09-11T18:25:29.093+00:00,4349.79,4349.87,0.08,139
2026-09-11T18:25:29.321+00:00,4349.77,4349.85,0.08,139
2026-09-11T18:25:29.617+00:00,4349.87,4349.95,0.08,139
2026-09-11T18:25:29.844+00:00,4349.9,4349.98,0.08,139
2026-09-11T18:25:30.070+00:00,4349.89,4349.97,0.08,139
2026-09-11T18:25:30.319+00:00,4349.95,4350.03,0.08,139
2026-09-11T18:25:30.714+00:00,4349.93,4350.01,0.08,139
2026-09-11T18:25:31.438+00:00,4350.07,4350.15,0.08,139
2026-09-11T18:25:31.717+00:00,4349.95,4350.05,0.1,139
2026-09-11T18:25:31.966+00:00,4349.79,4349.87,0.08,139
2026-09-11T18:25:32.193+00:00,4349.65,4349.73,0.08,139
2026-09-11T18:25:32.415+00:00,4349.63,4349.71,0.08,139
2026-09-11T18:25:32.644+00:00,4349.59,4349.7,0.11,139
2026-09-11T18:25:32.870+00:00,4349.61,4349.72,0.11,139
2026-09-11T18:25:33.392+00:00,4349.62,4349.73,0.11,139
2026-09-11T18:25:33.918+00:00,4350.12,4350.2,0.08,139
2026-09-11T18:25:34.142+00:00,4350.1,4350.18,0.08,139
2026-09-11T18:25:34.367+00:00,4349.85,4349.93,0.08,139
2026-09-11T18:25:34.593+00:00,4349.77,4349.85,0.08,139
2026-09-11T18:25:34.817+00:00,4349.77,4349.86,0.09,139
2026-09-11T18:25:35.149+00:00,4349.83,4349.91,0.08,139
2026-09-11T18:25:35.386+00:00,4349.8,4349.88,0.08,139
2026-09-11T18:25:35.612+00:00,4349.98,4350.06,0.08,139
2026-09-11T18:25:35.912+00:00,4349.96,4350.06,0.1,139
2026-09-11T18:25:36.438+00:00,4349.75,4349.85,0.1,139
2026-09-11T18:25:36.662+00:00,4349.92,4350.02,0.1,140
2026-09-11T18:25:36.886+00:00,4350.03,4350.11,0.08,140
2026-09-11T18:25:37.713+00:00,4350.11,4350.19,0.08,140
2026-09-11T18:25:37.971+00:00,4350.29,4350.38,0.09,140
2026-09-11T18:25:38.195+00:00,4350.1,4350.19,0.09,140
2026-09-11T18:25:38.496+00:00,4350.09,4350.19,0.1,140
2026-09-11T18:25:38.970+00:00,4350.08,4350.18,0.1,140
2026-09-11T18:25:39.204+00:00,4350.25,4350.33,0.08,140
2026-09-11T18:25:39.493+00:00,4350.28,4350.36,0.08,140
2026-09-11T18:25:39.716+00:00,4350.11,4350.19,0.08,140
2026-09-11T18:25:39.947+00:00,4350.33,4350.41,0.08,140
2026-09-11T18:25:40.252+00:00,4350.1,4350.2,0.1,140
2026-09-11T18:25:40.474+00:00,4350.08,4350.17,0.09,140
2026-09-11T18:25:40.715+00:00,4350.22,4350.31,0.09,140
2026-09-11T18:25:40.925+00:00,4350.38,4350.46,0.08,140
2026-09-11T18:25:41.150+00:00,4350.46,4350.54,0.08,140
2026-09-11T18:25:41.825+00:00,4350.62,4350.7,0.08,140
2026-09-11T18:25:42.054+00:00,4350.62,4350.71,0.09,140
2026-09-11T18:25:42.276+00:00,4350.27,4350.36,0.09,140
2026-09-11T18:25:42.502+00:00,4350.3,4350.39,0.09,140
2026-09-11T18:25:42.809+00:00,4350.24,4350.32,0.08,140
2026-09-11T18:25:43.101+00:00,4350.35,4350.43,0.08,140
2026-09-11T18:25:43.424+00:00,4350.51,4350.59,0.08,140
2026-09-11T18:25:43.583+00:00,4350.45,4350.53,0.08,140
2026-09-11T18:25:44.439+00:00,4350.42,4350.5,0.08,140
2026-09-11T18:25:44.951+00:00,4350.57,4350.65,0.08,140
2026-09-11T18:25:45.341+00:00,4350.53,4350.61,0.08,140
2026-09-11T18:25:45.564+00:00,4350.55,4350.63,0.08,140
2026-09-11T18:25:45.862+00:00,4350.53,4350.61,0.08,140
2026-09-11T18:25:46.088+00:00,4350.62,4350.7,0.08,140
2026-09-11T18:25:46.313+00:00,4350.64,4350.72,0.08,140
2026-09-11T18:25:47.082+00:00,4350.61,4350.69,0.08,140
2026-09-11T18:25:47.288+00:00,4350.64,4350.72,0.08,140
2026-09-11T18:25:47.511+00:00,4350.18,4350.26,0.08,140
2026-09-11T18:25:47.716+00:00,4350.19,4350.27,0.08,140
2026-09-11T18:25:47.959+00:00,4350.33,4350.41,0.08,140
2026-09-11T18:25:48.184+00:00,4350.39,4350.47,0.08,140
2026-09-11T18:25:48.409+00:00,4350.02,4350.1,0.08,140
2026-09-11T18:25:48.632+00:00,4350.17,4350.25,0.08,140
2026-09-11T18:25:48.859+00:00,4350.16,4350.24,0.08,140
2026-09-11T18:25:49.091+00:00,4350.14,4350.22,0.08,140
2026-09-11T18:25:49.308+00:00,4350.2,4350.28,0.08,140
2026-09-11T18:25:49.556+00:00,4350.23,4350.31,0.08,140
2026-09-11T18:25:50.018+00:00,4350.21,4350.29,0.08,140
2026-09-11T18:25:50.396+00:00,4350.2,4350.28,0.08,140
2026-09-11T18:25:51.463+00:00,4350.33,4350.41,0.08,140
2026-09-11T18:25:51.764+00:00,4350.38,4350.46,0.08,140
2026-09-11T18:25:51.987+00:00,4350.47,4350.55,0.08,140
2026-09-11T18:25:52.437+00:00,4350.47,4350.56,0.09,140
2026-09-11T18:25:52.963+00:00,4350.15,4350.23,0.08,140
2026-09-11T18:25:53.188+00:00,4349.94,4350.02,0.08,140
2026-09-11T18:25:53.419+00:00,4349.7,4349.78,0.08,140
2026-09-11T18:25:53.639+00:00,4349.65,4349.73,0.08,140
2026-09-11T18:25:53.865+00:00,4349.44,4349.53,0.09,140
2026-09-11T18:25:54.093+00:00,4349.58,4349.66,0.08,140
2026-09-11T18:25:54.315+00:00,4349.62,4349.7,0.08,140
2026-09-11T18:25:54.541+00:00,4349.7,4349.78,0.08,140
2026-09-11T18:25:54.990+00:00,4349.63,4349.71,0.08,140
2026-09-11T18:25:55.215+00:00,4349.7,4349.78,0.08,140
2026-09-11T18:25:55.444+00:00,4349.65,4349.73,0.08,140
2026-09-11T18:25:55.669+00:00,4349.71,4349.79,0.08,140
2026-09-11T18:25:55.896+00:00,4349.86,4349.94,0.08,140
2026-09-11T18:25:56.120+00:00,4349.88,4349.96,0.08,140
2026-09-11T18:25:56.346+00:00,4350.08,4350.16,0.08,140
2026-09-11T18:25:56.572+00:00,4350.16,4350.24,0.08,140
2026-09-11T18:25:57.100+00:00,4350.15,4350.23,0.08,140
2026-09-11T18:25:57.324+00:00,4350.12,4350.2,0.08,140
2026-09-11T18:25:57.544+00:00,4350.12,4350.21,0.09,140
2026-09-11T18:25:57.771+00:00,4350.12,4350.2,0.08,140
2026-09-11T18:25:58.592+00:00,4349.83,4349.91,0.08,140
2026-09-11T18:25:58.817+00:00,4349.8,4349.88,0.08,140
2026-09-11T18:25:59.075+00:00,4349.76,4349.84,0.08,140
2026-09-11T18:25:59.492+00:00,4349.77,4349.86,0.09,140
2026-09-11T18:25:59.842+00:00,4349.78,4349.87,0.09,140
2026-09-11T18:26:00.066+00:00,4349.65,4349.73,0.08,140
2026-09-11T18:26:00.290+00:00,4349.56,4349.65,0.09,140
2026-09-11T18:26:00.515+00:00,4349.69,4349.78,0.09,140
2026-09-11T18:26:00.716+00:00,4349.68,4349.76,0.08,140
2026-09-11T18:26:00.966+00:00,4349.69,4349.77,0.08,140
2026-09-11T18:26:01.194+00:00,4349.67,4349.75,0.08,140
2026-09-11T18:26:01.423+00:00,4350.04,4350.12,0.08,140
2026-09-11T18:26:01.815+00:00,4350.05,4350.13,0.08,141
2026-09-11T18:26:01.869+00:00,4350.11,4350.19,0.08,141
2026-09-11T18:26:02.095+00:00,4350.14,4350.22,0.08,141
2026-09-11T18:26:02.319+00:00,4349.96,4350.04,0.08,141
2026-09-11T18:26:02.543+00:00,4349.97,4350.06,0.09,141
2026-09-11T18:26:02.769+00:00,4350.0,4350.08,0.08,141
2026-09-11T18:26:02.993+00:00,4350.01,4350.09,0.08,141
2026-09-11T18:26:03.369+00:00,4350.02,4350.1,0.08,141
2026-09-11T18:26:03.594+00:00,4350.03,4350.11,0.08,141
2026-09-11T18:26:03.823+00:00,4350.05,4350.13,0.08,141
2026-09-11T18:26:04.275+00:00,4350.11,4350.19,0.08,141
2026-09-11T18:26:04.495+00:00,4350.12,4350.2,0.08,141
2026-09-11T18:26:04.715+00:00,4350.11,4350.2,0.09,141
2026-09-11T18:26:04.945+00:00,4349.93,4350.01,0.08,141
2026-09-11T18:26:05.546+00:00,4349.88,4349.97,0.09,141
2026-09-11T18:26:05.983+00:00,4349.9,4349.99,0.09,141
2026-09-11T18:26:06.714+00:00,4349.91,4349.99,0.08,141
2026-09-11T18:26:06.955+00:00,4349.9,4349.98,0.08,141
2026-09-11T18:26:07.179+00:00,4350.07,4350.15,0.08,141
2026-09-11T18:26:07.480+00:00,4350.06,4350.14,0.08,141
2026-09-11T18:26:07.717+00:00,4350.11,4350.19,0.08,141
2026-09-11T18:26:08.230+00:00,4350.13,4350.21,0.08,141
2026-09-11T18:26:09.628+00:00,4349.91,4349.99,0.08,141
2026-09-11T18:26:10.177+00:00,4349.92,4350.0,0.08,141
2026-09-11T18:26:10.422+00:00,4349.93,4350.01,0.08,141
2026-09-11T18:26:10.647+00:00,4349.82,4349.9,0.08,141
2026-09-11T18:26:10.870+00:00,4349.66,4349.74,0.08,141
2026-09-11T18:26:11.095+00:00,4349.65,4349.73,0.08,141
2026-09-11T18:26:11.320+00:00,4349.86,4349.97,0.11,141
2026-09-11T18:26:11.633+00:00,4349.69,4349.8,0.11,141
2026-09-11T18:26:11.859+00:00,4349.64,4349.73,0.09,141
2026-09-11T18:26:12.082+00:00,4349.74,4349.82,0.08,141
2026-09-11T18:26:12.313+00:00,4349.63,4349.71,0.08,141
2026-09-11T18:26:12.531+00:00,4349.65,4349.73,0.08,141
2026-09-11T18:26:12.757+00:00,4349.7,4349.78,0.08,141
2026-09-11T18:26:12.983+00:00,4349.61,4349.69,0.08,141
2026-09-11T18:26:13.431+00:00,4349.55,4349.63,0.08,141
2026-09-11T18:26:13.883+00:00,4349.46,4349.54,0.08,141
2026-09-11T18:26:14.182+00:00,4349.52,4349.6,0.08,141
2026-09-11T18:26:14.409+00:00,4349.4,4349.48,0.08,141
2026-09-11T18:26:14.633+00:00,4349.33,4349.42,0.09,141
2026-09-11T18:26:14.965+00:00,4349.49,4349.59,0.1,141
2026-09-11T18:26:15.462+00:00,4349.53,4349.62,0.09,141
2026-09-11T18:26:15.463+00:00,4349.47,4349.55,0.08,141
2026-09-11T18:26:15.543+00:00,4349.54,4349.62,0.08,141
2026-09-11T18:26:15.764+00:00,4349.3,4349.38,0.08,141
2026-09-11T18:26:15.988+00:00,4349.29,4349.37,0.08,141
2026-09-11T18:26:16.215+00:00,4349.22,4349.31,0.09,141
2026-09-11T18:26:16.439+00:00,4349.6,4349.68,0.08,141
2026-09-11T18:26:16.888+00:00,4349.64,4349.72,0.08,141
2026-09-11T18:26:17.114+00:00,4349.65,4349.73,0.08,141
2026-09-11T18:26:17.339+00:00,4349.63,4349.71,0.08,141
2026-09-11T18:26:17.566+00:00,4349.71,4349.79,0.08,141
2026-09-11T18:26:17.792+00:00,4349.81,4349.89,0.08,141
2026-09-11T18:26:18.015+00:00,4349.99,4350.07,0.08,141
2026-09-11T18:26:18.239+00:00,4349.98,4350.06,0.08,141
2026-09-11T18:26:18.465+00:00,4349.95,4350.04,0.09,141
2026-09-11T18:26:18.690+00:00,4349.61,4349.71,0.1,141
2026-09-11T18:26:18.919+00:00,4349.85,4349.94,0.09,141
2026-09-11T18:26:19.141+00:00,4349.93,4350.01,0.08,141
2026-09-11T18:26:19.365+00:00,4349.85,4349.93,0.08,141
2026-09-11T18:26:19.713+00:00,4349.96,4350.04,0.08,141
2026-09-11T18:26:20.051+00:00,4349.86,4349.94,0.08,141
2026-09-11T18:26:20.276+00:00,4350.13,4350.21,0.08,141
2026-09-11T18:26:20.503+00:00,4350.21,4350.29,0.08,141
2026-09-11T18:26:20.723+00:00,4350.27,4350.35,0.08,141
2026-09-11T18:26:21.478+00:00,4350.03,4350.11,0.08,141
2026-09-11T18:26:21.703+00:00,4350.24,4350.32,0.08,141
2026-09-11T18:26:21.928+00:00,4350.26,4350.36,0.1,141
2026-09-11T18:26:22.153+00:00,4350.27,4350.35,0.08,141
2026-09-11T18:26:22.378+00:00,4350.31,4350.39,0.08,141
2026-09-11T18:26:22.680+00:00,4350.3,4350.38,0.08,141
2026-09-11T18:26:23.304+00:00,4350.36,4350.44,0.08,141
2026-09-11T18:26:23.530+00:00,4350.41,4350.49,0.08,141
2026-09-11T18:26:23.755+00:00,4350.44,4350.52,0.08,141
2026-09-11T18:26:23.980+00:00,4350.52,4350.6,0.08,141
2026-09-11T18:26:24.206+00:00,4350.45,4350.53,0.08,141
2026-09-11T18:26:24.430+00:00,4350.36,4350.44,0.08,141
2026-09-11T18:26:24.657+00:00,4350.37,4350.46,0.09,141
2026-09-11T18:26:24.883+00:00,4350.41,4350.51,0.1,141
2026-09-11T18:26:25.107+00:00,4350.49,4350.57,0.08,141
2026-09-11T18:26:25.337+00:00,4350.65,4350.73,0.08,141
2026-09-11T18:26:25.783+00:00,4350.55,4350.63,0.08,141
2026-09-11T18:26:26.007+00:00,4350.43,4350.51,0.08,141
2026-09-11T18:26:26.233+00:00,4350.59,4350.67,0.08,141
2026-09-11T18:26:26.716+00:00,4350.58,4350.66,0.08,141
2026-09-11T18:26:27.713+00:00,4350.61,4350.69,0.08,142
2026-09-11T18:26:28.178+00:00,4350.55,4350.63,0.08,142
2026-09-11T18:26:28.403+00:00,4350.34,4350.42,0.08,142
2026-09-11T18:26:28.628+00:00,4350.33,4350.42,0.09,142
2026-09-11T18:26:28.853+00:00,4350.29,4350.37,0.08,142
2026-09-11T18:26:29.078+00:00,4350.15,4350.23,0.08,142
2026-09-11T18:26:29.304+00:00,4350.11,4350.19,0.08,142
2026-09-11T18:26:29.527+00:00,4350.19,4350.29,0.1,142
2026-09-11T18:26:29.754+00:00,4350.32,4350.4,0.08,142
2026-09-11T18:26:29.981+00:00,4350.29,4350.37,0.08,142
2026-09-11T18:26:30.203+00:00,4349.97,4350.05,0.08,142
2026-09-11T18:26:30.428+00:00,4350.0,4350.08,0.08,142
2026-09-11T18:26:30.879+00:00,4350.08,4350.16,0.08,142
2026-09-11T18:26:31.104+00:00,4350.05,4350.13,0.08,142
2026-09-11T18:26:31.499+00:00,4350.02,4350.1,0.08,142
2026-09-11T18:26:31.714+00:00,4350.01,4350.09,0.08,142
2026-09-11T18:26:31.949+00:00,4349.98,4350.06,0.08,142
2026-09-11T18:26:32.174+00:00,4350.11,4350.19,0.08,142
2026-09-11T18:26:32.936+00:00,4350.21,4350.29,0.08,142
2026-09-11T18:26:33.174+00:00,4350.25,4350.33,0.08,142
2026-09-11T18:26:33.405+00:00,4350.46,4350.54,0.08,142
2026-09-11T18:26:33.631+00:00,4350.18,4350.26,0.08,142
2026-09-11T18:26:34.152+00:00,4350.13,4350.21,0.08,142
2026-09-11T18:26:34.418+00:00,4350.1,4350.18,0.08,142
2026-09-11T18:26:34.641+00:00,4350.12,4350.2,0.08,142
2026-09-11T18:26:34.868+00:00,4350.09,4350.17,0.08,142
2026-09-11T18:26:35.100+00:00,4350.19,4350.27,0.08,142
2026-09-11T18:26:35.317+00:00,4350.18,4350.26,0.08,142
2026-09-11T18:26:35.616+00:00,4350.09,4350.17,0.08,142
2026-09-11T18:26:35.916+00:00,4350.08,4350.16,0.08,142
2026-09-11T18:26:36.367+00:00,4350.19,4350.27,0.08,142
2026-09-11T18:26:36.592+00:00,4350.09,4350.17,0.08,142
2026-09-11T18:26:37.045+00:00,4350.22,4350.3,0.08,142
2026-09-11T18:26:37.270+00:00,4350.21,4350.29,0.08,142
2026-09-11T18:26:37.493+00:00,4350.1,4350.18,0.08,142
2026-09-11T18:26:37.720+00:00,4349.95,4350.03,0.08,142
2026-09-11T18:26:37.947+00:00,4350.27,4350.35,0.08,142
2026-09-11T18:26:39.146+00:00,4350.32,4350.4,0.08,142
2026-09-11T18:26:39.377+00:00,4350.43,4350.51,0.08,142
2026-09-11T18:26:39.597+00:00,4350.41,4350.49,0.08,142
2026-09-11T18:26:39.820+00:00,4350.42,4350.5,0.08,142
2026-09-11T18:26:40.046+00:00,4350.41,4350.5,0.09,142
2026-09-11T18:26:40.271+00:00,4350.25,4350.34,0.09,142
2026-09-11T18:26:40.525+00:00,4350.24,4350.32,0.08,142
2026-09-11T18:26:41.172+00:00,4350.11,4350.19,0.08,142
2026-09-11T18:26:41.396+00:00,4350.1,4350.18,0.08,142
2026-09-11T18:26:41.622+00:00,4350.23,4350.31,0.08,142
2026-09-11T18:26:41.852+00:00,4350.06,4350.14,0.08,142
2026-09-11T18:26:42.228+00:00,4350.12,4350.2,0.08,142
2026-09-11T18:26:43.226+00:00,4350.1,4350.18,0.08,142
2026-09-11T18:26:43.451+00:00,4349.94,4350.02,0.08,142
2026-09-11T18:26:43.675+00:00,4349.96,4350.04,0.08,142
2026-09-11T18:26:43.909+00:00,4350.01,4350.09,0.08,142
2026-09-11T18:26:44.499+00:00,4350.24,4350.32,0.08,142
2026-09-11T18:26:44.714+00:00,4350.2,4350.28,0.08,142
2026-09-11T18:26:45.024+00:00,4350.41,4350.49,0.08,142
2026-09-11T18:26:45.249+00:00,4350.28,4350.36,0.08,142
2026-09-11T18:26:45.475+00:00,4350.19,4350.27,0.08,142
2026-09-11T18:26:45.699+00:00,4350.26,4350.34,0.08,142
2026-09-11T18:26:46.156+00:00,4350.25,4350.33,0.08,142
2026-09-11T18:26:46.382+00:00,4350.17,4350.26,0.09,142
2026-09-11T18:26:46.714+00:00,4350.39,4350.49,0.1,142
2026-09-11T18:26:46.934+00:00,4350.4,4350.51,0.11,142
2026-09-11T18:26:47.157+00:00,4350.39,4350.5,0.11,142
2026-09-11T18:26:47.382+00:00,4350.33,4350.44,0.11,142
2026-09-11T18:26:47.607+00:00,4350.13,4350.24,0.11,142
2026-09-11T18:26:47.909+00:00,4350.22,4350.32,0.1,142
2026-09-11T18:26:48.137+00:00,4350.18,4350.27,0.09,142
2026-09-11T18:26:48.365+00:00,4349.71,4349.79,0.08,142
2026-09-11T18:26:48.586+00:00,4349.62,4349.7,0.08,142
2026-09-11T18:26:48.974+00:00,4349.62,4349.72,0.1,142
2026-09-11T18:26:49.107+00:00,4349.62,4349.73,0.11,142
2026-09-11T18:26:49.559+00:00,4349.66,4349.77,0.11,142
2026-09-11T18:26:49.801+00:00,4349.88,4349.98,0.1,142
2026-09-11T18:26:50.121+00:00,4349.78,4349.86,0.08,142
2026-09-11T18:26:50.383+00:00,4349.94,4350.02,0.08,142
2026-09-11T18:26:50.607+00:00,4349.78,4349.86,0.08,142
2026-09-11T18:26:51.436+00:00,4349.3,4349.38,0.08,142
2026-09-11T18:26:51.663+00:00,4349.59,4349.69,0.1,142
2026-09-11T18:26:51.885+00:00,4349.56,4349.67,0.11,142
2026-09-11T18:26:52.109+00:00,4349.55,4349.64,0.09,143
2026-09-11T18:26:52.444+00:00,4349.56,4349.64,0.08,143
2026-09-11T18:26:52.605+00:00,4349.45,4349.53,0.08,143
2026-09-11T18:26:52.784+00:00,4349.43,4349.51,0.08,143
2026-09-11T18:26:53.014+00:00,4349.51,4349.59,0.08,143
2026-09-11T18:26:53.235+00:00,4349.52,4349.6,0.08,143
2026-09-11T18:26:53.459+00:00,4349.36,4349.44,0.08,143
2026-09-11T18:26:54.435+00:00,4349.22,4349.3,0.08,143
2026-09-11T18:26:54.659+00:00,4349.23,4349.31,0.08,143
2026-09-11T18:26:54.884+00:00,4349.22,4349.3,0.08,143
2026-09-11T18:26:55.340+00:00,4348.79,4348.87,0.08,143
2026-09-11T18:26:55.562+00:00,4348.77,4348.85,0.08,143
2026-09-11T18:26:55.791+00:00,4348.9,4348.98,0.08,143
2026-09-11T18:26:56.236+00:00,4348.95,4349.03,0.08,143
2026-09-11T18:26:56.465+00:00,4348.82,4348.9,0.08,143
2026-09-11T18:26:56.692+00:00,4348.79,4348.87,0.08,143
2026-09-11T18:26:56.989+00:00,4348.74,4348.82,0.08,143
2026-09-11T18:26:57.215+00:00,4348.8,4348.88,0.08,143
2026-09-11T18:26:57.440+00:00,4348.72,4348.8,0.08,143
2026-09-11T18:26:57.713+00:00,4348.74,4348.82,0.08,143
2026-09-11T18:26:57.963+00:00,4348.95,4349.03,0.08,143
2026-09-11T18:26:58.190+00:00,4348.94,4349.03,0.09,143
2026-09-11T18:26:58.413+00:00,4348.99,4349.07,0.08,143
2026-09-11T18:26:58.677+00:00,4348.96,4349.04,0.08,143
2026-09-11T18:26:58.901+00:00,4348.98,4349.06,0.08,143
2026-09-11T18:26:59.130+00:00,4348.7,4348.78,0.08,143
2026-09-11T18:26:59.353+00:00,4348.96,4349.04,0.08,143
2026-09-11T18:26:59.578+00:00,4348.93,4349.04,0.11,143
2026-09-11T18:26:59.803+00:00,4348.87,4348.97,0.1,143
2026-09-11T18:27:00.030+00:00,4348.54,4348.65,0.11,143
2026-09-11T18:27:00.328+00:00,4348.56,4348.67,0.11,143
2026-09-11T18:27:00.557+00:00,4348.6,4348.69,0.09,143
2026-09-11T18:27:00.778+00:00,4348.7,4348.78,0.08,143
2026-09-11T18:27:01.005+00:00,4349.03,4349.11,0.08,143
2026-09-11T18:27:01.231+00:00,4349.02,4349.1,0.08,143
2026-09-11T18:27:01.682+00:00,4348.99,4349.08,0.09,143
2026-09-11T18:27:01.911+00:00,4348.97,4349.05,0.08,143
2026-09-11T18:27:02.136+00:00,4349.2,4349.28,0.08,143
2026-09-11T18:27:02.360+00:00,4349.06,4349.14,0.08,143
2026-09-11T18:27:02.656+00:00,4349.05,4349.13,0.08,143
2026-09-11T18:27:02.810+00:00,4349.19,4349.27,0.08,143
2026-09-11T18:27:03.035+00:00,4349.28,4349.36,0.08,143
2026-09-11T18:27:03.263+00:00,4349.29,4349.37,0.08,143
2026-09-11T18:27:03.484+00:00,4349.25,4349.33,0.08,143
2026-09-11T18:27:03.710+00:00,4349.33,4349.41,0.08,143
2026-09-11T18:27:03.944+00:00,4349.43,4349.51,0.08,143
2026-09-11T18:27:04.161+00:00,4349.42,4349.5,0.08,143
2026-09-11T18:27:04.610+00:00,4349.77,4349.85,0.08,143
2026-09-11T18:27:04.937+00:00,4349.9,4349.98,0.08,143
2026-09-11T18:27:05.143+00:00,4349.8,4349.88,0.08,143
2026-09-11T18:27:05.300+00:00,4349.54,4349.65,0.11,143
2026-09-11T18:27:05.512+00:00,4349.61,4349.7,0.09,143
2026-09-11T18:27:05.716+00:00,4349.62,4349.71,0.09,143
2026-09-11T18:27:05.987+00:00,4349.61,4349.69,0.08,143
2026-09-11T18:27:06.219+00:00,4349.6,4349.7,0.1,143
2026-09-11T18:27:06.674+00:00,4349.58,4349.68,0.1,143
2026-09-11T18:27:06.901+00:00,4349.6,4349.7,0.1,143
2026-09-11T18:27:07.128+00:00,4349.68,4349.77,0.09,143
2026-09-11T18:27:07.351+00:00,4349.5,4349.59,0.09,143
2026-09-11T18:27:07.651+00:00,4349.47,4349.56,0.09,143
2026-09-11T18:27:07.875+00:00,4349.75,4349.84,0.09,143
2026-09-11T18:27:08.101+00:00,4349.76,4349.84,0.08,143
2026-09-11T18:27:08.330+00:00,4349.79,4349.87,0.08,143
2026-09-11T18:27:08.553+00:00,4349.81,4349.89,0.08,143
2026-09-11T18:27:08.777+00:00,4349.82,4349.9,0.08,143
2026-09-11T18:27:09.001+00:00,4349.81,4349.89,0.08,143
2026-09-11T18:27:09.226+00:00,4349.84,4349.92,0.08,143
2026-09-11T18:27:09.452+00:00,4349.91,4349.99,0.08,143
2026-09-11T18:27:09.677+00:00,4349.92,4350.02,0.1,143
2026-09-11T18:27:09.904+00:00,4349.93,4350.03,0.1,143
2026-09-11T18:27:10.280+00:00,4350.01,4350.1,0.09,143
2026-09-11T18:27:10.502+00:00,4349.98,4350.08,0.1,143
2026-09-11T18:27:10.714+00:00,4349.97,4350.09,0.12,143
2026-09-11T18:27:10.953+00:00,4349.94,4350.05,0.11,143
2026-09-11T18:27:11.179+00:00,4350.08,4350.18,0.1,143
2026-09-11T18:27:11.403+00:00,4350.14,4350.22,0.08,143
2026-09-11T18:27:11.628+00:00,4350.12,4350.2,0.08,143
2026-09-11T18:27:11.853+00:00,4350.19,4350.28,0.09,143
2026-09-11T18:27:12.079+00:00,4350.09,4350.18,0.09,143
2026-09-11T18:27:12.307+00:00,4350.34,4350.42,0.08,143
2026-09-11T18:27:12.528+00:00,4350.3,4350.38,0.08,143
2026-09-11T18:27:12.753+00:00,4350.12,4350.2,0.08,143
2026-09-11T18:27:13.008+00:00,4350.26,4350.34,0.08,143
2026-09-11T18:27:13.204+00:00,4350.2,4350.28,0.08,143
2026-09-11T18:27:13.429+00:00,4350.41,4350.49,0.08,143
2026-09-11T18:27:13.664+00:00,4350.11,4350.21,0.1,143
2026-09-11T18:27:13.885+00:00,4349.77,4349.87,0.1,143
2026-09-11T18:27:14.110+00:00,4349.76,4349.85,0.09,143
2026-09-11T18:27:14.331+00:00,4349.86,4349.96,0.1,143
2026-09-11T18:27:14.555+00:00,4349.86,4349.94,0.08,143
2026-09-11T18:27:14.881+00:00,4349.77,4349.85,0.08,143
2026-09-11T18:27:15.187+00:00,4349.6,4349.69,0.09,143
2026-09-11T18:27:15.405+00:00,4349.63,4349.72,0.09,143
2026-09-11T18:27:15.632+00:00,4349.98,4350.07,0.09,143
2026-09-11T18:27:15.861+00:00,4350.0,4350.08,0.08,143
2026-09-11T18:27:16.083+00:00,4350.22,4350.3,0.08,143
2026-09-11T18:27:16.647+00:00,4350.2,4350.28,0.08,143
2026-09-11T18:27:16.869+00:00,4350.13,4350.21,0.08,143
2026-09-11T18:27:17.347+00:00,4350.33,4350.41,0.08,143
2026-09-11T18:27:17.634+00:00,4350.4,4350.49,0.09,144
2026-09-11T18:27:17.839+00:00,4350.61,4350.69,0.08,144
2026-09-11T18:27:18.044+00:00,4350.56,4350.64,0.08,144
2026-09-11T18:27:18.248+00:00,4350.66,4350.74,0.08,144
2026-09-11T18:27:18.444+00:00,4350.1,4350.18,0.08,144
2026-09-11T18:27:18.670+00:00,4350.08,4350.17,0.09,144
2026-09-11T18:27:18.894+00:00,4350.04,4350.15,0.11,144
2026-09-11T18:27:19.208+00:00,4350.06,4350.15,0.09,144
2026-09-11T18:27:19.664+00:00,4350.32,4350.4,0.08,144
2026-09-11T18:27:19.888+00:00,4350.1,4350.18,0.08,144
2026-09-11T18:27:20.116+00:00,4350.12,4350.2,0.08,144
2026-09-11T18:27:20.338+00:00,4350.16,4350.24,0.08,144
2026-09-11T18:27:20.564+00:00,4350.04,4350.12,0.08,144
2026-09-11T18:27:20.789+00:00,4350.03,4350.11,0.08,144
2026-09-11T18:27:21.014+00:00,4350.18,4350.27,0.09,144
2026-09-11T18:27:21.238+00:00,4350.15,4350.24,0.09,144
2026-09-11T18:27:21.461+00:00,4350.16,4350.25,0.09,144
2026-09-11T18:27:21.687+00:00,4350.17,4350.25,0.08,144
2026-09-11T18:27:21.987+00:00,4350.31,4350.39,0.08,144
2026-09-11T18:27:22.442+00:00,4350.2,4350.28,0.08,144
2026-09-11T18:27:22.670+00:00,4350.25,4350.33,0.08,144
2026-09-11T18:27:22.893+00:00,4350.35,4350.43,0.08,144
2026-09-11T18:27:23.192+00:00,4350.37,4350.45,0.08,144
2026-09-11T18:27:23.651+00:00,4350.39,4350.47,0.08,144
2026-09-11T18:27:23.883+00:00,4350.41,4350.49,0.08,144
2026-09-11T18:27:24.101+00:00,4350.35,4350.44,0.09,144
2026-09-11T18:27:24.338+00:00,4350.6,4350.7,0.1,144
2026-09-11T18:27:24.551+00:00,4350.78,4350.86,0.08,144
2026-09-11T18:27:24.776+00:00,4350.67,4350.75,0.08,144
2026-09-11T18:27:25.002+00:00,4350.77,4350.85,0.08,144
2026-09-11T18:27:25.231+00:00,4350.49,4350.57,0.08,144
2026-09-11T18:27:25.453+00:00,4350.75,4350.83,0.08,144
2026-09-11T18:27:25.680+00:00,4350.71,4350.79,0.08,144
2026-09-11T18:27:26.173+00:00,4350.67,4350.75,0.08,144
2026-09-11T18:27:26.396+00:00,4350.64,4350.74,0.1,144
2026-09-11T18:27:26.697+00:00,4350.81,4350.91,0.1,144
2026-09-11T18:27:27.042+00:00,4350.83,4350.93,0.1,144
2026-09-11T18:27:27.417+00:00,4350.91,4351.02,0.11,144
2026-09-11T18:27:27.640+00:00,4350.91,4351.0,0.09,144
2026-09-11T18:27:28.314+00:00,4350.93,4351.01,0.08,144
2026-09-11T18:27:28.540+00:00,4350.94,4351.02,0.08,144
2026-09-11T18:27:28.767+00:00,4351.01,4351.11,0.1,144
2026-09-11T18:27:29.085+00:00,4350.71,4350.81,0.1,144
2026-09-11T18:27:29.312+00:00,4350.6,4350.7,0.1,144
2026-09-11T18:27:29.608+00:00,4350.65,4350.75,0.1,144
2026-09-11T18:27:29.834+00:00,4350.66,4350.76,0.1,144
2026-09-11T18:27:30.125+00:00,4350.54,4350.64,0.1,144
2026-09-11T18:27:30.713+00:00,4350.52,4350.61,0.09,144
2026-09-11T18:27:31.201+00:00,4350.54,4350.64,0.1,144
2026-09-11T18:27:31.426+00:00,4350.42,4350.51,0.09,144
2026-09-11T18:27:31.669+00:00,4350.27,4350.35,0.08,144
2026-09-11T18:27:32.106+00:00,4350.31,4350.39,0.08,144
2026-09-11T18:27:32.330+00:00,4350.24,4350.32,0.08,144
2026-09-11T18:27:32.555+00:00,4350.26,4350.35,0.09,144
2026-09-11T18:27:32.886+00:00,4350.28,4350.36,0.08,144
2026-09-11T18:27:33.495+00:00,4350.31,4350.39,0.08,144
2026-09-11T18:27:33.714+00:00,4350.32,4350.4,0.08,144
2026-09-11T18:27:34.471+00:00,4350.57,4350.65,0.08,144
2026-09-11T18:27:34.694+00:00,4350.44,4350.52,0.08,144
2026-09-11T18:27:34.921+00:00,4350.05,4350.13,0.08,144
2026-09-11T18:27:35.146+00:00,4349.98,4350.06,0.08,144
2026-09-11T18:27:35.371+00:00,4350.18,4350.26,0.08,144
2026-09-11T18:27:35.599+00:00,4349.77,4349.86,0.09,144
2026-09-11T18:27:35.821+00:00,4349.42,4349.51,0.09,144
2026-09-11T18:27:36.048+00:00,4350.12,4350.2,0.08,144
2026-09-11T18:27:36.496+00:00,4349.95,4350.03,0.08,144
2026-09-11T18:27:36.714+00:00,4350.08,4350.16,0.08,144
2026-09-11T18:27:36.945+00:00,4350.02,4350.1,0.08,144
2026-09-11T18:27:37.172+00:00,4349.96,4350.04,0.08,144
2026-09-11T18:27:37.399+00:00,4349.98,4350.06,0.08,144
2026-09-11T18:27:37.623+00:00,4350.01,4350.09,0.08,144
2026-09-11T18:27:37.846+00:00,4350.23,4350.31,0.08,144
2026-09-11T18:27:38.073+00:00,4350.02,4350.1,0.08,144
2026-09-11T18:27:38.488+00:00,4350.0,4350.09,0.09,144
2026-09-11T18:27:38.712+00:00,4350.14,4350.22,0.08,144
2026-09-11T18:27:38.932+00:00,4350.25,4350.33,0.08,144
2026-09-11T18:27:39.232+00:00,4350.34,4350.42,0.08,144
2026-09-11T18:27:39.457+00:00,4350.29,4350.37,0.08,144
2026-09-11T18:27:39.681+00:00,4350.42,4350.5,0.08,144
2026-09-11T18:27:39.907+00:00,4350.36,4350.44,0.08,144
2026-09-11T18:27:40.131+00:00,4350.34,4350.42,0.08,144
2026-09-11T18:27:40.358+00:00,4350.26,4350.35,0.09,144
2026-09-11T18:27:40.582+00:00,4350.26,4350.34,0.08,144
2026-09-11T18:27:40.882+00:00,4350.2,4350.29,0.09,144
2026-09-11T18:27:41.111+00:00,4350.0,4350.09,0.09,144
2026-09-11T18:27:41.332+00:00,4349.98,4350.06,0.08,144
2026-09-11T18:27:41.560+00:00,4350.23,4350.31,0.08,144
2026-09-11T18:27:41.783+00:00,4350.22,4350.3,0.08,144
2026-09-11T18:27:42.008+00:00,4349.87,4349.95,0.08,144
2026-09-11T18:27:42.235+00:00,4349.86,4349.95,0.09,144
2026-09-11T18:27:42.458+00:00,4350.12,4350.2,0.08,144
2026-09-11T18:27:42.715+00:00,4350.16,4350.24,0.08,145
2026-09-11T18:27:42.982+00:00,4350.21,4350.29,0.08,145
2026-09-11T18:27:43.438+00:00,4350.57,4350.65,0.08,145
2026-09-11T18:27:43.841+00:00,4350.73,4350.81,0.08,145
2026-09-11T18:27:43.906+00:00,4350.41,4350.49,0.08,145
2026-09-11T18:27:44.116+00:00,4350.4,4350.48,0.08,145
2026-09-11T18:27:44.367+00:00,4350.23,4350.31,0.08,145
2026-09-11T18:27:44.562+00:00,4350.35,4350.45,0.1,145
2026-09-11T18:27:44.811+00:00,4349.57,4349.67,0.1,145
2026-09-11T18:27:45.028+00:00,4349.54,4349.62,0.08,145
2026-09-11T18:27:45.253+00:00,4349.24,4349.32,0.08,145
2026-09-11T18:27:45.479+00:00,4349.2,4349.28,0.08,145
2026-09-11T18:27:45.710+00:00,4349.23,4349.31,0.08,145
2026-09-11T18:27:45.932+00:00,4349.21,4349.29,0.08,145
2026-09-11T18:27:46.157+00:00,4349.32,4349.41,0.09,145
2026-09-11T18:27:46.382+00:00,4349.54,4349.62,0.08,145
2026-09-11T18:27:46.609+00:00,4349.5,4349.58,0.08,145
2026-09-11T18:27:46.832+00:00,4349.54,4349.62,0.08,145
2026-09-11T18:27:47.057+00:00,4349.45,4349.53,0.08,145
2026-09-11T18:27:47.291+00:00,4348.75,4348.84,0.09,145
2026-09-11T18:27:47.513+00:00,4349.08,4349.16,0.08,145
2026-09-11T18:27:47.715+00:00,4349.24,4349.32,0.08,145
2026-09-11T18:27:47.962+00:00,4349.54,4349.62,0.08,145
2026-09-11T18:27:48.412+00:00,4349.29,4349.37,0.08,145
2026-09-11T18:27:48.866+00:00,4349.1,4349.19,0.09,145
2026-09-11T18:27:49.090+00:00,4349.49,4349.58,0.09,145
2026-09-11T18:27:49.333+00:00,4349.51,4349.6,0.09,145
2026-09-11T18:27:49.545+00:00,4349.46,4349.54,0.08,145
2026-09-11T18:27:49.769+00:00,4349.7,4349.78,0.08,145
2026-09-11T18:27:49.994+00:00,4349.91,4349.99,0.08,145
2026-09-11T18:27:50.225+00:00,4349.95,4350.03,0.08,145
2026-09-11T18:27:50.445+00:00,4349.94,4350.03,0.09,145
2026-09-11T18:27:50.672+00:00,4349.97,4350.05,0.08,145
2026-09-11T18:27:50.899+00:00,4350.2,4350.28,0.08,145
2026-09-11T18:27:51.125+00:00,4350.33,4350.41,0.08,145
2026-09-11T18:27:51.499+00:00,4350.03,4350.12,0.09,145
2026-09-11T18:27:51.718+00:00,4350.01,4350.09,0.08,145
2026-09-11T18:27:51.949+00:00,4350.23,4350.33,0.1,145
2026-09-11T18:27:52.174+00:00,4350.22,4350.33,0.11,145
2026-09-11T18:27:52.400+00:00,4350.12,4350.23,0.11,145
2026-09-11T18:27:52.644+00:00,4349.73,4349.82,0.09,145
2026-09-11T18:27:52.859+00:00,4349.6,4349.69,0.09,145
2026-09-11T18:27:53.083+00:00,4349.62,4349.71,0.09,145
2026-09-11T18:27:53.308+00:00,4349.43,4349.53,0.1,145
2026-09-11T18:27:53.533+00:00,4349.49,4349.58,0.09,145
2026-09-11T18:27:53.768+00:00,4349.78,4349.88,0.1,145
2026-09-11T18:27:53.983+00:00,4349.76,4349.84,0.08,145
2026-09-11T18:27:54.210+00:00,4349.88,4349.96,0.08,145
2026-09-11T18:27:54.440+00:00,4349.73,4349.81,0.08,145
2026-09-11T18:27:54.664+00:00,4349.62,4349.72,0.1,145
2026-09-11T18:27:54.886+00:00,4349.74,4349.84,0.1,145
2026-09-11T18:27:55.111+00:00,4349.75,4349.83,0.08,145
2026-09-11T18:27:55.334+00:00,4349.84,4349.92,0.08,145
2026-09-11T18:27:55.603+00:00,4349.78,4349.86,0.08,145
2026-09-11T18:27:55.862+00:00,4349.94,4350.02,0.08,145
2026-09-11T18:27:56.086+00:00,4349.95,4350.05,0.1,145
2026-09-11T18:27:56.311+00:00,4349.98,4350.06,0.08,145
2026-09-11T18:27:56.539+00:00,4350.07,4350.15,0.08,145
2026-09-11T18:27:56.761+00:00,4350.16,4350.24,0.08,145
2026-09-11T18:27:57.061+00:00,4350.15,4350.23,0.08,145
2026-09-11T18:27:57.286+00:00,4350.04,4350.13,0.09,145
2026-09-11T18:27:57.511+00:00,4349.97,4350.06,0.09,145
2026-09-11T18:27:57.715+00:00,4349.92,4350.02,0.1,145
2026-09-11T18:27:57.967+00:00,4349.9,4349.98,0.08,145
2026-09-11T18:27:58.375+00:00,4349.79,4349.87,0.08,145
2026-09-11T18:27:58.600+00:00,4349.83,4349.91,0.08,145
2026-09-11T18:27:58.901+00:00,4349.76,4349.85,0.09,145
2026-09-11T18:27:59.129+00:00,4349.66,4349.74,0.08,145
2026-09-11T18:27:59.897+00:00,4349.69,4349.77,0.08,145
2026-09-11T18:27:59.901+00:00,4349.67,4349.75,0.08,145
2026-09-11T18:28:00.039+00:00,4349.87,4349.95,0.08,145
2026-09-11T18:28:00.271+00:00,4349.86,4349.94,0.08,145
2026-09-11T18:28:00.491+00:00,4349.7,4349.78,0.08,145
2026-09-11T18:28:00.715+00:00,4349.72,4349.8,0.08,145
2026-09-11T18:28:00.944+00:00,4349.81,4349.9,0.09,145
2026-09-11T18:28:01.164+00:00,4350.05,4350.13,0.08,145
2026-09-11T18:28:01.390+00:00,4349.67,4349.75,0.08,145
2026-09-11T18:28:01.616+00:00,4349.84,4349.92,0.08,145
2026-09-11T18:28:01.843+00:00,4349.6,4349.69,0.09,145
2026-09-11T18:28:02.066+00:00,4349.7,4349.78,0.08,145
2026-09-11T18:28:02.292+00:00,4349.89,4349.98,0.09,145
2026-09-11T18:28:02.520+00:00,4350.12,4350.2,0.08,145
2026-09-11T18:28:02.743+00:00,4350.45,4350.53,0.08,145
2026-09-11T18:28:02.973+00:00,4350.51,4350.59,0.08,145
2026-09-11T18:28:03.205+00:00,4350.54,4350.63,0.09,145
2026-09-11T18:28:03.421+00:00,4350.8,4350.89,0.09,145
2026-09-11T18:28:03.647+00:00,4351.05,4351.13,0.08,145
2026-09-11T18:28:03.876+00:00,4350.67,4350.75,0.08,145
2026-09-11T18:28:04.095+00:00,4350.92,4351.01,0.09,145
2026-09-11T18:28:04.325+00:00,4351.07,4351.16,0.09,145
2026-09-11T18:28:04.550+00:00,4350.76,4350.84,0.08,145
2026-09-11T18:28:04.775+00:00,4350.54,4350.62,0.08,145
2026-09-11T18:28:04.999+00:00,4350.78,4350.87,0.09,145
2026-09-11T18:28:05.223+00:00,4350.79,4350.87,0.08,145
2026-09-11T18:28:05.449+00:00,4351.0,4351.08,0.08,145
2026-09-11T18:28:05.673+00:00,4350.8,4350.88,0.08,145
2026-09-11T18:28:05.901+00:00,4351.02,4351.12,0.1,145
2026-09-11T18:28:06.125+00:00,4351.17,4351.26,0.09,145
2026-09-11T18:28:06.348+00:00,4351.27,4351.36,0.09,145
2026-09-11T18:28:06.573+00:00,4351.24,4351.34,0.1,145
2026-09-11T18:28:06.800+00:00,4351.24,4351.35,0.11,145
2026-09-11T18:28:07.023+00:00,4351.24,4351.34,0.1,145
2026-09-11T18:28:07.249+00:00,4351.05,4351.13,0.08,145
2026-09-11T18:28:07.473+00:00,4351.11,4351.2,0.09,145
2026-09-11T18:28:07.713+00:00,4351.06,4351.14,0.08,146
2026-09-11T18:28:07.924+00:00,4351.23,4351.31,0.08,146
2026-09-11T18:28:08.390+00:00,4351.13,4351.21,0.08,146
2026-09-11T18:28:08.609+00:00,4351.26,4351.34,0.08,146
2026-09-11T18:28:08.836+00:00,4351.2,4351.29,0.09,146
2026-09-11T18:28:09.057+00:00,4351.23,4351.31,0.08,146
2026-09-11T18:28:09.288+00:00,4350.83,4350.91,0.08,146
2026-09-11T18:28:09.509+00:00,4350.71,4350.8,0.09,146
2026-09-11T18:28:09.713+00:00,4350.53,4350.63,0.1,146
2026-09-11T18:28:09.968+00:00,4350.5,4350.59,0.09,146
2026-09-11T18:28:10.183+00:00,4350.57,4350.69,0.12,146
2026-09-11T18:28:10.409+00:00,4350.59,4350.69,0.1,146
2026-09-11T18:28:10.634+00:00,4350.57,4350.66,0.09,146
2026-09-11T18:28:10.859+00:00,4350.73,4350.83,0.1,146
2026-09-11T18:28:11.085+00:00,4350.89,4350.98,0.09,146
2026-09-11T18:28:11.312+00:00,4351.07,4351.15,0.08,146
2026-09-11T18:28:11.536+00:00,4350.96,4351.04,0.08,146
2026-09-11T18:28:11.760+00:00,4350.97,4351.05,0.08,146
2026-09-11T18:28:11.987+00:00,4351.09,4351.18,0.09,146
2026-09-11T18:28:12.210+00:00,4351.02,4351.1,0.08,146
2026-09-11T18:28:12.436+00:00,4350.81,4350.9,0.09,146
2026-09-11T18:28:12.666+00:00,4350.96,4351.07,0.11,146
2026-09-11T18:28:12.891+00:00,4350.94,4351.05,0.11,146
2026-09-11T18:28:13.120+00:00,4350.92,4351.0,0.08,146
2026-09-11T18:28:13.416+00:00,4350.93,4351.04,0.11,146
2026-09-11T18:28:13.715+00:00,4350.9,4351.0,0.1,146
2026-09-11T18:28:13.947+00:00,4350.94,4351.04,0.1,146
2026-09-11T18:28:14.393+00:00,4351.22,4351.32,0.1,146
2026-09-11T18:28:14.618+00:00,4351.09,4351.19,0.1,146
2026-09-11T18:28:14.843+00:00,4351.15,4351.24,0.09,146
2026-09-11T18:28:15.067+00:00,4351.15,4351.26,0.11,146
2026-09-11T18:28:15.367+00:00,4351.08,4351.19,0.11,146
2026-09-11T18:28:15.594+00:00,4351.1,4351.2,0.1,146
2026-09-11T18:28:15.817+00:00,4351.12,4351.22,0.1,146
2026-09-11T18:28:16.043+00:00,4350.94,4351.02,0.08,146
2026-09-11T18:28:16.268+00:00,4351.25,4351.33,0.08,146
2026-09-11T18:28:16.493+00:00,4351.23,4351.33,0.1,146
2026-09-11T18:28:16.943+00:00,4351.22,4351.32,0.1,146
2026-09-11T18:28:17.199+00:00,4350.97,4351.07,0.1,146
2026-09-11T18:28:17.431+00:00,4351.17,4351.27,0.1,146
2026-09-11T18:28:17.714+00:00,4351.18,4351.26,0.08,146
2026-09-11T18:28:18.032+00:00,4351.33,4351.41,0.08,146
2026-09-11T18:28:18.257+00:00,4351.3,4351.39,0.09,146
2026-09-11T18:28:18.483+00:00,4351.31,4351.43,0.12,146
2026-09-11T18:28:18.707+00:00,4350.89,4351.0,0.11,146
2026-09-11T18:28:18.933+00:00,4351.08,4351.18,0.1,146
2026-09-11T18:28:19.158+00:00,4351.28,4351.36,0.08,146
2026-09-11T18:28:19.387+00:00,4351.98,4352.06,0.08,146
2026-09-11T18:28:19.621+00:00,4352.29,4352.38,0.09,146
2026-09-11T18:28:19.844+00:00,4352.25,4352.33,0.08,146
2026-09-11T18:28:20.065+00:00,4352.08,4352.17,0.09,146
2026-09-11T18:28:20.289+00:00,4352.11,4352.19,0.08,146
2026-09-11T18:28:20.591+00:00,4352.18,4352.26,0.08,146
2026-09-11T18:28:20.818+00:00,4352.07,4352.16,0.09,146
2026-09-11T18:28:21.052+00:00,4351.89,4351.99,0.1,146
2026-09-11T18:28:21.497+00:00,4351.9,4351.98,0.08,146
2026-09-11T18:28:21.947+00:00,4351.97,4352.05,0.08,146
2026-09-11T18:28:22.172+00:00,4351.97,4352.06,0.09,146
2026-09-11T18:28:22.399+00:00,4351.78,4351.87,0.09,146
2026-09-11T18:28:22.701+00:00,4351.87,4351.96,0.09,146
2026-09-11T18:28:22.924+00:00,4351.99,4352.07,0.08,146
2026-09-11T18:28:23.376+00:00,4352.0,4352.08,0.08,146
2026-09-11T18:28:23.675+00:00,4351.98,4352.06,0.08,146
2026-09-11T18:28:23.902+00:00,4351.87,4351.96,0.09,146
2026-09-11T18:28:24.125+00:00,4351.85,4351.95,0.1,146
2026-09-11T18:28:24.351+00:00,4351.86,4351.94,0.08,146
2026-09-11T18:28:24.714+00:00,4352.03,4352.11,0.08,146
2026-09-11T18:28:24.977+00:00,4351.71,4351.79,0.08,146
2026-09-11T18:28:25.199+00:00,4351.72,4351.81,0.09,146
2026-09-11T18:28:25.423+00:00,4351.72,4351.82,0.1,146
2026-09-11T18:28:25.651+00:00,4351.72,4351.81,0.09,146
2026-09-11T18:28:25.874+00:00,4351.7,4351.8,0.1,146
2026-09-11T18:28:26.176+00:00,4351.58,4351.68,0.1,146
2026-09-11T18:28:26.626+00:00,4351.58,4351.67,0.09,146
2026-09-11T18:28:26.852+00:00,4351.22,4351.32,0.1,146
2026-09-11T18:28:27.076+00:00,4351.17,4351.27,0.1,146
2026-09-11T18:28:27.302+00:00,4351.07,4351.18,0.11,146
2026-09-11T18:28:27.752+00:00,4351.34,4351.46,0.12,146
2026-09-11T18:28:27.988+00:00,4351.56,4351.66,0.1,146
2026-09-11T18:28:28.203+00:00,4351.38,4351.47,0.09,146
2026-09-11T18:28:28.430+00:00,4351.27,4351.36,0.09,146
2026-09-11T18:28:28.657+00:00,4351.17,4351.26,0.09,146
2026-09-11T18:28:28.876+00:00,4351.11,4351.2,0.09,146
2026-09-11T18:28:29.337+00:00,4351.4,4351.48,0.08,146
2026-09-11T18:28:29.550+00:00,4351.37,4351.45,0.08,146
2026-09-11T18:28:29.786+00:00,4351.34,4351.42,0.08,146
2026-09-11T18:28:30.001+00:00,4351.23,4351.33,0.1,146
2026-09-11T18:28:30.229+00:00,4351.2,4351.3,0.1,146
2026-09-11T18:28:30.454+00:00,4351.22,4351.33,0.11,146
2026-09-11T18:28:30.678+00:00,4351.15,4351.25,0.1,146
2026-09-11T18:28:30.906+00:00,4351.34,4351.42,0.08,146
2026-09-11T18:28:31.135+00:00,4351.42,4351.5,0.08,146
2026-09-11T18:28:31.355+00:00,4351.46,4351.54,0.08,146
2026-09-11T18:28:31.579+00:00,4351.47,4351.55,0.08,146
2026-09-11T18:28:31.880+00:00,4351.46,4351.54,0.08,146
2026-09-11T18:28:32.105+00:00,4351.29,4351.38,0.09,146
2026-09-11T18:28:32.328+00:00,4351.37,4351.47,0.1,146
2026-09-11T18:28:32.555+00:00,4351.07,4351.16,0.09,146
2026-09-11T18:28:32.778+00:00,4351.1,4351.2,0.1,147
2026-09-11T18:28:33.004+00:00,4351.3,4351.4,0.1,147
2026-09-11T18:28:33.236+00:00,4351.18,4351.27,0.09,147
2026-09-11T18:28:33.681+00:00,4351.15,4351.23,0.08,147
2026-09-11T18:28:33.910+00:00,4351.2,4351.28,0.08,147
2026-09-11T18:28:34.131+00:00,4351.21,4351.3,0.09,147
2026-09-11T18:28:34.358+00:00,4351.19,4351.29,0.1,147
2026-09-11T18:28:34.635+00:00,4351.2,4351.31,0.11,147
2026-09-11T18:28:35.084+00:00,4350.9,4351.0,0.1,147
2026-09-11T18:28:35.312+00:00,4351.01,4351.11,0.1,147
2026-09-11T18:28:35.534+00:00,4351.03,4351.13,0.1,147
2026-09-11T18:28:35.761+00:00,4351.09,4351.17,0.08,147
2026-09-11T18:28:36.135+00:00,4351.1,4351.18,0.08,147
2026-09-11T18:28:36.359+00:00,4350.92,4351.01,0.09,147
2026-09-11T18:28:36.584+00:00,4350.92,4351.03,0.11,147
2026-09-11T18:28:36.811+00:00,4350.81,4350.93,0.12,147
2026-09-11T18:28:37.035+00:00,4350.96,4351.06,0.1,147
2026-09-11T18:28:37.262+00:00,4350.96,4351.05,0.09,147
2026-09-11T18:28:37.561+00:00,4350.91,4350.99,0.08,147
2026-09-11T18:28:37.794+00:00,4350.8,4350.89,0.09,147
2026-09-11T18:28:38.020+00:00,4350.79,4350.9,0.11,147
2026-09-11T18:28:38.320+00:00,4350.69,4350.8,0.11,147
2026-09-11T18:28:38.544+00:00,4350.7,4350.8,0.1,147
2026-09-11T18:28:39.099+00:00,4350.76,4350.86,0.1,147
2026-09-11T18:28:39.370+00:00,4350.77,4350.87,0.1,147
2026-09-11T18:28:39.668+00:00,4350.94,4351.03,0.09,147
2026-09-11T18:28:40.065+00:00,4351.06,4351.15,0.09,147
2026-09-11T18:28:40.222+00:00,4351.05,4351.14,0.09,147
2026-09-11T18:28:40.445+00:00,4351.03,4351.13,0.1,147
2026-09-11T18:28:40.896+00:00,4351.15,4351.26,0.11,147
2026-09-11T18:28:40.969+00:00,4351.17,4351.27,0.1,147
2026-09-11T18:28:41.697+00:00,4351.16,4351.25,0.09,147
2026-09-11T18:28:41.937+00:00,4351.1,4351.19,0.09,147
2026-09-11T18:28:42.167+00:00,4350.92,4351.01,0.09,147
2026-09-11T18:28:42.462+00:00,4350.81,4350.9,0.09,147
2026-09-11T18:28:42.685+00:00,4350.79,4350.89,0.1,147
2026-09-11T18:28:42.912+00:00,4351.0,4351.1,0.1,147
2026-09-11T18:28:43.139+00:00,4351.02,4351.1,0.08,147
2026-09-11T18:28:43.541+00:00,4351.0,4351.09,0.09,147
2026-09-11T18:28:43.772+00:00,4350.85,4350.94,0.09,147
2026-09-11T18:28:43.991+00:00,4350.89,4350.97,0.08,147
2026-09-11T18:28:44.236+00:00,4350.95,4351.04,0.09,147
2026-09-11T18:28:44.460+00:00,4350.89,4350.97,0.08,147
2026-09-11T18:28:44.685+00:00,4351.18,4351.28,0.1,147
2026-09-11T18:28:44.988+00:00,4351.19,4351.3,0.11,147
2026-09-11T18:28:45.211+00:00,4351.23,4351.33,0.1,147
2026-09-11T18:28:45.437+00:00,4351.27,4351.37,0.1,147
2026-09-11T18:28:45.661+00:00,4351.3,4351.4,0.1,147
2026-09-11T18:28:45.892+00:00,4351.32,4351.41,0.09,147
2026-09-11T18:28:46.501+00:00,4351.11,4351.2,0.09,147
2026-09-11T18:28:46.712+00:00,4351.45,4351.54,0.09,147
2026-09-11T18:28:46.942+00:00,4351.54,4351.62,0.08,147
2026-09-11T18:28:47.166+00:00,4351.6,4351.68,0.08,147
2026-09-11T18:28:47.396+00:00,4351.59,4351.67,0.08,147
2026-09-11T18:28:47.615+00:00,4351.62,4351.7,0.08,147
2026-09-11T18:28:47.842+00:00,4351.66,4351.74,0.08,147
2026-09-11T18:28:48.066+00:00,4351.65,4351.74,0.09,147
2026-09-11T18:28:48.292+00:00,4351.54,4351.63,0.09,147
2026-09-11T18:28:48.664+00:00,4351.59,4351.7,0.11,147
2026-09-11T18:28:48.891+00:00,4351.28,4351.4,0.12,147
2026-09-11T18:28:49.115+00:00,4351.34,4351.44,0.1,147
2026-09-11T18:28:49.340+00:00,4351.38,4351.49,0.11,147
2026-09-11T18:28:49.564+00:00,4351.35,4351.45,0.1,147
2026-09-11T18:28:49.942+00:00,4351.4,4351.49,0.09,147
2026-09-11T18:28:50.168+00:00,4351.58,4351.67,0.09,147
2026-09-11T18:28:50.394+00:00,4351.69,4351.77,0.08,147
2026-09-11T18:28:50.656+00:00,4351.78,4351.86,0.08,147
2026-09-11T18:28:50.894+00:00,4351.59,4351.67,0.08,147
2026-09-11T18:28:51.067+00:00,4351.62,4351.7,0.08,147
2026-09-11T18:28:51.293+00:00,4351.59,4351.7,0.11,147
2026-09-11T18:28:51.518+00:00,4351.89,4351.98,0.09,147
2026-09-11T18:28:51.743+00:00,4351.79,4351.87,0.08,147
2026-09-11T18:28:51.968+00:00,4351.76,4351.84,0.08,147
2026-09-11T18:28:52.196+00:00,4351.74,4351.83,0.09,147
2026-09-11T18:28:52.420+00:00,4351.93,4352.02,0.09,147
2026-09-11T18:28:52.645+00:00,4351.89,4351.98,0.09,147
2026-09-11T18:28:52.946+00:00,4351.92,4352.01,0.09,147
2026-09-11T18:28:53.321+00:00,4352.25,4352.35,0.1,147
2026-09-11T18:28:53.545+00:00,4352.27,4352.37,0.1,147
2026-09-11T18:28:53.770+00:00,4352.29,4352.38,0.09,147
2026-09-11T18:28:53.995+00:00,4352.28,4352.36,0.08,147
2026-09-11T18:28:54.222+00:00,4352.6,4352.69,0.09,147
2026-09-11T18:28:54.454+00:00,4352.61,4352.69,0.08,147
2026-09-11T18:28:54.715+00:00,4352.48,4352.57,0.09,147
2026-09-11T18:28:54.979+00:00,4352.48,4352.59,0.11,147
2026-09-11T18:28:55.211+00:00,4352.6,4352.69,0.09,147
2026-09-11T18:28:55.435+00:00,4352.61,4352.69,0.08,147
2026-09-11T18:28:55.714+00:00,4352.54,4352.63,0.09,147
2026-09-11T18:28:56.117+00:00,4352.53,4352.63,0.1,147
2026-09-11T18:28:56.362+00:00,4352.55,4352.66,0.11,147
2026-09-11T18:28:56.583+00:00,4352.61,4352.72,0.11,147
2026-09-11T18:28:56.811+00:00,4352.63,4352.72,0.09,147
2026-09-11T18:28:57.041+00:00,4352.6,4352.69,0.09,147
2026-09-11T18:28:57.487+00:00,4352.55,4352.65,0.1,147
2026-09-11T18:28:57.712+00:00,4352.5,4352.59,0.09,147
2026-09-11T18:28:57.937+00:00,4352.5,4352.58,0.08,148
2026-09-11T18:28:58.313+00:00,4352.58,4352.66,0.08,148
2026-09-11T18:28:58.539+00:00,4352.57,4352.66,0.09,148
2026-09-11T18:28:58.765+00:00,4352.54,4352.64,0.1,148
2026-09-11T18:28:58.988+00:00,4352.53,4352.62,0.09,148
2026-09-11T18:28:59.227+00:00,4352.29,4352.37,0.08,148
2026-09-11T18:28:59.590+00:00,4352.25,4352.33,0.08,148
2026-09-11T18:28:59.886+00:00,4352.22,4352.32,0.1,148
2026-09-11T18:29:00.340+00:00,4352.2,4352.28,0.08,148
2026-09-11T18:29:00.651+00:00,4352.25,4352.33,0.08,148
2026-09-11T18:29:00.877+00:00,4352.17,4352.26,0.09,148
2026-09-11T18:29:01.190+00:00,4352.31,4352.41,0.1,148
2026-09-11T18:29:01.416+00:00,4352.36,4352.45,0.09,148
2026-09-11T18:29:01.640+00:00,4352.58,4352.66,0.08,148
2026-09-11T18:29:01.864+00:00,4352.71,4352.79,0.08,148
2026-09-11T18:29:02.091+00:00,4352.64,4352.72,0.08,148
2026-09-11T18:29:02.541+00:00,4352.75,4352.84,0.09,148
2026-09-11T18:29:02.766+00:00,4352.83,4352.91,0.08,148
2026-09-11T18:29:02.993+00:00,4353.12,4353.23,0.11,148
2026-09-11T18:29:03.216+00:00,4353.13,4353.26,0.13,148
2026-09-11T18:29:03.448+00:00,4353.11,4353.24,0.13,148
2026-09-11T18:29:03.673+00:00,4353.1,4353.24,0.14,148
2026-09-11T18:29:03.895+00:00,4353.07,4353.21,0.14,148
2026-09-11T18:29:04.117+00:00,4353.08,4353.22,0.14,148
2026-09-11T18:29:04.345+00:00,4352.67,4352.81,0.14,148
2026-09-11T18:29:04.598+00:00,4352.75,4352.89,0.14,148
2026-09-11T18:29:04.797+00:00,4352.72,4352.86,0.14,148
2026-09-11T18:29:05.021+00:00,4352.66,4352.81,0.15,148
2026-09-11T18:29:05.245+00:00,4352.68,4352.79,0.11,148
2026-09-11T18:29:05.475+00:00,4352.63,4352.73,0.1,148
2026-09-11T18:29:05.701+00:00,4352.39,4352.49,0.1,148
2026-09-11T18:29:05.926+00:00,4352.62,4352.72,0.1,148
2026-09-11T18:29:06.154+00:00,4352.67,4352.76,0.09,148
2026-09-11T18:29:06.375+00:00,4352.63,4352.71,0.08,148
2026-09-11T18:29:06.605+00:00,4352.62,4352.71,0.09,148
2026-09-11T18:29:06.905+00:00,4352.41,4352.51,0.1,148
2026-09-11T18:29:07.281+00:00,4352.33,4352.43,0.1,148
2026-09-11T18:29:07.507+00:00,4352.32,4352.41,0.09,148
2026-09-11T18:29:07.787+00:00,4352.4,4352.5,0.1,148
2026-09-11T18:29:08.062+00:00,4352.43,4352.52,0.09,148
2026-09-11T18:29:08.289+00:00,4352.27,4352.36,0.09,148
2026-09-11T18:29:08.510+00:00,4352.3,4352.39,0.09,148
2026-09-11T18:29:08.712+00:00,4352.26,4352.35,0.09,148
2026-09-11T18:29:08.917+00:00,4352.56,4352.65,0.09,148
2026-09-11T18:29:09.141+00:00,4352.33,4352.41,0.08,148
2026-09-11T18:29:09.441+00:00,4352.32,4352.41,0.09,148
2026-09-11T18:29:09.712+00:00,4352.32,4352.42,0.1,148
2026-09-11T18:29:09.969+00:00,4352.15,4352.24,0.09,148
2026-09-11T18:29:10.195+00:00,4352.13,4352.22,0.09,148
2026-09-11T18:29:10.419+00:00,4352.26,4352.36,0.1,148
2026-09-11T18:29:10.642+00:00,4352.44,4352.52,0.08,148
2026-09-11T18:29:11.118+00:00,4352.27,4352.35,0.08,148
2026-09-11T18:29:11.341+00:00,4352.63,4352.71,0.08,148
2026-09-11T18:29:11.945+00:00,4352.65,4352.73,0.08,148
2026-09-11T18:29:12.167+00:00,4352.26,4352.36,0.1,148
2026-09-11T18:29:12.392+00:00,4352.28,4352.39,0.11,148
2026-09-11T18:29:12.619+00:00,4352.29,4352.4,0.11,148
2026-09-11T18:29:12.845+00:00,4352.26,4352.36,0.1,148
2026-09-11T18:29:13.068+00:00,4352.31,4352.42,0.11,148
2026-09-11T18:29:13.292+00:00,4352.19,4352.29,0.1,148
2026-09-11T18:29:13.517+00:00,4352.31,4352.41,0.1,148
2026-09-11T18:29:13.818+00:00,4352.47,4352.58,0.11,148
2026-09-11T18:29:14.042+00:00,4352.27,4352.37,0.1,148
2026-09-11T18:29:14.275+00:00,4352.47,4352.55,0.08,148
2026-09-11T18:29:14.492+00:00,4352.55,4352.64,0.09,148
2026-09-11T18:29:14.712+00:00,4352.39,4352.47,0.08,148
2026-09-11T18:29:15.339+00:00,4352.44,4352.52,0.08,148
2026-09-11T18:29:15.665+00:00,4352.55,4352.63,0.08,148
2026-09-11T18:29:15.884+00:00,4352.57,4352.65,0.08,148
2026-09-11T18:29:16.334+00:00,4352.58,4352.66,0.08,148
2026-09-11T18:29:16.560+00:00,4352.57,4352.65,0.08,148
2026-09-11T18:29:16.862+00:00,4352.34,4352.42,0.08,148
2026-09-11T18:29:17.108+00:00,4352.54,4352.63,0.09,148
2026-09-11T18:29:17.319+00:00,4352.42,4352.5,0.08,148
2026-09-11T18:29:17.614+00:00,4352.4,4352.48,0.08,148
2026-09-11T18:29:17.869+00:00,4352.31,4352.39,0.08,148
2026-09-11T18:29:18.104+00:00,4352.24,4352.32,0.08,148
2026-09-11T18:29:18.329+00:00,4352.46,4352.56,0.1,148
2026-09-11T18:29:18.557+00:00,4352.47,4352.55,0.08,148
2026-09-11T18:29:18.778+00:00,4352.48,4352.57,0.09,148
2026-09-11T18:29:19.003+00:00,4352.41,4352.5,0.09,148
2026-09-11T18:29:19.453+00:00,4352.33,4352.41,0.08,148
2026-09-11T18:29:19.714+00:00,4352.3,4352.38,0.08,148
2026-09-11T18:29:19.979+00:00,4352.29,4352.39,0.1,148
2026-09-11T18:29:20.222+00:00,4352.11,4352.2,0.09,148
2026-09-11T18:29:20.446+00:00,4352.18,4352.26,0.08,148
2026-09-11T18:29:20.720+00:00,4352.14,4352.22,0.08,148
2026-09-11T18:29:20.945+00:00,4352.29,4352.37,0.08,148
2026-09-11T18:29:21.170+00:00,4351.89,4351.97,0.08,148
2026-09-11T18:29:21.394+00:00,4351.75,4351.83,0.08,148
2026-09-11T18:29:21.619+00:00,4352.01,4352.09,0.08,148
2026-09-11T18:29:21.843+00:00,4351.97,4352.05,0.08,148
2026-09-11T18:29:22.074+00:00,4352.04,4352.12,0.08,148
2026-09-11T18:29:22.294+00:00,4351.89,4351.97,0.08,148
2026-09-11T18:29:22.519+00:00,4351.93,4352.01,0.08,148
2026-09-11T18:29:22.743+00:00,4351.89,4351.98,0.09,148
2026-09-11T18:29:22.974+00:00,4351.86,4351.97,0.11,149
2026-09-11T18:29:23.268+00:00,4351.83,4351.94,0.11,149
2026-09-11T18:29:23.493+00:00,4351.9,4352.01,0.11,149
2026-09-11T18:29:23.720+00:00,4351.87,4351.96,0.09,149
2026-09-11T18:29:24.248+00:00,4351.96,4352.05,0.09,149
2026-09-11T18:29:24.537+00:00,4351.85,4351.94,0.09,149
2026-09-11T18:29:24.787+00:00,4351.83,4351.94,0.11,149
2026-09-11T18:29:25.006+00:00,4351.72,4351.81,0.09,149
2026-09-11T18:29:25.305+00:00,4351.8,4351.89,0.09,149
2026-09-11T18:29:25.531+00:00,4351.73,4351.82,0.09,149
2026-09-11T18:29:25.830+00:00,4351.61,4351.69,0.08,149
2026-09-11T18:29:26.130+00:00,4351.62,4351.71,0.09,149
2026-09-11T18:29:26.355+00:00,4351.68,4351.76,0.08,149
2026-09-11T18:29:26.713+00:00,4351.71,4351.79,0.08,149
2026-09-11T18:29:27.032+00:00,4351.75,4351.83,0.08,149
2026-09-11T18:29:27.257+00:00,4351.68,4351.76,0.08,149
2026-09-11T18:29:27.483+00:00,4351.56,4351.64,0.08,149
2026-09-11T18:29:27.709+00:00,4351.53,4351.64,0.11,149
2026-09-11T18:29:27.938+00:00,4351.38,4351.49,0.11,149
2026-09-11T18:29:28.161+00:00,4351.48,4351.57,0.09,149
2026-09-11T18:29:28.386+00:00,4351.41,4351.49,0.08,149
2026-09-11T18:29:28.756+00:00,4351.4,4351.5,0.1,149
2026-09-11T18:29:28.995+00:00,4351.47,4351.57,0.1,149
2026-09-11T18:29:29.209+00:00,4351.33,4351.44,0.11,149
2026-09-11T18:29:29.540+00:00,4351.49,4351.6,0.11,149
2026-09-11T18:29:29.713+00:00,4351.51,4351.6,0.09,149
2026-09-11T18:29:30.151+00:00,4351.48,4351.56,0.08,149
2026-09-11T18:29:30.407+00:00,4351.5,4351.59,0.09,149
2026-09-11T18:29:30.713+00:00,4351.46,4351.54,0.08,149
2026-09-11T18:29:30.973+00:00,4351.63,4351.73,0.1,149
2026-09-11T18:29:31.189+00:00,4351.52,4351.61,0.09,149
2026-09-11T18:29:31.413+00:00,4351.64,4351.72,0.08,149
2026-09-11T18:29:32.224+00:00,4351.73,4351.81,0.08,149
2026-09-11T18:29:32.880+00:00,4351.71,4351.8,0.09,149
2026-09-11T18:29:33.206+00:00,4351.65,4351.74,0.09,149
2026-09-11T18:29:33.433+00:00,4351.58,4351.67,0.09,149
2026-09-11T18:29:33.656+00:00,4351.58,4351.66,0.08,149
2026-09-11T18:29:33.881+00:00,4351.42,4351.5,0.08,149
2026-09-11T18:29:34.106+00:00,4351.61,4351.69,0.08,149
2026-09-11T18:29:34.332+00:00,4351.57,4351.65,0.08,149
2026-09-11T18:29:34.715+00:00,4351.44,4351.52,0.08,149
2026-09-11T18:29:34.944+00:00,4351.75,4351.83,0.08,149
2026-09-11T18:29:35.169+00:00,4351.74,4351.84,0.1,149
2026-09-11T18:29:35.394+00:00,4351.49,4351.61,0.12,149
2026-09-11T18:29:36.020+00:00,4351.5,4351.61,0.11,149
2026-09-11T18:29:36.470+00:00,4351.46,4351.58,0.12,149
2026-09-11T18:29:36.770+00:00,4351.56,4351.68,0.12,149
2026-09-11T18:29:37.073+00:00,4351.52,4351.64,0.12,149
2026-09-11T18:29:37.296+00:00,4351.55,4351.65,0.1,149
2026-09-11T18:29:37.597+00:00,4351.83,4351.91,0.08,149
2026-09-11T18:29:37.822+00:00,4351.79,4351.88,0.09,149
2026-09-11T18:29:38.058+00:00,4351.82,4351.93,0.11,149
2026-09-11T18:29:38.344+00:00,4351.44,4351.56,0.12,149
2026-09-11T18:29:38.577+00:00,4351.06,4351.17,0.11,149
2026-09-11T18:29:38.801+00:00,4351.09,4351.22,0.13,149
2026-09-11T18:29:39.026+00:00,4351.1,4351.21,0.11,149
2026-09-11T18:29:39.249+00:00,4351.09,4351.18,0.09,149
2026-09-11T18:29:39.475+00:00,4351.12,4351.2,0.08,149
2026-09-11T18:29:39.700+00:00,4350.95,4351.03,0.08,149
2026-09-11T18:29:39.922+00:00,4351.05,4351.15,0.1,149
2026-09-11T18:29:40.151+00:00,4350.98,4351.07,0.09,149
2026-09-11T18:29:40.381+00:00,4350.8,4350.88,0.08,149
2026-09-11T18:29:40.603+00:00,4350.69,4350.77,0.08,149
2026-09-11T18:29:40.827+00:00,4350.63,4350.71,0.08,149
2026-09-11T18:29:41.052+00:00,4350.46,4350.54,0.08,149
2026-09-11T18:29:41.276+00:00,4350.41,4350.51,0.1,149
2026-09-11T18:29:41.608+00:00,4350.41,4350.52,0.11,149
2026-09-11T18:29:41.812+00:00,4350.45,4350.55,0.1,149
2026-09-11T18:29:42.054+00:00,4350.48,4350.57,0.09,149
2026-09-11T18:29:42.275+00:00,4350.42,4350.52,0.1,149
2026-09-11T18:29:42.476+00:00,4350.48,4350.58,0.1,149
2026-09-11T18:29:42.700+00:00,4350.45,4350.54,0.09,149
2026-09-11T18:29:42.927+00:00,4350.53,4350.61,0.08,149
2026-09-11T18:29:43.152+00:00,4350.46,4350.54,0.08,149
2026-09-11T18:29:43.377+00:00,4350.45,4350.53,0.08,149
2026-09-11T18:29:43.601+00:00,4350.31,4350.4,0.09,149
2026-09-11T18:29:43.827+00:00,4350.22,4350.3,0.08,149
2026-09-11T18:29:44.051+00:00,4350.37,4350.45,0.08,149
2026-09-11T18:29:44.278+00:00,4350.33,4350.41,0.08,149
2026-09-11T18:29:44.504+00:00,4350.47,4350.55,0.08,149
2026-09-11T18:29:44.712+00:00,4350.46,4350.54,0.08,149
2026-09-11T18:29:44.958+00:00,4350.45,4350.53,0.08,149
2026-09-11T18:29:45.581+00:00,4350.43,4350.51,0.08,149
2026-09-11T18:29:45.817+00:00,4350.32,4350.4,0.08,149
2026-09-11T18:29:46.040+00:00,4350.28,4350.38,0.1,149
2026-09-11T18:29:46.267+00:00,4350.37,4350.49,0.12,149
2026-09-11T18:29:46.712+00:00,4350.39,4350.51,0.12,149
2026-09-11T18:29:46.915+00:00,4350.4,4350.49,0.09,149
2026-09-11T18:29:47.166+00:00,4350.41,4350.49,0.08,149
2026-09-11T18:29:47.658+00:00,4350.51,4350.59,0.08,149
2026-09-11T18:29:47.881+00:00,4350.66,4350.74,0.08,150
2026-09-11T18:29:48.104+00:00,4350.65,4350.74,0.09,150
2026-09-11T18:29:48.630+00:00,4350.66,4350.76,0.1,150
2026-09-11T18:29:48.856+00:00,4350.77,4350.89,0.12,150
2026-09-11T18:29:49.155+00:00,4350.72,4350.82,0.1,150
2026-09-11T18:29:49.477+00:00,4350.54,4350.64,0.1,150
2026-09-11T18:29:49.714+00:00,4350.72,4350.8,0.08,150
2026-09-11T18:29:49.971+00:00,4350.58,4350.66,0.08,150
2026-09-11T18:29:50.195+00:00,4350.64,4350.72,0.08,150
2026-09-11T18:29:50.425+00:00,4350.65,4350.73,0.08,150
2026-09-11T18:29:50.713+00:00,4350.63,4350.71,0.08,150
2026-09-11T18:29:50.946+00:00,4350.82,4350.9,0.08,150
2026-09-11T18:29:51.173+00:00,4350.84,4350.92,0.08,150
2026-09-11T18:29:51.397+00:00,4350.82,4350.93,0.11,150
2026-09-11T18:29:51.624+00:00,4350.84,4350.95,0.11,150
2026-09-11T18:29:51.851+00:00,4350.67,4350.77,0.1,150
2026-09-11T18:29:52.074+00:00,4350.77,4350.85,0.08,150
2026-09-11T18:29:52.524+00:00,4350.62,4350.71,0.09,150
2026-09-11T18:29:52.974+00:00,4350.63,4350.71,0.08,150
2026-09-11T18:29:53.418+00:00,4350.52,4350.6,0.08,150
2026-09-11T18:29:53.713+00:00,4350.64,4350.72,0.08,150
2026-09-11T18:29:53.955+00:00,4350.66,4350.74,0.08,150
2026-09-11T18:29:54.180+00:00,4350.58,4350.66,0.08,150
2026-09-11T18:29:54.406+00:00,4350.32,4350.4,0.08,150
2026-09-11T18:29:54.631+00:00,4350.35,4350.43,0.08,150
2026-09-11T18:29:54.857+00:00,4350.32,4350.4,0.08,150
2026-09-11T18:29:55.158+00:00,4350.16,4350.24,0.08,150
2026-09-11T18:29:55.380+00:00,4350.27,4350.35,0.08,150
2026-09-11T18:29:55.610+00:00,4350.19,4350.27,0.08,150
2026-09-11T18:29:55.835+00:00,4350.08,4350.16,0.08,150
2026-09-11T18:29:56.057+00:00,4350.19,4350.28,0.09,150
2026-09-11T18:29:56.282+00:00,4350.21,4350.29,0.08,150
2026-09-11T18:29:56.506+00:00,4350.52,4350.6,0.08,150
2026-09-11T18:29:56.714+00:00,4350.5,4350.58,0.08,150
2026-09-11T18:29:56.957+00:00,4350.64,4350.72,0.08,150
2026-09-11T18:29:57.184+00:00,4350.57,4350.65,0.08,150
2026-09-11T18:29:57.408+00:00,4350.56,4350.64,0.08,150
2026-09-11T18:29:57.707+00:00,4350.59,4350.68,0.09,150
2026-09-11T18:29:57.938+00:00,4350.45,4350.54,0.09,150
2026-09-11T18:29:58.158+00:00,4350.3,4350.39,0.09,150
2026-09-11T18:29:58.382+00:00,4350.41,4350.49,0.08,150
2026-09-11T18:29:58.608+00:00,4350.51,4350.59,0.08,150
2026-09-11T18:29:58.832+00:00,4350.68,4350.76,0.08,150
2026-09-11T18:29:59.058+00:00,4350.69,4350.77,0.08,150
2026-09-11T18:29:59.357+00:00,4350.68,4350.79,0.11,150
2026-09-11T18:29:59.712+00:00,4350.68,4350.78,0.1,150
2026-09-11T18:29:59.960+00:00,4350.81,4350.9,0.09,150
2026-09-11T18:30:00.409+00:00,4350.8,4350.89,0.09,150
2026-09-11T18:30:00.637+00:00,4350.79,4350.89,0.1,150
2026-09-11T18:30:00.876+00:00,4350.49,4350.6,0.11,150
2026-09-11T18:30:01.104+00:00,4350.46,4350.56,0.1,150
2026-09-11T18:30:01.345+00:00,4350.49,4350.59,0.1,150
2026-09-11T18:30:01.722+00:00,4350.45,4350.56,0.11,150
2026-09-11T18:30:01.941+00:00,4350.45,4350.57,0.12,150
2026-09-11T18:30:02.162+00:00,4350.48,4350.59,0.11,150
2026-09-11T18:30:02.385+00:00,4350.48,4350.58,0.1,150
2026-09-11T18:30:02.716+00:00,4350.44,4350.54,0.1,150
2026-09-11T18:30:02.967+00:00,4350.58,4350.67,0.09,150
2026-09-11T18:30:03.192+00:00,4350.55,4350.63,0.08,150
2026-09-11T18:30:03.792+00:00,4350.49,4350.57,0.08,150
2026-09-11T18:30:04.091+00:00,4350.55,4350.63,0.08,150
2026-09-11T18:30:04.317+00:00,4350.54,4350.62,0.08,150
2026-09-11T18:30:04.543+00:00,4350.56,4350.64,0.08,150
2026-09-11T18:30:04.917+00:00,4350.53,4350.61,0.08,150
2026-09-11T18:30:05.143+00:00,4350.55,4350.64,0.09,150
2026-09-11T18:30:05.367+00:00,4350.54,4350.62,0.08,150
2026-09-11T18:30:05.615+00:00,4350.5,4350.58,0.08,150
2026-09-11T18:30:05.840+00:00,4350.58,4350.66,0.08,150
2026-09-11T18:30:06.066+00:00,4350.63,4350.71,0.08,150
2026-09-11T18:30:06.365+00:00,4350.61,4350.69,0.08,150
2026-09-11T18:30:06.589+00:00,4350.57,4350.65,0.08,150
2026-09-11T18:30:06.826+00:00,4350.79,4350.87,0.08,150
2026-09-11T18:30:07.049+00:00,4350.82,4350.9,0.08,150
2026-09-11T18:30:07.435+00:00,4350.81,4350.89,0.08,150
2026-09-11T18:30:07.660+00:00,4350.96,4351.04,0.08,150
2026-09-11T18:30:07.891+00:00,4351.25,4351.33,0.08,150
2026-09-11T18:30:08.113+00:00,4351.42,4351.5,0.08,150
2026-09-11T18:30:08.412+00:00,4351.34,4351.42,0.08,150
2026-09-11T18:30:08.636+00:00,4351.29,4351.37,0.08,150
2026-09-11T18:30:08.863+00:00,4351.27,4351.35,0.08,150
2026-09-11T18:30:09.088+00:00,4351.21,4351.32,0.11,150
2026-09-11T18:30:09.312+00:00,4351.21,4351.31,0.1,150
2026-09-11T18:30:09.722+00:00,4351.2,4351.29,0.09,150
2026-09-11T18:30:09.914+00:00,4351.02,4351.1,0.08,150
2026-09-11T18:30:10.143+00:00,4350.91,4351.01,0.1,150
2026-09-11T18:30:10.362+00:00,4350.81,4350.9,0.09,150
2026-09-11T18:30:10.589+00:00,4350.96,4351.04,0.08,150
2026-09-11T18:30:10.815+00:00,4350.85,4350.93,0.08,150
2026-09-11T18:30:11.039+00:00,4351.06,4351.14,0.08,150
2026-09-11T18:30:11.265+00:00,4351.17,4351.25,0.08,150
2026-09-11T18:30:11.566+00:00,4351.19,4351.27,0.08,150
2026-09-11T18:30:11.867+00:00,4351.04,4351.12,0.08,150
2026-09-11T18:30:12.093+00:00,4351.14,4351.22,0.08,150
2026-09-11T18:30:12.392+00:00,4351.11,4351.19,0.08,150
2026-09-11T18:30:12.690+00:00,4351.1,4351.18,0.08,150
2026-09-11T18:30:13.072+00:00,4351.12,4351.2,0.08,150
2026-09-11T18:30:13.381+00:00,4351.1,4351.19,0.09,151
2026-09-11T18:30:14.218+00:00,4351.11,4351.21,0.1,151
2026-09-11T18:30:14.441+00:00,4351.31,4351.39,0.08,151
2026-09-11T18:30:14.713+00:00,4351.32,4351.4,0.08,151
2026-09-11T18:30:14.966+00:00,4351.61,4351.69,0.08,151
2026-09-11T18:30:15.191+00:00,4351.42,4351.5,0.08,151
2026-09-11T18:30:15.716+00:00,4351.59,4351.67,0.08,151
2026-09-11T18:30:15.957+00:00,4351.46,4351.54,0.08,151
2026-09-11T18:30:16.258+00:00,4351.47,4351.55,0.08,151
2026-09-11T18:30:16.754+00:00,4351.31,4351.39,0.08,151
2026-09-11T18:30:17.131+00:00,4351.34,4351.42,0.08,151
2026-09-11T18:30:17.355+00:00,4351.08,4351.16,0.08,151
2026-09-11T18:30:17.654+00:00,4351.1,4351.18,0.08,151
2026-09-11T18:30:17.956+00:00,4351.07,4351.15,0.08,151
2026-09-11T18:30:18.188+00:00,4351.1,4351.18,0.08,151
2026-09-11T18:30:18.630+00:00,4351.22,4351.3,0.08,151
2026-09-11T18:30:19.230+00:00,4351.21,4351.29,0.08,151
2026-09-11T18:30:19.457+00:00,4351.14,4351.22,0.08,151
2026-09-11T18:30:19.680+00:00,4351.2,4351.28,0.08,151
2026-09-11T18:30:19.908+00:00,4351.17,4351.25,0.08,151
2026-09-11T18:30:20.664+00:00,4351.15,4351.23,0.08,151
2026-09-11T18:30:21.312+00:00,4351.21,4351.29,0.08,151
2026-09-11T18:30:21.535+00:00,4351.25,4351.33,0.08,151
2026-09-11T18:30:22.146+00:00,4351.22,4351.3,0.08,151
2026-09-11T18:30:22.794+00:00,4351.18,4351.26,0.08,151
2026-09-11T18:30:23.531+00:00,4351.15,4351.23,0.08,151
2026-09-11T18:30:23.775+00:00,4350.89,4350.97,0.08,151
2026-09-11T18:30:23.995+00:00,4350.8,4350.88,0.08,151
2026-09-11T18:30:24.219+00:00,4350.73,4350.81,0.08,151
2026-09-11T18:30:24.446+00:00,4350.76,4350.84,0.08,151
2026-09-11T18:30:24.712+00:00,4350.75,4350.83,0.08,151
2026-09-11T18:30:24.968+00:00,4350.65,4350.73,0.08,151
2026-09-11T18:30:25.195+00:00,4350.7,4350.78,0.08,151
2026-09-11T18:30:25.418+00:00,4350.77,4350.85,0.08,151
2026-09-11T18:30:25.968+00:00,4350.71,4350.79,0.08,151
2026-09-11T18:30:26.712+00:00,4350.79,4350.87,0.08,151
2026-09-11T18:30:26.951+00:00,4350.77,4350.85,0.08,151
2026-09-11T18:30:27.266+00:00,4350.73,4350.81,0.08,151
2026-09-11T18:30:27.491+00:00,4350.65,4350.73,0.08,151
2026-09-11T18:30:27.714+00:00,4350.77,4350.85,0.08,151
2026-09-11T18:30:27.943+00:00,4350.71,4350.79,0.08,151
2026-09-11T18:30:28.168+00:00,4350.61,4350.69,0.08,151
2026-09-11T18:30:28.392+00:00,4350.59,4350.67,0.08,151
2026-09-11T18:30:28.712+00:00,4350.46,4350.56,0.1,151
2026-09-11T18:30:28.917+00:00,4350.27,4350.37,0.1,151
2026-09-11T18:30:29.142+00:00,4350.18,4350.28,0.1,151
2026-09-11T18:30:29.366+00:00,4350.2,4350.29,0.09,151
2026-09-11T18:30:29.593+00:00,4350.23,4350.31,0.08,151
2026-09-11T18:30:29.816+00:00,4350.28,4350.36,0.08,151
2026-09-11T18:30:30.379+00:00,4350.26,4350.34,0.08,151
2026-09-11T18:30:30.605+00:00,4350.35,4350.43,0.08,151
2026-09-11T18:30:30.833+00:00,4350.34,4350.42,0.08,151
2026-09-11T18:30:31.055+00:00,4350.19,4350.27,0.08,151
2026-09-11T18:30:31.654+00:00,4350.07,4350.15,0.08,151
2026-09-11T18:30:31.878+00:00,4350.08,4350.16,0.08,151
2026-09-11T18:30:32.105+00:00,4350.04,4350.12,0.08,151
2026-09-11T18:30:32.330+00:00,4350.22,4350.3,0.08,151
2026-09-11T18:30:32.860+00:00,4350.2,4350.28,0.08,151
2026-09-11T18:30:33.159+00:00,4350.28,4350.36,0.08,151
2026-09-11T18:30:33.383+00:00,4350.38,4350.46,0.08,151
2026-09-11T18:30:33.607+00:00,4350.47,4350.55,0.08,151
2026-09-11T18:30:34.054+00:00,4350.48,4350.56,0.08,151
2026-09-11T18:30:34.280+00:00,4350.59,4350.67,0.08,151
2026-09-11T18:30:34.584+00:00,4350.72,4350.8,0.08,151
2026-09-11T18:30:34.883+00:00,4350.88,4350.96,0.08,151
2026-09-11T18:30:35.105+00:00,4350.86,4350.94,0.08,151
2026-09-11T18:30:35.330+00:00,4350.82,4350.9,0.08,151
2026-09-11T18:30:35.555+00:00,4350.74,4350.83,0.09,151
2026-09-11T18:30:35.857+00:00,4350.77,4350.85,0.08,151
2026-09-11T18:30:36.090+00:00,4350.79,4350.87,0.08,151
2026-09-11T18:30:36.314+00:00,4350.81,4350.89,0.08,151
2026-09-11T18:30:36.538+00:00,4350.82,4350.9,0.08,151
2026-09-11T18:30:36.916+00:00,4350.84,4350.92,0.08,151
2026-09-11T18:30:37.141+00:00,4350.87,4350.96,0.09,151
2026-09-11T18:30:37.363+00:00,4350.83,4350.93,0.1,151
2026-09-11T18:30:37.589+00:00,4350.8,4350.9,0.1,151
2026-09-11T18:30:38.326+00:00,4350.75,4350.86,0.11,151
2026-09-11T18:30:38.549+00:00,4350.71,4350.81,0.1,152
2026-09-11T18:30:38.776+00:00,4350.57,4350.66,0.09,152
2026-09-11T18:30:39.002+00:00,4350.53,4350.61,0.08,152
2026-09-11T18:30:39.224+00:00,4350.6,4350.68,0.08,152
2026-09-11T18:30:39.671+00:00,4350.62,4350.7,0.08,152
2026-09-11T18:30:39.972+00:00,4350.62,4350.72,0.1,152
2026-09-11T18:30:40.273+00:00,4350.7,4350.78,0.08,152
2026-09-11T18:30:40.711+00:00,4350.6,4350.68,0.08,152
2026-09-11T18:30:40.949+00:00,4350.57,4350.65,0.08,152
2026-09-11T18:30:41.174+00:00,4350.69,4350.77,0.08,152
2026-09-11T18:30:41.400+00:00,4350.78,4350.86,0.08,152
2026-09-11T18:30:41.700+00:00,4350.92,4351.0,0.08,152
2026-09-11T18:30:42.150+00:00,4350.95,4351.03,0.08,152
2026-09-11T18:30:42.375+00:00,4350.91,4350.99,0.08,152
2026-09-11T18:30:42.603+00:00,4350.86,4350.94,0.08,152
2026-09-11T18:30:42.829+00:00,4350.61,4350.7,0.09,152
2026-09-11T18:30:43.049+00:00,4350.56,4350.66,0.1,152
2026-09-11T18:30:43.275+00:00,4350.57,4350.67,0.1,152
2026-09-11T18:30:43.712+00:00,4350.58,4350.67,0.09,152
2026-09-11T18:30:43.947+00:00,4350.37,4350.45,0.08,152
2026-09-11T18:30:44.176+00:00,4350.26,4350.36,0.1,152
2026-09-11T18:30:44.405+00:00,4350.5,4350.6,0.1,152
2026-09-11T18:30:44.712+00:00,4350.41,4350.5,0.09,152
2026-09-11T18:30:45.004+00:00,4350.55,4350.63,0.08,152
2026-09-11T18:30:45.229+00:00,4350.58,4350.66,0.08,152
2026-09-11T18:30:45.452+00:00,4350.55,4350.63,0.08,152
2026-09-11T18:30:45.752+00:00,4350.56,4350.64,0.08,152
2026-09-11T18:30:46.165+00:00,4350.58,4350.66,0.08,152
2026-09-11T18:30:46.616+00:00,4350.6,4350.68,0.08,152
2026-09-11T18:30:46.842+00:00,4350.61,4350.69,0.08,152
2026-09-11T18:30:47.065+00:00,4350.54,4350.62,0.08,152
2026-09-11T18:30:47.292+00:00,4350.23,4350.33,0.1,152
2026-09-11T18:30:47.517+00:00,4350.52,4350.62,0.1,152
2026-09-11T18:30:47.742+00:00,4350.56,4350.65,0.09,152
2026-09-11T18:30:47.968+00:00,4350.53,4350.61,0.08,152
2026-09-11T18:30:48.196+00:00,4350.18,4350.26,0.08,152
2026-09-11T18:30:48.416+00:00,4350.12,4350.2,0.08,152
2026-09-11T18:30:48.713+00:00,4350.11,4350.21,0.1,152
2026-09-11T18:30:49.050+00:00,4350.16,4350.25,0.09,152
2026-09-11T18:30:49.276+00:00,4349.51,4349.59,0.08,152
2026-09-11T18:30:49.503+00:00,4349.75,4349.83,0.08,152
2026-09-11T18:30:49.713+00:00,4349.68,4349.76,0.08,152
2026-09-11T18:30:49.951+00:00,4349.81,4349.89,0.08,152
2026-09-11T18:30:50.174+00:00,4349.85,4349.93,0.08,152
2026-09-11T18:30:50.399+00:00,4349.99,4350.07,0.08,152
2026-09-11T18:30:50.622+00:00,4349.99,4350.08,0.09,152
2026-09-11T18:30:50.849+00:00,4350.31,4350.39,0.08,152
2026-09-11T18:30:51.074+00:00,4350.39,4350.47,0.08,152
2026-09-11T18:30:51.300+00:00,4350.38,4350.46,0.08,152
2026-09-11T18:30:51.524+00:00,4350.28,4350.36,0.08,152
2026-09-11T18:30:51.750+00:00,4350.21,4350.32,0.11,152
2026-09-11T18:30:51.977+00:00,4350.3,4350.38,0.08,152
2026-09-11T18:30:52.305+00:00,4350.23,4350.31,0.08,152
2026-09-11T18:30:52.605+00:00,4350.25,4350.36,0.11,152
2026-09-11T18:30:52.842+00:00,4350.35,4350.45,0.1,152
2026-09-11T18:30:53.058+00:00,4350.35,4350.44,0.09,152
2026-09-11T18:30:53.368+00:00,4350.21,4350.29,0.08,152
2026-09-11T18:30:53.584+00:00,4350.12,4350.2,0.08,152
2026-09-11T18:30:53.809+00:00,4350.14,4350.25,0.11,152
2026-09-11T18:30:54.031+00:00,4350.19,4350.29,0.1,152
2026-09-11T18:30:54.519+00:00,4350.18,4350.29,0.11,152
2026-09-11T18:30:54.719+00:00,4350.05,4350.15,0.1,152
2026-09-11T18:30:54.947+00:00,4350.12,4350.2,0.08,152
2026-09-11T18:30:55.175+00:00,4350.14,4350.22,0.08,152
2026-09-11T18:30:55.399+00:00,4350.08,4350.16,0.08,152
2026-09-11T18:30:55.623+00:00,4350.09,4350.17,0.08,152
2026-09-11T18:30:55.849+00:00,4350.1,4350.18,0.08,152
2026-09-11T18:30:56.297+00:00,4350.07,4350.15,0.08,152
2026-09-11T18:30:56.523+00:00,4350.29,4350.38,0.09,152
2026-09-11T18:30:56.723+00:00,4350.28,4350.39,0.11,152
2026-09-11T18:30:56.950+00:00,4350.25,4350.37,0.12,152
2026-09-11T18:30:57.184+00:00,4350.21,4350.32,0.11,152
2026-09-11T18:30:57.380+00:00,4350.04,4350.13,0.09,152
2026-09-11T18:30:57.834+00:00,4350.05,4350.13,0.08,152
2026-09-11T18:30:58.057+00:00,4350.25,4350.33,0.08,152
2026-09-11T18:30:58.431+00:00,4350.26,4350.34,0.08,152
2026-09-11T18:30:58.661+00:00,4350.24,4350.32,0.08,152
2026-09-11T18:30:58.959+00:00,4350.23,4350.31,0.08,152
2026-09-11T18:30:59.259+00:00,4350.02,4350.1,0.08,152
2026-09-11T18:30:59.558+00:00,4349.99,4350.09,0.1,152
2026-09-11T18:30:59.783+00:00,4349.98,4350.09,0.11,152
2026-09-11T18:31:00.007+00:00,4349.9,4350.01,0.11,152
2026-09-11T18:31:00.390+00:00,4349.73,4349.83,0.1,152
2026-09-11T18:31:00.617+00:00,4349.64,4349.73,0.09,152
2026-09-11T18:31:00.841+00:00,4349.58,4349.67,0.09,152
2026-09-11T18:31:01.067+00:00,4349.44,4349.53,0.09,152
2026-09-11T18:31:01.292+00:00,4349.41,4349.49,0.08,152
2026-09-11T18:31:01.518+00:00,4349.55,4349.63,0.08,152
2026-09-11T18:31:01.818+00:00,4349.6,4349.68,0.08,152
2026-09-11T18:31:02.194+00:00,4349.57,4349.65,0.08,152
2026-09-11T18:31:02.418+00:00,4349.5,4349.59,0.09,152
2026-09-11T18:31:02.643+00:00,4349.57,4349.65,0.08,152
2026-09-11T18:31:02.879+00:00,4349.66,4349.74,0.08,152
2026-09-11T18:31:03.182+00:00,4349.87,4349.95,0.08,152
2026-09-11T18:31:03.407+00:00,4349.81,4349.89,0.08,153
2026-09-11T18:31:03.642+00:00,4349.91,4349.99,0.08,153
2026-09-11T18:31:03.931+00:00,4349.62,4349.7,0.08,153
2026-09-11T18:31:04.160+00:00,4349.51,4349.59,0.08,153
2026-09-11T18:31:04.385+00:00,4349.24,4349.32,0.08,153
2026-09-11T18:31:04.611+00:00,4349.4,4349.48,0.08,153
2026-09-11T18:31:04.836+00:00,4349.39,4349.47,0.08,153
2026-09-11T18:31:05.062+00:00,4349.4,4349.48,0.08,153
2026-09-11T18:31:05.326+00:00,4349.37,4349.45,0.08,153
2026-09-11T18:31:05.550+00:00,4349.6,4349.68,0.08,153
2026-09-11T18:31:05.778+00:00,4349.73,4349.81,0.08,153
2026-09-11T18:31:06.078+00:00,4349.71,4349.79,0.08,153
2026-09-11T18:31:06.302+00:00,4349.72,4349.8,0.08,153
2026-09-11T18:31:06.527+00:00,4349.65,4349.73,0.08,153
2026-09-11T18:31:06.751+00:00,4349.44,4349.52,0.08,153
2026-09-11T18:31:06.977+00:00,4349.48,4349.57,0.09,153
2026-09-11T18:31:07.202+00:00,4349.61,4349.69,0.08,153
2026-09-11T18:31:07.624+00:00,4349.64,4349.72,0.08,153
2026-09-11T18:31:07.888+00:00,4349.63,4349.71,0.08,153
2026-09-11T18:31:08.112+00:00,4349.64,4349.72,0.08,153
2026-09-11T18:31:08.338+00:00,4349.58,4349.66,0.08,153
2026-09-11T18:31:08.580+00:00,4349.54,4349.62,0.08,153
2026-09-11T18:31:08.903+00:00,4349.51,4349.59,0.08,153
2026-09-11T18:31:09.426+00:00,4349.42,4349.5,0.08,153
2026-09-11T18:31:09.652+00:00,4349.69,4349.77,0.08,153
2026-09-11T18:31:10.178+00:00,4349.72,4349.8,0.08,153
2026-09-11T18:31:10.403+00:00,4349.71,4349.79,0.08,153
2026-09-11T18:31:10.629+00:00,4349.59,4349.67,0.08,153
2026-09-11T18:31:10.856+00:00,4349.56,4349.66,0.1,153
2026-09-11T18:31:11.078+00:00,4349.57,4349.65,0.08,153
2026-09-11T18:31:11.379+00:00,4349.56,4349.64,0.08,153
2026-09-11T18:31:11.603+00:00,4349.57,4349.65,0.08,153
2026-09-11T18:31:11.829+00:00,4349.45,4349.53,0.08,153
2026-09-11T18:31:12.129+00:00,4349.58,4349.66,0.08,153
2026-09-11T18:31:12.356+00:00,4349.35,4349.43,0.08,153
2026-09-11T18:31:12.581+00:00,4349.28,4349.37,0.09,153
2026-09-11T18:31:12.805+00:00,4349.26,4349.34,0.08,153
2026-09-11T18:31:13.030+00:00,4349.27,4349.35,0.08,153
2026-09-11T18:31:13.564+00:00,4349.06,4349.14,0.08,153
2026-09-11T18:31:13.790+00:00,4348.96,4349.04,0.08,153
2026-09-11T18:31:14.166+00:00,4348.93,4349.04,0.11,153
2026-09-11T18:31:14.616+00:00,4348.95,4349.06,0.11,153
2026-09-11T18:31:14.839+00:00,4348.96,4349.05,0.09,153
2026-09-11T18:31:15.075+00:00,4348.97,4349.05,0.08,153
2026-09-11T18:31:15.301+00:00,4349.11,4349.19,0.08,153
2026-09-11T18:31:15.528+00:00,4348.96,4349.04,0.08,153
2026-09-11T18:31:15.750+00:00,4349.1,4349.18,0.08,153
2026-09-11T18:31:15.976+00:00,4349.05,4349.13,0.08,153
2026-09-11T18:31:16.285+00:00,4349.08,4349.16,0.08,153
2026-09-11T18:31:16.718+00:00,4349.06,4349.14,0.08,153
2026-09-11T18:31:17.035+00:00,4349.03,4349.11,0.08,153
2026-09-11T18:31:17.268+00:00,4348.86,4348.95,0.09,153
2026-09-11T18:31:17.564+00:00,4348.79,4348.88,0.09,153
2026-09-11T18:31:17.862+00:00,4348.79,4348.9,0.11,153
2026-09-11T18:31:18.087+00:00,4348.63,4348.74,0.11,153
2026-09-11T18:31:18.323+00:00,4348.63,4348.73,0.1,153
2026-09-11T18:31:18.539+00:00,4348.67,4348.76,0.09,153
2026-09-11T18:31:19.016+00:00,4348.66,4348.74,0.08,153
2026-09-11T18:31:19.239+00:00,4348.68,4348.76,0.08,153
2026-09-11T18:31:20.170+00:00,4348.74,4348.82,0.08,153
2026-09-11T18:31:20.398+00:00,4349.07,4349.15,0.08,153
2026-09-11T18:31:20.621+00:00,4349.03,4349.11,0.08,153
2026-09-11T18:31:20.947+00:00,4349.01,4349.09,0.08,153
2026-09-11T18:31:21.175+00:00,4348.85,4348.93,0.08,153
2026-09-11T18:31:21.405+00:00,4348.61,4348.69,0.08,153
2026-09-11T18:31:21.705+00:00,4348.61,4348.71,0.1,153
2026-09-11T18:31:22.086+00:00,4348.61,4348.7,0.09,153
2026-09-11T18:31:22.308+00:00,4348.57,4348.65,0.08,153
2026-09-11T18:31:22.534+00:00,4348.45,4348.53,0.08,153
2026-09-11T18:31:23.359+00:00,4348.43,4348.51,0.08,153
2026-09-11T18:31:23.587+00:00,4348.36,4348.44,0.08,153
2026-09-11T18:31:23.808+00:00,4348.5,4348.58,0.08,153
2026-09-11T18:31:24.108+00:00,4348.51,4348.59,0.08,153
2026-09-11T18:31:24.409+00:00,4348.61,4348.69,0.08,153
2026-09-11T18:31:24.636+00:00,4348.44,4348.52,0.08,153
2026-09-11T18:31:24.974+00:00,4348.43,4348.51,0.08,153
2026-09-11T18:31:25.209+00:00,4348.41,4348.49,0.08,153
2026-09-11T18:31:25.449+00:00,4348.58,4348.66,0.08,153
2026-09-11T18:31:25.666+00:00,4348.52,4348.6,0.08,153
2026-09-11T18:31:25.892+00:00,4348.17,4348.25,0.08,153
2026-09-11T18:31:26.115+00:00,4348.09,4348.19,0.1,153
2026-09-11T18:31:26.342+00:00,4348.19,4348.29,0.1,153
2026-09-11T18:31:26.639+00:00,4348.21,4348.3,0.09,153
2026-09-11T18:31:26.971+00:00,4348.22,4348.3,0.08,153
2026-09-11T18:31:27.205+00:00,4347.3,4347.4,0.1,153
2026-09-11T18:31:27.642+00:00,4347.6,4347.7,0.1,153
2026-09-11T18:31:27.866+00:00,4347.61,4347.69,0.08,153
2026-09-11T18:31:28.168+00:00,4347.66,4347.74,0.08,153
2026-09-11T18:31:28.542+00:00,4347.6,4347.68,0.08,154
2026-09-11T18:31:28.917+00:00,4347.57,4347.65,0.08,154
2026-09-11T18:31:29.219+00:00,4347.54,4347.63,0.09,154
2026-09-11T18:31:29.443+00:00,4347.55,4347.64,0.09,154
2026-09-11T18:31:29.668+00:00,4347.49,4347.57,0.08,154
2026-09-11T18:31:29.892+00:00,4347.5,4347.58,0.08,154
2026-09-11T18:31:30.120+00:00,4347.49,4347.57,0.08,154
2026-09-11T18:31:30.795+00:00,4347.43,4347.51,0.08,154
2026-09-11T18:31:31.244+00:00,4347.49,4347.57,0.08,154
2026-09-11T18:31:31.627+00:00,4347.47,4347.55,0.08,154
2026-09-11T18:31:31.848+00:00,4347.45,4347.53,0.08,154
2026-09-11T18:31:32.146+00:00,4347.47,4347.55,0.08,154
2026-09-11T18:31:32.373+00:00,4347.42,4347.5,0.08,154
2026-09-11T18:31:32.598+00:00,4347.4,4347.48,0.08,154
2026-09-11T18:31:33.422+00:00,4347.36,4347.44,0.08,154
2026-09-11T18:31:33.646+00:00,4347.09,4347.17,0.08,154
2026-09-11T18:31:33.869+00:00,4347.1,4347.2,0.1,154
2026-09-11T18:31:34.095+00:00,4347.11,4347.2,0.09,154
2026-09-11T18:31:34.306+00:00,4347.12,4347.2,0.08,154
2026-09-11T18:31:34.532+00:00,4347.14,4347.22,0.08,154
2026-09-11T18:31:35.086+00:00,4347.08,4347.16,0.08,154
2026-09-11T18:31:35.314+00:00,4347.14,4347.22,0.08,154
2026-09-11T18:31:35.739+00:00,4347.13,4347.22,0.09,154
2026-09-11T18:31:35.970+00:00,4347.11,4347.2,0.09,154
2026-09-11T18:31:36.269+00:00,4347.02,4347.12,0.1,154
2026-09-11T18:31:36.501+00:00,4347.09,4347.17,0.08,154
2026-09-11T18:31:36.711+00:00,4346.62,4346.7,0.08,154
2026-09-11T18:31:36.949+00:00,4346.71,4346.8,0.09,154
2026-09-11T18:31:37.174+00:00,4346.82,4346.9,0.08,154
2026-09-11T18:31:37.474+00:00,4346.83,4346.91,0.08,154
2026-09-11T18:31:38.075+00:00,4346.71,4346.79,0.08,154
2026-09-11T18:31:38.489+00:00,4346.83,4346.91,0.08,154
2026-09-11T18:31:38.713+00:00,4346.95,4347.03,0.08,154
2026-09-11T18:31:38.940+00:00,4346.99,4347.07,0.08,154
2026-09-11T18:31:39.171+00:00,4346.98,4347.06,0.08,154
2026-09-11T18:31:39.399+00:00,4346.99,4347.07,0.08,154
2026-09-11T18:31:39.697+00:00,4346.97,4347.06,0.09,154
2026-09-11T18:31:39.926+00:00,4346.98,4347.07,0.09,154
2026-09-11T18:31:40.681+00:00,4346.99,4347.07,0.08,154
2026-09-11T18:31:41.516+00:00,4347.36,4347.44,0.08,154
2026-09-11T18:31:41.744+00:00,4347.12,4347.2,0.08,154
2026-09-11T18:31:42.042+00:00,4347.15,4347.24,0.09,154
2026-09-11T18:31:42.420+00:00,4347.21,4347.29,0.08,154
2026-09-11T18:31:42.642+00:00,4347.15,4347.23,0.08,154
2026-09-11T18:31:42.868+00:00,4347.12,4347.22,0.1,154
2026-09-11T18:31:43.166+00:00,4347.11,4347.23,0.12,154
2026-09-11T18:31:43.393+00:00,4346.74,4346.86,0.12,154
2026-09-11T18:31:43.619+00:00,4346.79,4346.9,0.11,154
2026-09-11T18:31:43.844+00:00,4346.76,4346.87,0.11,154
2026-09-11T18:31:44.070+00:00,4346.71,4346.81,0.1,154
2026-09-11T18:31:44.299+00:00,4346.92,4347.0,0.08,154
2026-09-11T18:31:44.523+00:00,4346.9,4347.0,0.1,154
2026-09-11T18:31:44.748+00:00,4346.94,4347.04,0.1,154
2026-09-11T18:31:45.124+00:00,4346.9,4346.98,0.08,154
2026-09-11T18:31:45.348+00:00,4346.78,4346.86,0.08,154
2026-09-11T18:31:45.712+00:00,4346.77,4346.85,0.08,154
2026-09-11T18:31:45.968+00:00,4346.8,4346.88,0.08,154
2026-09-11T18:31:46.200+00:00,4346.81,4346.89,0.08,154
2026-09-11T18:31:46.419+00:00,4346.8,4346.88,0.08,154
2026-09-11T18:31:46.644+00:00,4346.74,4346.82,0.08,154
2026-09-11T18:31:47.005+00:00,4346.8,4346.88,0.08,154
2026-09-11T18:31:47.231+00:00,4346.84,4346.92,0.08,154
2026-09-11T18:31:47.455+00:00,4346.95,4347.03,0.08,154
2026-09-11T18:31:47.758+00:00,4346.73,4346.81,0.08,154
2026-09-11T18:31:48.191+00:00,4346.92,4347.0,0.08,154
2026-09-11T18:31:48.492+00:00,4346.98,4347.06,0.08,154
2026-09-11T18:31:48.723+00:00,4346.95,4347.04,0.09,154
2026-09-11T18:31:48.940+00:00,4347.02,4347.11,0.09,154
2026-09-11T18:31:49.166+00:00,4347.01,4347.09,0.08,154
2026-09-11T18:31:49.391+00:00,4346.98,4347.07,0.09,154
2026-09-11T18:31:49.633+00:00,4346.93,4347.03,0.1,154
2026-09-11T18:31:49.917+00:00,4346.95,4347.04,0.09,154
2026-09-11T18:31:50.147+00:00,4346.93,4347.03,0.1,154
2026-09-11T18:31:50.442+00:00,4346.89,4346.98,0.09,154
2026-09-11T18:31:50.891+00:00,4346.92,4347.0,0.08,154
2026-09-11T18:31:51.343+00:00,4346.93,4347.01,0.08,154
2026-09-11T18:31:51.568+00:00,4346.95,4347.03,0.08,154
2026-09-11T18:31:51.792+00:00,4346.91,4346.99,0.08,154
2026-09-11T18:31:52.021+00:00,4346.96,4347.04,0.08,154
2026-09-11T18:31:52.256+00:00,4346.88,4346.99,0.11,154
2026-09-11T18:31:52.681+00:00,4346.9,4346.98,0.08,154
2026-09-11T18:31:52.976+00:00,4346.89,4346.97,0.08,154
2026-09-11T18:31:53.210+00:00,4346.88,4346.96,0.08,154
2026-09-11T18:31:53.479+00:00,4346.87,4346.97,0.1,154
2026-09-11T18:31:53.711+00:00,4346.83,4346.92,0.09,155
2026-09-11T18:31:53.929+00:00,4346.82,4346.9,0.08,155
2026-09-11T18:31:54.449+00:00,4346.8,4346.88,0.08,155
2026-09-11T18:31:54.675+00:00,4346.66,4346.74,0.08,155
2026-09-11T18:31:54.975+00:00,4346.88,4346.96,0.08,155
2026-09-11T18:31:55.200+00:00,4346.85,4346.94,0.09,155
2026-09-11T18:31:55.611+00:00,4346.61,4346.69,0.08,155
2026-09-11T18:31:55.984+00:00,4346.76,4346.85,0.09,155
2026-09-11T18:31:56.210+00:00,4346.67,4346.75,0.08,155
2026-09-11T18:31:56.514+00:00,4346.75,4346.83,0.08,155
2026-09-11T18:31:56.984+00:00,4346.92,4347.0,0.08,155
2026-09-11T18:31:57.208+00:00,4346.9,4346.98,0.08,155
2026-09-11T18:31:57.509+00:00,4346.89,4346.97,0.08,155
2026-09-11T18:31:57.717+00:00,4346.96,4347.04,0.08,155
2026-09-11T18:31:57.959+00:00,4346.74,4346.82,0.08,155
2026-09-11T18:31:58.187+00:00,4346.36,4346.44,0.08,155
2026-09-11T18:31:58.411+00:00,4346.09,4346.17,0.08,155
2026-09-11T18:31:58.638+00:00,4345.96,4346.04,0.08,155
2026-09-11T18:31:58.861+00:00,4346.1,4346.18,0.08,155
2026-09-11T18:31:59.086+00:00,4346.12,4346.2,0.08,155
2026-09-11T18:31:59.320+00:00,4346.23,4346.31,0.08,155
2026-09-11T18:31:59.541+00:00,4346.26,4346.34,0.08,155
2026-09-11T18:31:59.842+00:00,4346.29,4346.37,0.08,155
2026-09-11T18:32:00.074+00:00,4346.11,4346.19,0.08,155
2026-09-11T18:32:00.297+00:00,4346.07,4346.15,0.08,155
2026-09-11T18:32:00.518+00:00,4346.16,4346.24,0.08,155
2026-09-11T18:32:00.968+00:00,4346.15,4346.23,0.08,155
2026-09-11T18:32:01.194+00:00,4346.07,4346.15,0.08,155
2026-09-11T18:32:01.533+00:00,4346.2,4346.28,0.08,155
2026-09-11T18:32:01.763+00:00,4346.34,4346.42,0.08,155
2026-09-11T18:32:01.981+00:00,4346.49,4346.57,0.08,155
2026-09-11T18:32:02.207+00:00,4346.24,4346.32,0.08,155
2026-09-11T18:32:02.433+00:00,4346.35,4346.43,0.08,155
2026-09-11T18:32:02.715+00:00,4346.36,4346.44,0.08,155
2026-09-11T18:32:02.957+00:00,4346.41,4346.49,0.08,155
2026-09-11T18:32:03.610+00:00,4346.52,4346.6,0.08,155
2026-09-11T18:32:03.837+00:00,4346.29,4346.37,0.08,155
2026-09-11T18:32:04.294+00:00,4346.45,4346.53,0.08,155
2026-09-11T18:32:04.740+00:00,4346.47,4346.55,0.08,155
2026-09-11T18:32:04.977+00:00,4346.48,4346.56,0.08,155
2026-09-11T18:32:05.193+00:00,4346.12,4346.24,0.12,155
2026-09-11T18:32:05.461+00:00,4346.45,4346.56,0.11,155
2026-09-11T18:32:05.770+00:00,4346.43,4346.55,0.12,155
2026-09-11T18:32:05.994+00:00,4346.4,4346.51,0.11,155
2026-09-11T18:32:06.296+00:00,4346.47,4346.58,0.11,155
2026-09-11T18:32:06.529+00:00,4346.5,4346.6,0.1,155
2026-09-11T18:32:06.760+00:00,4346.62,4346.7,0.08,155
2026-09-11T18:32:06.988+00:00,4346.59,4346.67,0.08,155
2026-09-11T18:32:07.208+00:00,4346.58,4346.66,0.08,155
2026-09-11T18:32:07.440+00:00,4346.78,4346.86,0.08,155
2026-09-11T18:32:07.661+00:00,4346.82,4346.9,0.08,155
2026-09-11T18:32:07.959+00:00,4346.77,4346.85,0.08,155
2026-09-11T18:32:08.187+00:00,4346.86,4346.94,0.08,155
2026-09-11T18:32:08.410+00:00,4346.85,4346.94,0.09,155
2026-09-11T18:32:08.637+00:00,4346.84,4346.92,0.08,155
2026-09-11T18:32:09.012+00:00,4346.86,4346.94,0.08,155
2026-09-11T18:32:09.235+00:00,4346.87,4346.96,0.09,155
2026-09-11T18:32:09.460+00:00,4346.79,4346.88,0.09,155
2026-09-11T18:32:09.712+00:00,4346.7,4346.8,0.1,155
2026-09-11T18:32:10.382+00:00,4346.65,4346.73,0.08,155
2026-09-11T18:32:10.826+00:00,4346.47,4346.55,0.08,155
2026-09-11T18:32:11.059+00:00,4346.46,4346.55,0.09,155
2026-09-11T18:32:11.354+00:00,4346.65,4346.76,0.11,155
2026-09-11T18:32:11.670+00:00,4346.74,4346.84,0.1,155
2026-09-11T18:32:11.951+00:00,4346.77,4346.85,0.08,155
2026-09-11T18:32:12.252+00:00,4346.77,4346.86,0.09,155
2026-09-11T18:32:12.636+00:00,4346.81,4346.91,0.1,155
2026-09-11T18:32:12.953+00:00,4346.8,4346.92,0.12,155
2026-09-11T18:32:13.179+00:00,4346.8,4346.91,0.11,155
2026-09-11T18:32:13.445+00:00,4346.42,4346.53,0.11,155
2026-09-11T18:32:13.665+00:00,4346.19,4346.29,0.1,155
2026-09-11T18:32:13.888+00:00,4346.2,4346.28,0.08,155
2026-09-11T18:32:14.113+00:00,4346.06,4346.15,0.09,155
2026-09-11T18:32:14.337+00:00,4346.05,4346.13,0.08,155
2026-09-11T18:32:14.563+00:00,4346.0,4346.08,0.08,155
2026-09-11T18:32:14.788+00:00,4346.01,4346.09,0.08,155
2026-09-11T18:32:15.014+00:00,4346.05,4346.13,0.08,155
2026-09-11T18:32:15.543+00:00,4346.08,4346.17,0.09,155
2026-09-11T18:32:15.769+00:00,4346.11,4346.19,0.08,155
2026-09-11T18:32:16.068+00:00,4345.88,4345.97,0.09,155
2026-09-11T18:32:16.366+00:00,4345.86,4345.96,0.1,155
2026-09-11T18:32:16.592+00:00,4345.88,4345.97,0.09,155
2026-09-11T18:32:16.816+00:00,4345.83,4345.92,0.09,155
2026-09-11T18:32:17.044+00:00,4345.84,4345.92,0.08,155
2026-09-11T18:32:17.267+00:00,4345.98,4346.07,0.09,155
2026-09-11T18:32:17.492+00:00,4345.88,4345.96,0.08,155
2026-09-11T18:32:17.712+00:00,4345.99,4346.07,0.08,155
2026-09-11T18:32:18.119+00:00,4346.08,4346.16,0.08,155
2026-09-11T18:32:18.346+00:00,4346.0,4346.09,0.09,155
2026-09-11T18:32:18.568+00:00,4346.09,4346.18,0.09,155
2026-09-11T18:32:18.794+00:00,4346.14,4346.22,0.08,156
2026-09-11T18:32:19.018+00:00,4345.96,4346.04,0.08,156
2026-09-11T18:32:19.257+00:00,4346.2,4346.28,0.08,156
2026-09-11T18:32:19.477+00:00,4346.11,4346.21,0.1,156
2026-09-11T18:32:19.704+00:00,4346.13,4346.22,0.09,156
2026-09-11T18:32:19.928+00:00,4346.09,4346.19,0.1,156
2026-09-11T18:32:20.155+00:00,4346.11,4346.2,0.09,156
2026-09-11T18:32:20.459+00:00,4346.1,4346.18,0.08,156
2026-09-11T18:32:20.686+00:00,4346.09,4346.17,0.08,156
2026-09-11T18:32:20.989+00:00,4346.08,4346.18,0.1,156
2026-09-11T18:32:21.712+00:00,4346.06,4346.15,0.09,156
2026-09-11T18:32:21.950+00:00,4346.0,4346.08,0.08,156
2026-09-11T18:32:22.173+00:00,4345.99,4346.09,0.1,156
2026-09-11T18:32:22.479+00:00,4345.94,4346.02,0.08,156
2026-09-11T18:32:23.204+00:00,4345.83,4345.91,0.08,156
2026-09-11T18:32:23.401+00:00,4345.85,4345.93,0.08,156
2026-09-11T18:32:23.627+00:00,4346.26,4346.34,0.08,156
2026-09-11T18:32:23.855+00:00,4346.33,4346.41,0.08,156
2026-09-11T18:32:24.080+00:00,4346.07,4346.15,0.08,156
2026-09-11T18:32:24.301+00:00,4346.23,4346.32,0.09,156
2026-09-11T18:32:24.528+00:00,4346.06,4346.16,0.1,156
2026-09-11T18:32:24.760+00:00,4346.0,4346.08,0.08,156
2026-09-11T18:32:24.980+00:00,4346.06,4346.15,0.09,156
2026-09-11T18:32:25.205+00:00,4346.11,4346.21,0.1,156
2026-09-11T18:32:25.580+00:00,4346.14,4346.22,0.08,156
2026-09-11T18:32:25.880+00:00,4346.13,4346.21,0.08,156
2026-09-11T18:32:26.160+00:00,4346.1,4346.18,0.08,156
2026-09-11T18:32:26.385+00:00,4346.13,4346.21,0.08,156
2026-09-11T18:32:26.686+00:00,4346.1,4346.18,0.08,156
2026-09-11T18:32:26.986+00:00,4346.08,4346.16,0.08,156
2026-09-11T18:32:27.325+00:00,4346.07,4346.17,0.1,156
2026-09-11T18:32:27.828+00:00,4346.08,4346.17,0.09,156
2026-09-11T18:32:28.061+00:00,4346.22,4346.31,0.09,156
2026-09-11T18:32:28.278+00:00,4346.21,4346.31,0.1,156
2026-09-11T18:32:28.504+00:00,4346.21,4346.3,0.09,156
2026-09-11T18:32:28.712+00:00,4346.23,4346.32,0.09,156
2026-09-11T18:32:28.955+00:00,4346.3,4346.39,0.09,156
2026-09-11T18:32:29.228+00:00,4346.36,4346.44,0.08,156
2026-09-11T18:32:29.451+00:00,4346.2,4346.28,0.08,156
2026-09-11T18:32:29.677+00:00,4346.54,4346.62,0.08,156
2026-09-11T18:32:29.977+00:00,4346.74,4346.82,0.08,156
2026-09-11T18:32:30.203+00:00,4346.73,4346.81,0.08,156
2026-09-11T18:32:30.432+00:00,4346.58,4346.66,0.08,156
2026-09-11T18:32:30.652+00:00,4346.72,4346.81,0.09,156
2026-09-11T18:32:30.877+00:00,4346.68,4346.77,0.09,156
2026-09-11T18:32:31.274+00:00,4346.67,4346.78,0.11,156
2026-09-11T18:32:31.579+00:00,4346.65,4346.76,0.11,156
2026-09-11T18:32:31.810+00:00,4346.62,4346.71,0.09,156
2026-09-11T18:32:32.712+00:00,4346.63,4346.71,0.08,156
2026-09-11T18:32:33.254+00:00,4346.6,4346.68,0.08,156
2026-09-11T18:32:33.479+00:00,4346.63,4346.71,0.08,156
2026-09-11T18:32:33.704+00:00,4346.64,4346.72,0.08,156
2026-09-11T18:32:34.473+00:00,4346.61,4346.69,0.08,156
2026-09-11T18:32:34.698+00:00,4346.41,4346.49,0.08,156
2026-09-11T18:32:34.922+00:00,4346.36,4346.44,0.08,156
2026-09-11T18:32:35.150+00:00,4346.4,4346.48,0.08,156
2026-09-11T18:32:35.374+00:00,4346.43,4346.51,0.08,156
2026-09-11T18:32:35.600+00:00,4346.41,4346.49,0.08,156
2026-09-11T18:32:36.495+00:00,4346.49,4346.57,0.08,156
2026-09-11T18:32:36.953+00:00,4346.58,4346.66,0.08,156
2026-09-11T18:32:37.260+00:00,4346.58,4346.67,0.09,156
2026-09-11T18:32:37.485+00:00,4346.57,4346.68,0.11,156
2026-09-11T18:32:37.709+00:00,4346.58,4346.67,0.09,156
2026-09-11T18:32:38.084+00:00,4346.56,4346.64,0.08,156
2026-09-11T18:32:38.360+00:00,4346.53,4346.61,0.08,156
2026-09-11T18:32:38.960+00:00,4346.59,4346.67,0.08,156
2026-09-11T18:32:39.188+00:00,4346.53,4346.61,0.08,156
2026-09-11T18:32:39.484+00:00,4346.66,4346.74,0.08,156
2026-09-11T18:32:39.711+00:00,4346.74,4346.82,0.08,156
2026-09-11T18:32:39.935+00:00,4346.77,4346.85,0.08,156
2026-09-11T18:32:40.163+00:00,4346.76,4346.84,0.08,156
2026-09-11T18:32:40.811+00:00,4346.78,4346.86,0.08,156
2026-09-11T18:32:41.012+00:00,4346.77,4346.85,0.08,156
2026-09-11T18:32:41.192+00:00,4346.75,4346.84,0.09,156
2026-09-11T18:32:41.676+00:00,4346.72,4346.81,0.09,156
2026-09-11T18:32:41.901+00:00,4346.72,4346.8,0.08,156
2026-09-11T18:32:42.350+00:00,4346.77,4346.85,0.08,156
2026-09-11T18:32:42.945+00:00,4346.8,4346.88,0.08,156
2026-09-11T18:32:44.196+00:00,4346.74,4346.82,0.08,157
2026-09-11T18:32:44.859+00:00,4346.75,4346.83,0.08,157
2026-09-11T18:32:45.557+00:00,4346.78,4346.86,0.08,157
2026-09-11T18:32:46.191+00:00,4346.83,4346.91,0.08,157
2026-09-11T18:32:46.715+00:00,4346.78,4346.86,0.08,157
2026-09-11T18:32:47.670+00:00,4346.65,4346.73,0.08,157
2026-09-11T18:32:47.892+00:00,4346.78,4346.86,0.08,157
2026-09-11T18:32:48.133+00:00,4346.7,4346.78,0.08,157
2026-09-11T18:32:48.436+00:00,4346.71,4346.79,0.08,157
2026-09-11T18:32:48.657+00:00,4346.5,4346.58,0.08,157
2026-09-11T18:32:48.889+00:00,4346.51,4346.6,0.09,157
2026-09-11T18:32:49.108+00:00,4346.7,4346.8,0.1,157
2026-09-11T18:32:49.335+00:00,4346.69,4346.78,0.09,157
2026-09-11T18:32:49.560+00:00,4346.68,4346.76,0.08,157
2026-09-11T18:32:49.783+00:00,4346.65,4346.73,0.08,157
2026-09-11T18:32:50.011+00:00,4346.4,4346.49,0.09,157
2026-09-11T18:32:50.309+00:00,4346.69,4346.79,0.1,157
2026-09-11T18:32:50.533+00:00,4346.59,4346.68,0.09,157
2026-09-11T18:32:50.758+00:00,4346.68,4346.76,0.08,157
2026-09-11T18:32:50.987+00:00,4347.03,4347.11,0.08,157
2026-09-11T18:32:51.214+00:00,4347.09,4347.17,0.08,157
2026-09-11T18:32:51.436+00:00,4347.12,4347.2,0.08,157
2026-09-11T18:32:51.663+00:00,4347.09,4347.17,0.08,157
2026-09-11T18:32:51.886+00:00,4347.14,4347.22,0.08,157
2026-09-11T18:32:52.112+00:00,4347.16,4347.24,0.08,157
2026-09-11T18:32:52.337+00:00,4347.17,4347.25,0.08,157
2026-09-11T18:32:52.563+00:00,4347.19,4347.27,0.08,157
2026-09-11T18:32:52.795+00:00,4347.14,4347.22,0.08,157
2026-09-11T18:32:53.033+00:00,4347.16,4347.24,0.08,157
2026-09-11T18:32:53.401+00:00,4347.13,4347.21,0.08,157
2026-09-11T18:32:53.627+00:00,4347.09,4347.17,0.08,157
2026-09-11T18:32:53.848+00:00,4347.12,4347.2,0.08,157
2026-09-11T18:32:54.083+00:00,4347.12,4347.21,0.09,157
2026-09-11T18:32:54.710+00:00,4347.1,4347.19,0.09,157
2026-09-11T18:32:54.974+00:00,4346.9,4346.98,0.08,157
2026-09-11T18:32:55.200+00:00,4346.77,4346.85,0.08,157
2026-09-11T18:32:55.425+00:00,4346.7,4346.78,0.08,157
2026-09-11T18:32:55.653+00:00,4346.74,4346.83,0.09,157
2026-09-11T18:32:55.877+00:00,4346.7,4346.78,0.08,157
2026-09-11T18:32:56.179+00:00,4346.67,4346.75,0.08,157
2026-09-11T18:32:56.711+00:00,4346.61,4346.69,0.08,157
2026-09-11T18:32:56.929+00:00,4346.67,4346.75,0.08,157
2026-09-11T18:32:57.397+00:00,4346.66,4346.74,0.08,157
2026-09-11T18:32:58.021+00:00,4346.63,4346.71,0.08,157
2026-09-11T18:32:58.267+00:00,4346.9,4346.99,0.09,157
2026-09-11T18:32:58.489+00:00,4346.9,4347.01,0.11,157
2026-09-11T18:32:58.710+00:00,4346.89,4346.99,0.1,157
2026-09-11T18:32:59.227+00:00,4346.73,4346.81,0.08,157
2026-09-11T18:32:59.456+00:00,4346.91,4347.0,0.09,157
2026-09-11T18:32:59.676+00:00,4346.85,4346.95,0.1,157
2026-09-11T18:32:59.901+00:00,4346.84,4346.95,0.11,157
2026-09-11T18:33:00.127+00:00,4346.81,4346.92,0.11,157
2026-09-11T18:33:00.357+00:00,4346.51,4346.63,0.12,157
2026-09-11T18:33:00.585+00:00,4346.87,4346.96,0.09,157
2026-09-11T18:33:00.813+00:00,4346.89,4346.97,0.08,157
2026-09-11T18:33:01.035+00:00,4346.82,4346.9,0.08,157
2026-09-11T18:33:01.266+00:00,4346.69,4346.77,0.08,157
2026-09-11T18:33:01.492+00:00,4346.7,4346.78,0.08,157
2026-09-11T18:33:01.710+00:00,4346.72,4346.81,0.09,157
2026-09-11T18:33:01.939+00:00,4346.66,4346.74,0.08,157
2026-09-11T18:33:02.466+00:00,4346.57,4346.65,0.08,157
2026-09-11T18:33:02.703+00:00,4346.11,4346.19,0.08,157
2026-09-11T18:33:02.936+00:00,4346.42,4346.52,0.1,157
2026-09-11T18:33:03.159+00:00,4346.13,4346.22,0.09,157
2026-09-11T18:33:03.385+00:00,4346.43,4346.53,0.1,157
2026-09-11T18:33:03.609+00:00,4346.33,4346.43,0.1,157
2026-09-11T18:33:03.832+00:00,4346.32,4346.4,0.08,157
2026-09-11T18:33:04.058+00:00,4346.37,4346.45,0.08,157
2026-09-11T18:33:04.282+00:00,4346.26,4346.34,0.08,157
2026-09-11T18:33:04.584+00:00,4346.3,4346.38,0.08,157
2026-09-11T18:33:04.816+00:00,4346.19,4346.28,0.09,157
2026-09-11T18:33:05.035+00:00,4346.28,4346.38,0.1,157
2026-09-11T18:33:05.419+00:00,4346.18,4346.27,0.09,157
2026-09-11T18:33:05.711+00:00,4346.19,4346.29,0.1,157
2026-09-11T18:33:05.945+00:00,4346.24,4346.32,0.08,157
2026-09-11T18:33:06.169+00:00,4346.25,4346.33,0.08,157
2026-09-11T18:33:06.397+00:00,4346.19,4346.27,0.08,157
2026-09-11T18:33:06.625+00:00,4346.0,4346.08,0.08,157
2026-09-11T18:33:06.853+00:00,4346.04,4346.12,0.08,157
2026-09-11T18:33:07.075+00:00,4346.09,4346.19,0.1,157
2026-09-11T18:33:07.300+00:00,4346.12,4346.2,0.08,157
2026-09-11T18:33:07.528+00:00,4346.1,4346.18,0.08,157
2026-09-11T18:33:07.752+00:00,4346.13,4346.21,0.08,157
2026-09-11T18:33:08.361+00:00,4346.09,4346.17,0.08,157
2026-09-11T18:33:08.651+00:00,4346.31,4346.39,0.08,157
2026-09-11T18:33:08.877+00:00,4346.33,4346.41,0.08,157
2026-09-11T18:33:09.176+00:00,4346.24,4346.32,0.08,157
2026-09-11T18:33:09.479+00:00,4346.46,4346.54,0.08,158
2026-09-11T18:33:09.711+00:00,4346.48,4346.56,0.08,158
2026-09-11T18:33:09.949+00:00,4346.72,4346.8,0.08,158
2026-09-11T18:33:10.469+00:00,4346.7,4346.78,0.08,158
2026-09-11T18:33:10.711+00:00,4346.69,4346.77,0.08,158
2026-09-11T18:33:10.922+00:00,4346.71,4346.79,0.08,158
2026-09-11T18:33:11.144+00:00,4346.65,4346.73,0.08,158
2026-09-11T18:33:11.372+00:00,4346.65,4346.74,0.09,158
2026-09-11T18:33:11.599+00:00,4346.58,4346.67,0.09,158
2026-09-11T18:33:11.824+00:00,4346.67,4346.75,0.08,158
2026-09-11T18:33:12.047+00:00,4346.68,4346.76,0.08,158
2026-09-11T18:33:12.347+00:00,4346.7,4346.78,0.08,158
2026-09-11T18:33:12.572+00:00,4346.67,4346.75,0.08,158
2026-09-11T18:33:12.796+00:00,4346.52,4346.6,0.08,158
2026-09-11T18:33:13.022+00:00,4346.51,4346.59,0.08,158
2026-09-11T18:33:13.249+00:00,4346.45,4346.53,0.08,158
2026-09-11T18:33:13.471+00:00,4346.51,4346.59,0.08,158
2026-09-11T18:33:13.988+00:00,4346.39,4346.47,0.08,158
2026-09-11T18:33:14.350+00:00,4346.39,4346.48,0.09,158
2026-09-11T18:33:14.920+00:00,4346.62,4346.7,0.08,158
2026-09-11T18:33:15.493+00:00,4346.63,4346.71,0.08,158
2026-09-11T18:33:15.713+00:00,4346.61,4346.7,0.09,158
2026-09-11T18:33:15.944+00:00,4346.62,4346.7,0.08,158
2026-09-11T18:33:16.396+00:00,4346.61,4346.69,0.08,158
2026-09-11T18:33:16.624+00:00,4346.62,4346.7,0.08,158
2026-09-11T18:33:16.846+00:00,4346.59,4346.68,0.09,158
2026-09-11T18:33:17.150+00:00,4346.48,4346.57,0.09,158
2026-09-11T18:33:17.373+00:00,4346.48,4346.56,0.08,158
2026-09-11T18:33:17.598+00:00,4346.44,4346.52,0.08,158
2026-09-11T18:33:17.824+00:00,4346.57,4346.65,0.08,158
2026-09-11T18:33:18.050+00:00,4346.61,4346.69,0.08,158
2026-09-11T18:33:18.351+00:00,4346.62,4346.7,0.08,158
2026-09-11T18:33:18.576+00:00,4346.84,4346.92,0.08,158
2026-09-11T18:33:19.027+00:00,4346.87,4346.95,0.08,158
2026-09-11T18:33:19.251+00:00,4346.96,4347.04,0.08,158
2026-09-11T18:33:19.475+00:00,4346.95,4347.03,0.08,158
2026-09-11T18:33:19.710+00:00,4346.96,4347.04,0.08,158
2026-09-11T18:33:19.925+00:00,4347.13,4347.21,0.08,158
2026-09-11T18:33:20.225+00:00,4347.12,4347.2,0.08,158
2026-09-11T18:33:20.448+00:00,4347.06,4347.14,0.08,158
2026-09-11T18:33:20.976+00:00,4347.07,4347.15,0.08,158
2026-09-11T18:33:21.200+00:00,4347.18,4347.26,0.08,158
2026-09-11T18:33:21.426+00:00,4347.27,4347.35,0.08,158
2026-09-11T18:33:21.651+00:00,4347.35,4347.43,0.08,158
2026-09-11T18:33:22.552+00:00,4347.42,4347.5,0.08,158
2026-09-11T18:33:22.779+00:00,4347.35,4347.43,0.08,158
2026-09-11T18:33:23.002+00:00,4347.28,4347.39,0.11,158
2026-09-11T18:33:23.302+00:00,4347.27,4347.38,0.11,158
2026-09-11T18:33:23.526+00:00,4347.27,4347.36,0.09,158
2026-09-11T18:33:23.752+00:00,4347.29,4347.37,0.08,158
2026-09-11T18:33:23.976+00:00,4347.31,4347.39,0.08,158
2026-09-11T18:33:24.201+00:00,4347.33,4347.42,0.09,158
2026-09-11T18:33:24.590+00:00,4347.34,4347.43,0.09,158
2026-09-11T18:33:24.803+00:00,4347.34,4347.42,0.08,158
2026-09-11T18:33:25.029+00:00,4346.68,4346.77,0.09,158
2026-09-11T18:33:25.268+00:00,4346.75,4346.84,0.09,158
2026-09-11T18:33:25.477+00:00,4346.77,4346.85,0.08,158
2026-09-11T18:33:25.704+00:00,4346.81,4346.89,0.08,158
2026-09-11T18:33:25.930+00:00,4346.8,4346.88,0.08,158
2026-09-11T18:33:26.155+00:00,4346.77,4346.85,0.08,158
2026-09-11T18:33:26.381+00:00,4346.77,4346.86,0.09,158
2026-09-11T18:33:26.604+00:00,4346.76,4346.86,0.1,158
2026-09-11T18:33:26.995+00:00,4346.79,4346.89,0.1,158
2026-09-11T18:33:27.218+00:00,4346.89,4346.99,0.1,158
2026-09-11T18:33:27.456+00:00,4346.91,4347.0,0.09,158
2026-09-11T18:33:27.672+00:00,4346.93,4347.01,0.08,158
2026-09-11T18:33:28.579+00:00,4347.05,4347.13,0.08,158
2026-09-11T18:33:28.880+00:00,4347.21,4347.29,0.08,158
2026-09-11T18:33:29.133+00:00,4347.23,4347.31,0.08,158
2026-09-11T18:33:29.330+00:00,4347.24,4347.32,0.08,158
2026-09-11T18:33:29.627+00:00,4347.23,4347.31,0.08,158
2026-09-11T18:33:29.930+00:00,4347.02,4347.12,0.1,158
2026-09-11T18:33:30.197+00:00,4347.04,4347.13,0.09,158
2026-09-11T18:33:30.379+00:00,4347.0,4347.09,0.09,158
2026-09-11T18:33:30.604+00:00,4347.29,4347.37,0.08,158
2026-09-11T18:33:31.144+00:00,4347.33,4347.41,0.08,158
2026-09-11T18:33:31.449+00:00,4347.32,4347.4,0.08,158
2026-09-11T18:33:31.674+00:00,4347.4,4347.48,0.08,158
2026-09-11T18:33:31.902+00:00,4347.28,4347.37,0.09,158
2026-09-11T18:33:32.124+00:00,4346.93,4347.01,0.08,158
2026-09-11T18:33:32.370+00:00,4346.87,4346.97,0.1,158
2026-09-11T18:33:32.655+00:00,4346.88,4347.0,0.12,158
2026-09-11T18:33:32.873+00:00,4347.06,4347.15,0.09,158
2026-09-11T18:33:33.100+00:00,4347.07,4347.15,0.08,158
2026-09-11T18:33:33.600+00:00,4347.06,4347.15,0.09,158
2026-09-11T18:33:33.784+00:00,4347.06,4347.14,0.08,158
2026-09-11T18:33:34.049+00:00,4346.92,4347.0,0.08,158
2026-09-11T18:33:34.954+00:00,4346.94,4347.02,0.08,159
2026-09-11T18:33:35.178+00:00,4346.55,4346.64,0.09,159
2026-09-11T18:33:35.403+00:00,4346.53,4346.64,0.11,159
2026-09-11T18:33:35.628+00:00,4346.73,4346.83,0.1,159
2026-09-11T18:33:36.185+00:00,4346.66,4346.76,0.1,159
2026-09-11T18:33:36.412+00:00,4346.65,4346.74,0.09,159
2026-09-11T18:33:36.634+00:00,4346.64,4346.75,0.11,159
2026-09-11T18:33:36.859+00:00,4346.44,4346.54,0.1,159
2026-09-11T18:33:37.084+00:00,4346.47,4346.56,0.09,159
2026-09-11T18:33:37.338+00:00,4346.45,4346.53,0.08,159
2026-09-11T18:33:37.564+00:00,4346.99,4347.07,0.08,159
2026-09-11T18:33:37.787+00:00,4347.04,4347.12,0.08,159
2026-09-11T18:33:38.013+00:00,4347.03,4347.11,0.08,159
2026-09-11T18:33:38.237+00:00,4347.01,4347.09,0.08,159
2026-09-11T18:33:38.616+00:00,4347.03,4347.11,0.08,159
2026-09-11T18:33:38.838+00:00,4347.03,4347.12,0.09,159
2026-09-11T18:33:39.064+00:00,4346.82,4346.92,0.1,159
2026-09-11T18:33:39.363+00:00,4346.45,4346.55,0.1,159
2026-09-11T18:33:39.589+00:00,4346.54,4346.66,0.12,159
2026-09-11T18:33:39.964+00:00,4346.43,4346.53,0.1,159
2026-09-11T18:33:40.189+00:00,4346.7,4346.79,0.09,159
2026-09-11T18:33:40.414+00:00,4346.71,4346.8,0.09,159
2026-09-11T18:33:40.939+00:00,4346.72,4346.82,0.1,159
2026-09-11T18:33:41.167+00:00,4346.67,4346.76,0.09,159
2026-09-11T18:33:41.390+00:00,4346.69,4346.77,0.08,159
2026-09-11T18:33:41.839+00:00,4346.41,4346.49,0.08,159
2026-09-11T18:33:42.064+00:00,4346.6,4346.69,0.09,159
2026-09-11T18:33:42.289+00:00,4346.23,4346.33,0.1,159
2026-09-11T18:33:42.665+00:00,4346.27,4346.36,0.09,159
2026-09-11T18:33:43.117+00:00,4346.31,4346.39,0.08,159
2026-09-11T18:33:43.117+00:00,4346.5,4346.58,0.08,159
2026-09-11T18:33:43.660+00:00,4346.51,4346.61,0.1,159
2026-09-11T18:33:43.894+00:00,4346.49,4346.57,0.08,159
2026-09-11T18:33:44.118+00:00,4346.49,4346.58,0.09,159
2026-09-11T18:33:44.418+00:00,4346.51,4346.59,0.08,159
2026-09-11T18:33:44.644+00:00,4346.48,4346.56,0.08,159
2026-09-11T18:33:44.868+00:00,4346.56,4346.64,0.08,159
2026-09-11T18:33:45.094+00:00,4346.62,4346.7,0.08,159
2026-09-11T18:33:45.319+00:00,4346.59,4346.67,0.08,159
2026-09-11T18:33:45.543+00:00,4346.65,4346.73,0.08,159
2026-09-11T18:33:45.767+00:00,4346.63,4346.71,0.08,159
2026-09-11T18:33:46.597+00:00,4346.64,4346.72,0.08,159
2026-09-11T18:33:46.849+00:00,4346.88,4346.96,0.08,159
2026-09-11T18:33:47.073+00:00,4347.02,4347.1,0.08,159
2026-09-11T18:33:47.298+00:00,4347.07,4347.15,0.08,159
2026-09-11T18:33:47.523+00:00,4347.13,4347.21,0.08,159
2026-09-11T18:33:47.746+00:00,4347.14,4347.22,0.08,159
2026-09-11T18:33:47.974+00:00,4347.2,4347.28,0.08,159
2026-09-11T18:33:48.201+00:00,4346.93,4347.01,0.08,159
2026-09-11T18:33:48.499+00:00,4346.89,4346.97,0.08,159
2026-09-11T18:33:48.949+00:00,4346.85,4346.93,0.08,159
2026-09-11T18:33:49.173+00:00,4346.86,4346.94,0.08,159
2026-09-11T18:33:49.499+00:00,4346.87,4346.95,0.08,159
2026-09-11T18:33:50.118+00:00,4346.89,4346.97,0.08,159
2026-09-11T18:33:50.416+00:00,4346.78,4346.86,0.08,159
2026-09-11T18:33:50.640+00:00,4346.79,4346.87,0.08,159
2026-09-11T18:33:50.865+00:00,4346.82,4346.9,0.08,159
2026-09-11T18:33:51.099+00:00,4346.99,4347.07,0.08,159
2026-09-11T18:33:51.323+00:00,4347.01,4347.09,0.08,159
2026-09-11T18:33:51.545+00:00,4346.98,4347.06,0.08,159
2026-09-11T18:33:51.769+00:00,4346.87,4346.95,0.08,159
2026-09-11T18:33:51.995+00:00,4346.88,4346.97,0.09,159
2026-09-11T18:33:52.219+00:00,4346.97,4347.07,0.1,159
2026-09-11T18:33:52.446+00:00,4346.93,4347.01,0.08,159
2026-09-11T18:33:52.672+00:00,4346.86,4346.95,0.09,159
2026-09-11T18:33:52.898+00:00,4346.89,4346.98,0.09,159
2026-09-11T18:33:53.121+00:00,4346.95,4347.04,0.09,159
2026-09-11T18:33:53.423+00:00,4346.98,4347.06,0.08,159
2026-09-11T18:33:53.680+00:00,4346.97,4347.05,0.08,159
2026-09-11T18:33:53.905+00:00,4346.94,4347.02,0.08,159
2026-09-11T18:33:54.130+00:00,4347.22,4347.31,0.09,159
2026-09-11T18:33:54.352+00:00,4347.11,4347.19,0.08,159
2026-09-11T18:33:54.654+00:00,4347.12,4347.22,0.1,159
2026-09-11T18:33:54.903+00:00,4347.21,4347.33,0.12,159
2026-09-11T18:33:55.104+00:00,4347.22,4347.31,0.09,159
2026-09-11T18:33:55.484+00:00,4347.26,4347.34,0.08,159
2026-09-11T18:33:55.877+00:00,4347.23,4347.31,0.08,159
2026-09-11T18:33:56.235+00:00,4347.15,4347.23,0.08,159
2026-09-11T18:33:56.612+00:00,4347.13,4347.23,0.1,159
2026-09-11T18:33:57.049+00:00,4346.85,4346.94,0.09,159
2026-09-11T18:33:57.343+00:00,4346.91,4346.99,0.08,159
2026-09-11T18:33:57.568+00:00,4347.06,4347.14,0.08,159
2026-09-11T18:33:58.070+00:00,4347.08,4347.16,0.08,159
2026-09-11T18:33:58.245+00:00,4347.07,4347.15,0.08,159
2026-09-11T18:33:58.469+00:00,4346.81,4346.89,0.08,159
2026-09-11T18:33:58.693+00:00,4346.82,4346.91,0.09,159
2026-09-11T18:33:58.920+00:00,4346.81,4346.89,0.08,159
2026-09-11T18:33:59.144+00:00,4346.96,4347.04,0.08,159
2026-09-11T18:33:59.520+00:00,4347.07,4347.15,0.08,159
2026-09-11T18:33:59.894+00:00,4347.06,4347.14,0.08,159
2026-09-11T18:34:00.193+00:00,4347.05,4347.13,0.08,160
2026-09-11T18:34:00.619+00:00,4347.1,4347.18,0.08,160
2026-09-11T18:34:01.206+00:00,4347.11,4347.19,0.08,160
2026-09-11T18:34:01.453+00:00,4347.12,4347.2,0.08,160
2026-09-11T18:34:01.680+00:00,4347.13,4347.21,0.08,160
2026-09-11T18:34:01.904+00:00,4347.26,4347.34,0.08,160
2026-09-11T18:34:02.129+00:00,4347.29,4347.37,0.08,160
2026-09-11T18:34:02.353+00:00,4347.27,4347.35,0.08,160
2026-09-11T18:34:02.580+00:00,4347.26,4347.35,0.09,160
2026-09-11T18:34:03.103+00:00,4347.18,4347.27,0.09,160
2026-09-11T18:34:03.327+00:00,4346.94,4347.04,0.1,160
2026-09-11T18:34:03.554+00:00,4346.83,4346.91,0.08,160
2026-09-11T18:34:03.778+00:00,4346.92,4347.0,0.08,160
2026-09-11T18:34:04.003+00:00,4347.1,4347.19,0.09,160
2026-09-11T18:34:04.228+00:00,4347.11,4347.19,0.08,160
2026-09-11T18:34:04.493+00:00,4347.12,4347.2,0.08,160
2026-09-11T18:34:04.711+00:00,4347.17,4347.27,0.1,160
2026-09-11T18:34:04.946+00:00,4347.15,4347.23,0.08,160
2026-09-11T18:34:05.170+00:00,4347.16,4347.24,0.08,160
2026-09-11T18:34:05.928+00:00,4347.25,4347.33,0.08,160
2026-09-11T18:34:06.383+00:00,4347.0,4347.09,0.09,160
2026-09-11T18:34:06.615+00:00,4346.97,4347.06,0.09,160
2026-09-11T18:34:06.914+00:00,4347.21,4347.3,0.09,160
2026-09-11T18:34:07.140+00:00,4346.84,4346.94,0.1,160
2026-09-11T18:34:07.364+00:00,4347.02,4347.11,0.09,160
2026-09-11T18:34:07.746+00:00,4346.82,4346.91,0.09,160
2026-09-11T18:34:07.966+00:00,4347.02,4347.1,0.08,160
2026-09-11T18:34:08.191+00:00,4346.67,4346.75,0.08,160
2026-09-11T18:34:08.416+00:00,4346.87,4346.95,0.08,160
2026-09-11T18:34:08.712+00:00,4346.78,4346.87,0.09,160
2026-09-11T18:34:08.943+00:00,4346.75,4346.84,0.09,160
2026-09-11T18:34:09.170+00:00,4346.74,4346.82,0.08,160
2026-09-11T18:34:09.394+00:00,4346.76,4346.84,0.08,160
2026-09-11T18:34:09.692+00:00,4346.62,4346.7,0.08,160
2026-09-11T18:34:09.917+00:00,4346.72,4346.8,0.08,160
2026-09-11T18:34:10.143+00:00,4346.73,4346.82,0.09,160
2026-09-11T18:34:10.365+00:00,4346.71,4346.81,0.1,160
2026-09-11T18:34:10.710+00:00,4346.7,4346.79,0.09,160
2026-09-11T18:34:11.042+00:00,4346.47,4346.55,0.08,160
2026-09-11T18:34:11.737+00:00,4346.5,4346.58,0.08,160
2026-09-11T18:34:12.299+00:00,4346.48,4346.56,0.08,160
2026-09-11T18:34:12.520+00:00,4346.99,4347.07,0.08,160
2026-09-11T18:34:12.744+00:00,4347.04,4347.12,0.08,160
2026-09-11T18:34:12.970+00:00,4347.05,4347.13,0.08,160
2026-09-11T18:34:13.472+00:00,4347.03,4347.11,0.08,160
2026-09-11T18:34:13.711+00:00,4347.0,4347.08,0.08,160
2026-09-11T18:34:14.019+00:00,4346.98,4347.07,0.09,160
2026-09-11T18:34:14.245+00:00,4346.91,4346.99,0.08,160
2026-09-11T18:34:14.470+00:00,4346.8,4346.89,0.09,160
2026-09-11T18:34:14.711+00:00,4346.76,4346.85,0.09,160
2026-09-11T18:34:14.919+00:00,4346.52,4346.62,0.1,160
2026-09-11T18:34:15.220+00:00,4346.5,4346.58,0.08,160
2026-09-11T18:34:15.445+00:00,4346.49,4346.58,0.09,160
2026-09-11T18:34:15.670+00:00,4346.6,4346.69,0.09,160
2026-09-11T18:34:15.895+00:00,4346.8,4346.88,0.08,160
2026-09-11T18:34:16.121+00:00,4346.84,4346.92,0.08,160
2026-09-11T18:34:16.346+00:00,4346.88,4346.96,0.08,160
2026-09-11T18:34:16.571+00:00,4346.86,4346.94,0.08,160
2026-09-11T18:34:16.795+00:00,4346.99,4347.07,0.08,160
2026-09-11T18:34:17.021+00:00,4347.06,4347.14,0.08,160
2026-09-11T18:34:17.247+00:00,4347.3,4347.38,0.08,160
2026-09-11T18:34:17.473+00:00,4347.32,4347.4,0.08,160
2026-09-11T18:34:17.710+00:00,4347.36,4347.44,0.08,160
2026-09-11T18:34:17.924+00:00,4347.35,4347.43,0.08,160
2026-09-11T18:34:18.379+00:00,4347.3,4347.38,0.08,160
2026-09-11T18:34:18.605+00:00,4347.34,4347.42,0.08,160
2026-09-11T18:34:18.829+00:00,4347.37,4347.45,0.08,160
2026-09-11T18:34:19.053+00:00,4347.12,4347.21,0.09,160
2026-09-11T18:34:19.278+00:00,4346.96,4347.04,0.08,160
2026-09-11T18:34:19.714+00:00,4346.96,4347.05,0.09,160
2026-09-11T18:34:19.948+00:00,4347.08,4347.17,0.09,160
2026-09-11T18:34:20.244+00:00,4346.96,4347.05,0.09,160
2026-09-11T18:34:20.468+00:00,4346.99,4347.08,0.09,160
2026-09-11T18:34:21.122+00:00,4347.0,4347.09,0.09,160
2026-09-11T18:34:21.424+00:00,4347.1,4347.18,0.08,160
2026-09-11T18:34:21.651+00:00,4347.15,4347.23,0.08,160
2026-09-11T18:34:21.876+00:00,4347.22,4347.3,0.08,160
2026-09-11T18:34:22.098+00:00,4346.97,4347.05,0.08,160
2026-09-11T18:34:22.398+00:00,4346.98,4347.06,0.08,160
2026-09-11T18:34:22.923+00:00,4347.23,4347.31,0.08,160
2026-09-11T18:34:23.149+00:00,4347.2,4347.28,0.08,160
2026-09-11T18:34:23.379+00:00,4347.33,4347.41,0.08,160
2026-09-11T18:34:23.599+00:00,4347.36,4347.44,0.08,160
2026-09-11T18:34:23.828+00:00,4347.4,4347.48,0.08,160
2026-09-11T18:34:24.052+00:00,4347.71,4347.79,0.08,160
2026-09-11T18:34:24.278+00:00,4347.7,4347.78,0.08,160
2026-09-11T18:34:24.502+00:00,4347.72,4347.8,0.08,160
2026-09-11T18:34:24.702+00:00,4347.75,4347.83,0.08,160
2026-09-11T18:34:24.933+00:00,4347.74,4347.82,0.08,160
2026-09-11T18:34:25.160+00:00,4347.53,4347.61,0.08,161
2026-09-11T18:34:25.384+00:00,4347.56,4347.64,0.08,161
2026-09-11T18:34:25.612+00:00,4347.64,4347.72,0.08,161
2026-09-11T18:34:25.835+00:00,4347.87,4347.95,0.08,161
2026-09-11T18:34:26.138+00:00,4348.05,4348.13,0.08,161
2026-09-11T18:34:26.361+00:00,4348.03,4348.11,0.08,161
2026-09-11T18:34:26.585+00:00,4348.08,4348.16,0.08,161
2026-09-11T18:34:26.810+00:00,4348.1,4348.18,0.08,161
2026-09-11T18:34:27.410+00:00,4348.12,4348.2,0.08,161
2026-09-11T18:34:27.636+00:00,4348.13,4348.21,0.08,161
2026-09-11T18:34:27.862+00:00,4348.14,4348.22,0.08,161
2026-09-11T18:34:28.089+00:00,4347.92,4348.0,0.08,161
2026-09-11T18:34:28.314+00:00,4347.92,4348.01,0.09,161
2026-09-11T18:34:28.838+00:00,4347.93,4348.01,0.08,161
2026-09-11T18:34:29.060+00:00,4347.87,4347.95,0.08,161
2026-09-11T18:34:29.285+00:00,4347.72,4347.81,0.09,161
2026-09-11T18:34:29.510+00:00,4347.72,4347.82,0.1,161
2026-09-11T18:34:29.736+00:00,4347.56,4347.65,0.09,161
2026-09-11T18:34:29.964+00:00,4347.56,4347.66,0.1,161
2026-09-11T18:34:30.193+00:00,4347.64,4347.74,0.1,161
2026-09-11T18:34:30.545+00:00,4347.63,4347.73,0.1,161
2026-09-11T18:34:30.711+00:00,4347.85,4347.95,0.1,161
2026-09-11T18:34:30.937+00:00,4347.59,4347.69,0.1,161
2026-09-11T18:34:31.164+00:00,4347.58,4347.66,0.08,161
2026-09-11T18:34:31.624+00:00,4347.47,4347.55,0.08,161
2026-09-11T18:34:31.841+00:00,4347.53,4347.61,0.08,161
2026-09-11T18:34:32.063+00:00,4347.68,4347.76,0.08,161
2026-09-11T18:34:32.296+00:00,4347.46,4347.54,0.08,161
2026-09-11T18:34:32.515+00:00,4347.57,4347.65,0.08,161
2026-09-11T18:34:32.741+00:00,4347.54,4347.64,0.1,161
2026-09-11T18:34:32.979+00:00,4347.45,4347.54,0.09,161
2026-09-11T18:34:33.190+00:00,4347.46,4347.54,0.08,161
2026-09-11T18:34:33.414+00:00,4347.48,4347.56,0.08,161
2026-09-11T18:34:33.642+00:00,4347.47,4347.55,0.08,161
2026-09-11T18:34:33.866+00:00,4347.44,4347.52,0.08,161
2026-09-11T18:34:34.090+00:00,4347.44,4347.53,0.09,161
2026-09-11T18:34:34.315+00:00,4347.42,4347.5,0.08,161
2026-09-11T18:34:34.842+00:00,4347.5,4347.58,0.08,161
2026-09-11T18:34:35.070+00:00,4347.34,4347.43,0.09,161
2026-09-11T18:34:35.293+00:00,4347.27,4347.36,0.09,161
2026-09-11T18:34:35.520+00:00,4347.26,4347.34,0.08,161
2026-09-11T18:34:35.744+00:00,4347.25,4347.33,0.08,161
2026-09-11T18:34:35.970+00:00,4347.05,4347.13,0.08,161
2026-09-11T18:34:36.344+00:00,4347.23,4347.31,0.08,161
2026-09-11T18:34:36.835+00:00,4347.19,4347.27,0.08,161
2026-09-11T18:34:37.139+00:00,4347.04,4347.12,0.08,161
2026-09-11T18:34:37.441+00:00,4347.03,4347.11,0.08,161
2026-09-11T18:34:37.708+00:00,4347.11,4347.19,0.08,161
2026-09-11T18:34:37.966+00:00,4347.12,4347.2,0.08,161
2026-09-11T18:34:38.194+00:00,4347.14,4347.22,0.08,161
2026-09-11T18:34:39.089+00:00,4347.15,4347.23,0.08,161
2026-09-11T18:34:39.316+00:00,4347.16,4347.24,0.08,161
2026-09-11T18:34:40.680+00:00,4347.18,4347.26,0.08,161
2026-09-11T18:34:40.904+00:00,4347.09,4347.17,0.08,161
2026-09-11T18:34:41.129+00:00,4347.08,4347.16,0.08,161
2026-09-11T18:34:41.353+00:00,4347.07,4347.15,0.08,161
2026-09-11T18:34:41.596+00:00,4347.08,4347.16,0.08,161
2026-09-11T18:34:42.123+00:00,4347.05,4347.13,0.08,161
2026-09-11T18:34:42.346+00:00,4347.06,4347.14,0.08,161
2026-09-11T18:34:42.570+00:00,4347.02,4347.1,0.08,161
2026-09-11T18:34:42.795+00:00,4346.66,4346.74,0.08,161
2026-09-11T18:34:43.020+00:00,4346.84,4346.92,0.08,161
2026-09-11T18:34:43.246+00:00,4347.06,4347.14,0.08,161
2026-09-11T18:34:43.472+00:00,4346.97,4347.05,0.08,161
2026-09-11T18:34:43.697+00:00,4346.95,4347.03,0.08,161
2026-09-11T18:34:44.349+00:00,4346.95,4347.04,0.09,161
2026-09-11T18:34:44.810+00:00,4346.92,4347.01,0.09,161
2026-09-11T18:34:45.109+00:00,4346.84,4346.92,0.08,161
2026-09-11T18:34:45.334+00:00,4346.82,4346.9,0.08,161
2026-09-11T18:34:45.559+00:00,4346.83,4346.91,0.08,161
2026-09-11T18:34:45.785+00:00,4346.89,4346.97,0.08,161
2026-09-11T18:34:46.011+00:00,4346.87,4346.95,0.08,161
2026-09-11T18:34:46.235+00:00,4346.89,4346.97,0.08,161
2026-09-11T18:34:46.621+00:00,4346.88,4346.96,0.08,161
2026-09-11T18:34:47.060+00:00,4346.87,4346.95,0.08,161
2026-09-11T18:34:47.485+00:00,4346.88,4346.96,0.08,161
2026-09-11T18:34:47.709+00:00,4346.81,4346.89,0.08,161
2026-09-11T18:34:47.935+00:00,4346.89,4346.97,0.08,161
2026-09-11T18:34:48.158+00:00,4346.99,4347.07,0.08,161
2026-09-11T18:34:48.865+00:00,4347.01,4347.09,0.08,161
2026-09-11T18:34:49.013+00:00,4347.08,4347.16,0.08,161
2026-09-11T18:34:49.257+00:00,4347.06,4347.14,0.08,161
2026-09-11T18:34:49.472+00:00,4347.14,4347.22,0.08,161
2026-09-11T18:34:49.907+00:00,4347.13,4347.22,0.09,161
2026-09-11T18:34:50.169+00:00,4346.9,4346.99,0.09,161
2026-09-11T18:34:50.394+00:00,4346.93,4347.01,0.08,162
2026-09-11T18:34:50.619+00:00,4346.86,4346.94,0.08,162
2026-09-11T18:34:50.921+00:00,4346.85,4346.93,0.08,162
2026-09-11T18:34:51.711+00:00,4346.84,4346.94,0.1,162
2026-09-11T18:34:52.028+00:00,4346.92,4347.01,0.09,162
2026-09-11T18:34:52.261+00:00,4347.64,4347.72,0.08,162
2026-09-11T18:34:52.482+00:00,4347.65,4347.74,0.09,162
2026-09-11T18:34:52.718+00:00,4347.46,4347.54,0.08,162
2026-09-11T18:34:52.934+00:00,4347.45,4347.53,0.08,162
2026-09-11T18:34:53.159+00:00,4347.43,4347.51,0.08,162
2026-09-11T18:34:53.385+00:00,4347.44,4347.52,0.08,162
2026-09-11T18:34:53.911+00:00,4347.88,4347.96,0.08,162
2026-09-11T18:34:54.138+00:00,4348.38,4348.46,0.08,162
2026-09-11T18:34:54.359+00:00,4348.16,4348.24,0.08,162
2026-09-11T18:34:54.585+00:00,4348.14,4348.24,0.1,162
2026-09-11T18:34:54.808+00:00,4348.24,4348.33,0.09,162
2026-09-11T18:34:55.035+00:00,4348.39,4348.47,0.08,162
2026-09-11T18:34:55.260+00:00,4348.38,4348.46,0.08,162
2026-09-11T18:34:55.484+00:00,4348.55,4348.63,0.08,162
2026-09-11T18:34:55.709+00:00,4348.58,4348.66,0.08,162
2026-09-11T18:34:55.935+00:00,4348.54,4348.62,0.08,162
2026-09-11T18:34:56.159+00:00,4348.53,4348.61,0.08,162
2026-09-11T18:34:56.553+00:00,4348.55,4348.63,0.08,162
2026-09-11T18:34:57.227+00:00,4348.53,4348.61,0.08,162
2026-09-11T18:34:57.480+00:00,4348.43,4348.51,0.08,162
2026-09-11T18:34:57.694+00:00,4348.09,4348.18,0.09,162
2026-09-11T18:34:57.917+00:00,4348.21,4348.31,0.1,162
2026-09-11T18:34:58.141+00:00,4348.22,4348.3,0.08,162
2026-09-11T18:34:58.366+00:00,4348.18,4348.26,0.08,162
2026-09-11T18:34:58.594+00:00,4348.22,4348.3,0.08,162
2026-09-11T18:34:58.817+00:00,4348.17,4348.25,0.08,162
2026-09-11T18:34:59.044+00:00,4347.98,4348.08,0.1,162
2026-09-11T18:34:59.269+00:00,4348.01,4348.11,0.1,162
2026-09-11T18:34:59.493+00:00,4348.05,4348.13,0.08,162
2026-09-11T18:34:59.710+00:00,4348.1,4348.18,0.08,162
2026-09-11T18:34:59.969+00:00,4348.08,4348.16,0.08,162
2026-09-11T18:35:00.713+00:00,4348.18,4348.26,0.08,162
2026-09-11T18:35:01.037+00:00,4348.34,4348.42,0.08,162
2026-09-11T18:35:01.262+00:00,4348.08,4348.16,0.08,162
2026-09-11T18:35:01.562+00:00,4348.19,4348.27,0.08,162
2026-09-11T18:35:01.789+00:00,4348.27,4348.35,0.08,162
2026-09-11T18:35:02.087+00:00,4348.0,4348.1,0.1,162
2026-09-11T18:35:02.316+00:00,4348.01,4348.11,0.1,162
2026-09-11T18:35:02.539+00:00,4348.21,4348.31,0.1,162
2026-09-11T18:35:02.764+00:00,4348.03,4348.11,0.08,162
2026-09-11T18:35:02.992+00:00,4347.99,4348.07,0.08,162
2026-09-11T18:35:03.216+00:00,4348.06,4348.14,0.08,162
2026-09-11T18:35:03.442+00:00,4347.99,4348.07,0.08,162
2026-09-11T18:35:03.665+00:00,4348.22,4348.3,0.08,162
2026-09-11T18:35:04.195+00:00,4348.21,4348.29,0.08,162
2026-09-11T18:35:04.530+00:00,4348.18,4348.26,0.08,162
2026-09-11T18:35:04.754+00:00,4348.21,4348.29,0.08,162
2026-09-11T18:35:04.980+00:00,4348.2,4348.28,0.08,162
2026-09-11T18:35:05.204+00:00,4348.19,4348.27,0.08,162
2026-09-11T18:35:05.430+00:00,4348.27,4348.35,0.08,162
2026-09-11T18:35:06.326+00:00,4348.33,4348.41,0.08,162
2026-09-11T18:35:06.550+00:00,4348.21,4348.29,0.08,162
2026-09-11T18:35:06.776+00:00,4348.01,4348.09,0.08,162
2026-09-11T18:35:06.999+00:00,4348.0,4348.09,0.09,162
2026-09-11T18:35:07.224+00:00,4347.94,4348.04,0.1,162
2026-09-11T18:35:07.602+00:00,4347.88,4347.98,0.1,162
2026-09-11T18:35:07.832+00:00,4347.86,4347.94,0.08,162
2026-09-11T18:35:08.667+00:00,4347.89,4347.97,0.08,162
2026-09-11T18:35:08.893+00:00,4347.87,4347.95,0.08,162
2026-09-11T18:35:09.118+00:00,4347.64,4347.73,0.09,162
2026-09-11T18:35:09.655+00:00,4347.88,4347.96,0.08,162
2026-09-11T18:35:09.879+00:00,4347.84,4347.92,0.08,162
2026-09-11T18:35:11.136+00:00,4347.99,4348.07,0.08,162
2026-09-11T18:35:11.425+00:00,4348.11,4348.19,0.08,162
2026-09-11T18:35:11.711+00:00,4348.1,4348.18,0.08,162
2026-09-11T18:35:11.951+00:00,4348.24,4348.32,0.08,162
2026-09-11T18:35:12.184+00:00,4348.27,4348.35,0.08,162
2026-09-11T18:35:12.486+00:00,4348.24,4348.32,0.08,162
2026-09-11T18:35:12.707+00:00,4348.15,4348.23,0.08,162
2026-09-11T18:35:12.932+00:00,4348.24,4348.32,0.08,162
2026-09-11T18:35:13.264+00:00,4348.27,4348.35,0.08,162
2026-09-11T18:35:13.489+00:00,4348.16,4348.26,0.1,162
2026-09-11T18:35:13.710+00:00,4348.17,4348.26,0.09,162
2026-09-11T18:35:13.914+00:00,4348.05,4348.15,0.1,162
2026-09-11T18:35:14.138+00:00,4347.92,4348.01,0.09,162
2026-09-11T18:35:14.362+00:00,4347.92,4348.0,0.08,162
2026-09-11T18:35:14.862+00:00,4348.12,4348.2,0.08,162
2026-09-11T18:35:15.037+00:00,4348.1,4348.18,0.08,162
2026-09-11T18:35:15.270+00:00,4348.12,4348.2,0.08,163
2026-09-11T18:35:15.563+00:00,4348.07,4348.15,0.08,163
2026-09-11T18:35:15.788+00:00,4348.11,4348.19,0.08,163
2026-09-11T18:35:16.044+00:00,4348.09,4348.17,0.08,163
2026-09-11T18:35:16.346+00:00,4347.93,4348.01,0.08,163
2026-09-11T18:35:16.642+00:00,4347.8,4347.88,0.08,163
2026-09-11T18:35:16.867+00:00,4347.91,4347.99,0.08,163
2026-09-11T18:35:17.094+00:00,4347.86,4347.94,0.08,163
2026-09-11T18:35:17.322+00:00,4347.88,4347.96,0.08,163
2026-09-11T18:35:17.547+00:00,4347.95,4348.03,0.08,163
2026-09-11T18:35:18.000+00:00,4348.04,4348.12,0.08,163
2026-09-11T18:35:18.226+00:00,4348.06,4348.14,0.08,163
2026-09-11T18:35:18.525+00:00,4348.22,4348.3,0.08,163
2026-09-11T18:35:18.838+00:00,4348.25,4348.33,0.08,163
2026-09-11T18:35:19.138+00:00,4348.04,4348.12,0.08,163
2026-09-11T18:35:21.275+00:00,4348.03,4348.11,0.08,163
2026-09-11T18:35:21.499+00:00,4348.11,4348.19,0.08,163
2026-09-11T18:35:21.710+00:00,4348.1,4348.18,0.08,163
2026-09-11T18:35:22.100+00:00,4348.19,4348.27,0.08,163
2026-09-11T18:35:22.524+00:00,4348.2,4348.28,0.08,163
2026-09-11T18:35:22.751+00:00,4348.14,4348.22,0.08,163
2026-09-11T18:35:22.974+00:00,4348.18,4348.26,0.08,163
2026-09-11T18:35:23.199+00:00,4348.09,4348.17,0.08,163
2026-09-11T18:35:23.423+00:00,4348.1,4348.18,0.08,163
2026-09-11T18:35:23.710+00:00,4348.09,4348.17,0.08,163
2026-09-11T18:35:24.456+00:00,4348.11,4348.19,0.08,163
2026-09-11T18:35:24.677+00:00,4348.1,4348.18,0.08,163
2026-09-11T18:35:24.905+00:00,4347.83,4347.91,0.08,163
2026-09-11T18:35:25.128+00:00,4348.0,4348.08,0.08,163
2026-09-11T18:35:25.354+00:00,4348.21,4348.29,0.08,163
2026-09-11T18:35:25.576+00:00,4348.4,4348.48,0.08,163
2026-09-11T18:35:25.802+00:00,4348.43,4348.51,0.08,163
2026-09-11T18:35:26.026+00:00,4348.6,4348.68,0.08,163
2026-09-11T18:35:26.338+00:00,4348.36,4348.46,0.1,163
2026-09-11T18:35:26.637+00:00,4348.35,4348.44,0.09,163
2026-09-11T18:35:26.864+00:00,4348.44,4348.53,0.09,163
2026-09-11T18:35:27.088+00:00,4348.45,4348.53,0.08,163
2026-09-11T18:35:27.391+00:00,4348.47,4348.55,0.08,163
2026-09-11T18:35:27.712+00:00,4348.48,4348.57,0.09,163
2026-09-11T18:35:27.998+00:00,4348.51,4348.59,0.08,163
2026-09-11T18:35:28.364+00:00,4348.57,4348.66,0.09,163
2026-09-11T18:35:28.918+00:00,4348.34,4348.42,0.08,163
2026-09-11T18:35:29.453+00:00,4348.58,4348.66,0.08,163
2026-09-11T18:35:29.682+00:00,4348.54,4348.63,0.09,163
2026-09-11T18:35:29.907+00:00,4348.55,4348.63,0.08,163
2026-09-11T18:35:30.128+00:00,4348.57,4348.65,0.08,163
2026-09-11T18:35:30.429+00:00,4348.3,4348.38,0.08,163
2026-09-11T18:35:30.709+00:00,4348.29,4348.38,0.09,163
2026-09-11T18:35:31.028+00:00,4348.18,4348.26,0.08,163
2026-09-11T18:35:31.253+00:00,4348.09,4348.17,0.08,163
2026-09-11T18:35:31.703+00:00,4348.12,4348.2,0.08,163
2026-09-11T18:35:32.228+00:00,4348.18,4348.26,0.08,163
2026-09-11T18:35:32.530+00:00,4348.3,4348.38,0.08,163
2026-09-11T18:35:32.755+00:00,4348.19,4348.27,0.08,163
2026-09-11T18:35:33.941+00:00,4348.46,4348.54,0.08,163
2026-09-11T18:35:34.163+00:00,4348.47,4348.55,0.08,163
2026-09-11T18:35:34.388+00:00,4348.3,4348.38,0.08,163
2026-09-11T18:35:34.613+00:00,4348.22,4348.3,0.08,163
2026-09-11T18:35:34.840+00:00,4348.02,4348.1,0.08,163
2026-09-11T18:35:35.064+00:00,4348.0,4348.09,0.09,163
2026-09-11T18:35:35.288+00:00,4347.99,4348.1,0.11,163
2026-09-11T18:35:35.511+00:00,4348.0,4348.09,0.09,163
2026-09-11T18:35:35.712+00:00,4347.99,4348.08,0.09,163
2026-09-11T18:35:35.980+00:00,4347.89,4347.99,0.1,163
2026-09-11T18:35:36.205+00:00,4347.99,4348.07,0.08,163
2026-09-11T18:35:36.503+00:00,4348.02,4348.1,0.08,163
2026-09-11T18:35:36.712+00:00,4348.05,4348.13,0.08,163
2026-09-11T18:35:37.288+00:00,4348.09,4348.17,0.08,163
2026-09-11T18:35:38.039+00:00,4347.95,4348.03,0.08,163
2026-09-11T18:35:38.266+00:00,4347.91,4347.99,0.08,163
2026-09-11T18:35:38.488+00:00,4347.9,4347.99,0.09,163
2026-09-11T18:35:38.711+00:00,4347.93,4348.02,0.09,163
2026-09-11T18:35:38.942+00:00,4347.89,4347.97,0.08,163
2026-09-11T18:35:39.158+00:00,4347.85,4347.93,0.08,163
2026-09-11T18:35:39.419+00:00,4347.91,4347.99,0.08,163
2026-09-11T18:35:39.713+00:00,4347.92,4348.0,0.08,163
2026-09-11T18:35:39.954+00:00,4347.89,4347.97,0.08,163
2026-09-11T18:35:40.623+00:00,4347.87,4347.95,0.08,163
2026-09-11T18:35:40.993+00:00,4347.89,4347.97,0.08,164
2026-09-11T18:35:41.248+00:00,4347.93,4348.01,0.08,164
2026-09-11T18:35:41.473+00:00,4347.75,4347.83,0.08,164
2026-09-11T18:35:41.677+00:00,4347.86,4347.94,0.08,164
2026-09-11T18:35:42.059+00:00,4347.95,4348.03,0.08,164
2026-09-11T18:35:42.263+00:00,4348.06,4348.14,0.08,164
2026-09-11T18:35:42.502+00:00,4348.05,4348.13,0.08,164
2026-09-11T18:35:42.803+00:00,4348.08,4348.16,0.08,164
2026-09-11T18:35:43.026+00:00,4348.03,4348.11,0.08,164
2026-09-11T18:35:43.251+00:00,4348.09,4348.17,0.08,164
2026-09-11T18:35:43.475+00:00,4348.27,4348.38,0.11,164
2026-09-11T18:35:43.703+00:00,4348.24,4348.35,0.11,164
2026-09-11T18:35:44.002+00:00,4348.26,4348.34,0.08,164
2026-09-11T18:35:44.232+00:00,4348.18,4348.26,0.08,164
2026-09-11T18:35:44.455+00:00,4348.19,4348.27,0.08,164
2026-09-11T18:35:44.678+00:00,4348.15,4348.23,0.08,164
2026-09-11T18:35:45.132+00:00,4348.16,4348.24,0.08,164
2026-09-11T18:35:45.357+00:00,4348.11,4348.19,0.08,164
2026-09-11T18:35:45.659+00:00,4348.13,4348.21,0.08,164
2026-09-11T18:35:45.957+00:00,4347.93,4348.01,0.08,164
2026-09-11T18:35:46.483+00:00,4347.92,4348.0,0.08,164
2026-09-11T18:35:46.710+00:00,4347.88,4347.96,0.08,164
2026-09-11T18:35:46.937+00:00,4347.89,4347.97,0.08,164
2026-09-11T18:35:47.162+00:00,4348.11,4348.19,0.08,164
2026-09-11T18:35:47.509+00:00,4348.12,4348.2,0.08,164
2026-09-11T18:35:48.443+00:00,4348.11,4348.19,0.08,164
2026-09-11T18:35:48.665+00:00,4348.13,4348.21,0.08,164
2026-09-11T18:35:48.892+00:00,4348.14,4348.22,0.08,164
2026-09-11T18:35:49.116+00:00,4348.13,4348.21,0.08,164
2026-09-11T18:35:49.469+00:00,4348.12,4348.2,0.08,164
2026-09-11T18:35:49.695+00:00,4348.02,4348.1,0.08,164
2026-09-11T18:35:49.918+00:00,4348.05,4348.13,0.08,164
2026-09-11T18:35:50.710+00:00,4348.0,4348.09,0.09,164
2026-09-11T18:35:50.962+00:00,4347.89,4347.97,0.08,164
2026-09-11T18:35:51.710+00:00,4347.95,4348.03,0.08,164
2026-09-11T18:35:51.936+00:00,4347.64,4347.72,0.08,164
2026-09-11T18:35:52.160+00:00,4347.72,4347.8,0.08,164
2026-09-11T18:35:52.710+00:00,4347.84,4347.92,0.08,164
2026-09-11T18:35:52.948+00:00,4347.83,4347.91,0.08,164
2026-09-11T18:35:53.154+00:00,4347.65,4347.73,0.08,164
2026-09-11T18:35:53.531+00:00,4347.49,4347.57,0.08,164
2026-09-11T18:35:53.737+00:00,4347.66,4347.76,0.1,164
2026-09-11T18:35:54.147+00:00,4347.67,4347.76,0.09,164
2026-09-11T18:35:54.486+00:00,4347.66,4347.76,0.1,164
2026-09-11T18:35:54.709+00:00,4347.48,4347.58,0.1,164
2026-09-11T18:35:54.945+00:00,4347.4,4347.5,0.1,164
2026-09-11T18:35:55.169+00:00,4347.52,4347.6,0.08,164
2026-09-11T18:35:55.398+00:00,4347.59,4347.67,0.08,164
2026-09-11T18:35:55.621+00:00,4347.54,4347.62,0.08,164
2026-09-11T18:35:55.846+00:00,4347.6,4347.68,0.08,164
2026-09-11T18:35:56.224+00:00,4347.62,4347.7,0.08,164
2026-09-11T18:35:56.522+00:00,4347.41,4347.51,0.1,164
2026-09-11T18:35:56.746+00:00,4347.51,4347.6,0.09,164
2026-09-11T18:35:57.003+00:00,4347.5,4347.58,0.08,164
2026-09-11T18:35:57.229+00:00,4347.4,4347.48,0.08,164
2026-09-11T18:35:57.540+00:00,4347.6,4347.68,0.08,164
2026-09-11T18:35:57.753+00:00,4347.43,4347.51,0.08,164
2026-09-11T18:35:58.210+00:00,4347.51,4347.59,0.08,164
2026-09-11T18:35:58.583+00:00,4347.5,4347.58,0.08,164
2026-09-11T18:35:58.812+00:00,4347.39,4347.47,0.08,164
2026-09-11T18:35:59.035+00:00,4347.41,4347.49,0.08,164
2026-09-11T18:35:59.260+00:00,4347.19,4347.27,0.08,164
2026-09-11T18:35:59.487+00:00,4347.23,4347.31,0.08,164
2026-09-11T18:35:59.709+00:00,4347.72,4347.81,0.09,164
2026-09-11T18:35:59.933+00:00,4347.89,4347.97,0.08,164
2026-09-11T18:36:00.161+00:00,4348.45,4348.53,0.08,164
2026-09-11T18:36:00.385+00:00,4348.41,4348.49,0.08,164
2026-09-11T18:36:00.610+00:00,4348.42,4348.5,0.08,164
2026-09-11T18:36:00.910+00:00,4348.39,4348.47,0.08,164
2026-09-11T18:36:01.135+00:00,4348.55,4348.63,0.08,164
2026-09-11T18:36:01.440+00:00,4348.62,4348.7,0.08,164
2026-09-11T18:36:01.665+00:00,4348.61,4348.69,0.08,164
2026-09-11T18:36:01.893+00:00,4348.59,4348.67,0.08,164
2026-09-11T18:36:02.115+00:00,4348.6,4348.69,0.09,164
2026-09-11T18:36:02.339+00:00,4348.5,4348.58,0.08,164
2026-09-11T18:36:02.569+00:00,4348.57,4348.66,0.09,164
2026-09-11T18:36:02.866+00:00,4348.51,4348.6,0.09,164
2026-09-11T18:36:03.539+00:00,4348.27,4348.36,0.09,164
2026-09-11T18:36:03.989+00:00,4348.27,4348.37,0.1,164
2026-09-11T18:36:04.441+00:00,4348.28,4348.37,0.09,164
2026-09-11T18:36:04.669+00:00,4348.42,4348.51,0.09,164
2026-09-11T18:36:04.892+00:00,4348.33,4348.44,0.11,164
2026-09-11T18:36:05.117+00:00,4348.37,4348.46,0.09,164
2026-09-11T18:36:05.339+00:00,4348.29,4348.38,0.09,164
2026-09-11T18:36:05.620+00:00,4348.65,4348.74,0.09,164
2026-09-11T18:36:05.813+00:00,4348.63,4348.71,0.08,164
2026-09-11T18:36:06.057+00:00,4348.66,4348.74,0.08,165
2026-09-11T18:36:06.494+00:00,4348.83,4348.91,0.08,165
2026-09-11T18:36:06.709+00:00,4349.02,4349.1,0.08,165
2026-09-11T18:36:06.941+00:00,4348.76,4348.84,0.08,165
2026-09-11T18:36:07.165+00:00,4348.77,4348.86,0.09,165
2026-09-11T18:36:07.616+00:00,4348.91,4349.01,0.1,165
2026-09-11T18:36:07.844+00:00,4348.92,4349.0,0.08,165
2026-09-11T18:36:08.069+00:00,4348.73,4348.81,0.08,165
2026-09-11T18:36:08.293+00:00,4349.01,4349.11,0.1,165
2026-09-11T18:36:08.519+00:00,4349.07,4349.15,0.08,165
2026-09-11T18:36:09.042+00:00,4349.12,4349.2,0.08,165
2026-09-11T18:36:09.266+00:00,4348.91,4348.99,0.08,165
2026-09-11T18:36:09.710+00:00,4348.92,4349.0,0.08,165
2026-09-11T18:36:10.474+00:00,4348.93,4349.01,0.08,165
2026-09-11T18:36:10.710+00:00,4348.95,4349.03,0.08,165
2026-09-11T18:36:10.910+00:00,4349.1,4349.18,0.08,165
2026-09-11T18:36:11.453+00:00,4349.11,4349.19,0.08,165
2026-09-11T18:36:12.007+00:00,4349.05,4349.16,0.11,165
2026-09-11T18:36:12.231+00:00,4349.06,4349.15,0.09,165
2026-09-11T18:36:12.480+00:00,4349.09,4349.17,0.08,165
2026-09-11T18:36:12.703+00:00,4349.11,4349.19,0.08,165
2026-09-11T18:36:12.930+00:00,4349.09,4349.18,0.09,165
2026-09-11T18:36:13.155+00:00,4349.2,4349.28,0.08,165
2026-09-11T18:36:13.454+00:00,4349.16,4349.25,0.09,165
2026-09-11T18:36:13.688+00:00,4349.13,4349.23,0.1,165
2026-09-11T18:36:13.909+00:00,4349.14,4349.23,0.09,165
2026-09-11T18:36:14.207+00:00,4348.87,4348.96,0.09,165
2026-09-11T18:36:14.594+00:00,4348.94,4349.03,0.09,165
2026-09-11T18:36:14.810+00:00,4349.22,4349.3,0.08,165
2026-09-11T18:36:15.033+00:00,4349.3,4349.38,0.08,165
2026-09-11T18:36:15.267+00:00,4349.3,4349.4,0.1,165
2026-09-11T18:36:15.823+00:00,4349.3,4349.38,0.08,165
2026-09-11T18:36:16.126+00:00,4349.37,4349.45,0.08,165
2026-09-11T18:36:16.363+00:00,4349.37,4349.48,0.11,165
2026-09-11T18:36:16.791+00:00,4349.36,4349.46,0.1,165
2026-09-11T18:36:17.016+00:00,4349.54,4349.64,0.1,165
2026-09-11T18:36:17.240+00:00,4349.6,4349.7,0.1,165
2026-09-11T18:36:17.690+00:00,4349.59,4349.71,0.12,165
2026-09-11T18:36:17.989+00:00,4349.68,4349.79,0.11,165
2026-09-11T18:36:18.216+00:00,4349.53,4349.61,0.08,165
2026-09-11T18:36:18.443+00:00,4349.08,4349.17,0.09,165
2026-09-11T18:36:18.670+00:00,4349.05,4349.15,0.1,165
2026-09-11T18:36:18.892+00:00,4349.02,4349.15,0.13,165
2026-09-11T18:36:19.343+00:00,4349.32,4349.44,0.12,165
2026-09-11T18:36:19.652+00:00,4349.2,4349.29,0.09,165
2026-09-11T18:36:19.951+00:00,4349.21,4349.29,0.08,165
2026-09-11T18:36:20.151+00:00,4349.32,4349.4,0.08,165
2026-09-11T18:36:20.620+00:00,4349.31,4349.39,0.08,165
2026-09-11T18:36:20.978+00:00,4349.26,4349.34,0.08,165
2026-09-11T18:36:21.203+00:00,4349.4,4349.48,0.08,165
2026-09-11T18:36:21.428+00:00,4349.2,4349.28,0.08,165
2026-09-11T18:36:21.793+00:00,4349.19,4349.27,0.08,165
2026-09-11T18:36:22.018+00:00,4349.18,4349.27,0.09,165
2026-09-11T18:36:22.242+00:00,4349.17,4349.26,0.09,165
2026-09-11T18:36:22.753+00:00,4349.18,4349.27,0.09,165
2026-09-11T18:36:23.050+00:00,4349.07,4349.19,0.12,165
2026-09-11T18:36:23.276+00:00,4348.92,4349.02,0.1,165
2026-09-11T18:36:23.500+00:00,4348.92,4349.0,0.08,165
2026-09-11T18:36:23.714+00:00,4348.84,4348.92,0.08,165
2026-09-11T18:36:23.950+00:00,4348.92,4349.03,0.11,165
2026-09-11T18:36:24.176+00:00,4348.91,4349.02,0.11,165
2026-09-11T18:36:24.401+00:00,4349.08,4349.19,0.11,165
2026-09-11T18:36:24.625+00:00,4349.1,4349.18,0.08,165
2026-09-11T18:36:25.032+00:00,4349.13,4349.21,0.08,165
2026-09-11T18:36:25.698+00:00,4349.1,4349.18,0.08,165
2026-09-11T18:36:26.245+00:00,4349.08,4349.16,0.08,165
2026-09-11T18:36:26.474+00:00,4348.93,4349.02,0.09,165
2026-09-11T18:36:26.704+00:00,4348.53,4348.63,0.1,165
2026-09-11T18:36:26.927+00:00,4348.59,4348.7,0.11,165
2026-09-11T18:36:27.153+00:00,4348.73,4348.84,0.11,165
2026-09-11T18:36:27.377+00:00,4348.55,4348.64,0.09,165
2026-09-11T18:36:27.603+00:00,4348.47,4348.56,0.09,165
2026-09-11T18:36:27.881+00:00,4348.45,4348.55,0.1,165
2026-09-11T18:36:28.109+00:00,4348.81,4348.9,0.09,165
2026-09-11T18:36:28.326+00:00,4348.82,4348.9,0.08,165
2026-09-11T18:36:28.712+00:00,4348.85,4348.93,0.08,165
2026-09-11T18:36:29.007+00:00,4348.82,4348.9,0.08,165
2026-09-11T18:36:29.308+00:00,4348.83,4348.91,0.08,165
2026-09-11T18:36:29.534+00:00,4348.94,4349.02,0.08,165
2026-09-11T18:36:30.666+00:00,4348.89,4348.97,0.08,165
2026-09-11T18:36:31.229+00:00,4348.89,4348.98,0.09,165
2026-09-11T18:36:31.459+00:00,4348.99,4349.08,0.09,166
2026-09-11T18:36:31.683+00:00,4349.01,4349.09,0.08,166
2026-09-11T18:36:31.909+00:00,4348.85,4348.93,0.08,166
2026-09-11T18:36:32.237+00:00,4349.01,4349.09,0.08,166
2026-09-11T18:36:32.463+00:00,4349.05,4349.13,0.08,166
2026-09-11T18:36:33.126+00:00,4349.1,4349.18,0.08,166
2026-09-11T18:36:33.347+00:00,4349.11,4349.19,0.08,166
2026-09-11T18:36:33.572+00:00,4349.09,4349.17,0.08,166
2026-09-11T18:36:33.798+00:00,4348.81,4348.9,0.09,166
2026-09-11T18:36:34.023+00:00,4348.77,4348.87,0.1,166
2026-09-11T18:36:34.247+00:00,4348.8,4348.92,0.12,166
2026-09-11T18:36:34.472+00:00,4348.91,4349.01,0.1,166
2026-09-11T18:36:34.999+00:00,4349.14,4349.22,0.08,166
2026-09-11T18:36:35.330+00:00,4349.15,4349.24,0.09,166
2026-09-11T18:36:35.532+00:00,4349.24,4349.32,0.08,166
2026-09-11T18:36:35.753+00:00,4349.23,4349.32,0.09,166
2026-09-11T18:36:36.061+00:00,4349.18,4349.28,0.1,166
2026-09-11T18:36:36.807+00:00,4349.11,4349.21,0.1,166
2026-09-11T18:36:37.047+00:00,4348.94,4349.04,0.1,166
2026-09-11T18:36:37.262+00:00,4349.09,4349.17,0.08,166
2026-09-11T18:36:37.495+00:00,4349.07,4349.15,0.08,166
2026-09-11T18:36:37.745+00:00,4349.08,4349.16,0.08,166
2026-09-11T18:36:37.937+00:00,4349.22,4349.3,0.08,166
2026-09-11T18:36:38.395+00:00,4349.23,4349.31,0.08,166
2026-09-11T18:36:39.076+00:00,4349.29,4349.37,0.08,166
2026-09-11T18:36:39.293+00:00,4349.37,4349.45,0.08,166
2026-09-11T18:36:39.711+00:00,4349.38,4349.46,0.08,166
2026-09-11T18:36:40.208+00:00,4349.09,4349.18,0.09,166
2026-09-11T18:36:40.208+00:00,4349.05,4349.17,0.12,166
2026-09-11T18:36:40.429+00:00,4349.02,4349.15,0.13,166
2026-09-11T18:36:40.964+00:00,4349.05,4349.17,0.12,166
2026-09-11T18:36:41.258+00:00,4349.02,4349.14,0.12,166
2026-09-11T18:36:42.199+00:00,4349.25,4349.36,0.11,166
2026-09-11T18:36:42.427+00:00,4349.42,4349.5,0.08,166
2026-09-11T18:36:42.655+00:00,4349.41,4349.49,0.08,166
2026-09-11T18:36:42.875+00:00,4349.23,4349.31,0.08,166
2026-09-11T18:36:43.099+00:00,4349.1,4349.18,0.08,166
2026-09-11T18:36:43.324+00:00,4349.1,4349.19,0.09,166
2026-09-11T18:36:43.630+00:00,4349.24,4349.35,0.11,166
2026-09-11T18:36:43.853+00:00,4349.03,4349.12,0.09,166
2026-09-11T18:36:44.078+00:00,4349.13,4349.21,0.08,166
2026-09-11T18:36:44.381+00:00,4349.14,4349.22,0.08,166
2026-09-11T18:36:44.997+00:00,4349.13,4349.21,0.08,166
2026-09-11T18:36:45.311+00:00,4349.12,4349.2,0.08,166
2026-09-11T18:36:45.554+00:00,4349.14,4349.22,0.08,166
2026-09-11T18:36:45.780+00:00,4349.02,4349.1,0.08,166
2026-09-11T18:36:46.014+00:00,4349.09,4349.17,0.08,166
2026-09-11T18:36:46.592+00:00,4349.07,4349.15,0.08,166
2026-09-11T18:36:46.815+00:00,4349.14,4349.22,0.08,166
2026-09-11T18:36:47.372+00:00,4349.11,4349.19,0.08,166
2026-09-11T18:36:47.608+00:00,4349.14,4349.22,0.08,166
2026-09-11T18:36:47.832+00:00,4348.96,4349.04,0.08,166
2026-09-11T18:36:48.285+00:00,4348.93,4349.03,0.1,166
2026-09-11T18:36:48.509+00:00,4348.93,4349.02,0.09,166
2026-09-11T18:36:48.710+00:00,4348.92,4349.01,0.09,166
2026-09-11T18:36:48.959+00:00,4348.95,4349.03,0.08,166
2026-09-11T18:36:49.605+00:00,4348.96,4349.04,0.08,166
2026-09-11T18:36:50.051+00:00,4349.02,4349.1,0.08,166
2026-09-11T18:36:50.869+00:00,4349.1,4349.18,0.08,166
2026-09-11T18:36:51.092+00:00,4349.16,4349.24,0.08,166
2026-09-11T18:36:51.398+00:00,4348.96,4349.04,0.08,166
2026-09-11T18:36:51.619+00:00,4349.12,4349.2,0.08,166
2026-09-11T18:36:52.343+00:00,4349.1,4349.18,0.08,166
2026-09-11T18:36:52.669+00:00,4349.12,4349.2,0.08,166
2026-09-11T18:36:52.894+00:00,4349.02,4349.11,0.09,166
2026-09-11T18:36:53.266+00:00,4348.97,4349.05,0.08,166
2026-09-11T18:36:53.716+00:00,4348.95,4349.03,0.08,166
2026-09-11T18:36:54.088+00:00,4348.91,4349.0,0.09,166
2026-09-11T18:36:54.394+00:00,4348.93,4349.01,0.08,166
2026-09-11T18:36:54.769+00:00,4348.94,4349.02,0.08,166
2026-09-11T18:36:55.412+00:00,4348.99,4349.07,0.08,166
2026-09-11T18:36:55.710+00:00,4349.01,4349.09,0.08,166
2026-09-11T18:36:56.482+00:00,4349.17,4349.25,0.08,167
2026-09-11T18:36:56.706+00:00,4349.2,4349.28,0.08,167
2026-09-11T18:36:57.076+00:00,4349.34,4349.42,0.08,167
2026-09-11T18:36:57.311+00:00,4349.48,4349.56,0.08,167
2026-09-11T18:36:57.736+00:00,4349.71,4349.79,0.08,167
2026-09-11T18:36:57.959+00:00,4349.79,4349.87,0.08,167
2026-09-11T18:36:58.186+00:00,4349.69,4349.77,0.08,167
2026-09-11T18:36:58.414+00:00,4349.7,4349.78,0.08,167
2026-09-11T18:36:58.938+00:00,4349.64,4349.72,0.08,167
2026-09-11T18:36:59.163+00:00,4349.56,4349.64,0.08,167
2026-09-11T18:36:59.412+00:00,4350.07,4350.15,0.08,167
2026-09-11T18:36:59.637+00:00,4349.87,4349.95,0.08,167
2026-09-11T18:36:59.862+00:00,4350.4,4350.48,0.08,167
2026-09-11T18:37:00.085+00:00,4350.21,4350.29,0.08,167
2026-09-11T18:37:00.312+00:00,4350.39,4350.47,0.08,167
2026-09-11T18:37:00.539+00:00,4350.48,4350.56,0.08,167
2026-09-11T18:37:00.764+00:00,4350.53,4350.61,0.08,167
2026-09-11T18:37:01.069+00:00,4350.4,4350.48,0.08,167
2026-09-11T18:37:01.296+00:00,4350.36,4350.44,0.08,167
2026-09-11T18:37:01.515+00:00,4350.37,4350.45,0.08,167
2026-09-11T18:37:01.968+00:00,4350.26,4350.34,0.08,167
2026-09-11T18:37:02.279+00:00,4350.36,4350.44,0.08,167
2026-09-11T18:37:02.804+00:00,4350.26,4350.34,0.08,167
2026-09-11T18:37:03.456+00:00,4350.37,4350.45,0.08,167
2026-09-11T18:37:03.708+00:00,4350.27,4350.35,0.08,167
2026-09-11T18:37:03.994+00:00,4349.86,4349.94,0.08,167
2026-09-11T18:37:04.216+00:00,4349.67,4349.75,0.08,167
2026-09-11T18:37:04.436+00:00,4349.99,4350.07,0.08,167
2026-09-11T18:37:04.664+00:00,4349.97,4350.05,0.08,167
2026-09-11T18:37:04.885+00:00,4350.04,4350.12,0.08,167
2026-09-11T18:37:05.109+00:00,4350.07,4350.15,0.08,167
2026-09-11T18:37:05.578+00:00,4350.05,4350.13,0.08,167
2026-09-11T18:37:05.947+00:00,4350.01,4350.09,0.08,167
2026-09-11T18:37:06.320+00:00,4349.95,4350.03,0.08,167
2026-09-11T18:37:06.545+00:00,4349.88,4349.96,0.08,167
2026-09-11T18:37:06.770+00:00,4349.74,4349.82,0.08,167
2026-09-11T18:37:06.995+00:00,4349.7,4349.8,0.1,167
2026-09-11T18:37:07.373+00:00,4349.69,4349.81,0.12,167
2026-09-11T18:37:07.707+00:00,4349.89,4350.0,0.11,167
2026-09-11T18:37:07.932+00:00,4349.93,4350.01,0.08,167
2026-09-11T18:37:08.232+00:00,4349.97,4350.05,0.08,167
2026-09-11T18:37:08.458+00:00,4349.95,4350.07,0.12,167
2026-09-11T18:37:08.687+00:00,4349.83,4349.95,0.12,167
2026-09-11T18:37:08.901+00:00,4349.93,4350.04,0.11,167
2026-09-11T18:37:09.125+00:00,4349.96,4350.07,0.11,167
2026-09-11T18:37:09.359+00:00,4349.84,4349.93,0.09,167
2026-09-11T18:37:09.577+00:00,4349.87,4349.95,0.08,167
2026-09-11T18:37:09.802+00:00,4349.83,4349.91,0.08,167
2026-09-11T18:37:10.056+00:00,4349.8,4349.88,0.08,167
2026-09-11T18:37:10.279+00:00,4349.79,4349.88,0.09,167
2026-09-11T18:37:10.504+00:00,4349.61,4349.73,0.12,167
2026-09-11T18:37:10.963+00:00,4349.87,4350.0,0.13,167
2026-09-11T18:37:11.191+00:00,4349.82,4349.93,0.11,167
2026-09-11T18:37:11.490+00:00,4350.25,4350.36,0.11,167
2026-09-11T18:37:11.709+00:00,4350.24,4350.37,0.13,167
2026-09-11T18:37:12.232+00:00,4350.05,4350.16,0.11,167
2026-09-11T18:37:12.681+00:00,4350.31,4350.42,0.11,167
2026-09-11T18:37:12.908+00:00,4350.03,4350.12,0.09,167
2026-09-11T18:37:13.132+00:00,4350.09,4350.18,0.09,167
2026-09-11T18:37:13.586+00:00,4349.71,4349.81,0.1,167
2026-09-11T18:37:13.811+00:00,4349.68,4349.76,0.08,167
2026-09-11T18:37:14.035+00:00,4349.57,4349.66,0.09,167
2026-09-11T18:37:14.261+00:00,4349.52,4349.64,0.12,167
2026-09-11T18:37:14.498+00:00,4349.5,4349.61,0.11,167
2026-09-11T18:37:14.709+00:00,4349.49,4349.62,0.13,167
2026-09-11T18:37:14.935+00:00,4349.52,4349.64,0.12,167
2026-09-11T18:37:15.161+00:00,4349.49,4349.59,0.1,167
2026-09-11T18:37:15.386+00:00,4349.47,4349.56,0.09,167
2026-09-11T18:37:15.919+00:00,4349.48,4349.56,0.08,167
2026-09-11T18:37:16.683+00:00,4349.49,4349.57,0.08,167
2026-09-11T18:37:17.287+00:00,4349.51,4349.59,0.08,167
2026-09-11T18:37:17.513+00:00,4350.01,4350.09,0.08,167
2026-09-11T18:37:17.739+00:00,4350.1,4350.18,0.08,167
2026-09-11T18:37:17.966+00:00,4350.01,4350.09,0.08,167
2026-09-11T18:37:18.188+00:00,4349.96,4350.04,0.08,167
2026-09-11T18:37:18.412+00:00,4349.97,4350.05,0.08,167
2026-09-11T18:37:18.639+00:00,4349.8,4349.88,0.08,167
2026-09-11T18:37:18.866+00:00,4349.72,4349.81,0.09,167
2026-09-11T18:37:19.163+00:00,4350.03,4350.11,0.08,167
2026-09-11T18:37:19.710+00:00,4349.97,4350.05,0.08,167
2026-09-11T18:37:19.933+00:00,4350.02,4350.1,0.08,167
2026-09-11T18:37:20.157+00:00,4350.19,4350.27,0.08,167
2026-09-11T18:37:20.382+00:00,4350.18,4350.26,0.08,167
2026-09-11T18:37:20.836+00:00,4350.22,4350.3,0.08,167
2026-09-11T18:37:21.708+00:00,4350.21,4350.29,0.08,167
2026-09-11T18:37:22.299+00:00,4350.2,4350.28,0.08,168
2026-09-11T18:37:22.719+00:00,4350.21,4350.29,0.08,168
2026-09-11T18:37:23.339+00:00,4350.2,4350.28,0.08,168
2026-09-11T18:37:23.709+00:00,4350.09,4350.17,0.08,168
2026-09-11T18:37:24.199+00:00,4350.26,4350.34,0.08,168
2026-09-11T18:37:24.709+00:00,4350.23,4350.31,0.08,168
2026-09-11T18:37:25.457+00:00,4350.12,4350.2,0.08,168
2026-09-11T18:37:25.686+00:00,4349.09,4349.17,0.08,168
2026-09-11T18:37:25.907+00:00,4349.13,4349.22,0.09,168
2026-09-11T18:37:26.134+00:00,4349.2,4349.3,0.1,168
2026-09-11T18:37:26.358+00:00,4349.23,4349.31,0.08,168
2026-09-11T18:37:26.583+00:00,4349.19,4349.27,0.08,168
2026-09-11T18:37:26.884+00:00,4349.18,4349.28,0.1,168
2026-09-11T18:37:27.124+00:00,4349.18,4349.27,0.09,168
2026-09-11T18:37:27.347+00:00,4349.23,4349.31,0.08,168
2026-09-11T18:37:27.713+00:00,4349.09,4349.17,0.08,168
2026-09-11T18:37:28.039+00:00,4349.15,4349.23,0.08,168
2026-09-11T18:37:28.265+00:00,4349.21,4349.29,0.08,168
2026-09-11T18:37:28.938+00:00,4349.12,4349.2,0.08,168
2026-09-11T18:37:29.164+00:00,4349.11,4349.19,0.08,168
2026-09-11T18:37:29.391+00:00,4349.19,4349.27,0.08,168
2026-09-11T18:37:29.615+00:00,4349.13,4349.21,0.08,168
2026-09-11T18:37:29.839+00:00,4349.23,4349.31,0.08,168
2026-09-11T18:37:30.464+00:00,4349.01,4349.09,0.08,168
2026-09-11T18:37:31.322+00:00,4349.0,4349.09,0.09,168
2026-09-11T18:37:31.549+00:00,4348.67,4348.75,0.08,168
2026-09-11T18:37:31.774+00:00,4348.63,4348.71,0.08,168
2026-09-11T18:37:31.999+00:00,4348.62,4348.71,0.09,168
2026-09-11T18:37:32.224+00:00,4348.59,4348.67,0.08,168
2026-09-11T18:37:32.451+00:00,4348.35,4348.43,0.08,168
2026-09-11T18:37:32.677+00:00,4348.58,4348.66,0.08,168
2026-09-11T18:37:32.901+00:00,4348.54,4348.62,0.08,168
2026-09-11T18:37:33.126+00:00,4348.58,4348.66,0.08,168
2026-09-11T18:37:33.351+00:00,4348.56,4348.64,0.08,168
2026-09-11T18:37:33.576+00:00,4348.58,4348.66,0.08,168
2026-09-11T18:37:34.176+00:00,4348.56,4348.64,0.08,168
2026-09-11T18:37:34.400+00:00,4348.54,4348.62,0.08,168
2026-09-11T18:37:34.627+00:00,4348.79,4348.87,0.08,168
2026-09-11T18:37:34.926+00:00,4348.94,4349.02,0.08,168
2026-09-11T18:37:35.162+00:00,4348.95,4349.03,0.08,168
2026-09-11T18:37:35.364+00:00,4349.14,4349.22,0.08,168
2026-09-11T18:37:35.547+00:00,4349.26,4349.34,0.08,168
2026-09-11T18:37:35.758+00:00,4349.31,4349.39,0.08,168
2026-09-11T18:37:35.983+00:00,4349.38,4349.46,0.08,168
2026-09-11T18:37:36.208+00:00,4349.37,4349.45,0.08,168
2026-09-11T18:37:36.433+00:00,4349.35,4349.43,0.08,168
2026-09-11T18:37:36.658+00:00,4349.38,4349.47,0.09,168
2026-09-11T18:37:36.884+00:00,4349.41,4349.49,0.08,168
2026-09-11T18:37:37.331+00:00,4349.21,4349.31,0.1,168
2026-09-11T18:37:37.557+00:00,4349.39,4349.48,0.09,168
2026-09-11T18:37:37.784+00:00,4349.38,4349.46,0.08,168
2026-09-11T18:37:38.083+00:00,4349.3,4349.38,0.08,168
2026-09-11T18:37:38.309+00:00,4349.07,4349.15,0.08,168
2026-09-11T18:37:38.533+00:00,4349.18,4349.29,0.11,168
2026-09-11T18:37:38.757+00:00,4349.25,4349.34,0.09,168
2026-09-11T18:37:38.985+00:00,4349.32,4349.4,0.08,168
2026-09-11T18:37:39.209+00:00,4349.13,4349.21,0.08,168
2026-09-11T18:37:39.434+00:00,4349.17,4349.25,0.08,168
2026-09-11T18:37:39.709+00:00,4349.15,4349.25,0.1,168
2026-09-11T18:37:40.188+00:00,4349.16,4349.26,0.1,168
2026-09-11T18:37:40.413+00:00,4349.16,4349.24,0.08,168
2026-09-11T18:37:40.639+00:00,4348.93,4349.01,0.08,168
2026-09-11T18:37:40.865+00:00,4348.85,4348.93,0.08,168
2026-09-11T18:37:41.088+00:00,4348.79,4348.91,0.12,168
2026-09-11T18:37:41.330+00:00,4348.9,4349.01,0.11,168
2026-09-11T18:37:41.541+00:00,4348.91,4349.0,0.09,168
2026-09-11T18:37:42.067+00:00,4348.96,4349.04,0.08,168
2026-09-11T18:37:42.322+00:00,4348.98,4349.06,0.08,168
2026-09-11T18:37:42.622+00:00,4348.96,4349.04,0.08,168
2026-09-11T18:37:42.850+00:00,4348.92,4349.0,0.08,168
2026-09-11T18:37:43.073+00:00,4349.03,4349.11,0.08,168
2026-09-11T18:37:43.303+00:00,4349.0,4349.08,0.08,168
2026-09-11T18:37:43.525+00:00,4349.12,4349.2,0.08,168
2026-09-11T18:37:43.749+00:00,4349.15,4349.23,0.08,168
2026-09-11T18:37:43.974+00:00,4349.22,4349.3,0.08,168
2026-09-11T18:37:44.199+00:00,4349.13,4349.21,0.08,168
2026-09-11T18:37:44.423+00:00,4348.61,4348.69,0.08,168
2026-09-11T18:37:44.650+00:00,4348.42,4348.51,0.09,168
2026-09-11T18:37:44.873+00:00,4348.52,4348.63,0.11,168
2026-09-11T18:37:45.100+00:00,4348.56,4348.68,0.12,168
2026-09-11T18:37:45.325+00:00,4348.66,4348.76,0.1,168
2026-09-11T18:37:45.549+00:00,4348.59,4348.68,0.09,168
2026-09-11T18:37:45.781+00:00,4348.28,4348.37,0.09,168
2026-09-11T18:37:45.999+00:00,4348.31,4348.41,0.1,168
2026-09-11T18:37:46.225+00:00,4348.35,4348.44,0.09,168
2026-09-11T18:37:46.450+00:00,4348.33,4348.41,0.08,168
2026-09-11T18:37:47.132+00:00,4348.4,4348.48,0.08,169
2026-09-11T18:37:47.395+00:00,4348.41,4348.49,0.08,169
2026-09-11T18:37:47.599+00:00,4348.42,4348.5,0.08,169
2026-09-11T18:37:47.888+00:00,4348.45,4348.53,0.08,169
2026-09-11T18:37:48.109+00:00,4348.44,4348.53,0.09,169
2026-09-11T18:37:48.491+00:00,4348.44,4348.52,0.08,169
2026-09-11T18:37:49.573+00:00,4348.58,4348.66,0.08,169
2026-09-11T18:37:49.799+00:00,4348.4,4348.48,0.08,169
2026-09-11T18:37:50.100+00:00,4348.67,4348.75,0.08,169
2026-09-11T18:37:50.330+00:00,4348.62,4348.7,0.08,169
2026-09-11T18:37:50.550+00:00,4348.33,4348.41,0.08,169
2026-09-11T18:37:51.119+00:00,4348.34,4348.42,0.08,169
2026-09-11T18:37:51.494+00:00,4348.35,4348.43,0.08,169
2026-09-11T18:37:52.442+00:00,4348.33,4348.41,0.08,169
2026-09-11T18:37:52.672+00:00,4348.29,4348.37,0.08,169
2026-09-11T18:37:52.892+00:00,4348.34,4348.43,0.09,169
2026-09-11T18:37:53.116+00:00,4348.34,4348.44,0.1,169
2026-09-11T18:37:53.459+00:00,4348.4,4348.48,0.08,169
2026-09-11T18:37:53.677+00:00,4348.47,4348.56,0.09,169
2026-09-11T18:37:53.895+00:00,4348.56,4348.64,0.08,169
2026-09-11T18:37:54.127+00:00,4348.47,4348.55,0.08,169
2026-09-11T18:37:54.353+00:00,4348.64,4348.72,0.08,169
2026-09-11T18:37:55.198+00:00,4348.63,4348.71,0.08,169
2026-09-11T18:37:55.709+00:00,4348.49,4348.57,0.08,169
2026-09-11T18:37:56.033+00:00,4348.43,4348.51,0.08,169
2026-09-11T18:37:56.237+00:00,4348.33,4348.41,0.08,169
2026-09-11T18:37:56.452+00:00,4348.16,4348.24,0.08,169
2026-09-11T18:37:56.680+00:00,4348.28,4348.36,0.08,169
2026-09-11T18:37:57.535+00:00,4348.35,4348.43,0.08,169
2026-09-11T18:37:57.780+00:00,4348.28,4348.36,0.08,169
2026-09-11T18:37:58.230+00:00,4348.3,4348.38,0.08,169
2026-09-11T18:37:58.708+00:00,4348.34,4348.42,0.08,169
2026-09-11T18:37:58.954+00:00,4348.35,4348.43,0.08,169
2026-09-11T18:37:59.484+00:00,4348.26,4348.34,0.08,169
2026-09-11T18:37:59.701+00:00,4348.32,4348.4,0.08,169
2026-09-11T18:38:00.502+00:00,4348.29,4348.37,0.08,169
2026-09-11T18:38:00.834+00:00,4348.24,4348.32,0.08,169
2026-09-11T18:38:01.040+00:00,4347.99,4348.07,0.08,169
2026-09-11T18:38:01.269+00:00,4347.92,4348.0,0.08,169
2026-09-11T18:38:01.498+00:00,4348.07,4348.15,0.08,169
2026-09-11T18:38:01.708+00:00,4347.92,4348.0,0.08,169
2026-09-11T18:38:01.941+00:00,4347.94,4348.03,0.09,169
2026-09-11T18:38:02.240+00:00,4347.96,4348.05,0.09,169
2026-09-11T18:38:02.467+00:00,4347.93,4348.02,0.09,169
2026-09-11T18:38:02.695+00:00,4347.91,4348.0,0.09,169
2026-09-11T18:38:02.991+00:00,4347.92,4348.02,0.1,169
2026-09-11T18:38:03.469+00:00,4348.0,4348.09,0.09,169
2026-09-11T18:38:03.710+00:00,4348.01,4348.09,0.08,169
2026-09-11T18:38:03.972+00:00,4347.94,4348.02,0.08,169
2026-09-11T18:38:04.421+00:00,4347.93,4348.01,0.08,169
2026-09-11T18:38:04.644+00:00,4347.92,4348.0,0.08,169
2026-09-11T18:38:05.095+00:00,4347.91,4348.0,0.09,169
2026-09-11T18:38:05.566+00:00,4347.82,4347.91,0.09,169
2026-09-11T18:38:05.788+00:00,4347.72,4347.82,0.1,169
2026-09-11T18:38:06.322+00:00,4347.74,4347.83,0.09,169
2026-09-11T18:38:06.545+00:00,4347.92,4348.0,0.08,169
2026-09-11T18:38:06.770+00:00,4348.04,4348.12,0.08,169
2026-09-11T18:38:07.005+00:00,4348.25,4348.33,0.08,169
2026-09-11T18:38:07.221+00:00,4348.14,4348.22,0.08,169
2026-09-11T18:38:07.448+00:00,4348.33,4348.41,0.08,169
2026-09-11T18:38:07.670+00:00,4348.25,4348.33,0.08,169
2026-09-11T18:38:07.895+00:00,4348.42,4348.5,0.08,169
2026-09-11T18:38:08.124+00:00,4348.4,4348.48,0.08,169
2026-09-11T18:38:09.270+00:00,4348.52,4348.6,0.08,169
2026-09-11T18:38:09.494+00:00,4348.5,4348.58,0.08,169
2026-09-11T18:38:09.787+00:00,4348.6,4348.68,0.08,169
2026-09-11T18:38:10.086+00:00,4348.36,4348.44,0.08,169
2026-09-11T18:38:10.312+00:00,4348.2,4348.28,0.08,169
2026-09-11T18:38:10.765+00:00,4348.2,4348.29,0.09,169
2026-09-11T18:38:10.986+00:00,4348.06,4348.15,0.09,169
2026-09-11T18:38:11.214+00:00,4347.97,4348.06,0.09,169
2026-09-11T18:38:11.439+00:00,4347.96,4348.07,0.11,169
2026-09-11T18:38:11.665+00:00,4347.9,4348.01,0.11,169
2026-09-11T18:38:11.925+00:00,4347.91,4348.01,0.1,169
2026-09-11T18:38:12.148+00:00,4347.93,4348.02,0.09,170
2026-09-11T18:38:12.372+00:00,4348.1,4348.18,0.08,170
2026-09-11T18:38:13.422+00:00,4348.04,4348.12,0.08,170
2026-09-11T18:38:13.647+00:00,4348.14,4348.22,0.08,170
2026-09-11T18:38:13.949+00:00,4348.06,4348.14,0.08,170
2026-09-11T18:38:14.173+00:00,4348.05,4348.15,0.1,170
2026-09-11T18:38:14.398+00:00,4348.3,4348.41,0.11,170
2026-09-11T18:38:14.624+00:00,4348.08,4348.19,0.11,170
2026-09-11T18:38:14.852+00:00,4348.03,4348.14,0.11,170
2026-09-11T18:38:15.150+00:00,4348.33,4348.42,0.09,170
2026-09-11T18:38:15.449+00:00,4348.37,4348.45,0.08,170
2026-09-11T18:38:15.675+00:00,4348.36,4348.44,0.08,170
2026-09-11T18:38:15.905+00:00,4348.5,4348.58,0.08,170
2026-09-11T18:38:16.123+00:00,4348.51,4348.59,0.08,170
2026-09-11T18:38:16.356+00:00,4348.52,4348.61,0.09,170
2026-09-11T18:38:17.240+00:00,4348.5,4348.6,0.1,170
2026-09-11T18:38:17.614+00:00,4348.43,4348.51,0.08,170
2026-09-11T18:38:17.840+00:00,4348.45,4348.53,0.08,170
2026-09-11T18:38:18.139+00:00,4348.54,4348.62,0.08,170
2026-09-11T18:38:18.369+00:00,4348.55,4348.63,0.08,170
2026-09-11T18:38:18.590+00:00,4348.46,4348.55,0.09,170
2026-09-11T18:38:18.969+00:00,4348.42,4348.53,0.11,170
2026-09-11T18:38:19.212+00:00,4348.41,4348.53,0.12,170
2026-09-11T18:38:19.512+00:00,4348.41,4348.5,0.09,170
2026-09-11T18:38:19.739+00:00,4348.34,4348.44,0.1,170
2026-09-11T18:38:20.112+00:00,4348.33,4348.41,0.08,170
2026-09-11T18:38:20.372+00:00,4348.34,4348.42,0.08,170
2026-09-11T18:38:20.598+00:00,4348.36,4348.44,0.08,170
2026-09-11T18:38:20.860+00:00,4348.35,4348.43,0.08,170
2026-09-11T18:38:21.046+00:00,4348.13,4348.22,0.09,170
2026-09-11T18:38:21.271+00:00,4348.17,4348.25,0.08,170
2026-09-11T18:38:21.588+00:00,4348.28,4348.36,0.08,170
2026-09-11T18:38:21.824+00:00,4348.27,4348.37,0.1,170
2026-09-11T18:38:22.050+00:00,4348.25,4348.35,0.1,170
2026-09-11T18:38:22.275+00:00,4348.25,4348.33,0.08,170
2026-09-11T18:38:22.499+00:00,4348.21,4348.29,0.08,170
2026-09-11T18:38:22.709+00:00,4348.2,4348.3,0.1,170
2026-09-11T18:38:22.951+00:00,4347.95,4348.07,0.12,170
2026-09-11T18:38:23.248+00:00,4347.96,4348.06,0.1,170
2026-09-11T18:38:23.475+00:00,4347.97,4348.07,0.1,170
2026-09-11T18:38:23.701+00:00,4348.08,4348.17,0.09,170
2026-09-11T18:38:23.999+00:00,4347.88,4347.96,0.08,170
2026-09-11T18:38:24.297+00:00,4348.04,4348.12,0.08,170
2026-09-11T18:38:24.522+00:00,4348.14,4348.22,0.08,170
2026-09-11T18:38:24.747+00:00,4348.1,4348.18,0.08,170
2026-09-11T18:38:24.973+00:00,4348.13,4348.21,0.08,170
2026-09-11T18:38:25.199+00:00,4348.16,4348.24,0.08,170
2026-09-11T18:38:25.709+00:00,4348.33,4348.41,0.08,170
2026-09-11T18:38:26.221+00:00,4348.17,4348.25,0.08,170
2026-09-11T18:38:26.449+00:00,4348.39,4348.47,0.08,170
2026-09-11T18:38:26.671+00:00,4348.44,4348.52,0.08,170
2026-09-11T18:38:26.897+00:00,4348.43,4348.51,0.08,170
2026-09-11T18:38:27.121+00:00,4348.49,4348.57,0.08,170
2026-09-11T18:38:27.326+00:00,4348.5,4348.58,0.08,170
2026-09-11T18:38:27.555+00:00,4348.51,4348.59,0.08,170
2026-09-11T18:38:27.782+00:00,4348.49,4348.57,0.08,170
2026-09-11T18:38:28.082+00:00,4348.35,4348.43,0.08,170
2026-09-11T18:38:28.305+00:00,4348.26,4348.34,0.08,170
2026-09-11T18:38:28.679+00:00,4348.49,4348.58,0.09,170
2026-09-11T18:38:29.130+00:00,4348.52,4348.6,0.08,170
2026-09-11T18:38:29.431+00:00,4348.54,4348.62,0.08,170
2026-09-11T18:38:29.758+00:00,4348.53,4348.61,0.08,170
2026-09-11T18:38:30.112+00:00,4348.56,4348.64,0.08,170
2026-09-11T18:38:30.339+00:00,4348.4,4348.48,0.08,170
2026-09-11T18:38:30.637+00:00,4348.39,4348.47,0.08,170
2026-09-11T18:38:30.847+00:00,4348.38,4348.46,0.08,170
2026-09-11T18:38:31.074+00:00,4348.56,4348.64,0.08,170
2026-09-11T18:38:31.298+00:00,4348.53,4348.61,0.08,170
2026-09-11T18:38:31.532+00:00,4348.26,4348.34,0.08,170
2026-09-11T18:38:31.757+00:00,4348.29,4348.38,0.09,170
2026-09-11T18:38:31.988+00:00,4348.29,4348.37,0.08,170
2026-09-11T18:38:32.207+00:00,4348.31,4348.39,0.08,170
2026-09-11T18:38:32.431+00:00,4348.34,4348.42,0.08,170
2026-09-11T18:38:32.632+00:00,4348.3,4348.38,0.08,170
2026-09-11T18:38:32.868+00:00,4348.31,4348.39,0.08,170
2026-09-11T18:38:33.088+00:00,4348.29,4348.37,0.08,170
2026-09-11T18:38:33.313+00:00,4348.11,4348.19,0.08,170
2026-09-11T18:38:33.538+00:00,4348.12,4348.2,0.08,170
2026-09-11T18:38:33.839+00:00,4348.04,4348.12,0.08,170
2026-09-11T18:38:34.295+00:00,4347.99,4348.07,0.08,170
2026-09-11T18:38:34.527+00:00,4348.0,4348.08,0.08,170
2026-09-11T18:38:34.827+00:00,4347.99,4348.07,0.08,170
2026-09-11T18:38:35.054+00:00,4347.76,4347.84,0.08,170
2026-09-11T18:38:35.277+00:00,4347.81,4347.89,0.08,170
2026-09-11T18:38:35.502+00:00,4347.91,4347.99,0.08,170
2026-09-11T18:38:35.708+00:00,4347.89,4347.97,0.08,170
2026-09-11T18:38:35.975+00:00,4347.94,4348.02,0.08,170
2026-09-11T18:38:36.344+00:00,4347.95,4348.03,0.08,170
2026-09-11T18:38:36.643+00:00,4347.93,4348.01,0.08,170
2026-09-11T18:38:37.094+00:00,4347.92,4348.0,0.08,171
2026-09-11T18:38:37.320+00:00,4348.02,4348.1,0.08,171
2026-09-11T18:38:37.545+00:00,4348.01,4348.09,0.08,171
2026-09-11T18:38:38.300+00:00,4347.98,4348.06,0.08,171
2026-09-11T18:38:38.971+00:00,4347.99,4348.07,0.08,171
2026-09-11T18:38:39.656+00:00,4348.02,4348.1,0.08,171
2026-09-11T18:38:40.390+00:00,4347.98,4348.06,0.08,171
2026-09-11T18:38:40.709+00:00,4347.97,4348.05,0.08,171
2026-09-11T18:38:41.114+00:00,4347.71,4347.79,0.08,171
2026-09-11T18:38:41.339+00:00,4347.9,4347.98,0.08,171
2026-09-11T18:38:41.575+00:00,4347.94,4348.02,0.08,171
2026-09-11T18:38:41.800+00:00,4347.77,4347.85,0.08,171
2026-09-11T18:38:42.025+00:00,4347.78,4347.86,0.08,171
2026-09-11T18:38:42.251+00:00,4347.84,4347.92,0.08,171
2026-09-11T18:38:42.475+00:00,4347.64,4347.72,0.08,171
2026-09-11T18:38:42.708+00:00,4347.83,4347.93,0.1,171
2026-09-11T18:38:43.106+00:00,4347.63,4347.73,0.1,171
2026-09-11T18:38:43.332+00:00,4347.82,4347.92,0.1,171
2026-09-11T18:38:43.561+00:00,4347.81,4347.93,0.12,171
2026-09-11T18:38:43.862+00:00,4347.83,4347.93,0.1,171
2026-09-11T18:38:44.087+00:00,4347.89,4347.99,0.1,171
2026-09-11T18:38:44.312+00:00,4347.78,4347.86,0.08,171
2026-09-11T18:38:44.539+00:00,4347.79,4347.87,0.08,171
2026-09-11T18:38:44.838+00:00,4347.8,4347.88,0.08,171
2026-09-11T18:38:45.149+00:00,4347.78,4347.91,0.13,171
2026-09-11T18:38:45.308+00:00,4347.88,4347.97,0.09,171
2026-09-11T18:38:45.544+00:00,4347.89,4347.97,0.08,171
2026-09-11T18:38:45.972+00:00,4347.88,4347.96,0.08,171
2026-09-11T18:38:46.237+00:00,4347.94,4348.02,0.08,171
2026-09-11T18:38:46.461+00:00,4347.96,4348.04,0.08,171
2026-09-11T18:38:46.687+00:00,4348.17,4348.25,0.08,171
2026-09-11T18:38:46.946+00:00,4348.16,4348.25,0.09,171
2026-09-11T18:38:47.171+00:00,4347.91,4348.01,0.1,171
2026-09-11T18:38:47.399+00:00,4348.11,4348.2,0.09,171
2026-09-11T18:38:47.622+00:00,4348.15,4348.26,0.11,171
2026-09-11T18:38:47.847+00:00,4348.06,4348.19,0.13,171
2026-09-11T18:38:48.073+00:00,4348.04,4348.16,0.12,171
2026-09-11T18:38:48.296+00:00,4347.81,4347.9,0.09,171
2026-09-11T18:38:48.522+00:00,4347.72,4347.8,0.08,171
2026-09-11T18:38:48.747+00:00,4347.77,4347.85,0.08,171
2026-09-11T18:38:48.973+00:00,4347.73,4347.81,0.08,171
2026-09-11T18:38:49.198+00:00,4347.74,4347.82,0.08,171
2026-09-11T18:38:49.497+00:00,4347.7,4347.78,0.08,171
2026-09-11T18:38:49.708+00:00,4348.07,4348.15,0.08,171
2026-09-11T18:38:49.949+00:00,4347.96,4348.04,0.08,171
2026-09-11T18:38:50.172+00:00,4347.75,4347.83,0.08,171
2026-09-11T18:38:50.473+00:00,4347.83,4347.91,0.08,171
2026-09-11T18:38:50.706+00:00,4348.11,4348.2,0.09,171
2026-09-11T18:38:50.922+00:00,4348.09,4348.2,0.11,171
2026-09-11T18:38:51.148+00:00,4348.11,4348.21,0.1,171
2026-09-11T18:38:51.371+00:00,4348.14,4348.22,0.08,171
2026-09-11T18:38:51.596+00:00,4348.13,4348.21,0.08,171
2026-09-11T18:38:52.611+00:00,4348.14,4348.22,0.08,171
2026-09-11T18:38:52.915+00:00,4348.18,4348.26,0.08,171
2026-09-11T18:38:53.145+00:00,4348.17,4348.26,0.09,171
2026-09-11T18:38:53.693+00:00,4348.14,4348.24,0.1,171
2026-09-11T18:38:53.916+00:00,4348.15,4348.23,0.08,171
2026-09-11T18:38:54.137+00:00,4347.76,4347.84,0.08,171
2026-09-11T18:38:54.435+00:00,4347.72,4347.8,0.08,171
2026-09-11T18:38:54.708+00:00,4347.71,4347.8,0.09,171
2026-09-11T18:38:55.106+00:00,4347.64,4347.72,0.08,171
2026-09-11T18:38:55.331+00:00,4347.89,4347.97,0.08,171
2026-09-11T18:38:55.555+00:00,4347.84,4347.92,0.08,171
2026-09-11T18:38:55.790+00:00,4348.0,4348.08,0.08,171
2026-09-11T18:38:56.013+00:00,4347.71,4347.79,0.08,171
2026-09-11T18:38:56.239+00:00,4347.69,4347.77,0.08,171
2026-09-11T18:38:56.544+00:00,4347.94,4348.02,0.08,171
2026-09-11T18:38:56.763+00:00,4347.93,4348.01,0.08,171
2026-09-11T18:38:56.991+00:00,4347.96,4348.04,0.08,171
2026-09-11T18:38:57.215+00:00,4348.06,4348.14,0.08,171
2026-09-11T18:38:57.443+00:00,4348.05,4348.13,0.08,171
2026-09-11T18:38:57.664+00:00,4348.04,4348.12,0.08,171
2026-09-11T18:38:59.151+00:00,4348.07,4348.15,0.08,171
2026-09-11T18:38:59.394+00:00,4348.08,4348.16,0.08,171
2026-09-11T18:38:59.619+00:00,4347.97,4348.05,0.08,171
2026-09-11T18:38:59.921+00:00,4347.96,4348.04,0.08,171
2026-09-11T18:39:00.154+00:00,4348.05,4348.13,0.08,171
2026-09-11T18:39:00.377+00:00,4347.91,4347.99,0.08,171
2026-09-11T18:39:00.601+00:00,4347.95,4348.03,0.08,171
2026-09-11T18:39:00.837+00:00,4347.92,4348.0,0.08,171
2026-09-11T18:39:01.167+00:00,4347.77,4347.85,0.08,171
2026-09-11T18:39:01.394+00:00,4347.9,4347.98,0.08,171
2026-09-11T18:39:01.620+00:00,4348.0,4348.08,0.08,171
2026-09-11T18:39:01.845+00:00,4347.8,4347.88,0.08,171
2026-09-11T18:39:02.071+00:00,4348.0,4348.08,0.08,172
2026-09-11T18:39:02.297+00:00,4348.05,4348.13,0.08,172
2026-09-11T18:39:02.520+00:00,4348.04,4348.12,0.08,172
2026-09-11T18:39:02.746+00:00,4347.93,4348.01,0.08,172
2026-09-11T18:39:02.971+00:00,4348.08,4348.16,0.08,172
2026-09-11T18:39:03.422+00:00,4348.1,4348.18,0.08,172
2026-09-11T18:39:03.708+00:00,4348.16,4348.24,0.08,172
2026-09-11T18:39:04.020+00:00,4348.15,4348.23,0.08,172
2026-09-11T18:39:04.396+00:00,4348.07,4348.15,0.08,172
2026-09-11T18:39:05.921+00:00,4348.08,4348.16,0.08,172
2026-09-11T18:39:06.709+00:00,4348.03,4348.11,0.08,172
2026-09-11T18:39:07.003+00:00,4348.08,4348.16,0.08,172
2026-09-11T18:39:07.627+00:00,4348.02,4348.1,0.08,172
2026-09-11T18:39:07.867+00:00,4348.04,4348.12,0.08,172
2026-09-11T18:39:08.089+00:00,4347.99,4348.07,0.08,172
2026-09-11T18:39:08.708+00:00,4348.01,4348.09,0.08,172
2026-09-11T18:39:09.177+00:00,4347.94,4348.02,0.08,172
2026-09-11T18:39:09.553+00:00,4347.98,4348.06,0.08,172
2026-09-11T18:39:10.152+00:00,4348.08,4348.16,0.08,172
2026-09-11T18:39:10.421+00:00,4348.51,4348.59,0.08,172
2026-09-11T18:39:10.679+00:00,4348.3,4348.38,0.08,172
2026-09-11T18:39:10.979+00:00,4348.18,4348.26,0.08,172
2026-09-11T18:39:11.226+00:00,4348.25,4348.33,0.08,172
2026-09-11T18:39:11.452+00:00,4348.04,4348.12,0.08,172
2026-09-11T18:39:11.778+00:00,4348.05,4348.13,0.08,172
2026-09-11T18:39:12.099+00:00,4347.94,4348.02,0.08,172
2026-09-11T18:39:12.323+00:00,4348.09,4348.17,0.08,172
2026-09-11T18:39:12.621+00:00,4348.2,4348.28,0.08,172
2026-09-11T18:39:12.846+00:00,4348.19,4348.27,0.08,172
2026-09-11T18:39:13.075+00:00,4348.2,4348.28,0.08,172
2026-09-11T18:39:13.372+00:00,4348.19,4348.27,0.08,172
2026-09-11T18:39:14.153+00:00,4348.21,4348.29,0.08,172
2026-09-11T18:39:14.382+00:00,4348.57,4348.65,0.08,172
2026-09-11T18:39:14.606+00:00,4348.4,4348.48,0.08,172
2026-09-11T18:39:14.830+00:00,4348.35,4348.43,0.08,172
2026-09-11T18:39:15.053+00:00,4348.04,4348.14,0.1,172
2026-09-11T18:39:15.284+00:00,4347.95,4348.04,0.09,172
2026-09-11T18:39:15.578+00:00,4347.9,4347.98,0.08,172
2026-09-11T18:39:15.810+00:00,4347.63,4347.71,0.08,172
2026-09-11T18:39:16.040+00:00,4347.64,4347.72,0.08,172
2026-09-11T18:39:16.267+00:00,4347.65,4347.73,0.08,172
2026-09-11T18:39:16.565+00:00,4347.63,4347.71,0.08,172
2026-09-11T18:39:16.798+00:00,4347.65,4347.73,0.08,172
2026-09-11T18:39:17.021+00:00,4347.6,4347.68,0.08,172
2026-09-11T18:39:17.325+00:00,4347.57,4347.65,0.08,172
2026-09-11T18:39:17.552+00:00,4347.58,4347.66,0.08,172
2026-09-11T18:39:18.076+00:00,4347.56,4347.64,0.08,172
2026-09-11T18:39:18.299+00:00,4347.61,4347.69,0.08,172
2026-09-11T18:39:18.673+00:00,4347.51,4347.59,0.08,172
2026-09-11T18:39:18.983+00:00,4347.45,4347.53,0.08,172
2026-09-11T18:39:19.875+00:00,4347.66,4347.74,0.08,172
2026-09-11T18:39:20.105+00:00,4347.67,4347.75,0.08,172
2026-09-11T18:39:20.326+00:00,4347.77,4347.85,0.08,172
2026-09-11T18:39:20.551+00:00,4347.86,4347.94,0.08,172
2026-09-11T18:39:20.776+00:00,4347.68,4347.76,0.08,172
2026-09-11T18:39:21.011+00:00,4347.6,4347.68,0.08,172
2026-09-11T18:39:21.234+00:00,4347.51,4347.6,0.09,172
2026-09-11T18:39:21.463+00:00,4347.53,4347.61,0.08,172
2026-09-11T18:39:21.689+00:00,4347.51,4347.59,0.08,172
2026-09-11T18:39:22.757+00:00,4347.5,4347.58,0.08,172
2026-09-11T18:39:23.580+00:00,4347.56,4347.64,0.08,172
2026-09-11T18:39:23.805+00:00,4347.57,4347.65,0.08,172
2026-09-11T18:39:24.296+00:00,4347.59,4347.67,0.08,172
2026-09-11T18:39:24.708+00:00,4347.66,4347.74,0.08,172
2026-09-11T18:39:24.933+00:00,4347.72,4347.8,0.08,172
2026-09-11T18:39:25.155+00:00,4347.49,4347.57,0.08,172
2026-09-11T18:39:25.380+00:00,4347.47,4347.55,0.08,172
2026-09-11T18:39:25.606+00:00,4347.47,4347.56,0.09,172
2026-09-11T18:39:25.983+00:00,4347.49,4347.58,0.09,172
2026-09-11T18:39:26.207+00:00,4347.67,4347.75,0.08,172
2026-09-11T18:39:26.434+00:00,4347.74,4347.82,0.08,172
2026-09-11T18:39:26.960+00:00,4347.63,4347.71,0.08,172
2026-09-11T18:39:27.258+00:00,4347.62,4347.7,0.08,173
2026-09-11T18:39:27.486+00:00,4347.55,4347.63,0.08,173
2026-09-11T18:39:27.788+00:00,4347.57,4347.65,0.08,173
2026-09-11T18:39:28.160+00:00,4347.45,4347.53,0.08,173
2026-09-11T18:39:28.533+00:00,4347.46,4347.54,0.08,173
2026-09-11T18:39:28.835+00:00,4347.47,4347.55,0.08,173
2026-09-11T18:39:29.705+00:00,4347.51,4347.59,0.08,173
2026-09-11T18:39:29.929+00:00,4347.46,4347.54,0.08,173
2026-09-11T18:39:30.228+00:00,4347.27,4347.35,0.08,173
2026-09-11T18:39:30.454+00:00,4347.13,4347.22,0.09,173
2026-09-11T18:39:30.709+00:00,4347.12,4347.2,0.08,173
2026-09-11T18:39:30.951+00:00,4347.13,4347.22,0.09,173
2026-09-11T18:39:31.177+00:00,4347.46,4347.54,0.08,173
2026-09-11T18:39:31.401+00:00,4347.51,4347.59,0.08,173
2026-09-11T18:39:31.624+00:00,4347.6,4347.68,0.08,173
2026-09-11T18:39:31.848+00:00,4347.61,4347.69,0.08,173
2026-09-11T18:39:32.374+00:00,4347.6,4347.68,0.08,173
2026-09-11T18:39:32.605+00:00,4347.46,4347.54,0.08,173
2026-09-11T18:39:32.826+00:00,4347.41,4347.49,0.08,173
2026-09-11T18:39:33.051+00:00,4347.51,4347.59,0.08,173
2026-09-11T18:39:33.566+00:00,4347.65,4347.73,0.08,173
2026-09-11T18:39:34.709+00:00,4347.51,4347.59,0.08,173
2026-09-11T18:39:35.272+00:00,4347.49,4347.57,0.08,173
2026-09-11T18:39:35.673+00:00,4347.45,4347.53,0.08,173
2026-09-11T18:39:36.345+00:00,4347.43,4347.51,0.08,173
2026-09-11T18:39:36.870+00:00,4347.42,4347.5,0.08,173
2026-09-11T18:39:37.102+00:00,4347.43,4347.51,0.08,173
2026-09-11T18:39:37.550+00:00,4347.51,4347.59,0.08,173
2026-09-11T18:39:37.777+00:00,4347.5,4347.58,0.08,173
2026-09-11T18:39:38.001+00:00,4347.49,4347.57,0.08,173
2026-09-11T18:39:38.304+00:00,4347.51,4347.59,0.08,173
2026-09-11T18:39:38.528+00:00,4347.55,4347.63,0.08,173
2026-09-11T18:39:38.753+00:00,4347.66,4347.74,0.08,173
2026-09-11T18:39:38.978+00:00,4347.65,4347.73,0.08,173
2026-09-11T18:39:39.202+00:00,4347.51,4347.59,0.08,173
2026-09-11T18:39:39.429+00:00,4347.52,4347.6,0.08,173
2026-09-11T18:39:39.653+00:00,4347.67,4347.75,0.08,173
2026-09-11T18:39:40.028+00:00,4347.66,4347.74,0.08,173
2026-09-11T18:39:40.252+00:00,4347.77,4347.85,0.08,173
2026-09-11T18:39:40.928+00:00,4347.62,4347.7,0.08,173
2026-09-11T18:39:41.229+00:00,4347.53,4347.61,0.08,173
2026-09-11T18:39:41.528+00:00,4347.55,4347.63,0.08,173
2026-09-11T18:39:42.134+00:00,4347.5,4347.58,0.08,173
2026-09-11T18:39:42.477+00:00,4347.39,4347.47,0.08,173
2026-09-11T18:39:42.706+00:00,4347.46,4347.54,0.08,173
2026-09-11T18:39:43.002+00:00,4347.45,4347.53,0.08,173
2026-09-11T18:39:43.227+00:00,4347.34,4347.42,0.08,173
2026-09-11T18:39:43.451+00:00,4347.22,4347.3,0.08,173
2026-09-11T18:39:43.676+00:00,4347.21,4347.3,0.09,173
2026-09-11T18:39:43.902+00:00,4347.22,4347.31,0.09,173
2026-09-11T18:39:44.202+00:00,4347.23,4347.31,0.08,173
2026-09-11T18:39:44.684+00:00,4347.22,4347.31,0.09,173
2026-09-11T18:39:45.156+00:00,4347.11,4347.21,0.1,173
2026-09-11T18:39:45.209+00:00,4347.1,4347.2,0.1,173
2026-09-11T18:39:45.434+00:00,4346.96,4347.06,0.1,173
2026-09-11T18:39:45.660+00:00,4346.96,4347.05,0.09,173
2026-09-11T18:39:46.190+00:00,4346.98,4347.06,0.08,173
2026-09-11T18:39:46.417+00:00,4347.07,4347.16,0.09,173
2026-09-11T18:39:46.639+00:00,4347.08,4347.16,0.08,173
2026-09-11T18:39:46.885+00:00,4347.09,4347.17,0.08,173
2026-09-11T18:39:47.165+00:00,4346.96,4347.04,0.08,173
2026-09-11T18:39:47.389+00:00,4347.01,4347.09,0.08,173
2026-09-11T18:39:47.613+00:00,4347.02,4347.1,0.08,173
2026-09-11T18:39:47.837+00:00,4347.04,4347.12,0.08,173
2026-09-11T18:39:48.213+00:00,4347.13,4347.21,0.08,173
2026-09-11T18:39:48.460+00:00,4347.15,4347.23,0.08,173
2026-09-11T18:39:48.685+00:00,4347.06,4347.14,0.08,173
2026-09-11T18:39:48.910+00:00,4346.94,4347.02,0.08,173
2026-09-11T18:39:49.178+00:00,4346.97,4347.05,0.08,173
2026-09-11T18:39:49.402+00:00,4347.04,4347.12,0.08,173
2026-09-11T18:39:49.707+00:00,4347.01,4347.09,0.08,173
2026-09-11T18:39:50.105+00:00,4346.98,4347.06,0.08,173
2026-09-11T18:39:50.331+00:00,4347.22,4347.3,0.08,173
2026-09-11T18:39:50.556+00:00,4347.26,4347.34,0.08,173
2026-09-11T18:39:50.975+00:00,4347.19,4347.27,0.08,173
2026-09-11T18:39:51.200+00:00,4347.3,4347.38,0.08,173
2026-09-11T18:39:51.708+00:00,4347.37,4347.45,0.08,173
2026-09-11T18:39:51.937+00:00,4347.39,4347.47,0.08,173
2026-09-11T18:39:52.614+00:00,4347.2,4347.28,0.08,174
2026-09-11T18:39:52.868+00:00,4347.1,4347.18,0.08,174
2026-09-11T18:39:53.089+00:00,4347.02,4347.1,0.08,174
2026-09-11T18:39:53.318+00:00,4347.01,4347.1,0.09,174
2026-09-11T18:39:53.541+00:00,4347.09,4347.18,0.09,174
2026-09-11T18:39:53.766+00:00,4347.23,4347.32,0.09,174
2026-09-11T18:39:53.992+00:00,4347.17,4347.25,0.08,174
2026-09-11T18:39:54.215+00:00,4347.25,4347.33,0.08,174
2026-09-11T18:39:54.440+00:00,4347.29,4347.37,0.08,174
2026-09-11T18:39:54.707+00:00,4347.16,4347.24,0.08,174
2026-09-11T18:39:54.966+00:00,4347.17,4347.25,0.08,174
2026-09-11T18:39:55.496+00:00,4347.16,4347.24,0.08,174
2026-09-11T18:39:55.796+00:00,4347.12,4347.2,0.08,174
2026-09-11T18:39:56.097+00:00,4347.08,4347.16,0.08,174
2026-09-11T18:39:56.321+00:00,4347.07,4347.17,0.1,174
2026-09-11T18:39:56.713+00:00,4347.07,4347.16,0.09,174
2026-09-11T18:39:57.019+00:00,4347.05,4347.14,0.09,174
2026-09-11T18:39:57.250+00:00,4346.84,4346.93,0.09,174
2026-09-11T18:39:57.471+00:00,4346.85,4346.93,0.08,174
2026-09-11T18:39:57.709+00:00,4346.87,4346.95,0.08,174
2026-09-11T18:39:58.051+00:00,4346.86,4346.94,0.08,174
2026-09-11T18:39:58.503+00:00,4346.91,4346.99,0.08,174
2026-09-11T18:39:58.949+00:00,4346.92,4347.0,0.08,174
2026-09-11T18:39:59.176+00:00,4346.87,4346.95,0.08,174
2026-09-11T18:39:59.398+00:00,4346.91,4346.99,0.08,174
2026-09-11T18:39:59.625+00:00,4347.03,4347.11,0.08,174
2026-09-11T18:39:59.852+00:00,4347.14,4347.22,0.08,174
2026-09-11T18:40:00.075+00:00,4347.07,4347.15,0.08,174
2026-09-11T18:40:00.375+00:00,4347.0,4347.08,0.08,174
2026-09-11T18:40:00.674+00:00,4346.99,4347.1,0.11,174
2026-09-11T18:40:00.904+00:00,4347.02,4347.12,0.1,174
2026-09-11T18:40:01.204+00:00,4346.83,4346.92,0.09,174
2026-09-11T18:40:01.502+00:00,4346.91,4346.99,0.08,174
2026-09-11T18:40:01.708+00:00,4347.0,4347.08,0.08,174
2026-09-11T18:40:01.960+00:00,4347.03,4347.11,0.08,174
2026-09-11T18:40:02.186+00:00,4346.99,4347.07,0.08,174
2026-09-11T18:40:02.409+00:00,4346.97,4347.05,0.08,174
2026-09-11T18:40:02.637+00:00,4347.0,4347.08,0.08,174
2026-09-11T18:40:02.917+00:00,4347.12,4347.2,0.08,174
2026-09-11T18:40:03.707+00:00,4347.1,4347.18,0.08,174
2026-09-11T18:40:03.934+00:00,4347.16,4347.24,0.08,174
2026-09-11T18:40:04.170+00:00,4347.17,4347.26,0.09,174
2026-09-11T18:40:04.724+00:00,4347.17,4347.25,0.08,174
2026-09-11T18:40:04.724+00:00,4347.2,4347.28,0.08,174
2026-09-11T18:40:04.956+00:00,4347.01,4347.09,0.08,174
2026-09-11T18:40:05.392+00:00,4347.03,4347.11,0.08,174
2026-09-11T18:40:05.845+00:00,4347.11,4347.19,0.08,174
2026-09-11T18:40:06.101+00:00,4346.94,4347.02,0.08,174
2026-09-11T18:40:06.306+00:00,4346.89,4346.97,0.08,174
2026-09-11T18:40:06.531+00:00,4346.81,4346.89,0.08,174
2026-09-11T18:40:06.831+00:00,4346.88,4346.96,0.08,174
2026-09-11T18:40:07.059+00:00,4346.98,4347.06,0.08,174
2026-09-11T18:40:07.356+00:00,4346.99,4347.07,0.08,174
2026-09-11T18:40:07.582+00:00,4347.04,4347.12,0.08,174
2026-09-11T18:40:07.830+00:00,4346.99,4347.07,0.08,174
2026-09-11T18:40:08.061+00:00,4347.08,4347.16,0.08,174
2026-09-11T18:40:08.281+00:00,4347.22,4347.3,0.08,174
2026-09-11T18:40:08.581+00:00,4347.16,4347.24,0.08,174
2026-09-11T18:40:08.806+00:00,4347.22,4347.3,0.08,174
2026-09-11T18:40:09.260+00:00,4347.12,4347.2,0.08,174
2026-09-11T18:40:09.601+00:00,4347.23,4347.31,0.08,174
2026-09-11T18:40:09.827+00:00,4347.14,4347.22,0.08,174
2026-09-11T18:40:10.277+00:00,4347.08,4347.16,0.08,174
2026-09-11T18:40:10.504+00:00,4347.1,4347.18,0.08,174
2026-09-11T18:40:10.777+00:00,4346.95,4347.03,0.08,174
2026-09-11T18:40:10.952+00:00,4346.94,4347.02,0.08,174
2026-09-11T18:40:11.180+00:00,4346.9,4346.98,0.08,174
2026-09-11T18:40:11.402+00:00,4346.89,4346.97,0.08,174
2026-09-11T18:40:11.922+00:00,4346.93,4347.01,0.08,174
2026-09-11T18:40:12.146+00:00,4346.89,4346.97,0.08,174
2026-09-11T18:40:12.375+00:00,4347.03,4347.11,0.08,174
2026-09-11T18:40:12.708+00:00,4347.0,4347.08,0.08,174
2026-09-11T18:40:13.221+00:00,4346.99,4347.07,0.08,174
2026-09-11T18:40:13.453+00:00,4347.01,4347.09,0.08,174
2026-09-11T18:40:13.701+00:00,4347.0,4347.08,0.08,174
2026-09-11T18:40:13.966+00:00,4347.09,4347.17,0.08,174
2026-09-11T18:40:14.267+00:00,4347.13,4347.21,0.08,174
2026-09-11T18:40:14.490+00:00,4347.09,4347.17,0.08,174
2026-09-11T18:40:14.708+00:00,4347.11,4347.19,0.08,174
2026-09-11T18:40:15.018+00:00,4347.1,4347.18,0.08,174
2026-09-11T18:40:15.462+00:00,4347.13,4347.21,0.08,174
2026-09-11T18:40:15.684+00:00,4347.02,4347.1,0.08,174
2026-09-11T18:40:15.909+00:00,4347.03,4347.11,0.08,174
2026-09-11T18:40:16.133+00:00,4347.07,4347.15,0.08,174
2026-09-11T18:40:16.360+00:00,4347.08,4347.16,0.08,174
2026-09-11T18:40:16.587+00:00,4347.28,4347.36,0.08,174
2026-09-11T18:40:16.819+00:00,4347.23,4347.31,0.08,174
2026-09-11T18:40:17.035+00:00,4347.16,4347.24,0.08,174
2026-09-11T18:40:17.485+00:00,4347.15,4347.23,0.08,174
2026-09-11T18:40:17.936+00:00,4347.23,4347.31,0.08,175
2026-09-11T18:40:18.163+00:00,4347.42,4347.5,0.08,175
2026-09-11T18:40:18.386+00:00,4347.36,4347.44,0.08,175
2026-09-11T18:40:19.095+00:00,4347.4,4347.48,0.08,175
2026-09-11T18:40:19.321+00:00,4347.41,4347.49,0.08,175
2026-09-11T18:40:19.696+00:00,4347.4,4347.48,0.08,175
2026-09-11T18:40:19.920+00:00,4347.42,4347.5,0.08,175
2026-09-11T18:40:20.181+00:00,4347.36,4347.44,0.08,175
2026-09-11T18:40:20.408+00:00,4347.42,4347.5,0.08,175
2026-09-11T18:40:20.633+00:00,4347.39,4347.47,0.08,175
2026-09-11T18:40:20.932+00:00,4347.38,4347.47,0.09,175
2026-09-11T18:40:21.448+00:00,4347.36,4347.44,0.08,175
2026-09-11T18:40:22.194+00:00,4347.34,4347.42,0.08,175
2026-09-11T18:40:22.496+00:00,4347.16,4347.24,0.08,175
2026-09-11T18:40:23.826+00:00,4347.15,4347.23,0.08,175
2026-09-11T18:40:24.044+00:00,4346.99,4347.07,0.08,175
2026-09-11T18:40:24.269+00:00,4346.95,4347.05,0.1,175
2026-09-11T18:40:24.656+00:00,4346.87,4346.97,0.1,175
2026-09-11T18:40:24.902+00:00,4346.91,4347.0,0.09,175
2026-09-11T18:40:25.128+00:00,4346.8,4346.88,0.08,175
2026-09-11T18:40:25.352+00:00,4346.83,4346.91,0.08,175
2026-09-11T18:40:25.576+00:00,4346.78,4346.86,0.08,175
2026-09-11T18:40:25.804+00:00,4346.87,4346.95,0.08,175
2026-09-11T18:40:26.125+00:00,4346.99,4347.07,0.08,175
2026-09-11T18:40:26.429+00:00,4346.96,4347.04,0.08,175
2026-09-11T18:40:26.651+00:00,4346.9,4346.98,0.08,175
2026-09-11T18:40:26.951+00:00,4346.89,4346.97,0.08,175
2026-09-11T18:40:27.175+00:00,4346.86,4346.94,0.08,175
2026-09-11T18:40:27.401+00:00,4346.77,4346.85,0.08,175
2026-09-11T18:40:27.625+00:00,4346.78,4346.86,0.08,175
2026-09-11T18:40:28.026+00:00,4347.14,4347.22,0.08,175
2026-09-11T18:40:28.255+00:00,4347.26,4347.34,0.08,175
2026-09-11T18:40:28.626+00:00,4347.16,4347.24,0.08,175
2026-09-11T18:40:29.302+00:00,4347.15,4347.23,0.08,175
2026-09-11T18:40:29.528+00:00,4347.16,4347.24,0.08,175
2026-09-11T18:40:29.976+00:00,4347.12,4347.2,0.08,175
2026-09-11T18:40:30.296+00:00,4347.07,4347.15,0.08,175
2026-09-11T18:40:30.522+00:00,4347.11,4347.19,0.08,175
2026-09-11T18:40:31.087+00:00,4347.07,4347.15,0.08,175
2026-09-11T18:40:31.398+00:00,4347.08,4347.16,0.08,175
2026-09-11T18:40:31.735+00:00,4347.07,4347.15,0.08,175
2026-09-11T18:40:32.621+00:00,4347.06,4347.14,0.08,175
2026-09-11T18:40:33.242+00:00,4346.98,4347.06,0.08,175
2026-09-11T18:40:33.469+00:00,4347.63,4347.71,0.08,175
2026-09-11T18:40:33.694+00:00,4347.68,4347.76,0.08,175
2026-09-11T18:40:34.144+00:00,4347.66,4347.74,0.08,175
2026-09-11T18:40:34.369+00:00,4347.73,4347.81,0.08,175
2026-09-11T18:40:34.707+00:00,4347.67,4347.75,0.08,175
2026-09-11T18:40:34.971+00:00,4347.7,4347.78,0.08,175
2026-09-11T18:40:35.572+00:00,4347.52,4347.61,0.09,175
2026-09-11T18:40:35.814+00:00,4347.57,4347.66,0.09,175
2026-09-11T18:40:36.039+00:00,4347.49,4347.57,0.08,175
2026-09-11T18:40:36.263+00:00,4347.5,4347.59,0.09,175
2026-09-11T18:40:36.564+00:00,4347.69,4347.79,0.1,175
2026-09-11T18:40:37.111+00:00,4347.49,4347.57,0.08,175
2026-09-11T18:40:37.431+00:00,4347.48,4347.58,0.1,175
2026-09-11T18:40:37.712+00:00,4347.56,4347.65,0.09,175
2026-09-11T18:40:38.130+00:00,4347.57,4347.65,0.08,175
2026-09-11T18:40:38.358+00:00,4347.41,4347.51,0.1,175
2026-09-11T18:40:38.582+00:00,4347.35,4347.44,0.09,175
2026-09-11T18:40:38.805+00:00,4347.34,4347.43,0.09,175
2026-09-11T18:40:39.105+00:00,4347.32,4347.4,0.08,175
2026-09-11T18:40:39.331+00:00,4347.34,4347.43,0.09,175
2026-09-11T18:40:39.631+00:00,4347.35,4347.43,0.08,175
2026-09-11T18:40:40.139+00:00,4347.36,4347.44,0.08,175
2026-09-11T18:40:41.064+00:00,4347.35,4347.43,0.08,175
2026-09-11T18:40:42.297+00:00,4347.48,4347.56,0.08,175
2026-09-11T18:40:42.876+00:00,4347.49,4347.57,0.08,176
2026-09-11T18:40:43.075+00:00,4347.4,4347.48,0.08,176
2026-09-11T18:40:43.300+00:00,4347.24,4347.32,0.08,176
2026-09-11T18:40:43.523+00:00,4347.25,4347.33,0.08,176
2026-09-11T18:40:43.748+00:00,4347.29,4347.38,0.09,176
2026-09-11T18:40:43.972+00:00,4347.43,4347.51,0.08,176
2026-09-11T18:40:44.211+00:00,4347.39,4347.47,0.08,176
2026-09-11T18:40:44.437+00:00,4347.44,4347.52,0.08,176
2026-09-11T18:40:44.682+00:00,4347.72,4347.8,0.08,176
2026-09-11T18:40:44.884+00:00,4347.8,4347.88,0.08,176
2026-09-11T18:40:45.141+00:00,4347.78,4347.86,0.08,176
2026-09-11T18:40:45.536+00:00,4347.83,4347.91,0.08,176
2026-09-11T18:40:45.801+00:00,4347.85,4347.93,0.08,176
2026-09-11T18:40:46.338+00:00,4347.87,4347.95,0.08,176
2026-09-11T18:40:46.588+00:00,4347.84,4347.92,0.08,176
2026-09-11T18:40:47.312+00:00,4347.82,4347.9,0.08,176
2026-09-11T18:40:47.883+00:00,4347.84,4347.92,0.08,176
2026-09-11T18:40:48.107+00:00,4347.82,4347.9,0.08,176
2026-09-11T18:40:48.495+00:00,4347.87,4347.95,0.08,176
2026-09-11T18:40:48.707+00:00,4347.44,4347.52,0.08,176
2026-09-11T18:40:48.945+00:00,4347.31,4347.4,0.09,176
2026-09-11T18:40:49.210+00:00,4347.3,4347.41,0.11,176
2026-09-11T18:40:49.527+00:00,4347.2,4347.31,0.11,176
2026-09-11T18:40:49.767+00:00,4347.3,4347.39,0.09,176
2026-09-11T18:40:49.995+00:00,4347.31,4347.39,0.08,176
2026-09-11T18:40:51.056+00:00,4347.44,4347.52,0.08,176
2026-09-11T18:40:51.212+00:00,4347.51,4347.59,0.08,176
2026-09-11T18:40:51.434+00:00,4347.49,4347.57,0.08,176
2026-09-11T18:40:51.707+00:00,4347.51,4347.59,0.08,176
2026-09-11T18:40:51.953+00:00,4347.35,4347.43,0.08,176
2026-09-11T18:40:52.133+00:00,4347.32,4347.4,0.08,176
2026-09-11T18:40:52.433+00:00,4347.51,4347.6,0.09,176
2026-09-11T18:40:52.794+00:00,4347.48,4347.58,0.1,176
2026-09-11T18:40:53.073+00:00,4347.5,4347.58,0.08,176
2026-09-11T18:40:53.347+00:00,4347.49,4347.57,0.08,176
2026-09-11T18:40:53.570+00:00,4347.52,4347.6,0.08,176
2026-09-11T18:40:54.195+00:00,4347.54,4347.63,0.09,176
2026-09-11T18:40:54.420+00:00,4347.53,4347.61,0.08,176
2026-09-11T18:40:55.191+00:00,4347.62,4347.7,0.08,176
2026-09-11T18:40:55.703+00:00,4347.56,4347.64,0.08,176
2026-09-11T18:40:55.926+00:00,4347.62,4347.7,0.08,176
2026-09-11T18:40:56.153+00:00,4347.68,4347.76,0.08,176
2026-09-11T18:40:56.839+00:00,4347.66,4347.74,0.08,176
2026-09-11T18:40:57.072+00:00,4347.72,4347.8,0.08,176
2026-09-11T18:40:57.295+00:00,4347.74,4347.82,0.08,176
2026-09-11T18:40:57.596+00:00,4347.73,4347.81,0.08,176
2026-09-11T18:40:57.875+00:00,4347.75,4347.83,0.08,176
2026-09-11T18:40:58.105+00:00,4347.63,4347.71,0.08,176
2026-09-11T18:40:58.557+00:00,4347.5,4347.61,0.11,176
2026-09-11T18:40:59.115+00:00,4347.49,4347.59,0.1,176
2026-09-11T18:40:59.331+00:00,4347.7,4347.78,0.08,176
2026-09-11T18:40:59.562+00:00,4347.69,4347.77,0.08,176
2026-09-11T18:40:59.935+00:00,4347.67,4347.75,0.08,176
2026-09-11T18:41:00.156+00:00,4347.65,4347.73,0.08,176
2026-09-11T18:41:00.772+00:00,4347.52,4347.6,0.08,176
2026-09-11T18:41:01.600+00:00,4347.51,4347.59,0.08,176
2026-09-11T18:41:01.829+00:00,4347.63,4347.71,0.08,176
2026-09-11T18:41:02.279+00:00,4347.75,4347.83,0.08,176
2026-09-11T18:41:03.109+00:00,4347.74,4347.82,0.08,176
2026-09-11T18:41:03.330+00:00,4347.66,4347.74,0.08,176
2026-09-11T18:41:03.557+00:00,4347.44,4347.52,0.08,176
2026-09-11T18:41:03.780+00:00,4347.7,4347.78,0.08,176
2026-09-11T18:41:04.175+00:00,4347.67,4347.76,0.09,176
2026-09-11T18:41:04.449+00:00,4347.66,4347.74,0.08,176
2026-09-11T18:41:04.677+00:00,4347.64,4347.72,0.08,176
2026-09-11T18:41:04.900+00:00,4347.55,4347.63,0.08,176
2026-09-11T18:41:05.200+00:00,4347.49,4347.57,0.08,176
2026-09-11T18:41:05.424+00:00,4347.24,4347.32,0.08,176
2026-09-11T18:41:05.650+00:00,4347.23,4347.31,0.08,176
2026-09-11T18:41:05.873+00:00,4347.39,4347.47,0.08,176
2026-09-11T18:41:06.324+00:00,4347.36,4347.44,0.08,176
2026-09-11T18:41:06.550+00:00,4347.38,4347.46,0.08,176
2026-09-11T18:41:06.774+00:00,4347.33,4347.41,0.08,176
2026-09-11T18:41:07.449+00:00,4347.45,4347.53,0.08,176
2026-09-11T18:41:07.676+00:00,4347.5,4347.58,0.08,176
2026-09-11T18:41:07.975+00:00,4347.45,4347.53,0.08,177
2026-09-11T18:41:08.201+00:00,4347.53,4347.61,0.08,177
2026-09-11T18:41:08.471+00:00,4347.49,4347.57,0.08,177
2026-09-11T18:41:08.697+00:00,4347.26,4347.34,0.08,177
2026-09-11T18:41:08.921+00:00,4347.32,4347.4,0.08,177
2026-09-11T18:41:09.148+00:00,4347.29,4347.37,0.08,177
2026-09-11T18:41:09.520+00:00,4347.18,4347.26,0.08,177
2026-09-11T18:41:10.046+00:00,4347.2,4347.28,0.08,177
2026-09-11T18:41:10.496+00:00,4347.17,4347.25,0.08,177
2026-09-11T18:41:10.706+00:00,4347.18,4347.26,0.08,177
2026-09-11T18:41:10.946+00:00,4347.19,4347.27,0.08,177
2026-09-11T18:41:11.202+00:00,4347.36,4347.44,0.08,177
2026-09-11T18:41:11.427+00:00,4347.35,4347.43,0.08,177
2026-09-11T18:41:11.652+00:00,4347.36,4347.44,0.08,177
2026-09-11T18:41:12.176+00:00,4347.44,4347.52,0.08,177
2026-09-11T18:41:13.051+00:00,4347.34,4347.42,0.08,177
2026-09-11T18:41:13.311+00:00,4347.33,4347.41,0.08,177
2026-09-11T18:41:13.535+00:00,4347.24,4347.32,0.08,177
2026-09-11T18:41:13.760+00:00,4347.23,4347.32,0.09,177
2026-09-11T18:41:13.983+00:00,4347.24,4347.32,0.08,177
2026-09-11T18:41:14.354+00:00,4347.24,4347.33,0.09,177
2026-09-11T18:41:14.580+00:00,4347.45,4347.53,0.08,177
2026-09-11T18:41:14.805+00:00,4347.5,4347.58,0.08,177
2026-09-11T18:41:15.030+00:00,4347.49,4347.57,0.08,177
2026-09-11T18:41:15.254+00:00,4347.42,4347.5,0.08,177
2026-09-11T18:41:15.554+00:00,4347.53,4347.61,0.08,177
2026-09-11T18:41:15.779+00:00,4347.49,4347.57,0.08,177
2026-09-11T18:41:16.745+00:00,4347.48,4347.56,0.08,177
2026-09-11T18:41:16.972+00:00,4347.25,4347.33,0.08,177
2026-09-11T18:41:17.439+00:00,4347.47,4347.55,0.08,177
2026-09-11T18:41:17.707+00:00,4347.27,4347.35,0.08,177
2026-09-11T18:41:18.480+00:00,4347.33,4347.41,0.08,177
2026-09-11T18:41:19.796+00:00,4347.45,4347.53,0.08,177
2026-09-11T18:41:20.321+00:00,4347.54,4347.62,0.08,177
2026-09-11T18:41:20.727+00:00,4347.52,4347.6,0.08,177
2026-09-11T18:41:21.101+00:00,4347.56,4347.64,0.08,177
2026-09-11T18:41:21.372+00:00,4347.52,4347.6,0.08,177
2026-09-11T18:41:21.674+00:00,4347.66,4347.74,0.08,177
2026-09-11T18:41:22.657+00:00,4347.71,4347.79,0.08,177
2026-09-11T18:41:23.307+00:00,4347.81,4347.89,0.08,177
2026-09-11T18:41:23.536+00:00,4347.78,4347.86,0.08,177
2026-09-11T18:41:23.754+00:00,4347.77,4347.85,0.08,177
2026-09-11T18:41:24.063+00:00,4347.76,4347.84,0.08,177
2026-09-11T18:41:24.405+00:00,4347.77,4347.85,0.08,177
2026-09-11T18:41:24.706+00:00,4347.76,4347.84,0.08,177
2026-09-11T18:41:25.006+00:00,4347.75,4347.83,0.08,177
2026-09-11T18:41:25.926+00:00,4347.7,4347.78,0.08,177
2026-09-11T18:41:26.153+00:00,4347.67,4347.75,0.08,177
2026-09-11T18:41:26.377+00:00,4347.66,4347.74,0.08,177
2026-09-11T18:41:26.602+00:00,4347.65,4347.73,0.08,177
2026-09-11T18:41:26.811+00:00,4347.66,4347.74,0.08,177
2026-09-11T18:41:27.035+00:00,4347.54,4347.62,0.08,177
2026-09-11T18:41:27.261+00:00,4347.52,4347.6,0.08,177
2026-09-11T18:41:27.707+00:00,4347.44,4347.52,0.08,177
2026-09-11T18:41:27.936+00:00,4347.58,4347.66,0.08,177
2026-09-11T18:41:28.176+00:00,4347.38,4347.46,0.08,177
2026-09-11T18:41:28.422+00:00,4347.59,4347.67,0.08,177
2026-09-11T18:41:28.647+00:00,4347.63,4347.71,0.08,177
2026-09-11T18:41:29.020+00:00,4347.6,4347.68,0.08,177
2026-09-11T18:41:29.705+00:00,4347.17,4347.25,0.08,177
2026-09-11T18:41:29.937+00:00,4347.15,4347.23,0.08,177
2026-09-11T18:41:30.161+00:00,4347.47,4347.55,0.08,177
2026-09-11T18:41:30.386+00:00,4347.43,4347.51,0.08,177
2026-09-11T18:41:30.614+00:00,4347.42,4347.5,0.08,177
2026-09-11T18:41:30.911+00:00,4347.45,4347.53,0.08,177
2026-09-11T18:41:31.137+00:00,4347.56,4347.64,0.08,177
2026-09-11T18:41:31.367+00:00,4347.51,4347.59,0.08,177
2026-09-11T18:41:31.661+00:00,4347.48,4347.56,0.08,177
2026-09-11T18:41:32.111+00:00,4347.46,4347.54,0.08,177
2026-09-11T18:41:32.335+00:00,4347.41,4347.49,0.08,177
2026-09-11T18:41:32.706+00:00,4347.33,4347.41,0.08,177
2026-09-11T18:41:33.093+00:00,4347.45,4347.53,0.08,178
2026-09-11T18:41:33.321+00:00,4347.44,4347.52,0.08,178
2026-09-11T18:41:33.696+00:00,4347.46,4347.54,0.08,178
2026-09-11T18:41:34.272+00:00,4347.3,4347.38,0.08,178
2026-09-11T18:41:34.510+00:00,4347.31,4347.39,0.08,178
2026-09-11T18:41:34.753+00:00,4347.52,4347.6,0.08,178
2026-09-11T18:41:35.037+00:00,4347.41,4347.49,0.08,178
2026-09-11T18:41:35.268+00:00,4347.29,4347.37,0.08,178
2026-09-11T18:41:35.494+00:00,4347.45,4347.53,0.08,178
2026-09-11T18:41:36.016+00:00,4347.2,4347.28,0.08,178
2026-09-11T18:41:36.623+00:00,4347.27,4347.35,0.08,178
2026-09-11T18:41:36.846+00:00,4347.2,4347.28,0.08,178
2026-09-11T18:41:37.076+00:00,4347.3,4347.38,0.08,178
2026-09-11T18:41:37.296+00:00,4347.39,4347.47,0.08,178
2026-09-11T18:41:37.596+00:00,4347.32,4347.4,0.08,178
2026-09-11T18:41:38.046+00:00,4347.33,4347.41,0.08,178
2026-09-11T18:41:38.271+00:00,4347.39,4347.47,0.08,178
2026-09-11T18:41:38.645+00:00,4347.46,4347.54,0.08,178
2026-09-11T18:41:38.998+00:00,4347.5,4347.58,0.08,178
2026-09-11T18:41:39.310+00:00,4347.59,4347.67,0.08,178
2026-09-11T18:41:39.532+00:00,4347.6,4347.68,0.08,178
2026-09-11T18:41:39.906+00:00,4347.57,4347.65,0.08,178
2026-09-11T18:41:40.387+00:00,4347.55,4347.63,0.08,178
2026-09-11T18:41:40.614+00:00,4347.53,4347.61,0.08,178
2026-09-11T18:41:40.912+00:00,4347.52,4347.6,0.08,178
2026-09-11T18:41:41.297+00:00,4347.46,4347.54,0.08,178
2026-09-11T18:41:41.657+00:00,4347.43,4347.51,0.08,178
2026-09-11T18:41:41.872+00:00,4347.37,4347.45,0.08,178
2026-09-11T18:41:42.095+00:00,4347.51,4347.59,0.08,178
2026-09-11T18:41:42.336+00:00,4347.54,4347.62,0.08,178
2026-09-11T18:41:43.070+00:00,4347.56,4347.64,0.08,178
2026-09-11T18:41:43.290+00:00,4347.53,4347.61,0.08,178
2026-09-11T18:41:44.709+00:00,4347.41,4347.49,0.08,178
2026-09-11T18:41:44.935+00:00,4347.56,4347.64,0.08,178
2026-09-11T18:41:45.459+00:00,4347.51,4347.59,0.08,178
2026-09-11T18:41:45.685+00:00,4347.61,4347.69,0.08,178
2026-09-11T18:41:46.213+00:00,4347.47,4347.55,0.08,178
2026-09-11T18:41:46.436+00:00,4347.62,4347.7,0.08,178
2026-09-11T18:41:46.653+00:00,4347.45,4347.54,0.09,178
2026-09-11T18:41:46.879+00:00,4347.5,4347.58,0.08,178
2026-09-11T18:41:47.867+00:00,4347.86,4347.95,0.09,178
2026-09-11T18:41:48.184+00:00,4347.58,4347.71,0.13,178
2026-09-11T18:41:48.470+00:00,4347.57,4347.7,0.13,178
2026-09-11T18:41:48.706+00:00,4347.55,4347.66,0.11,178
2026-09-11T18:41:48.919+00:00,4347.56,4347.64,0.08,178
2026-09-11T18:41:49.218+00:00,4347.55,4347.63,0.08,178
2026-09-11T18:41:49.433+00:00,4347.57,4347.65,0.08,178
2026-09-11T18:41:49.707+00:00,4347.5,4347.58,0.08,178
2026-09-11T18:41:50.084+00:00,4347.68,4347.76,0.08,178
2026-09-11T18:41:50.288+00:00,4347.67,4347.75,0.08,178
2026-09-11T18:41:51.431+00:00,4347.53,4347.61,0.08,178
2026-09-11T18:41:51.659+00:00,4347.57,4347.65,0.08,178
2026-09-11T18:41:52.263+00:00,4347.71,4347.79,0.08,178
2026-09-11T18:41:52.491+00:00,4347.66,4347.74,0.08,178
2026-09-11T18:41:52.707+00:00,4347.67,4347.75,0.08,178
2026-09-11T18:41:53.381+00:00,4347.59,4347.67,0.08,178
2026-09-11T18:41:53.679+00:00,4347.46,4347.54,0.08,178
2026-09-11T18:41:54.795+00:00,4347.43,4347.51,0.08,178
2026-09-11T18:41:55.081+00:00,4347.37,4347.45,0.08,178
2026-09-11T18:41:55.640+00:00,4347.44,4347.52,0.08,178
2026-09-11T18:41:55.869+00:00,4347.42,4347.5,0.08,178
2026-09-11T18:41:56.704+00:00,4347.45,4347.53,0.08,178
2026-09-11T18:41:57.162+00:00,4347.54,4347.62,0.08,178
2026-09-11T18:41:57.380+00:00,4347.53,4347.61,0.08,178
2026-09-11T18:41:57.934+00:00,4347.54,4347.62,0.08,178
2026-09-11T18:41:58.159+00:00,4347.72,4347.8,0.08,179
2026-09-11T18:41:58.386+00:00,4347.8,4347.88,0.08,179
2026-09-11T18:41:58.609+00:00,4347.63,4347.71,0.08,179
2026-09-11T18:41:59.061+00:00,4347.59,4347.67,0.08,179
2026-09-11T18:41:59.306+00:00,4347.54,4347.63,0.09,179
2026-09-11T18:41:59.539+00:00,4347.53,4347.61,0.08,179
2026-09-11T18:42:00.130+00:00,4347.57,4347.65,0.08,179
2026-09-11T18:42:00.430+00:00,4347.53,4347.61,0.08,179
2026-09-11T18:42:00.808+00:00,4347.48,4347.56,0.08,179
2026-09-11T18:42:01.256+00:00,4347.43,4347.51,0.08,179
2026-09-11T18:42:01.706+00:00,4347.54,4347.62,0.08,179
2026-09-11T18:42:01.934+00:00,4347.48,4347.56,0.08,179
2026-09-11T18:42:02.247+00:00,4347.49,4347.57,0.08,179
2026-09-11T18:42:02.472+00:00,4347.48,4347.56,0.08,179
2026-09-11T18:42:02.695+00:00,4347.47,4347.55,0.08,179
2026-09-11T18:42:02.921+00:00,4347.46,4347.54,0.08,179
2026-09-11T18:42:03.599+00:00,4347.48,4347.56,0.08,179
2026-09-11T18:42:03.850+00:00,4347.5,4347.58,0.08,179
2026-09-11T18:42:04.377+00:00,4347.46,4347.54,0.08,179
2026-09-11T18:42:04.603+00:00,4347.54,4347.62,0.08,179
2026-09-11T18:42:05.150+00:00,4347.59,4347.67,0.08,179
2026-09-11T18:42:05.406+00:00,4347.55,4347.63,0.08,179
2026-09-11T18:42:06.285+00:00,4347.62,4347.7,0.08,179
2026-09-11T18:42:07.126+00:00,4347.66,4347.74,0.08,179
2026-09-11T18:42:07.353+00:00,4347.84,4347.92,0.08,179
2026-09-11T18:42:07.574+00:00,4347.88,4347.96,0.08,179
2026-09-11T18:42:07.876+00:00,4347.92,4348.0,0.08,179
2026-09-11T18:42:08.100+00:00,4347.95,4348.03,0.08,179
2026-09-11T18:42:09.153+00:00,4347.96,4348.04,0.08,179
2026-09-11T18:42:09.627+00:00,4347.91,4347.99,0.08,179
2026-09-11T18:42:09.851+00:00,4347.89,4347.97,0.08,179
2026-09-11T18:42:10.075+00:00,4347.87,4347.95,0.08,179
2026-09-11T18:42:10.300+00:00,4347.86,4347.94,0.08,179
2026-09-11T18:42:10.676+00:00,4347.94,4348.02,0.08,179
2026-09-11T18:42:11.199+00:00,4347.78,4347.86,0.08,179
2026-09-11T18:42:11.486+00:00,4347.85,4347.93,0.08,179
2026-09-11T18:42:11.706+00:00,4347.66,4347.74,0.08,179
2026-09-11T18:42:12.168+00:00,4347.88,4347.96,0.08,179
2026-09-11T18:42:12.392+00:00,4347.85,4347.93,0.08,179
2026-09-11T18:42:12.620+00:00,4347.8,4347.88,0.08,179
2026-09-11T18:42:12.917+00:00,4347.96,4348.04,0.08,179
2026-09-11T18:42:13.224+00:00,4347.98,4348.06,0.08,179
2026-09-11T18:42:13.442+00:00,4348.01,4348.09,0.08,179
2026-09-11T18:42:13.680+00:00,4348.67,4348.75,0.08,179
2026-09-11T18:42:13.897+00:00,4348.3,4348.38,0.08,179
2026-09-11T18:42:14.122+00:00,4348.56,4348.64,0.08,179
2026-09-11T18:42:14.347+00:00,4348.44,4348.52,0.08,179
2026-09-11T18:42:14.572+00:00,4348.45,4348.53,0.08,179
2026-09-11T18:42:14.797+00:00,4348.46,4348.54,0.08,179
2026-09-11T18:42:15.024+00:00,4348.4,4348.48,0.08,179
2026-09-11T18:42:15.249+00:00,4348.14,4348.22,0.08,179
2026-09-11T18:42:15.473+00:00,4347.86,4347.94,0.08,179
2026-09-11T18:42:15.697+00:00,4348.0,4348.08,0.08,179
2026-09-11T18:42:15.925+00:00,4347.87,4347.95,0.08,179
2026-09-11T18:42:16.148+00:00,4347.89,4347.97,0.08,179
2026-09-11T18:42:16.374+00:00,4348.03,4348.11,0.08,179
2026-09-11T18:42:16.708+00:00,4347.92,4348.0,0.08,179
2026-09-11T18:42:16.971+00:00,4347.93,4348.01,0.08,179
2026-09-11T18:42:17.195+00:00,4347.96,4348.04,0.08,179
2026-09-11T18:42:18.042+00:00,4348.06,4348.14,0.08,179
2026-09-11T18:42:18.267+00:00,4347.99,4348.07,0.08,179
2026-09-11T18:42:18.491+00:00,4347.93,4348.01,0.08,179
2026-09-11T18:42:18.707+00:00,4347.75,4347.83,0.08,179
2026-09-11T18:42:18.941+00:00,4347.9,4347.98,0.08,179
2026-09-11T18:42:19.587+00:00,4347.87,4347.95,0.08,179
2026-09-11T18:42:20.023+00:00,4347.9,4347.98,0.08,179
2026-09-11T18:42:20.201+00:00,4347.92,4348.0,0.08,179
2026-09-11T18:42:20.577+00:00,4347.99,4348.07,0.08,179
2026-09-11T18:42:21.220+00:00,4348.05,4348.13,0.08,179
2026-09-11T18:42:21.589+00:00,4348.3,4348.38,0.08,179
2026-09-11T18:42:21.832+00:00,4348.36,4348.44,0.08,179
2026-09-11T18:42:22.274+00:00,4348.31,4348.39,0.08,179
2026-09-11T18:42:22.372+00:00,4348.3,4348.38,0.08,179
2026-09-11T18:42:22.537+00:00,4348.29,4348.37,0.08,179
2026-09-11T18:42:22.711+00:00,4347.98,4348.06,0.08,179
2026-09-11T18:42:22.949+00:00,4348.07,4348.15,0.08,179
2026-09-11T18:42:23.484+00:00,4348.08,4348.16,0.08,180
2026-09-11T18:42:23.705+00:00,4348.16,4348.24,0.08,180
2026-09-11T18:42:23.930+00:00,4348.05,4348.13,0.08,180
2026-09-11T18:42:24.232+00:00,4348.09,4348.17,0.08,180
2026-09-11T18:42:24.685+00:00,4348.07,4348.15,0.08,180
2026-09-11T18:42:24.924+00:00,4348.12,4348.2,0.08,180
2026-09-11T18:42:25.299+00:00,4348.19,4348.27,0.08,180
2026-09-11T18:42:25.707+00:00,4348.09,4348.17,0.08,180
2026-09-11T18:42:26.160+00:00,4348.2,4348.28,0.08,180
2026-09-11T18:42:26.411+00:00,4348.1,4348.18,0.08,180
2026-09-11T18:42:26.638+00:00,4348.06,4348.14,0.08,180
2026-09-11T18:42:27.028+00:00,4347.85,4347.93,0.08,180
2026-09-11T18:42:27.254+00:00,4347.93,4348.01,0.08,180
2026-09-11T18:42:27.706+00:00,4347.95,4348.03,0.08,180
2026-09-11T18:42:28.004+00:00,4348.07,4348.15,0.08,180
2026-09-11T18:42:28.653+00:00,4348.08,4348.16,0.08,180
2026-09-11T18:42:28.975+00:00,4348.2,4348.28,0.08,180
2026-09-11T18:42:29.200+00:00,4348.01,4348.09,0.08,180
2026-09-11T18:42:29.425+00:00,4348.02,4348.1,0.08,180
2026-09-11T18:42:29.650+00:00,4347.99,4348.07,0.08,180
2026-09-11T18:42:29.877+00:00,4348.0,4348.08,0.08,180
2026-09-11T18:42:30.103+00:00,4348.09,4348.17,0.08,180
2026-09-11T18:42:30.709+00:00,4348.13,4348.21,0.08,180
2026-09-11T18:42:30.952+00:00,4348.07,4348.15,0.08,180
2026-09-11T18:42:31.320+00:00,4348.06,4348.14,0.08,180
2026-09-11T18:42:31.589+00:00,4348.2,4348.28,0.08,180
2026-09-11T18:42:32.210+00:00,4348.05,4348.13,0.08,180
2026-09-11T18:42:32.707+00:00,4347.9,4347.98,0.08,180
2026-09-11T18:42:32.938+00:00,4347.89,4347.97,0.08,180
2026-09-11T18:42:33.164+00:00,4347.97,4348.05,0.08,180
2026-09-11T18:42:33.656+00:00,4347.9,4347.98,0.08,180
2026-09-11T18:42:34.235+00:00,4347.81,4347.89,0.08,180
2026-09-11T18:42:34.528+00:00,4347.75,4347.83,0.08,180
2026-09-11T18:42:35.050+00:00,4347.74,4347.82,0.08,180
2026-09-11T18:42:35.271+00:00,4347.93,4348.01,0.08,180
2026-09-11T18:42:35.496+00:00,4347.98,4348.06,0.08,180
2026-09-11T18:42:36.021+00:00,4347.93,4348.01,0.08,180
2026-09-11T18:42:36.321+00:00,4347.94,4348.02,0.08,180
2026-09-11T18:42:36.544+00:00,4348.06,4348.14,0.08,180
2026-09-11T18:42:36.770+00:00,4348.09,4348.17,0.08,180
2026-09-11T18:42:37.060+00:00,4347.93,4348.01,0.08,180
2026-09-11T18:42:37.288+00:00,4347.84,4347.92,0.08,180
2026-09-11T18:42:37.693+00:00,4347.88,4347.96,0.08,180
2026-09-11T18:42:37.919+00:00,4347.87,4347.95,0.08,180
2026-09-11T18:42:38.142+00:00,4347.95,4348.03,0.08,180
2026-09-11T18:42:38.354+00:00,4347.89,4347.97,0.08,180
2026-09-11T18:42:38.579+00:00,4348.13,4348.21,0.08,180
2026-09-11T18:42:39.510+00:00,4348.09,4348.17,0.08,180
2026-09-11T18:42:39.740+00:00,4348.18,4348.26,0.08,180
2026-09-11T18:42:39.959+00:00,4348.26,4348.34,0.08,180
2026-09-11T18:42:40.615+00:00,4348.24,4348.32,0.08,180
2026-09-11T18:42:40.847+00:00,4348.34,4348.42,0.08,180
2026-09-11T18:42:41.397+00:00,4348.28,4348.36,0.08,180
2026-09-11T18:42:41.629+00:00,4348.84,4348.92,0.08,180
2026-09-11T18:42:41.850+00:00,4348.58,4348.66,0.08,180
2026-09-11T18:42:42.076+00:00,4348.59,4348.67,0.08,180
2026-09-11T18:42:42.298+00:00,4348.62,4348.7,0.08,180
2026-09-11T18:42:42.529+00:00,4348.63,4348.71,0.08,180
2026-09-11T18:42:42.800+00:00,4348.7,4348.78,0.08,180
2026-09-11T18:42:42.973+00:00,4348.76,4348.84,0.08,180
2026-09-11T18:42:43.199+00:00,4349.03,4349.11,0.08,180
2026-09-11T18:42:43.424+00:00,4349.21,4349.29,0.08,180
2026-09-11T18:42:43.648+00:00,4349.22,4349.3,0.08,180
2026-09-11T18:42:43.873+00:00,4349.19,4349.27,0.08,180
2026-09-11T18:42:44.172+00:00,4349.18,4349.26,0.08,180
2026-09-11T18:42:44.396+00:00,4349.24,4349.32,0.08,180
2026-09-11T18:42:44.698+00:00,4349.06,4349.14,0.08,180
2026-09-11T18:42:45.096+00:00,4349.13,4349.21,0.08,180
2026-09-11T18:42:45.322+00:00,4349.17,4349.26,0.09,180
2026-09-11T18:42:45.544+00:00,4349.17,4349.25,0.08,180
2026-09-11T18:42:45.774+00:00,4349.19,4349.27,0.08,180
2026-09-11T18:42:45.996+00:00,4349.18,4349.26,0.08,180
2026-09-11T18:42:46.700+00:00,4349.27,4349.35,0.08,180
2026-09-11T18:42:46.926+00:00,4349.25,4349.33,0.08,180
2026-09-11T18:42:47.149+00:00,4349.28,4349.36,0.08,180
2026-09-11T18:42:47.375+00:00,4349.26,4349.35,0.09,180
2026-09-11T18:42:47.676+00:00,4349.27,4349.36,0.09,180
2026-09-11T18:42:48.053+00:00,4349.1,4349.19,0.09,180
2026-09-11T18:42:48.275+00:00,4349.09,4349.17,0.08,180
2026-09-11T18:42:48.575+00:00,4349.06,4349.15,0.09,181
2026-09-11T18:42:48.806+00:00,4348.82,4348.91,0.09,181
2026-09-11T18:42:49.215+00:00,4348.85,4348.94,0.09,181
2026-09-11T18:42:49.515+00:00,4348.87,4348.95,0.08,181
2026-09-11T18:42:49.742+00:00,4349.0,4349.08,0.08,181
2026-09-11T18:42:49.987+00:00,4348.84,4348.92,0.08,181
2026-09-11T18:42:50.246+00:00,4348.78,4348.86,0.08,181
2026-09-11T18:42:50.694+00:00,4348.96,4349.04,0.08,181
2026-09-11T18:42:50.919+00:00,4348.62,4348.7,0.08,181
2026-09-11T18:42:51.143+00:00,4348.81,4348.89,0.08,181
2026-09-11T18:42:51.371+00:00,4348.8,4348.88,0.08,181
2026-09-11T18:42:51.706+00:00,4348.81,4348.89,0.08,181
2026-09-11T18:42:52.038+00:00,4348.78,4348.86,0.08,181
2026-09-11T18:42:52.337+00:00,4348.73,4348.81,0.08,181
2026-09-11T18:42:52.566+00:00,4348.58,4348.66,0.08,181
2026-09-11T18:42:52.787+00:00,4348.54,4348.62,0.08,181
2026-09-11T18:42:53.011+00:00,4348.49,4348.57,0.08,181
2026-09-11T18:42:53.386+00:00,4348.42,4348.5,0.08,181
2026-09-11T18:42:53.705+00:00,4348.43,4348.51,0.08,181
2026-09-11T18:42:54.286+00:00,4348.27,4348.35,0.08,181
2026-09-11T18:42:54.816+00:00,4348.37,4348.45,0.08,181
2026-09-11T18:42:56.476+00:00,4348.29,4348.37,0.08,181
2026-09-11T18:42:56.710+00:00,4348.31,4348.39,0.08,181
2026-09-11T18:42:57.557+00:00,4348.34,4348.42,0.08,181
2026-09-11T18:42:57.799+00:00,4348.38,4348.46,0.08,181
2026-09-11T18:42:58.049+00:00,4348.35,4348.43,0.08,181
2026-09-11T18:42:58.273+00:00,4348.31,4348.39,0.08,181
2026-09-11T18:42:58.573+00:00,4348.27,4348.35,0.08,181
2026-09-11T18:42:58.797+00:00,4348.35,4348.43,0.08,181
2026-09-11T18:42:59.022+00:00,4348.36,4348.44,0.08,181
2026-09-11T18:42:59.323+00:00,4348.4,4348.48,0.08,181
2026-09-11T18:42:59.900+00:00,4348.43,4348.51,0.08,181
2026-09-11T18:43:00.515+00:00,4348.36,4348.44,0.08,181
2026-09-11T18:43:00.739+00:00,4348.37,4348.45,0.08,181
2026-09-11T18:43:00.963+00:00,4348.15,4348.23,0.08,181
2026-09-11T18:43:01.417+00:00,4348.15,4348.24,0.09,181
2026-09-11T18:43:01.640+00:00,4348.16,4348.24,0.08,181
2026-09-11T18:43:01.867+00:00,4348.13,4348.21,0.08,181
2026-09-11T18:43:02.479+00:00,4348.43,4348.51,0.08,181
2026-09-11T18:43:02.707+00:00,4348.81,4348.89,0.08,181
2026-09-11T18:43:02.930+00:00,4348.71,4348.79,0.08,181
2026-09-11T18:43:03.155+00:00,4348.7,4348.78,0.08,181
2026-09-11T18:43:03.386+00:00,4348.72,4348.8,0.08,181
2026-09-11T18:43:03.612+00:00,4348.71,4348.79,0.08,181
2026-09-11T18:43:03.954+00:00,4348.72,4348.8,0.08,181
2026-09-11T18:43:04.190+00:00,4348.71,4348.79,0.08,181
2026-09-11T18:43:04.446+00:00,4348.69,4348.77,0.08,181
2026-09-11T18:43:04.918+00:00,4348.81,4348.89,0.08,181
2026-09-11T18:43:05.140+00:00,4348.8,4348.88,0.08,181
2026-09-11T18:43:05.357+00:00,4348.79,4348.87,0.08,181
2026-09-11T18:43:05.584+00:00,4348.84,4348.92,0.08,181
2026-09-11T18:43:05.855+00:00,4348.53,4348.61,0.08,181
2026-09-11T18:43:06.167+00:00,4348.71,4348.79,0.08,181
2026-09-11T18:43:06.389+00:00,4348.71,4348.8,0.09,181
2026-09-11T18:43:06.612+00:00,4348.66,4348.74,0.08,181
2026-09-11T18:43:06.910+00:00,4348.46,4348.54,0.08,181
2026-09-11T18:43:07.972+00:00,4348.48,4348.56,0.08,181
2026-09-11T18:43:08.838+00:00,4348.64,4348.72,0.08,181
2026-09-11T18:43:09.955+00:00,4348.71,4348.79,0.08,181
2026-09-11T18:43:10.307+00:00,4348.67,4348.75,0.08,181
2026-09-11T18:43:11.332+00:00,4348.65,4348.73,0.08,181
2026-09-11T18:43:11.556+00:00,4348.77,4348.85,0.08,181
2026-09-11T18:43:11.785+00:00,4348.8,4348.88,0.08,181
2026-09-11T18:43:12.006+00:00,4348.76,4348.84,0.08,181
2026-09-11T18:43:12.232+00:00,4348.75,4348.83,0.08,181
2026-09-11T18:43:12.457+00:00,4348.67,4348.77,0.1,181
2026-09-11T18:43:12.708+00:00,4348.68,4348.77,0.09,181
2026-09-11T18:43:12.908+00:00,4347.99,4348.09,0.1,181
2026-09-11T18:43:13.132+00:00,4348.06,4348.15,0.09,181
2026-09-11T18:43:13.359+00:00,4348.09,4348.18,0.09,181
2026-09-11T18:43:13.582+00:00,4348.08,4348.16,0.08,182
2026-09-11T18:43:13.806+00:00,4348.22,4348.3,0.08,182
2026-09-11T18:43:14.033+00:00,4348.19,4348.27,0.08,182
2026-09-11T18:43:14.295+00:00,4348.18,4348.26,0.08,182
2026-09-11T18:43:14.515+00:00,4348.1,4348.18,0.08,182
2026-09-11T18:43:14.741+00:00,4348.03,4348.11,0.08,182
2026-09-11T18:43:15.026+00:00,4348.2,4348.28,0.08,182
2026-09-11T18:43:15.196+00:00,4347.92,4348.02,0.1,182
2026-09-11T18:43:15.420+00:00,4347.95,4348.04,0.09,182
2026-09-11T18:43:15.700+00:00,4347.95,4348.03,0.08,182
2026-09-11T18:43:15.924+00:00,4348.16,4348.24,0.08,182
2026-09-11T18:43:16.826+00:00,4348.03,4348.12,0.09,182
2026-09-11T18:43:17.200+00:00,4347.97,4348.06,0.09,182
2026-09-11T18:43:18.043+00:00,4348.0,4348.1,0.1,182
2026-09-11T18:43:18.271+00:00,4348.17,4348.25,0.08,182
2026-09-11T18:43:19.055+00:00,4348.22,4348.3,0.08,182
2026-09-11T18:43:19.281+00:00,4348.28,4348.36,0.08,182
2026-09-11T18:43:19.504+00:00,4348.37,4348.45,0.08,182
2026-09-11T18:43:19.810+00:00,4348.31,4348.39,0.08,182
2026-09-11T18:43:20.166+00:00,4348.36,4348.44,0.08,182
2026-09-11T18:43:20.393+00:00,4348.04,4348.12,0.08,182
2026-09-11T18:43:20.617+00:00,4348.2,4348.3,0.1,182
2026-09-11T18:43:20.916+00:00,4348.16,4348.24,0.08,182
2026-09-11T18:43:21.425+00:00,4347.96,4348.04,0.08,182
2026-09-11T18:43:21.630+00:00,4348.03,4348.11,0.08,182
2026-09-11T18:43:21.788+00:00,4347.97,4348.05,0.08,182
2026-09-11T18:43:22.369+00:00,4347.85,4347.95,0.1,182
2026-09-11T18:43:22.370+00:00,4348.18,4348.29,0.11,182
2026-09-11T18:43:22.602+00:00,4347.95,4348.05,0.1,182
2026-09-11T18:43:22.820+00:00,4347.87,4347.96,0.09,182
2026-09-11T18:43:23.052+00:00,4347.84,4347.93,0.09,182
2026-09-11T18:43:23.644+00:00,4347.85,4347.94,0.09,182
2026-09-11T18:43:23.870+00:00,4347.86,4347.94,0.08,182
2026-09-11T18:43:24.099+00:00,4347.87,4347.95,0.08,182
2026-09-11T18:43:24.483+00:00,4348.09,4348.17,0.08,182
2026-09-11T18:43:25.057+00:00,4348.19,4348.28,0.09,182
2026-09-11T18:43:25.281+00:00,4348.18,4348.26,0.08,182
2026-09-11T18:43:25.523+00:00,4348.2,4348.28,0.08,182
2026-09-11T18:43:25.821+00:00,4348.19,4348.28,0.09,182
2026-09-11T18:43:26.048+00:00,4348.23,4348.31,0.08,182
2026-09-11T18:43:26.623+00:00,4348.25,4348.33,0.08,182
2026-09-11T18:43:26.854+00:00,4348.27,4348.35,0.08,182
2026-09-11T18:43:27.228+00:00,4348.21,4348.29,0.08,182
2026-09-11T18:43:27.558+00:00,4348.2,4348.28,0.08,182
2026-09-11T18:43:27.780+00:00,4348.19,4348.27,0.08,182
2026-09-11T18:43:28.155+00:00,4348.25,4348.33,0.08,182
2026-09-11T18:43:28.378+00:00,4348.2,4348.28,0.08,182
2026-09-11T18:43:28.680+00:00,4348.27,4348.35,0.08,182
2026-09-11T18:43:28.906+00:00,4348.25,4348.33,0.08,182
2026-09-11T18:43:29.285+00:00,4347.98,4348.07,0.09,182
2026-09-11T18:43:29.581+00:00,4347.99,4348.08,0.09,182
2026-09-11T18:43:29.809+00:00,4348.19,4348.27,0.08,182
2026-09-11T18:43:30.031+00:00,4348.21,4348.29,0.08,182
2026-09-11T18:43:30.257+00:00,4348.23,4348.31,0.08,182
2026-09-11T18:43:30.483+00:00,4348.39,4348.47,0.08,182
2026-09-11T18:43:30.707+00:00,4348.64,4348.72,0.08,182
2026-09-11T18:43:30.933+00:00,4348.4,4348.48,0.08,182
2026-09-11T18:43:31.157+00:00,4348.39,4348.47,0.08,182
2026-09-11T18:43:31.382+00:00,4348.4,4348.48,0.08,182
2026-09-11T18:43:31.795+00:00,4348.42,4348.5,0.08,182
2026-09-11T18:43:32.022+00:00,4348.48,4348.56,0.08,182
2026-09-11T18:43:32.319+00:00,4348.53,4348.61,0.08,182
2026-09-11T18:43:32.544+00:00,4348.67,4348.75,0.08,182
2026-09-11T18:43:32.770+00:00,4348.58,4348.66,0.08,182
2026-09-11T18:43:32.995+00:00,4348.51,4348.59,0.08,182
2026-09-11T18:43:33.221+00:00,4348.48,4348.56,0.08,182
2026-09-11T18:43:33.518+00:00,4348.47,4348.57,0.1,182
2026-09-11T18:43:33.769+00:00,4348.66,4348.75,0.09,182
2026-09-11T18:43:34.220+00:00,4348.67,4348.75,0.08,182
2026-09-11T18:43:34.691+00:00,4348.69,4348.77,0.08,182
2026-09-11T18:43:34.915+00:00,4348.49,4348.57,0.08,182
2026-09-11T18:43:35.138+00:00,4348.72,4348.81,0.09,182
2026-09-11T18:43:35.438+00:00,4348.71,4348.8,0.09,182
2026-09-11T18:43:35.673+00:00,4348.67,4348.76,0.09,182
2026-09-11T18:43:35.899+00:00,4349.07,4349.15,0.08,182
2026-09-11T18:43:36.125+00:00,4349.01,4349.09,0.08,182
2026-09-11T18:43:36.348+00:00,4349.04,4349.12,0.08,182
2026-09-11T18:43:36.576+00:00,4348.96,4349.04,0.08,182
2026-09-11T18:43:36.872+00:00,4348.91,4349.0,0.09,182
2026-09-11T18:43:37.098+00:00,4348.81,4348.9,0.09,182
2026-09-11T18:43:37.397+00:00,4348.76,4348.84,0.08,182
2026-09-11T18:43:37.623+00:00,4348.79,4348.87,0.08,182
2026-09-11T18:43:37.849+00:00,4348.74,4348.82,0.08,182
2026-09-11T18:43:38.083+00:00,4348.57,4348.65,0.08,182
2026-09-11T18:43:38.382+00:00,4348.56,4348.64,0.08,182
2026-09-11T18:43:38.606+00:00,4348.49,4348.57,0.08,183
2026-09-11T18:43:38.936+00:00,4348.47,4348.56,0.09,183
2026-09-11T18:43:39.151+00:00,4348.49,4348.57,0.08,183
2026-09-11T18:43:39.378+00:00,4348.51,4348.59,0.08,183
2026-09-11T18:43:39.655+00:00,4348.75,4348.83,0.08,183
2026-09-11T18:43:39.879+00:00,4348.71,4348.8,0.09,183
2026-09-11T18:43:40.335+00:00,4348.66,4348.74,0.08,183
2026-09-11T18:43:40.705+00:00,4348.67,4348.75,0.08,183
2026-09-11T18:43:40.936+00:00,4348.64,4348.72,0.08,183
2026-09-11T18:43:41.545+00:00,4348.65,4348.73,0.08,183
2026-09-11T18:43:42.000+00:00,4348.62,4348.7,0.08,183
2026-09-11T18:43:42.324+00:00,4348.63,4348.71,0.08,183
2026-09-11T18:43:42.622+00:00,4348.64,4348.72,0.08,183
2026-09-11T18:43:42.845+00:00,4348.54,4348.62,0.08,183
2026-09-11T18:43:43.072+00:00,4348.64,4348.72,0.08,183
2026-09-11T18:43:43.800+00:00,4348.66,4348.74,0.08,183
2026-09-11T18:43:44.474+00:00,4348.49,4348.57,0.08,183
2026-09-11T18:43:44.706+00:00,4348.53,4348.61,0.08,183
2026-09-11T18:43:44.924+00:00,4348.59,4348.67,0.08,183
2026-09-11T18:43:45.148+00:00,4348.58,4348.66,0.08,183
2026-09-11T18:43:45.374+00:00,4348.42,4348.5,0.08,183
2026-09-11T18:43:45.601+00:00,4348.41,4348.49,0.08,183
2026-09-11T18:43:45.823+00:00,4348.49,4348.57,0.08,183
2026-09-11T18:43:46.050+00:00,4348.54,4348.62,0.08,183
2026-09-11T18:43:46.435+00:00,4348.39,4348.47,0.08,183
2026-09-11T18:43:46.663+00:00,4348.33,4348.41,0.08,183
2026-09-11T18:43:47.336+00:00,4348.37,4348.45,0.08,183
2026-09-11T18:43:47.635+00:00,4348.43,4348.51,0.08,183
2026-09-11T18:43:48.240+00:00,4348.58,4348.66,0.08,183
2026-09-11T18:43:48.462+00:00,4348.44,4348.52,0.08,183
2026-09-11T18:43:48.706+00:00,4348.43,4348.51,0.08,183
2026-09-11T18:43:48.974+00:00,4348.35,4348.43,0.08,183
2026-09-11T18:43:49.194+00:00,4348.31,4348.39,0.08,183
2026-09-11T18:43:49.417+00:00,4348.39,4348.47,0.08,183
2026-09-11T18:43:49.684+00:00,4348.55,4348.63,0.08,183
2026-09-11T18:43:49.942+00:00,4348.5,4348.58,0.08,183
2026-09-11T18:43:50.167+00:00,4348.52,4348.6,0.08,183
2026-09-11T18:43:50.468+00:00,4348.43,4348.51,0.08,183
2026-09-11T18:43:50.707+00:00,4348.44,4348.52,0.08,183
2026-09-11T18:43:51.656+00:00,4348.56,4348.64,0.08,183
2026-09-11T18:43:51.945+00:00,4348.54,4348.62,0.08,183
2026-09-11T18:43:52.706+00:00,4348.35,4348.43,0.08,183
2026-09-11T18:43:53.084+00:00,4348.38,4348.46,0.08,183
2026-09-11T18:43:53.310+00:00,4348.64,4348.72,0.08,183
2026-09-11T18:43:53.836+00:00,4348.63,4348.71,0.08,183
2026-09-11T18:43:54.213+00:00,4348.64,4348.72,0.08,183
2026-09-11T18:43:54.900+00:00,4348.65,4348.73,0.08,183
2026-09-11T18:43:55.125+00:00,4348.53,4348.61,0.08,183
2026-09-11T18:43:55.350+00:00,4348.54,4348.62,0.08,183
2026-09-11T18:43:55.649+00:00,4348.53,4348.61,0.08,183
2026-09-11T18:43:56.101+00:00,4348.56,4348.64,0.08,183
2026-09-11T18:43:57.590+00:00,4348.55,4348.63,0.08,183
2026-09-11T18:43:58.210+00:00,4348.53,4348.61,0.08,183
2026-09-11T18:43:58.435+00:00,4348.55,4348.63,0.08,183
2026-09-11T18:43:59.591+00:00,4348.53,4348.61,0.08,183
2026-09-11T18:43:59.889+00:00,4348.56,4348.64,0.08,183
2026-09-11T18:44:00.116+00:00,4348.58,4348.66,0.08,183
2026-09-11T18:44:00.604+00:00,4348.53,4348.61,0.08,183
2026-09-11T18:44:00.833+00:00,4348.62,4348.7,0.08,183
2026-09-11T18:44:01.059+00:00,4348.57,4348.65,0.08,183
2026-09-11T18:44:01.300+00:00,4348.86,4348.94,0.08,183
2026-09-11T18:44:01.511+00:00,4348.69,4348.77,0.08,183
2026-09-11T18:44:01.808+00:00,4348.71,4348.79,0.08,183
2026-09-11T18:44:02.032+00:00,4348.61,4348.69,0.08,183
2026-09-11T18:44:02.284+00:00,4348.67,4348.75,0.08,183
2026-09-11T18:44:02.511+00:00,4348.66,4348.74,0.08,183
2026-09-11T18:44:02.872+00:00,4348.6,4348.68,0.08,183
2026-09-11T18:44:03.139+00:00,4348.61,4348.69,0.08,183
2026-09-11T18:44:03.528+00:00,4348.62,4348.7,0.08,184
2026-09-11T18:44:04.118+00:00,4348.66,4348.74,0.08,184
2026-09-11T18:44:04.679+00:00,4348.83,4348.91,0.08,184
2026-09-11T18:44:05.054+00:00,4348.78,4348.86,0.08,184
2026-09-11T18:44:05.277+00:00,4348.74,4348.82,0.08,184
2026-09-11T18:44:05.506+00:00,4348.54,4348.62,0.08,184
2026-09-11T18:44:05.705+00:00,4348.45,4348.53,0.08,184
2026-09-11T18:44:05.954+00:00,4348.58,4348.66,0.08,184
2026-09-11T18:44:06.179+00:00,4348.57,4348.65,0.08,184
2026-09-11T18:44:06.404+00:00,4348.56,4348.64,0.08,184
2026-09-11T18:44:06.633+00:00,4348.6,4348.68,0.08,184
2026-09-11T18:44:06.859+00:00,4348.62,4348.7,0.08,184
2026-09-11T18:44:07.080+00:00,4348.66,4348.74,0.08,184
2026-09-11T18:44:07.306+00:00,4348.54,4348.62,0.08,184
2026-09-11T18:44:07.646+00:00,4348.49,4348.57,0.08,184
2026-09-11T18:44:07.945+00:00,4348.53,4348.61,0.08,184
2026-09-11T18:44:08.272+00:00,4348.52,4348.6,0.08,184
2026-09-11T18:44:08.538+00:00,4348.5,4348.58,0.08,184
2026-09-11T18:44:08.791+00:00,4348.44,4348.52,0.08,184
2026-09-11T18:44:09.015+00:00,4348.43,4348.51,0.08,184
2026-09-11T18:44:09.238+00:00,4348.46,4348.54,0.08,184
2026-09-11T18:44:09.543+00:00,4348.37,4348.45,0.08,184
2026-09-11T18:44:09.768+00:00,4348.35,4348.43,0.08,184
2026-09-11T18:44:09.992+00:00,4348.48,4348.56,0.08,184
2026-09-11T18:44:10.496+00:00,4348.46,4348.54,0.08,184
2026-09-11T18:44:10.706+00:00,4348.52,4348.6,0.08,184
2026-09-11T18:44:11.706+00:00,4348.53,4348.61,0.08,184
2026-09-11T18:44:12.819+00:00,4348.66,4348.74,0.08,184
2026-09-11T18:44:13.043+00:00,4348.4,4348.48,0.08,184
2026-09-11T18:44:13.265+00:00,4348.37,4348.45,0.08,184
2026-09-11T18:44:14.075+00:00,4348.35,4348.44,0.09,184
2026-09-11T18:44:14.299+00:00,4348.37,4348.45,0.08,184
2026-09-11T18:44:14.524+00:00,4348.44,4348.52,0.08,184
2026-09-11T18:44:14.825+00:00,4348.39,4348.47,0.08,184
2026-09-11T18:44:15.351+00:00,4348.47,4348.55,0.08,184
2026-09-11T18:44:15.575+00:00,4348.53,4348.61,0.08,184
2026-09-11T18:44:15.800+00:00,4348.54,4348.62,0.08,184
2026-09-11T18:44:16.200+00:00,4348.52,4348.6,0.08,184
2026-09-11T18:44:16.479+00:00,4348.6,4348.68,0.08,184
2026-09-11T18:44:16.705+00:00,4348.64,4348.72,0.08,184
2026-09-11T18:44:17.163+00:00,4348.72,4348.8,0.08,184
2026-09-11T18:44:18.420+00:00,4348.71,4348.79,0.08,184
2026-09-11T18:44:18.652+00:00,4348.72,4348.8,0.08,184
2026-09-11T18:44:18.871+00:00,4348.71,4348.79,0.08,184
2026-09-11T18:44:19.095+00:00,4348.7,4348.78,0.08,184
2026-09-11T18:44:19.614+00:00,4348.71,4348.79,0.08,184
2026-09-11T18:44:19.926+00:00,4348.51,4348.59,0.08,184
2026-09-11T18:44:20.157+00:00,4348.71,4348.79,0.08,184
2026-09-11T18:44:20.374+00:00,4348.72,4348.8,0.08,184
2026-09-11T18:44:20.599+00:00,4348.74,4348.82,0.08,184
2026-09-11T18:44:20.899+00:00,4348.76,4348.84,0.08,184
2026-09-11T18:44:21.145+00:00,4348.74,4348.82,0.08,184
2026-09-11T18:44:21.684+00:00,4348.72,4348.8,0.08,184
2026-09-11T18:44:21.909+00:00,4348.84,4348.92,0.08,184
2026-09-11T18:44:22.434+00:00,4348.85,4348.93,0.08,184
2026-09-11T18:44:22.883+00:00,4348.65,4348.73,0.08,184
2026-09-11T18:44:23.259+00:00,4348.56,4348.64,0.08,184
2026-09-11T18:44:23.484+00:00,4348.38,4348.46,0.08,184
2026-09-11T18:44:23.707+00:00,4348.34,4348.42,0.08,184
2026-09-11T18:44:23.935+00:00,4348.41,4348.49,0.08,184
2026-09-11T18:44:24.160+00:00,4348.42,4348.5,0.08,184
2026-09-11T18:44:24.534+00:00,4348.36,4348.44,0.08,184
2026-09-11T18:44:24.760+00:00,4348.41,4348.49,0.08,184
2026-09-11T18:44:25.211+00:00,4348.27,4348.35,0.08,184
2026-09-11T18:44:25.585+00:00,4348.56,4348.64,0.08,184
2026-09-11T18:44:25.816+00:00,4348.59,4348.67,0.08,184
2026-09-11T18:44:26.288+00:00,4348.58,4348.66,0.08,184
2026-09-11T18:44:26.512+00:00,4348.73,4348.81,0.08,184
2026-09-11T18:44:26.738+00:00,4348.82,4348.9,0.08,184
2026-09-11T18:44:27.188+00:00,4348.5,4348.58,0.08,184
2026-09-11T18:44:27.488+00:00,4348.57,4348.65,0.08,184
2026-09-11T18:44:27.705+00:00,4348.62,4348.7,0.08,184
2026-09-11T18:44:28.012+00:00,4348.58,4348.66,0.08,184
2026-09-11T18:44:28.761+00:00,4348.6,4348.68,0.08,185
2026-09-11T18:44:29.061+00:00,4348.57,4348.65,0.08,185
2026-09-11T18:44:29.706+00:00,4348.61,4348.69,0.08,185
2026-09-11T18:44:29.939+00:00,4348.73,4348.81,0.08,185
2026-09-11T18:44:30.164+00:00,4348.8,4348.88,0.08,185
2026-09-11T18:44:30.387+00:00,4348.63,4348.72,0.09,185
2026-09-11T18:44:30.706+00:00,4348.61,4348.7,0.09,185
2026-09-11T18:44:30.912+00:00,4348.66,4348.74,0.08,185
2026-09-11T18:44:31.137+00:00,4348.65,4348.73,0.08,185
2026-09-11T18:44:31.467+00:00,4348.68,4348.76,0.08,185
2026-09-11T18:44:31.673+00:00,4348.77,4348.85,0.08,185
2026-09-11T18:44:31.832+00:00,4348.74,4348.82,0.08,185
2026-09-11T18:44:32.049+00:00,4348.87,4348.95,0.08,185
2026-09-11T18:44:32.263+00:00,4348.94,4349.02,0.08,185
2026-09-11T18:44:32.489+00:00,4348.92,4349.0,0.08,185
2026-09-11T18:44:32.706+00:00,4348.88,4348.96,0.08,185
2026-09-11T18:44:32.942+00:00,4348.82,4348.9,0.08,185
2026-09-11T18:44:33.317+00:00,4348.91,4348.99,0.08,185
2026-09-11T18:44:33.546+00:00,4348.87,4348.95,0.08,185
2026-09-11T18:44:33.996+00:00,4348.66,4348.74,0.08,185
2026-09-11T18:44:34.215+00:00,4348.52,4348.6,0.08,185
2026-09-11T18:44:34.440+00:00,4348.55,4348.63,0.08,185
2026-09-11T18:44:35.326+00:00,4348.59,4348.67,0.08,185
2026-09-11T18:44:35.705+00:00,4348.58,4348.66,0.08,185
2026-09-11T18:44:35.925+00:00,4348.67,4348.75,0.08,185
2026-09-11T18:44:36.150+00:00,4348.7,4348.78,0.08,185
2026-09-11T18:44:36.602+00:00,4348.79,4348.87,0.08,185
2026-09-11T18:44:36.825+00:00,4348.75,4348.83,0.08,185
2026-09-11T18:44:37.057+00:00,4348.86,4348.94,0.08,185
2026-09-11T18:44:37.433+00:00,4348.87,4348.95,0.08,185
2026-09-11T18:44:37.706+00:00,4348.86,4348.94,0.08,185
2026-09-11T18:44:37.959+00:00,4348.9,4348.98,0.08,185
2026-09-11T18:44:38.260+00:00,4348.89,4348.97,0.08,185
2026-09-11T18:44:39.028+00:00,4348.9,4348.98,0.08,185
2026-09-11T18:44:39.552+00:00,4348.91,4348.99,0.08,185
2026-09-11T18:44:40.092+00:00,4348.92,4349.0,0.08,185
2026-09-11T18:44:40.317+00:00,4348.76,4348.84,0.08,185
2026-09-11T18:44:40.545+00:00,4348.93,4349.01,0.08,185
2026-09-11T18:44:40.768+00:00,4348.94,4349.02,0.08,185
2026-09-11T18:44:41.142+00:00,4348.88,4348.96,0.08,185
2026-09-11T18:44:41.612+00:00,4348.89,4348.97,0.08,185
2026-09-11T18:44:41.849+00:00,4348.84,4348.92,0.08,185
2026-09-11T18:44:42.321+00:00,4348.69,4348.77,0.08,185
2026-09-11T18:44:42.533+00:00,4348.8,4348.88,0.08,185
2026-09-11T18:44:42.906+00:00,4348.81,4348.89,0.08,185
2026-09-11T18:44:43.210+00:00,4348.78,4348.86,0.08,185
2026-09-11T18:44:43.657+00:00,4348.77,4348.85,0.08,185
2026-09-11T18:44:43.892+00:00,4348.79,4348.87,0.08,185
2026-09-11T18:44:44.118+00:00,4348.8,4348.88,0.08,185
2026-09-11T18:44:45.262+00:00,4348.78,4348.86,0.08,185
2026-09-11T18:44:46.062+00:00,4348.79,4348.87,0.08,185
2026-09-11T18:44:46.767+00:00,4348.93,4349.01,0.08,185
2026-09-11T18:44:47.865+00:00,4348.83,4348.91,0.08,185
2026-09-11T18:44:48.089+00:00,4348.8,4348.88,0.08,185
2026-09-11T18:44:48.316+00:00,4348.93,4349.01,0.08,185
2026-09-11T18:44:48.621+00:00,4348.8,4348.88,0.08,185
2026-09-11T18:44:49.430+00:00,4348.7,4348.78,0.08,185
2026-09-11T18:44:49.705+00:00,4348.68,4348.77,0.09,185
2026-09-11T18:44:49.956+00:00,4348.52,4348.6,0.08,185
2026-09-11T18:44:50.259+00:00,4348.52,4348.61,0.09,185
2026-09-11T18:44:50.558+00:00,4348.67,4348.75,0.08,185
2026-09-11T18:44:50.785+00:00,4348.63,4348.71,0.08,185
2026-09-11T18:44:51.010+00:00,4348.56,4348.64,0.08,185
2026-09-11T18:44:51.255+00:00,4348.58,4348.66,0.08,185
2026-09-11T18:44:51.476+00:00,4348.56,4348.64,0.08,185
2026-09-11T18:44:51.701+00:00,4348.52,4348.6,0.08,185
2026-09-11T18:44:51.929+00:00,4348.71,4348.79,0.08,185
2026-09-11T18:44:52.302+00:00,4348.67,4348.75,0.08,185
2026-09-11T18:44:52.525+00:00,4348.56,4348.64,0.08,185
2026-09-11T18:44:52.824+00:00,4348.58,4348.66,0.08,185
2026-09-11T18:44:53.125+00:00,4348.67,4348.75,0.08,185
2026-09-11T18:44:53.354+00:00,4348.66,4348.74,0.08,185
2026-09-11T18:44:53.649+00:00,4348.67,4348.75,0.08,185
2026-09-11T18:44:53.889+00:00,4348.22,4348.3,0.08,186
2026-09-11T18:44:54.106+00:00,4348.15,4348.25,0.1,186
2026-09-11T18:44:54.332+00:00,4348.18,4348.28,0.1,186
2026-09-11T18:44:54.563+00:00,4348.34,4348.42,0.08,186
2026-09-11T18:44:54.783+00:00,4348.26,4348.34,0.08,186
2026-09-11T18:44:55.080+00:00,4348.25,4348.33,0.08,186
2026-09-11T18:44:55.308+00:00,4348.15,4348.23,0.08,186
2026-09-11T18:44:55.666+00:00,4348.1,4348.18,0.08,186
2026-09-11T18:44:55.970+00:00,4348.08,4348.16,0.08,186
2026-09-11T18:44:56.192+00:00,4348.02,4348.1,0.08,186
2026-09-11T18:44:56.644+00:00,4347.84,4347.92,0.08,186
2026-09-11T18:44:56.874+00:00,4347.88,4347.96,0.08,186
2026-09-11T18:44:57.092+00:00,4347.87,4347.95,0.08,186
2026-09-11T18:44:57.325+00:00,4347.98,4348.06,0.08,186
2026-09-11T18:44:57.542+00:00,4347.87,4347.95,0.08,186
2026-09-11T18:44:57.767+00:00,4347.71,4347.79,0.08,186
2026-09-11T18:44:57.997+00:00,4347.63,4347.72,0.09,186
2026-09-11T18:44:58.219+00:00,4347.62,4347.71,0.09,186
2026-09-11T18:44:58.518+00:00,4347.62,4347.7,0.08,186
2026-09-11T18:44:58.817+00:00,4347.52,4347.6,0.08,186
2026-09-11T18:44:59.706+00:00,4347.51,4347.59,0.08,186
2026-09-11T18:45:00.266+00:00,4347.33,4347.41,0.08,186
2026-09-11T18:45:00.492+00:00,4347.01,4347.09,0.08,186
2026-09-11T18:45:00.708+00:00,4347.1,4347.18,0.08,186
2026-09-11T18:45:00.945+00:00,4347.08,4347.16,0.08,186
2026-09-11T18:45:01.401+00:00,4347.07,4347.17,0.1,186
2026-09-11T18:45:01.628+00:00,4346.93,4347.03,0.1,186
2026-09-11T18:45:01.851+00:00,4347.05,4347.15,0.1,186
2026-09-11T18:45:02.077+00:00,4347.09,4347.19,0.1,186
2026-09-11T18:45:02.304+00:00,4347.13,4347.21,0.08,186
2026-09-11T18:45:02.533+00:00,4346.94,4347.02,0.08,186
2026-09-11T18:45:02.754+00:00,4346.98,4347.06,0.08,186
2026-09-11T18:45:02.978+00:00,4346.96,4347.04,0.08,186
2026-09-11T18:45:03.353+00:00,4347.05,4347.13,0.08,186
2026-09-11T18:45:03.579+00:00,4346.97,4347.05,0.08,186
2026-09-11T18:45:04.179+00:00,4347.03,4347.11,0.08,186
2026-09-11T18:45:04.493+00:00,4347.06,4347.14,0.08,186
2026-09-11T18:45:05.271+00:00,4347.0,4347.08,0.08,186
2026-09-11T18:45:05.557+00:00,4347.06,4347.14,0.08,186
2026-09-11T18:45:05.858+00:00,4346.93,4347.01,0.08,186
2026-09-11T18:45:06.083+00:00,4346.94,4347.02,0.08,186
2026-09-11T18:45:06.307+00:00,4347.46,4347.54,0.08,186
2026-09-11T18:45:06.834+00:00,4347.42,4347.5,0.08,186
2026-09-11T18:45:07.058+00:00,4347.38,4347.46,0.08,186
2026-09-11T18:45:07.358+00:00,4347.34,4347.44,0.1,186
2026-09-11T18:45:07.589+00:00,4347.37,4347.47,0.1,186
2026-09-11T18:45:07.886+00:00,4347.52,4347.6,0.08,186
2026-09-11T18:45:08.110+00:00,4347.54,4347.62,0.08,186
2026-09-11T18:45:08.337+00:00,4347.11,4347.19,0.08,186
2026-09-11T18:45:08.560+00:00,4347.23,4347.31,0.08,186
2026-09-11T18:45:08.785+00:00,4347.37,4347.45,0.08,186
2026-09-11T18:45:09.309+00:00,4347.34,4347.42,0.08,186
2026-09-11T18:45:09.541+00:00,4347.49,4347.57,0.08,186
2026-09-11T18:45:09.987+00:00,4347.52,4347.6,0.08,186
2026-09-11T18:45:10.291+00:00,4347.55,4347.63,0.08,186
2026-09-11T18:45:10.590+00:00,4347.56,4347.65,0.09,186
2026-09-11T18:45:10.828+00:00,4347.29,4347.39,0.1,186
2026-09-11T18:45:11.113+00:00,4347.32,4347.4,0.08,186
2026-09-11T18:45:11.339+00:00,4347.29,4347.37,0.08,186
2026-09-11T18:45:11.563+00:00,4346.74,4346.83,0.09,186
2026-09-11T18:45:11.792+00:00,4346.52,4346.61,0.09,186
2026-09-11T18:45:12.016+00:00,4346.51,4346.6,0.09,186
2026-09-11T18:45:12.246+00:00,4346.62,4346.71,0.09,186
2026-09-11T18:45:12.542+00:00,4346.64,4346.72,0.08,186
2026-09-11T18:45:12.766+00:00,4346.59,4346.67,0.08,186
2026-09-11T18:45:13.009+00:00,4346.47,4346.55,0.08,186
2026-09-11T18:45:13.241+00:00,4346.56,4346.65,0.09,186
2026-09-11T18:45:13.548+00:00,4346.57,4346.65,0.08,186
2026-09-11T18:45:13.762+00:00,4346.49,4346.57,0.08,186
2026-09-11T18:45:14.077+00:00,4346.57,4346.65,0.08,186
2026-09-11T18:45:14.294+00:00,4346.78,4346.86,0.08,186
2026-09-11T18:45:14.523+00:00,4346.83,4346.91,0.08,186
2026-09-11T18:45:14.746+00:00,4346.86,4346.94,0.08,186
2026-09-11T18:45:15.045+00:00,4346.88,4346.96,0.08,186
2026-09-11T18:45:15.290+00:00,4346.97,4347.05,0.08,186
2026-09-11T18:45:15.515+00:00,4347.11,4347.19,0.08,186
2026-09-11T18:45:15.747+00:00,4347.12,4347.2,0.08,186
2026-09-11T18:45:15.970+00:00,4346.94,4347.02,0.08,186
2026-09-11T18:45:16.225+00:00,4346.76,4346.85,0.09,186
2026-09-11T18:45:16.447+00:00,4346.76,4346.86,0.1,186
2026-09-11T18:45:16.682+00:00,4346.75,4346.84,0.09,186
2026-09-11T18:45:16.910+00:00,4346.75,4346.83,0.08,186
2026-09-11T18:45:17.166+00:00,4346.82,4346.9,0.08,186
2026-09-11T18:45:17.390+00:00,4346.85,4346.93,0.08,186
2026-09-11T18:45:17.840+00:00,4346.81,4346.89,0.08,186
2026-09-11T18:45:18.066+00:00,4346.77,4346.85,0.08,186
2026-09-11T18:45:18.290+00:00,4346.77,4346.87,0.1,186
2026-09-11T18:45:18.513+00:00,4346.74,4346.82,0.08,186
2026-09-11T18:45:18.740+00:00,4346.81,4346.89,0.08,186
2026-09-11T18:45:18.963+00:00,4346.77,4346.85,0.08,187
2026-09-11T18:45:19.191+00:00,4346.67,4346.75,0.08,187
2026-09-11T18:45:19.416+00:00,4346.54,4346.62,0.08,187
2026-09-11T18:45:19.939+00:00,4346.53,4346.63,0.1,187
2026-09-11T18:45:20.172+00:00,4346.5,4346.6,0.1,187
2026-09-11T18:45:20.392+00:00,4346.28,4346.37,0.09,187
2026-09-11T18:45:20.705+00:00,4346.29,4346.37,0.08,187
2026-09-11T18:45:20.933+00:00,4346.3,4346.38,0.08,187
2026-09-11T18:45:21.171+00:00,4346.28,4346.36,0.08,187
2026-09-11T18:45:21.395+00:00,4346.24,4346.33,0.09,187
2026-09-11T18:45:21.621+00:00,4346.25,4346.35,0.1,187
2026-09-11T18:45:21.846+00:00,4346.23,4346.33,0.1,187
2026-09-11T18:45:22.149+00:00,4346.27,4346.37,0.1,187
2026-09-11T18:45:22.371+00:00,4346.15,4346.23,0.08,187
2026-09-11T18:45:22.598+00:00,4346.15,4346.24,0.09,187
2026-09-11T18:45:23.082+00:00,4346.23,4346.33,0.1,187
2026-09-11T18:45:23.298+00:00,4346.15,4346.25,0.1,187
2026-09-11T18:45:23.705+00:00,4346.17,4346.26,0.09,187
2026-09-11T18:45:24.109+00:00,4346.16,4346.24,0.08,187
2026-09-11T18:45:24.325+00:00,4346.16,4346.26,0.1,187
2026-09-11T18:45:25.068+00:00,4346.17,4346.27,0.1,187
2026-09-11T18:45:25.298+00:00,4346.11,4346.19,0.08,187
2026-09-11T18:45:25.593+00:00,4346.03,4346.11,0.08,187
2026-09-11T18:45:25.817+00:00,4346.02,4346.12,0.1,187
2026-09-11T18:45:26.047+00:00,4346.06,4346.17,0.11,187
2026-09-11T18:45:26.288+00:00,4346.07,4346.17,0.1,187
2026-09-11T18:45:26.592+00:00,4346.06,4346.15,0.09,187
2026-09-11T18:45:26.823+00:00,4346.14,4346.22,0.08,187
2026-09-11T18:45:27.119+00:00,4346.07,4346.16,0.09,187
2026-09-11T18:45:27.347+00:00,4346.08,4346.18,0.1,187
2026-09-11T18:45:27.646+00:00,4346.28,4346.38,0.1,187
2026-09-11T18:45:27.871+00:00,4346.38,4346.46,0.08,187
2026-09-11T18:45:28.171+00:00,4346.43,4346.51,0.08,187
2026-09-11T18:45:28.439+00:00,4346.3,4346.38,0.08,187
2026-09-11T18:45:28.679+00:00,4346.33,4346.41,0.08,187
2026-09-11T18:45:28.904+00:00,4346.37,4346.46,0.09,187
2026-09-11T18:45:29.130+00:00,4346.53,4346.61,0.08,187
2026-09-11T18:45:29.357+00:00,4346.33,4346.42,0.09,187
2026-09-11T18:45:29.582+00:00,4346.24,4346.34,0.1,187
2026-09-11T18:45:29.841+00:00,4346.24,4346.35,0.11,187
2026-09-11T18:45:30.061+00:00,4346.51,4346.6,0.09,187
2026-09-11T18:45:30.317+00:00,4346.5,4346.59,0.09,187
2026-09-11T18:45:30.556+00:00,4346.55,4346.63,0.08,187
2026-09-11T18:45:30.782+00:00,4346.22,4346.31,0.09,187
2026-09-11T18:45:31.005+00:00,4346.24,4346.34,0.1,187
2026-09-11T18:45:31.233+00:00,4346.23,4346.32,0.09,187
2026-09-11T18:45:31.456+00:00,4346.3,4346.38,0.08,187
2026-09-11T18:45:32.065+00:00,4346.27,4346.35,0.08,187
2026-09-11T18:45:32.287+00:00,4346.51,4346.59,0.08,187
2026-09-11T18:45:32.813+00:00,4346.54,4346.62,0.08,187
2026-09-11T18:45:33.339+00:00,4346.52,4346.62,0.1,187
2026-09-11T18:45:33.563+00:00,4346.35,4346.45,0.1,187
2026-09-11T18:45:33.789+00:00,4346.56,4346.66,0.1,187
2026-09-11T18:45:34.094+00:00,4346.57,4346.65,0.08,187
2026-09-11T18:45:34.326+00:00,4346.58,4346.67,0.09,187
2026-09-11T18:45:34.588+00:00,4346.56,4346.66,0.1,187
2026-09-11T18:45:34.881+00:00,4346.55,4346.65,0.1,187
2026-09-11T18:45:35.182+00:00,4346.5,4346.61,0.11,187
2026-09-11T18:45:35.409+00:00,4346.48,4346.6,0.12,187
2026-09-11T18:45:35.633+00:00,4346.48,4346.59,0.11,187
2026-09-11T18:45:35.860+00:00,4346.51,4346.61,0.1,187
2026-09-11T18:45:36.084+00:00,4346.56,4346.65,0.09,187
2026-09-11T18:45:36.307+00:00,4346.51,4346.6,0.09,187
2026-09-11T18:45:36.569+00:00,4346.54,4346.64,0.1,187
2026-09-11T18:45:36.794+00:00,4346.58,4346.66,0.08,187
2026-09-11T18:45:37.244+00:00,4346.63,4346.73,0.1,187
2026-09-11T18:45:37.473+00:00,4346.61,4346.71,0.1,187
2026-09-11T18:45:37.705+00:00,4346.61,4346.69,0.08,187
2026-09-11T18:45:38.224+00:00,4346.4,4346.48,0.08,187
2026-09-11T18:45:38.524+00:00,4346.36,4346.44,0.08,187
2026-09-11T18:45:38.855+00:00,4346.3,4346.38,0.08,187
2026-09-11T18:45:39.084+00:00,4346.22,4346.3,0.08,187
2026-09-11T18:45:39.314+00:00,4346.19,4346.27,0.08,187
2026-09-11T18:45:39.833+00:00,4346.06,4346.14,0.08,187
2026-09-11T18:45:40.060+00:00,4346.0,4346.08,0.08,187
2026-09-11T18:45:40.584+00:00,4346.1,4346.19,0.09,187
2026-09-11T18:45:40.835+00:00,4346.12,4346.2,0.08,187
2026-09-11T18:45:41.060+00:00,4346.15,4346.23,0.08,187
2026-09-11T18:45:41.437+00:00,4346.26,4346.34,0.08,187
2026-09-11T18:45:41.707+00:00,4346.32,4346.4,0.08,187
2026-09-11T18:45:41.932+00:00,4346.29,4346.37,0.08,187
2026-09-11T18:45:42.152+00:00,4346.28,4346.38,0.1,187
2026-09-11T18:45:42.383+00:00,4345.98,4346.08,0.1,187
2026-09-11T18:45:42.609+00:00,4346.07,4346.17,0.1,187
2026-09-11T18:45:42.833+00:00,4345.86,4345.96,0.1,187
2026-09-11T18:45:43.054+00:00,4345.89,4345.97,0.08,187
2026-09-11T18:45:43.430+00:00,4345.69,4345.77,0.08,187
2026-09-11T18:45:43.655+00:00,4345.62,4345.7,0.08,187
2026-09-11T18:45:43.968+00:00,4345.56,4345.64,0.08,187
2026-09-11T18:45:44.621+00:00,4345.78,4345.88,0.1,188
2026-09-11T18:45:44.864+00:00,4345.74,4345.82,0.08,188
2026-09-11T18:45:45.087+00:00,4345.78,4345.86,0.08,188
2026-09-11T18:45:45.314+00:00,4345.92,4346.0,0.08,188
2026-09-11T18:45:45.537+00:00,4345.89,4345.97,0.08,188
2026-09-11T18:45:45.840+00:00,4345.91,4345.99,0.08,188
2026-09-11T18:45:46.063+00:00,4345.93,4346.01,0.08,188
2026-09-11T18:45:46.516+00:00,4345.92,4346.01,0.09,188
2026-09-11T18:45:46.737+00:00,4345.78,4345.9,0.12,188
2026-09-11T18:45:47.115+00:00,4345.63,4345.71,0.08,188
2026-09-11T18:45:47.528+00:00,4345.83,4345.91,0.08,188
2026-09-11T18:45:48.119+00:00,4345.83,4345.92,0.09,188
2026-09-11T18:45:48.937+00:00,4345.63,4345.73,0.1,188
2026-09-11T18:45:49.161+00:00,4345.62,4345.71,0.09,188
2026-09-11T18:45:49.813+00:00,4345.77,4345.85,0.08,188
2026-09-11T18:45:49.840+00:00,4345.81,4345.89,0.08,188
2026-09-11T18:45:50.319+00:00,4345.85,4345.93,0.08,188
2026-09-11T18:45:50.549+00:00,4345.66,4345.74,0.08,188
2026-09-11T18:45:50.774+00:00,4345.47,4345.56,0.09,188
2026-09-11T18:45:50.996+00:00,4345.53,4345.61,0.08,188
2026-09-11T18:45:51.220+00:00,4345.58,4345.66,0.08,188
2026-09-11T18:45:51.445+00:00,4345.48,4345.56,0.08,188
2026-09-11T18:45:52.594+00:00,4345.52,4345.6,0.08,188
2026-09-11T18:45:52.822+00:00,4345.59,4345.67,0.08,188
2026-09-11T18:45:53.059+00:00,4345.87,4345.95,0.08,188
2026-09-11T18:45:53.566+00:00,4345.84,4345.92,0.08,188
2026-09-11T18:45:53.794+00:00,4345.63,4345.71,0.08,188
2026-09-11T18:45:54.023+00:00,4345.5,4345.58,0.08,188
2026-09-11T18:45:54.396+00:00,4345.44,4345.53,0.09,188
2026-09-11T18:45:54.617+00:00,4345.51,4345.6,0.09,188
2026-09-11T18:45:54.859+00:00,4345.61,4345.69,0.08,188
2026-09-11T18:45:55.459+00:00,4345.6,4345.68,0.08,188
2026-09-11T18:45:55.685+00:00,4345.68,4345.76,0.08,188
2026-09-11T18:45:55.910+00:00,4345.67,4345.75,0.08,188
2026-09-11T18:45:56.209+00:00,4345.65,4345.73,0.08,188
2026-09-11T18:45:56.440+00:00,4345.58,4345.66,0.08,188
2026-09-11T18:45:56.705+00:00,4345.57,4345.65,0.08,188
2026-09-11T18:45:56.981+00:00,4345.47,4345.56,0.09,188
2026-09-11T18:45:57.673+00:00,4345.18,4345.27,0.09,188
2026-09-11T18:45:57.900+00:00,4345.13,4345.22,0.09,188
2026-09-11T18:45:58.124+00:00,4345.11,4345.2,0.09,188
2026-09-11T18:45:58.424+00:00,4345.12,4345.2,0.08,188
2026-09-11T18:45:58.940+00:00,4345.11,4345.19,0.08,188
2026-09-11T18:45:59.224+00:00,4345.3,4345.38,0.08,188
2026-09-11T18:45:59.446+00:00,4345.28,4345.36,0.08,188
2026-09-11T18:45:59.833+00:00,4345.26,4345.34,0.08,188
2026-09-11T18:46:00.047+00:00,4345.35,4345.43,0.08,188
2026-09-11T18:46:00.338+00:00,4345.13,4345.21,0.08,188
2026-09-11T18:46:00.644+00:00,4345.12,4345.2,0.08,188
2026-09-11T18:46:00.916+00:00,4345.23,4345.31,0.08,188
2026-09-11T18:46:01.089+00:00,4345.43,4345.51,0.08,188
2026-09-11T18:46:01.620+00:00,4345.35,4345.43,0.08,188
2026-09-11T18:46:01.842+00:00,4345.34,4345.42,0.08,188
2026-09-11T18:46:02.068+00:00,4345.32,4345.4,0.08,188
2026-09-11T18:46:02.446+00:00,4345.48,4345.56,0.08,188
2026-09-11T18:46:02.711+00:00,4345.23,4345.31,0.08,188
2026-09-11T18:46:02.906+00:00,4345.27,4345.35,0.08,188
2026-09-11T18:46:03.358+00:00,4345.15,4345.23,0.08,188
2026-09-11T18:46:03.820+00:00,4345.16,4345.24,0.08,188
2026-09-11T18:46:04.133+00:00,4345.13,4345.21,0.08,188
2026-09-11T18:46:04.364+00:00,4345.04,4345.12,0.08,188
2026-09-11T18:46:04.585+00:00,4345.03,4345.12,0.09,188
2026-09-11T18:46:04.807+00:00,4345.03,4345.13,0.1,188
2026-09-11T18:46:05.035+00:00,4345.07,4345.15,0.08,188
2026-09-11T18:46:05.455+00:00,4345.06,4345.14,0.08,188
2026-09-11T18:46:05.706+00:00,4345.07,4345.15,0.08,188
2026-09-11T18:46:06.000+00:00,4345.03,4345.11,0.08,188
2026-09-11T18:46:06.306+00:00,4345.49,4345.57,0.08,188
2026-09-11T18:46:06.531+00:00,4345.71,4345.79,0.08,188
2026-09-11T18:46:06.745+00:00,4345.69,4345.77,0.08,188
2026-09-11T18:46:06.978+00:00,4345.68,4345.76,0.08,188
2026-09-11T18:46:07.198+00:00,4345.75,4345.83,0.08,188
2026-09-11T18:46:07.420+00:00,4345.77,4345.85,0.08,188
2026-09-11T18:46:07.648+00:00,4345.76,4345.84,0.08,188
2026-09-11T18:46:08.201+00:00,4345.83,4345.91,0.08,188
2026-09-11T18:46:08.202+00:00,4345.79,4345.87,0.08,188
2026-09-11T18:46:08.547+00:00,4345.76,4345.84,0.08,188
2026-09-11T18:46:08.771+00:00,4345.71,4345.79,0.08,188
2026-09-11T18:46:09.006+00:00,4345.78,4345.86,0.08,189
2026-09-11T18:46:09.231+00:00,4345.77,4345.87,0.1,189
2026-09-11T18:46:09.452+00:00,4345.82,4345.94,0.12,189
2026-09-11T18:46:09.754+00:00,4345.72,4345.83,0.11,189
2026-09-11T18:46:09.974+00:00,4345.74,4345.84,0.1,189
2026-09-11T18:46:10.207+00:00,4345.53,4345.63,0.1,189
2026-09-11T18:46:10.424+00:00,4345.58,4345.67,0.09,189
2026-09-11T18:46:10.648+00:00,4345.59,4345.67,0.08,189
2026-09-11T18:46:10.874+00:00,4345.53,4345.61,0.08,189
2026-09-11T18:46:11.102+00:00,4345.48,4345.56,0.08,189
2026-09-11T18:46:11.323+00:00,4345.55,4345.63,0.08,189
2026-09-11T18:46:11.626+00:00,4345.51,4345.59,0.08,189
2026-09-11T18:46:11.925+00:00,4345.47,4345.55,0.08,189
2026-09-11T18:46:12.151+00:00,4345.5,4345.58,0.08,189
2026-09-11T18:46:12.376+00:00,4345.43,4345.51,0.08,189
2026-09-11T18:46:12.704+00:00,4345.44,4345.52,0.08,189
2026-09-11T18:46:12.925+00:00,4345.47,4345.55,0.08,189
2026-09-11T18:46:13.226+00:00,4345.55,4345.63,0.08,189
2026-09-11T18:46:13.726+00:00,4345.6,4345.68,0.08,189
2026-09-11T18:46:14.134+00:00,4345.71,4345.79,0.08,189
2026-09-11T18:46:14.354+00:00,4345.52,4345.6,0.08,189
2026-09-11T18:46:14.688+00:00,4345.76,4345.84,0.08,189
2026-09-11T18:46:15.342+00:00,4345.77,4345.85,0.08,189
2026-09-11T18:46:15.566+00:00,4345.89,4345.97,0.08,189
2026-09-11T18:46:16.171+00:00,4345.84,4345.94,0.1,189
2026-09-11T18:46:16.395+00:00,4346.09,4346.17,0.08,189
2026-09-11T18:46:16.622+00:00,4345.98,4346.06,0.08,189
2026-09-11T18:46:16.846+00:00,4346.04,4346.12,0.08,189
2026-09-11T18:46:17.072+00:00,4346.01,4346.09,0.08,189
2026-09-11T18:46:17.307+00:00,4346.16,4346.24,0.08,189
2026-09-11T18:46:17.528+00:00,4346.24,4346.32,0.08,189
2026-09-11T18:46:17.754+00:00,4346.27,4346.35,0.08,189
2026-09-11T18:46:17.976+00:00,4346.35,4346.43,0.08,189
2026-09-11T18:46:18.204+00:00,4346.51,4346.59,0.08,189
2026-09-11T18:46:18.427+00:00,4346.39,4346.47,0.08,189
2026-09-11T18:46:18.652+00:00,4346.36,4346.44,0.08,189
2026-09-11T18:46:18.877+00:00,4346.35,4346.44,0.09,189
2026-09-11T18:46:19.103+00:00,4346.32,4346.42,0.1,189
2026-09-11T18:46:19.327+00:00,4346.35,4346.44,0.09,189
2026-09-11T18:46:19.704+00:00,4346.34,4346.43,0.09,189
2026-09-11T18:46:20.156+00:00,4346.34,4346.42,0.08,189
2026-09-11T18:46:20.720+00:00,4346.33,4346.41,0.08,189
2026-09-11T18:46:20.940+00:00,4346.11,4346.19,0.08,189
2026-09-11T18:46:21.190+00:00,4346.09,4346.18,0.09,189
2026-09-11T18:46:21.416+00:00,4345.95,4346.03,0.08,189
2026-09-11T18:46:21.703+00:00,4345.97,4346.06,0.09,189
2026-09-11T18:46:21.939+00:00,4346.01,4346.09,0.08,189
2026-09-11T18:46:22.165+00:00,4346.03,4346.11,0.08,189
2026-09-11T18:46:22.468+00:00,4346.06,4346.14,0.08,189
2026-09-11T18:46:22.705+00:00,4346.03,4346.11,0.08,189
2026-09-11T18:46:22.930+00:00,4346.23,4346.31,0.08,189
2026-09-11T18:46:23.156+00:00,4346.04,4346.12,0.08,189
2026-09-11T18:46:23.459+00:00,4346.12,4346.2,0.08,189
2026-09-11T18:46:23.829+00:00,4346.01,4346.09,0.08,189
2026-09-11T18:46:24.094+00:00,4346.15,4346.23,0.08,189
2026-09-11T18:46:24.324+00:00,4346.11,4346.19,0.08,189
2026-09-11T18:46:24.979+00:00,4346.12,4346.2,0.08,189
2026-09-11T18:46:25.594+00:00,4346.17,4346.25,0.08,189
2026-09-11T18:46:26.043+00:00,4346.13,4346.21,0.08,189
2026-09-11T18:46:26.641+00:00,4346.12,4346.2,0.08,189
2026-09-11T18:46:26.704+00:00,4346.13,4346.21,0.08,189
2026-09-11T18:46:26.945+00:00,4346.17,4346.25,0.08,189
2026-09-11T18:46:27.260+00:00,4346.02,4346.1,0.08,189
2026-09-11T18:46:27.485+00:00,4345.9,4345.98,0.08,189
2026-09-11T18:46:27.704+00:00,4345.89,4345.97,0.08,189
2026-09-11T18:46:28.085+00:00,4346.03,4346.11,0.08,189
2026-09-11T18:46:28.313+00:00,4346.05,4346.13,0.08,189
2026-09-11T18:46:28.539+00:00,4346.27,4346.35,0.08,189
2026-09-11T18:46:28.762+00:00,4346.3,4346.38,0.08,189
2026-09-11T18:46:28.988+00:00,4346.18,4346.28,0.1,189
2026-09-11T18:46:29.211+00:00,4346.25,4346.34,0.09,189
2026-09-11T18:46:29.437+00:00,4346.28,4346.36,0.08,189
2026-09-11T18:46:29.644+00:00,4346.23,4346.31,0.08,189
2026-09-11T18:46:29.869+00:00,4346.24,4346.33,0.09,189
2026-09-11T18:46:30.549+00:00,4346.25,4346.33,0.08,189
2026-09-11T18:46:30.888+00:00,4346.22,4346.3,0.08,189
2026-09-11T18:46:31.152+00:00,4346.27,4346.35,0.08,189
2026-09-11T18:46:31.634+00:00,4346.2,4346.29,0.09,189
2026-09-11T18:46:31.857+00:00,4346.18,4346.27,0.09,189
2026-09-11T18:46:32.310+00:00,4346.01,4346.1,0.09,189
2026-09-11T18:46:32.538+00:00,4346.23,4346.31,0.08,189
2026-09-11T18:46:32.760+00:00,4346.21,4346.29,0.08,189
2026-09-11T18:46:33.358+00:00,4346.19,4346.27,0.08,189
2026-09-11T18:46:34.574+00:00,4346.18,4346.26,0.08,189
2026-09-11T18:46:34.799+00:00,4346.31,4346.39,0.08,190
2026-09-11T18:46:35.098+00:00,4346.32,4346.4,0.08,190
2026-09-11T18:46:35.700+00:00,4346.22,4346.3,0.08,190
2026-09-11T18:46:36.303+00:00,4346.21,4346.29,0.08,190
2026-09-11T18:46:36.703+00:00,4346.18,4346.26,0.08,190
2026-09-11T18:46:36.904+00:00,4346.23,4346.32,0.09,190
2026-09-11T18:46:37.704+00:00,4346.22,4346.3,0.08,190
2026-09-11T18:46:38.053+00:00,4346.03,4346.11,0.08,190
2026-09-11T18:46:38.656+00:00,4346.18,4346.26,0.08,190
2026-09-11T18:46:40.462+00:00,4346.17,4346.25,0.08,190
2026-09-11T18:46:40.704+00:00,4346.01,4346.09,0.08,190
2026-09-11T18:46:41.199+00:00,4346.15,4346.23,0.08,190
2026-09-11T18:46:41.424+00:00,4345.78,4345.86,0.08,190
2026-09-11T18:46:41.704+00:00,4345.68,4345.76,0.08,190
2026-09-11T18:46:41.956+00:00,4345.7,4345.8,0.1,190
2026-09-11T18:46:42.182+00:00,4345.71,4345.79,0.08,190
2026-09-11T18:46:42.409+00:00,4345.8,4345.88,0.08,190
2026-09-11T18:46:42.704+00:00,4345.91,4345.99,0.08,190
2026-09-11T18:46:43.240+00:00,4345.74,4345.82,0.08,190
2026-09-11T18:46:43.463+00:00,4345.7,4345.79,0.09,190
2026-09-11T18:46:43.913+00:00,4345.65,4345.73,0.08,190
2026-09-11T18:46:44.704+00:00,4345.63,4345.71,0.08,190
2026-09-11T18:46:45.148+00:00,4345.66,4345.74,0.08,190
2026-09-11T18:46:45.373+00:00,4346.04,4346.12,0.08,190
2026-09-11T18:46:45.972+00:00,4346.12,4346.2,0.08,190
2026-09-11T18:46:46.196+00:00,4346.08,4346.16,0.08,190
2026-09-11T18:46:46.420+00:00,4345.98,4346.06,0.08,190
2026-09-11T18:46:46.673+00:00,4345.99,4346.09,0.1,190
2026-09-11T18:46:46.924+00:00,4345.99,4346.07,0.08,190
2026-09-11T18:46:47.097+00:00,4346.04,4346.12,0.08,190
2026-09-11T18:46:47.690+00:00,4346.05,4346.13,0.08,190
2026-09-11T18:46:48.070+00:00,4346.11,4346.19,0.08,190
2026-09-11T18:46:48.352+00:00,4346.09,4346.17,0.08,190
2026-09-11T18:46:48.890+00:00,4346.11,4346.19,0.08,190
2026-09-11T18:46:48.949+00:00,4345.84,4345.92,0.08,190
2026-09-11T18:46:49.174+00:00,4345.81,4345.89,0.08,190
2026-09-11T18:46:49.504+00:00,4345.79,4345.87,0.08,190
2026-09-11T18:46:49.769+00:00,4345.75,4345.83,0.08,190
2026-09-11T18:46:50.651+00:00,4345.77,4345.85,0.08,190
2026-09-11T18:46:50.874+00:00,4345.59,4345.68,0.09,190
2026-09-11T18:46:51.099+00:00,4345.59,4345.67,0.08,190
2026-09-11T18:46:51.324+00:00,4345.58,4345.66,0.08,190
2026-09-11T18:46:51.549+00:00,4345.56,4345.64,0.08,190
2026-09-11T18:46:52.061+00:00,4345.75,4345.83,0.08,190
2026-09-11T18:46:52.284+00:00,4345.82,4345.9,0.08,190
2026-09-11T18:46:52.584+00:00,4345.61,4345.69,0.08,190
2026-09-11T18:46:52.822+00:00,4345.63,4345.71,0.08,190
2026-09-11T18:46:53.036+00:00,4345.53,4345.61,0.08,190
2026-09-11T18:46:53.337+00:00,4345.48,4345.56,0.08,190
2026-09-11T18:46:53.828+00:00,4345.47,4345.55,0.08,190
2026-09-11T18:46:54.055+00:00,4345.67,4345.75,0.08,190
2026-09-11T18:46:54.431+00:00,4345.65,4345.73,0.08,190
2026-09-11T18:46:55.711+00:00,4345.64,4345.72,0.08,190
2026-09-11T18:46:56.703+00:00,4345.62,4345.7,0.08,190
2026-09-11T18:46:57.364+00:00,4345.67,4345.75,0.08,190
2026-09-11T18:46:57.704+00:00,4345.68,4345.76,0.08,190
2026-09-11T18:46:58.210+00:00,4345.62,4345.7,0.08,190
2026-09-11T18:46:58.703+00:00,4345.46,4345.54,0.08,190
2026-09-11T18:46:58.929+00:00,4345.65,4345.73,0.08,190
2026-09-11T18:46:59.333+00:00,4345.61,4345.69,0.08,190
2026-09-11T18:46:59.623+00:00,4345.63,4345.71,0.08,190
2026-09-11T18:46:59.977+00:00,4345.73,4345.81,0.08,191
2026-09-11T18:47:00.200+00:00,4345.74,4345.82,0.08,191
2026-09-11T18:47:00.424+00:00,4345.72,4345.8,0.08,191
2026-09-11T18:47:00.783+00:00,4345.8,4345.88,0.08,191
2026-09-11T18:47:01.084+00:00,4345.79,4345.87,0.08,191
2026-09-11T18:47:01.534+00:00,4345.64,4345.72,0.08,191
2026-09-11T18:47:01.757+00:00,4345.65,4345.73,0.08,191
2026-09-11T18:47:02.133+00:00,4345.64,4345.72,0.08,191
2026-09-11T18:47:02.358+00:00,4345.68,4345.76,0.08,191
2026-09-11T18:47:02.606+00:00,4345.67,4345.75,0.08,191
2026-09-11T18:47:02.920+00:00,4345.77,4345.85,0.08,191
2026-09-11T18:47:03.509+00:00,4345.82,4345.9,0.08,191
2026-09-11T18:47:03.780+00:00,4345.94,4346.02,0.08,191
2026-09-11T18:47:04.008+00:00,4346.24,4346.32,0.08,191
2026-09-11T18:47:04.229+00:00,4346.17,4346.25,0.08,191
2026-09-11T18:47:04.460+00:00,4346.12,4346.2,0.08,191
2026-09-11T18:47:04.681+00:00,4346.1,4346.18,0.08,191
2026-09-11T18:47:04.905+00:00,4346.04,4346.12,0.08,191
2026-09-11T18:47:05.282+00:00,4346.07,4346.15,0.08,191
2026-09-11T18:47:05.647+00:00,4346.09,4346.18,0.09,191
2026-09-11T18:47:06.574+00:00,4346.08,4346.16,0.08,191
2026-09-11T18:47:06.799+00:00,4346.04,4346.12,0.08,191
2026-09-11T18:47:07.024+00:00,4346.03,4346.11,0.08,191
2026-09-11T18:47:07.325+00:00,4345.92,4346.0,0.08,191
2026-09-11T18:47:07.558+00:00,4345.93,4346.01,0.08,191
2026-09-11T18:47:07.783+00:00,4345.91,4345.99,0.08,191
2026-09-11T18:47:08.083+00:00,4345.81,4345.89,0.08,191
2026-09-11T18:47:08.390+00:00,4345.74,4345.82,0.08,191
2026-09-11T18:47:09.274+00:00,4345.88,4345.96,0.08,191
2026-09-11T18:47:09.500+00:00,4345.98,4346.06,0.08,191
2026-09-11T18:47:09.708+00:00,4346.0,4346.08,0.08,191
2026-09-11T18:47:10.024+00:00,4345.88,4345.96,0.08,191
2026-09-11T18:47:10.323+00:00,4345.68,4345.76,0.08,191
2026-09-11T18:47:11.067+00:00,4345.7,4345.78,0.08,191
2026-09-11T18:47:11.620+00:00,4345.69,4345.77,0.08,191
2026-09-11T18:47:12.650+00:00,4345.75,4345.83,0.08,191
2026-09-11T18:47:12.651+00:00,4345.79,4345.87,0.08,191
2026-09-11T18:47:13.056+00:00,4345.92,4346.0,0.08,191
2026-09-11T18:47:13.405+00:00,4345.81,4345.89,0.08,191
2026-09-11T18:47:13.628+00:00,4345.97,4346.05,0.08,191
2026-09-11T18:47:13.853+00:00,4346.05,4346.13,0.08,191
2026-09-11T18:47:14.077+00:00,4346.04,4346.12,0.08,191
2026-09-11T18:47:14.304+00:00,4346.01,4346.09,0.08,191
2026-09-11T18:47:14.860+00:00,4345.99,4346.07,0.08,191
2026-09-11T18:47:15.083+00:00,4346.06,4346.14,0.08,191
2026-09-11T18:47:15.312+00:00,4346.15,4346.23,0.08,191
2026-09-11T18:47:15.710+00:00,4346.14,4346.22,0.08,191
2026-09-11T18:47:15.908+00:00,4346.04,4346.12,0.08,191
2026-09-11T18:47:16.214+00:00,4346.05,4346.13,0.08,191
2026-09-11T18:47:16.438+00:00,4346.1,4346.18,0.08,191
2026-09-11T18:47:16.704+00:00,4346.14,4346.22,0.08,191
2026-09-11T18:47:16.962+00:00,4345.99,4346.07,0.08,191
2026-09-11T18:47:17.187+00:00,4346.02,4346.1,0.08,191
2026-09-11T18:47:17.706+00:00,4345.9,4345.98,0.08,191
2026-09-11T18:47:18.048+00:00,4345.92,4346.0,0.08,191
2026-09-11T18:47:18.273+00:00,4345.88,4345.96,0.08,191
2026-09-11T18:47:18.497+00:00,4346.04,4346.12,0.08,191
2026-09-11T18:47:18.873+00:00,4345.97,4346.05,0.08,191
2026-09-11T18:47:19.097+00:00,4345.95,4346.03,0.08,191
2026-09-11T18:47:19.398+00:00,4345.86,4345.94,0.08,191
2026-09-11T18:47:19.626+00:00,4346.05,4346.13,0.08,191
2026-09-11T18:47:19.848+00:00,4346.21,4346.29,0.08,191
2026-09-11T18:47:20.074+00:00,4346.27,4346.35,0.08,191
2026-09-11T18:47:20.298+00:00,4346.29,4346.37,0.08,191
2026-09-11T18:47:20.598+00:00,4346.27,4346.35,0.08,191
2026-09-11T18:47:20.825+00:00,4346.3,4346.38,0.08,191
2026-09-11T18:47:21.124+00:00,4346.29,4346.37,0.08,191
2026-09-11T18:47:21.349+00:00,4346.3,4346.38,0.08,191
2026-09-11T18:47:21.574+00:00,4346.18,4346.26,0.08,191
2026-09-11T18:47:22.035+00:00,4346.17,4346.25,0.08,191
2026-09-11T18:47:22.262+00:00,4346.21,4346.29,0.08,191
2026-09-11T18:47:22.483+00:00,4346.25,4346.33,0.08,191
2026-09-11T18:47:22.953+00:00,4346.21,4346.29,0.08,191
2026-09-11T18:47:23.628+00:00,4346.19,4346.27,0.08,191
2026-09-11T18:47:23.854+00:00,4345.92,4346.0,0.08,191
2026-09-11T18:47:24.078+00:00,4346.04,4346.12,0.08,191
2026-09-11T18:47:24.337+00:00,4346.01,4346.09,0.08,191
2026-09-11T18:47:24.527+00:00,4346.51,4346.59,0.08,191
2026-09-11T18:47:24.753+00:00,4346.38,4346.46,0.08,191
2026-09-11T18:47:24.978+00:00,4346.36,4346.44,0.08,192
2026-09-11T18:47:25.204+00:00,4346.37,4346.45,0.08,192
2026-09-11T18:47:25.958+00:00,4346.56,4346.64,0.08,192
2026-09-11T18:47:26.194+00:00,4346.46,4346.54,0.08,192
2026-09-11T18:47:26.411+00:00,4346.43,4346.51,0.08,192
2026-09-11T18:47:26.706+00:00,4346.4,4346.48,0.08,192
2026-09-11T18:47:26.936+00:00,4346.12,4346.21,0.09,192
2026-09-11T18:47:27.173+00:00,4346.12,4346.2,0.08,192
2026-09-11T18:47:27.483+00:00,4346.11,4346.19,0.08,192
2026-09-11T18:47:27.703+00:00,4346.2,4346.28,0.08,192
2026-09-11T18:47:27.932+00:00,4346.13,4346.21,0.08,192
2026-09-11T18:47:28.272+00:00,4346.11,4346.19,0.08,192
2026-09-11T18:47:28.704+00:00,4346.14,4346.22,0.08,192
2026-09-11T18:47:29.008+00:00,4346.09,4346.17,0.08,192
2026-09-11T18:47:29.306+00:00,4346.17,4346.25,0.08,192
2026-09-11T18:47:29.702+00:00,4346.15,4346.23,0.08,192
2026-09-11T18:47:29.926+00:00,4346.2,4346.28,0.08,192
2026-09-11T18:47:30.505+00:00,4346.19,4346.27,0.08,192
2026-09-11T18:47:30.731+00:00,4346.31,4346.39,0.08,192
2026-09-11T18:47:30.958+00:00,4346.42,4346.5,0.08,192
2026-09-11T18:47:31.186+00:00,4346.43,4346.51,0.08,192
2026-09-11T18:47:31.479+00:00,4346.45,4346.53,0.08,192
2026-09-11T18:47:31.703+00:00,4346.4,4346.48,0.08,192
2026-09-11T18:47:32.005+00:00,4346.18,4346.26,0.08,192
2026-09-11T18:47:32.380+00:00,4346.16,4346.25,0.09,192
2026-09-11T18:47:32.606+00:00,4346.24,4346.32,0.08,192
2026-09-11T18:47:33.559+00:00,4346.35,4346.43,0.08,192
2026-09-11T18:47:33.799+00:00,4346.23,4346.31,0.08,192
2026-09-11T18:47:35.009+00:00,4346.17,4346.25,0.08,192
2026-09-11T18:47:35.703+00:00,4346.18,4346.26,0.08,192
2026-09-11T18:47:35.939+00:00,4346.32,4346.4,0.08,192
2026-09-11T18:47:36.173+00:00,4346.13,4346.21,0.08,192
2026-09-11T18:47:36.703+00:00,4346.17,4346.25,0.08,192
2026-09-11T18:47:37.018+00:00,4346.3,4346.38,0.08,192
2026-09-11T18:47:37.174+00:00,4346.32,4346.4,0.08,192
2026-09-11T18:47:37.632+00:00,4346.35,4346.43,0.08,192
2026-09-11T18:47:37.848+00:00,4346.24,4346.32,0.08,192
2026-09-11T18:47:38.073+00:00,4346.35,4346.43,0.08,192
2026-09-11T18:47:38.309+00:00,4346.36,4346.44,0.08,192
2026-09-11T18:47:38.524+00:00,4346.34,4346.42,0.08,192
2026-09-11T18:47:38.750+00:00,4346.19,4346.27,0.08,192
2026-09-11T18:47:38.975+00:00,4346.36,4346.44,0.08,192
2026-09-11T18:47:39.226+00:00,4346.38,4346.46,0.08,192
2026-09-11T18:47:39.451+00:00,4346.62,4346.73,0.11,192
2026-09-11T18:47:39.675+00:00,4346.39,4346.48,0.09,192
2026-09-11T18:47:39.901+00:00,4346.41,4346.49,0.08,192
2026-09-11T18:47:40.427+00:00,4346.56,4346.64,0.08,192
2026-09-11T18:47:40.651+00:00,4346.6,4346.68,0.08,192
2026-09-11T18:47:40.877+00:00,4346.62,4346.7,0.08,192
2026-09-11T18:47:41.373+00:00,4346.66,4346.74,0.08,192
2026-09-11T18:47:41.825+00:00,4346.67,4346.75,0.08,192
2026-09-11T18:47:42.128+00:00,4346.66,4346.74,0.08,192
2026-09-11T18:47:42.342+00:00,4346.54,4346.62,0.08,192
2026-09-11T18:47:42.703+00:00,4346.55,4346.63,0.08,192
2026-09-11T18:47:43.375+00:00,4346.45,4346.53,0.08,192
2026-09-11T18:47:43.597+00:00,4346.14,4346.22,0.08,192
2026-09-11T18:47:43.911+00:00,4346.09,4346.17,0.08,192
2026-09-11T18:47:44.137+00:00,4346.27,4346.35,0.08,192
2026-09-11T18:47:44.360+00:00,4346.24,4346.32,0.08,192
2026-09-11T18:47:44.587+00:00,4346.18,4346.26,0.08,192
2026-09-11T18:47:45.122+00:00,4346.1,4346.18,0.08,192
2026-09-11T18:47:45.347+00:00,4346.02,4346.1,0.08,192
2026-09-11T18:47:45.703+00:00,4346.0,4346.08,0.08,192
2026-09-11T18:47:45.908+00:00,4346.11,4346.19,0.08,192
2026-09-11T18:47:46.134+00:00,4346.08,4346.16,0.08,192
2026-09-11T18:47:46.508+00:00,4346.14,4346.22,0.08,192
2026-09-11T18:47:46.734+00:00,4346.18,4346.26,0.08,192
2026-09-11T18:47:46.958+00:00,4346.15,4346.23,0.08,192
2026-09-11T18:47:47.189+00:00,4345.76,4345.84,0.08,192
2026-09-11T18:47:47.414+00:00,4345.66,4345.74,0.08,192
2026-09-11T18:47:47.638+00:00,4345.68,4345.76,0.08,192
2026-09-11T18:47:47.863+00:00,4345.73,4345.81,0.08,192
2026-09-11T18:47:48.088+00:00,4346.06,4346.14,0.08,192
2026-09-11T18:47:48.316+00:00,4346.19,4346.27,0.08,192
2026-09-11T18:47:48.539+00:00,4346.13,4346.21,0.08,192
2026-09-11T18:47:48.766+00:00,4346.05,4346.13,0.08,192
2026-09-11T18:47:48.991+00:00,4346.14,4346.22,0.08,192
2026-09-11T18:47:49.440+00:00,4345.88,4345.96,0.08,192
2026-09-11T18:47:49.666+00:00,4345.86,4345.94,0.08,192
2026-09-11T18:47:49.890+00:00,4346.12,4346.2,0.08,192
2026-09-11T18:47:50.114+00:00,4346.14,4346.22,0.08,193
2026-09-11T18:47:50.341+00:00,4346.17,4346.25,0.08,193
2026-09-11T18:47:50.567+00:00,4346.18,4346.26,0.08,193
2026-09-11T18:47:50.951+00:00,4346.24,4346.32,0.08,193
2026-09-11T18:47:51.692+00:00,4346.31,4346.39,0.08,193
2026-09-11T18:47:52.345+00:00,4346.36,4346.44,0.08,193
2026-09-11T18:47:52.578+00:00,4346.43,4346.51,0.08,193
2026-09-11T18:47:52.805+00:00,4346.41,4346.49,0.08,193
2026-09-11T18:47:53.027+00:00,4346.51,4346.59,0.08,193
2026-09-11T18:47:53.322+00:00,4346.48,4346.56,0.08,193
2026-09-11T18:47:53.923+00:00,4346.24,4346.32,0.08,193
2026-09-11T18:47:54.150+00:00,4346.29,4346.37,0.08,193
2026-09-11T18:47:54.949+00:00,4346.25,4346.33,0.08,193
2026-09-11T18:47:55.173+00:00,4346.61,4346.69,0.08,193
2026-09-11T18:47:55.397+00:00,4346.31,4346.39,0.08,193
2026-09-11T18:47:55.656+00:00,4346.32,4346.4,0.08,193
2026-09-11T18:47:55.885+00:00,4346.31,4346.39,0.08,193
2026-09-11T18:47:56.328+00:00,4346.3,4346.38,0.08,193
2026-09-11T18:47:56.552+00:00,4346.32,4346.4,0.08,193
2026-09-11T18:47:56.777+00:00,4346.33,4346.41,0.08,193
2026-09-11T18:47:57.042+00:00,4346.28,4346.36,0.08,193
2026-09-11T18:47:57.425+00:00,4346.3,4346.38,0.08,193
2026-09-11T18:47:57.703+00:00,4346.26,4346.34,0.08,193
2026-09-11T18:47:58.434+00:00,4346.28,4346.36,0.08,193
2026-09-11T18:47:58.659+00:00,4346.22,4346.3,0.08,193
2026-09-11T18:47:59.495+00:00,4346.28,4346.36,0.08,193
2026-09-11T18:48:00.713+00:00,4346.29,4346.37,0.08,193
2026-09-11T18:48:00.918+00:00,4346.24,4346.32,0.08,193
2026-09-11T18:48:01.218+00:00,4346.26,4346.34,0.08,193
2026-09-11T18:48:01.443+00:00,4346.23,4346.31,0.08,193
2026-09-11T18:48:01.748+00:00,4346.24,4346.32,0.08,193
2026-09-11T18:48:02.057+00:00,4346.35,4346.43,0.08,193
2026-09-11T18:48:02.848+00:00,4346.42,4346.5,0.08,193
2026-09-11T18:48:02.848+00:00,4346.39,4346.47,0.08,193
2026-09-11T18:48:02.860+00:00,4346.4,4346.48,0.08,193
2026-09-11T18:48:03.075+00:00,4346.38,4346.46,0.08,193
2026-09-11T18:48:03.305+00:00,4346.36,4346.44,0.08,193
2026-09-11T18:48:03.793+00:00,4346.26,4346.34,0.08,193
2026-09-11T18:48:03.973+00:00,4346.36,4346.44,0.08,193
2026-09-11T18:48:04.192+00:00,4346.33,4346.41,0.08,193
2026-09-11T18:48:05.294+00:00,4346.16,4346.24,0.08,193
2026-09-11T18:48:05.692+00:00,4346.15,4346.23,0.08,193
2026-09-11T18:48:06.143+00:00,4346.12,4346.2,0.08,193
2026-09-11T18:48:06.369+00:00,4346.18,4346.26,0.08,193
2026-09-11T18:48:06.598+00:00,4346.1,4346.18,0.08,193
2026-09-11T18:48:06.820+00:00,4346.03,4346.12,0.09,193
2026-09-11T18:48:07.344+00:00,4345.99,4346.07,0.08,193
2026-09-11T18:48:07.571+00:00,4345.71,4345.8,0.09,193
2026-09-11T18:48:07.798+00:00,4345.46,4345.54,0.08,193
2026-09-11T18:48:08.020+00:00,4345.27,4345.35,0.08,193
2026-09-11T18:48:08.248+00:00,4345.26,4345.35,0.09,193
2026-09-11T18:48:08.471+00:00,4345.25,4345.33,0.08,193
2026-09-11T18:48:08.699+00:00,4345.32,4345.4,0.08,193
2026-09-11T18:48:08.923+00:00,4345.34,4345.42,0.08,193
2026-09-11T18:48:09.147+00:00,4345.42,4345.5,0.08,193
2026-09-11T18:48:09.371+00:00,4345.5,4345.58,0.08,193
2026-09-11T18:48:09.596+00:00,4345.41,4345.51,0.1,193
2026-09-11T18:48:09.821+00:00,4345.43,4345.53,0.1,193
2026-09-11T18:48:10.046+00:00,4345.39,4345.48,0.09,193
2026-09-11T18:48:10.273+00:00,4345.46,4345.55,0.09,193
2026-09-11T18:48:10.572+00:00,4345.46,4345.54,0.08,193
2026-09-11T18:48:10.801+00:00,4345.38,4345.48,0.1,193
2026-09-11T18:48:11.023+00:00,4345.29,4345.39,0.1,193
2026-09-11T18:48:11.703+00:00,4345.33,4345.41,0.08,193
2026-09-11T18:48:11.975+00:00,4345.3,4345.38,0.08,193
2026-09-11T18:48:12.208+00:00,4344.98,4345.07,0.09,193
2026-09-11T18:48:12.432+00:00,4345.09,4345.18,0.09,193
2026-09-11T18:48:12.880+00:00,4345.06,4345.15,0.09,193
2026-09-11T18:48:13.292+00:00,4345.05,4345.13,0.08,193
2026-09-11T18:48:13.514+00:00,4344.97,4345.05,0.08,193
2026-09-11T18:48:13.740+00:00,4344.93,4345.03,0.1,193
2026-09-11T18:48:14.213+00:00,4344.93,4345.04,0.11,193
2026-09-11T18:48:14.684+00:00,4345.0,4345.09,0.09,193
2026-09-11T18:48:14.953+00:00,4345.02,4345.1,0.08,193
2026-09-11T18:48:15.195+00:00,4345.18,4345.26,0.08,194
2026-09-11T18:48:15.419+00:00,4345.19,4345.27,0.08,194
2026-09-11T18:48:15.644+00:00,4344.93,4345.01,0.08,194
2026-09-11T18:48:15.867+00:00,4344.92,4345.02,0.1,194
2026-09-11T18:48:16.095+00:00,4344.9,4345.0,0.1,194
2026-09-11T18:48:16.296+00:00,4344.88,4344.98,0.1,194
2026-09-11T18:48:16.705+00:00,4344.89,4344.97,0.08,194
2026-09-11T18:48:16.907+00:00,4344.9,4344.98,0.08,194
2026-09-11T18:48:17.134+00:00,4344.89,4344.97,0.08,194
2026-09-11T18:48:17.435+00:00,4344.95,4345.03,0.08,194
2026-09-11T18:48:17.704+00:00,4344.94,4345.02,0.08,194
2026-09-11T18:48:17.957+00:00,4344.9,4344.98,0.08,194
2026-09-11T18:48:18.185+00:00,4344.89,4344.97,0.08,194
2026-09-11T18:48:18.408+00:00,4344.54,4344.62,0.08,194
2026-09-11T18:48:18.632+00:00,4344.43,4344.52,0.09,194
2026-09-11T18:48:18.861+00:00,4344.42,4344.53,0.11,194
2026-09-11T18:48:19.088+00:00,4344.44,4344.54,0.1,194
2026-09-11T18:48:19.661+00:00,4344.45,4344.55,0.1,194
2026-09-11T18:48:20.376+00:00,4344.53,4344.61,0.08,194
2026-09-11T18:48:21.315+00:00,4344.68,4344.76,0.08,194
2026-09-11T18:48:21.612+00:00,4344.57,4344.66,0.09,194
2026-09-11T18:48:21.841+00:00,4344.59,4344.69,0.1,194
2026-09-11T18:48:22.064+00:00,4344.54,4344.64,0.1,194
2026-09-11T18:48:22.289+00:00,4344.57,4344.68,0.11,194
2026-09-11T18:48:22.519+00:00,4344.46,4344.55,0.09,194
2026-09-11T18:48:22.743+00:00,4344.38,4344.46,0.08,194
2026-09-11T18:48:23.043+00:00,4344.32,4344.4,0.08,194
2026-09-11T18:48:23.344+00:00,4344.33,4344.41,0.08,194
2026-09-11T18:48:23.748+00:00,4344.38,4344.46,0.08,194
2026-09-11T18:48:24.168+00:00,4344.35,4344.43,0.08,194
2026-09-11T18:48:24.469+00:00,4344.48,4344.56,0.08,194
2026-09-11T18:48:24.693+00:00,4344.45,4344.53,0.08,194
2026-09-11T18:48:24.919+00:00,4344.5,4344.58,0.08,194
2026-09-11T18:48:25.143+00:00,4344.45,4344.53,0.08,194
2026-09-11T18:48:25.368+00:00,4344.39,4344.47,0.08,194
2026-09-11T18:48:25.669+00:00,4344.62,4344.7,0.08,194
2026-09-11T18:48:25.894+00:00,4344.44,4344.53,0.09,194
2026-09-11T18:48:26.352+00:00,4344.78,4344.87,0.09,194
2026-09-11T18:48:26.648+00:00,4344.83,4344.92,0.09,194
2026-09-11T18:48:26.947+00:00,4344.82,4344.92,0.1,194
2026-09-11T18:48:27.174+00:00,4344.82,4344.9,0.08,194
2026-09-11T18:48:27.399+00:00,4344.83,4344.91,0.08,194
2026-09-11T18:48:27.624+00:00,4344.83,4344.92,0.09,194
2026-09-11T18:48:27.851+00:00,4344.78,4344.86,0.08,194
2026-09-11T18:48:28.407+00:00,4344.81,4344.89,0.08,194
2026-09-11T18:48:28.646+00:00,4344.83,4344.91,0.08,194
2026-09-11T18:48:28.867+00:00,4344.61,4344.69,0.08,194
2026-09-11T18:48:29.243+00:00,4344.58,4344.66,0.08,194
2026-09-11T18:48:29.469+00:00,4344.65,4344.73,0.08,194
2026-09-11T18:48:29.691+00:00,4344.68,4344.76,0.08,194
2026-09-11T18:48:29.991+00:00,4344.75,4344.83,0.08,194
2026-09-11T18:48:30.217+00:00,4344.48,4344.56,0.08,194
2026-09-11T18:48:30.442+00:00,4344.27,4344.36,0.09,194
2026-09-11T18:48:30.703+00:00,4344.31,4344.41,0.1,194
2026-09-11T18:48:31.042+00:00,4344.35,4344.45,0.1,194
2026-09-11T18:48:31.266+00:00,4344.34,4344.42,0.08,194
2026-09-11T18:48:32.048+00:00,4344.6,4344.71,0.11,194
2026-09-11T18:48:32.462+00:00,4344.41,4344.51,0.1,194
2026-09-11T18:48:32.702+00:00,4344.57,4344.66,0.09,194
2026-09-11T18:48:33.233+00:00,4344.4,4344.49,0.09,194
2026-09-11T18:48:33.362+00:00,4344.66,4344.75,0.09,194
2026-09-11T18:48:33.614+00:00,4344.73,4344.81,0.08,194
2026-09-11T18:48:33.837+00:00,4344.87,4344.95,0.08,194
2026-09-11T18:48:34.061+00:00,4345.02,4345.1,0.08,194
2026-09-11T18:48:34.287+00:00,4345.09,4345.17,0.08,194
2026-09-11T18:48:34.510+00:00,4344.95,4345.03,0.08,194
2026-09-11T18:48:34.999+00:00,4344.89,4344.97,0.08,194
2026-09-11T18:48:35.224+00:00,4344.93,4345.01,0.08,194
2026-09-11T18:48:35.454+00:00,4344.88,4344.96,0.08,194
2026-09-11T18:48:35.675+00:00,4344.87,4344.95,0.08,194
2026-09-11T18:48:35.899+00:00,4344.86,4344.94,0.08,194
2026-09-11T18:48:36.199+00:00,4344.85,4344.94,0.09,194
2026-09-11T18:48:36.427+00:00,4345.04,4345.13,0.09,194
2026-09-11T18:48:36.651+00:00,4345.11,4345.19,0.08,194
2026-09-11T18:48:36.876+00:00,4345.06,4345.14,0.08,194
2026-09-11T18:48:37.105+00:00,4344.94,4345.02,0.08,194
2026-09-11T18:48:37.405+00:00,4345.0,4345.08,0.08,194
2026-09-11T18:48:37.968+00:00,4345.05,4345.13,0.08,194
2026-09-11T18:48:38.414+00:00,4344.99,4345.07,0.08,194
2026-09-11T18:48:38.641+00:00,4344.82,4344.9,0.08,194
2026-09-11T18:48:38.866+00:00,4345.0,4345.08,0.08,194
2026-09-11T18:48:39.103+00:00,4345.01,4345.09,0.08,194
2026-09-11T18:48:39.405+00:00,4344.63,4344.72,0.09,194
2026-09-11T18:48:39.633+00:00,4344.75,4344.84,0.09,194
2026-09-11T18:48:39.855+00:00,4344.95,4345.04,0.09,194
2026-09-11T18:48:40.079+00:00,4344.96,4345.04,0.08,195
2026-09-11T18:48:40.305+00:00,4345.12,4345.2,0.08,195
2026-09-11T18:48:40.682+00:00,4345.1,4345.18,0.08,195
2026-09-11T18:48:40.905+00:00,4344.87,4344.95,0.08,195
2026-09-11T18:48:41.334+00:00,4344.88,4344.96,0.08,195
2026-09-11T18:48:41.703+00:00,4344.71,4344.8,0.09,195
2026-09-11T18:48:41.952+00:00,4344.69,4344.8,0.11,195
2026-09-11T18:48:42.208+00:00,4344.62,4344.73,0.11,195
2026-09-11T18:48:42.434+00:00,4344.58,4344.68,0.1,195
2026-09-11T18:48:42.964+00:00,4344.66,4344.75,0.09,195
2026-09-11T18:48:43.187+00:00,4344.85,4344.93,0.08,195
2026-09-11T18:48:43.415+00:00,4344.84,4344.92,0.08,195
2026-09-11T18:48:44.037+00:00,4344.98,4345.06,0.08,195
2026-09-11T18:48:44.260+00:00,4344.99,4345.07,0.08,195
2026-09-11T18:48:44.487+00:00,4345.06,4345.15,0.09,195
2026-09-11T18:48:44.702+00:00,4345.07,4345.16,0.09,195
2026-09-11T18:48:44.937+00:00,4345.09,4345.17,0.08,195
2026-09-11T18:48:45.411+00:00,4345.08,4345.18,0.1,195
2026-09-11T18:48:45.983+00:00,4345.04,4345.13,0.09,195
2026-09-11T18:48:46.282+00:00,4345.03,4345.14,0.11,195
2026-09-11T18:48:46.517+00:00,4344.84,4344.96,0.12,195
2026-09-11T18:48:46.733+00:00,4344.85,4344.95,0.1,195
2026-09-11T18:48:46.958+00:00,4344.81,4344.91,0.1,195
2026-09-11T18:48:47.184+00:00,4344.79,4344.9,0.11,195
2026-09-11T18:48:47.410+00:00,4344.6,4344.7,0.1,195
2026-09-11T18:48:47.634+00:00,4344.6,4344.69,0.09,195
2026-09-11T18:48:47.933+00:00,4344.6,4344.7,0.1,195
2026-09-11T18:48:48.311+00:00,4344.79,4344.89,0.1,195
2026-09-11T18:48:49.680+00:00,4344.8,4344.88,0.08,195
2026-09-11T18:48:49.906+00:00,4345.04,4345.12,0.08,195
2026-09-11T18:48:50.130+00:00,4345.01,4345.09,0.08,195
2026-09-11T18:48:50.430+00:00,4345.07,4345.15,0.08,195
2026-09-11T18:48:50.655+00:00,4345.11,4345.19,0.08,195
2026-09-11T18:48:51.031+00:00,4345.23,4345.31,0.08,195
2026-09-11T18:48:51.254+00:00,4345.16,4345.24,0.08,195
2026-09-11T18:48:51.627+00:00,4345.17,4345.25,0.08,195
2026-09-11T18:48:52.590+00:00,4344.94,4345.02,0.08,195
2026-09-11T18:48:52.817+00:00,4344.79,4344.88,0.09,195
2026-09-11T18:48:53.136+00:00,4344.78,4344.89,0.11,195
2026-09-11T18:48:53.265+00:00,4344.78,4344.91,0.13,195
2026-09-11T18:48:53.702+00:00,4344.79,4344.9,0.11,195
2026-09-11T18:48:54.026+00:00,4344.87,4344.96,0.09,195
2026-09-11T18:48:54.251+00:00,4345.03,4345.12,0.09,195
2026-09-11T18:48:54.533+00:00,4345.02,4345.12,0.1,195
2026-09-11T18:48:54.833+00:00,4345.11,4345.21,0.1,195
2026-09-11T18:48:55.308+00:00,4345.12,4345.23,0.11,195
2026-09-11T18:48:55.703+00:00,4345.14,4345.24,0.1,195
2026-09-11T18:48:56.277+00:00,4345.13,4345.22,0.09,195
2026-09-11T18:48:56.500+00:00,4345.03,4345.14,0.11,195
2026-09-11T18:48:56.729+00:00,4345.03,4345.15,0.12,195
2026-09-11T18:48:56.977+00:00,4345.05,4345.17,0.12,195
2026-09-11T18:48:57.202+00:00,4345.06,4345.16,0.1,195
2026-09-11T18:48:57.427+00:00,4344.82,4344.91,0.09,195
2026-09-11T18:48:57.653+00:00,4344.75,4344.84,0.09,195
2026-09-11T18:48:57.952+00:00,4344.76,4344.85,0.09,195
2026-09-11T18:48:58.323+00:00,4344.65,4344.74,0.09,195
2026-09-11T18:48:58.605+00:00,4344.63,4344.72,0.09,195
2026-09-11T18:48:59.008+00:00,4344.62,4344.71,0.09,195
2026-09-11T18:48:59.229+00:00,4344.89,4344.98,0.09,195
2026-09-11T18:48:59.527+00:00,4344.91,4344.99,0.08,195
2026-09-11T18:48:59.827+00:00,4344.92,4345.0,0.08,195
2026-09-11T18:49:00.708+00:00,4344.91,4344.99,0.08,195
2026-09-11T18:49:01.233+00:00,4344.95,4345.03,0.08,195
2026-09-11T18:49:01.458+00:00,4344.85,4344.93,0.08,195
2026-09-11T18:49:01.682+00:00,4344.84,4344.94,0.1,195
2026-09-11T18:49:02.163+00:00,4344.91,4344.99,0.08,195
2026-09-11T18:49:02.600+00:00,4344.97,4345.05,0.08,195
2026-09-11T18:49:02.824+00:00,4344.91,4344.99,0.08,195
2026-09-11T18:49:03.123+00:00,4344.89,4344.99,0.1,195
2026-09-11T18:49:03.353+00:00,4345.01,4345.11,0.1,195
2026-09-11T18:49:03.702+00:00,4345.01,4345.09,0.08,195
2026-09-11T18:49:04.022+00:00,4344.92,4345.0,0.08,195
2026-09-11T18:49:04.326+00:00,4344.69,4344.79,0.1,195
2026-09-11T18:49:04.547+00:00,4344.91,4345.02,0.11,195
2026-09-11T18:49:04.999+00:00,4344.89,4344.97,0.08,195
2026-09-11T18:49:05.297+00:00,4344.98,4345.06,0.08,195
2026-09-11T18:49:05.528+00:00,4344.97,4345.05,0.08,196
2026-09-11T18:49:05.752+00:00,4344.99,4345.07,0.08,196
2026-09-11T18:49:05.971+00:00,4345.14,4345.22,0.08,196
2026-09-11T18:49:06.197+00:00,4345.16,4345.24,0.08,196
2026-09-11T18:49:06.427+00:00,4345.52,4345.6,0.08,196
2026-09-11T18:49:06.647+00:00,4345.54,4345.62,0.08,196
2026-09-11T18:49:06.877+00:00,4345.43,4345.51,0.08,196
2026-09-11T18:49:07.329+00:00,4345.48,4345.57,0.09,196
2026-09-11T18:49:07.548+00:00,4345.53,4345.61,0.08,196
2026-09-11T18:49:07.866+00:00,4345.54,4345.62,0.08,196
2026-09-11T18:49:08.090+00:00,4345.49,4345.57,0.08,196
2026-09-11T18:49:08.316+00:00,4345.54,4345.62,0.08,196
2026-09-11T18:49:08.718+00:00,4345.57,4345.65,0.08,196
2026-09-11T18:49:09.704+00:00,4345.34,4345.42,0.08,196
2026-09-11T18:49:10.297+00:00,4345.44,4345.52,0.08,196
2026-09-11T18:49:10.594+00:00,4345.23,4345.31,0.08,196
2026-09-11T18:49:10.818+00:00,4345.12,4345.2,0.08,196
2026-09-11T18:49:11.046+00:00,4345.01,4345.09,0.08,196
2026-09-11T18:49:11.379+00:00,4345.06,4345.14,0.08,196
2026-09-11T18:49:11.569+00:00,4345.1,4345.18,0.08,196
2026-09-11T18:49:11.922+00:00,4345.11,4345.19,0.08,196
2026-09-11T18:49:12.603+00:00,4345.12,4345.2,0.08,196
2026-09-11T18:49:13.316+00:00,4345.27,4345.35,0.08,196
2026-09-11T18:49:13.553+00:00,4345.22,4345.3,0.08,196
2026-09-11T18:49:14.307+00:00,4345.19,4345.27,0.08,196
2026-09-11T18:49:14.607+00:00,4345.16,4345.24,0.08,196
2026-09-11T18:49:15.082+00:00,4345.15,4345.23,0.08,196
2026-09-11T18:49:15.403+00:00,4345.26,4345.34,0.08,196
2026-09-11T18:49:15.628+00:00,4345.31,4345.39,0.08,196
2026-09-11T18:49:15.853+00:00,4345.24,4345.32,0.08,196
2026-09-11T18:49:16.077+00:00,4345.25,4345.33,0.08,196
2026-09-11T18:49:16.380+00:00,4345.23,4345.31,0.08,196
2026-09-11T18:49:16.681+00:00,4345.14,4345.22,0.08,196
2026-09-11T18:49:16.909+00:00,4344.81,4344.89,0.08,196
2026-09-11T18:49:17.206+00:00,4345.07,4345.15,0.08,196
2026-09-11T18:49:17.430+00:00,4345.06,4345.14,0.08,196
2026-09-11T18:49:17.658+00:00,4345.21,4345.29,0.08,196
2026-09-11T18:49:17.881+00:00,4345.17,4345.25,0.08,196
2026-09-11T18:49:18.493+00:00,4345.09,4345.17,0.08,196
2026-09-11T18:49:19.045+00:00,4345.1,4345.18,0.08,196
2026-09-11T18:49:19.268+00:00,4345.35,4345.43,0.08,196
2026-09-11T18:49:19.494+00:00,4345.33,4345.41,0.08,196
2026-09-11T18:49:19.704+00:00,4345.38,4345.46,0.08,196
2026-09-11T18:49:20.019+00:00,4345.44,4345.52,0.08,196
2026-09-11T18:49:20.244+00:00,4345.46,4345.54,0.08,196
2026-09-11T18:49:20.694+00:00,4345.54,4345.62,0.08,196
2026-09-11T18:49:20.923+00:00,4345.52,4345.6,0.08,196
2026-09-11T18:49:21.144+00:00,4345.49,4345.57,0.08,196
2026-09-11T18:49:21.672+00:00,4345.45,4345.53,0.08,196
2026-09-11T18:49:21.974+00:00,4345.41,4345.49,0.08,196
2026-09-11T18:49:22.893+00:00,4345.42,4345.5,0.08,196
2026-09-11T18:49:23.486+00:00,4345.43,4345.51,0.08,196
2026-09-11T18:49:23.708+00:00,4345.42,4345.5,0.08,196
2026-09-11T18:49:23.959+00:00,4345.34,4345.42,0.08,196
2026-09-11T18:49:24.167+00:00,4345.46,4345.54,0.08,196
2026-09-11T18:49:24.368+00:00,4345.5,4345.58,0.08,196
2026-09-11T18:49:25.139+00:00,4345.43,4345.51,0.08,196
2026-09-11T18:49:25.364+00:00,4345.31,4345.39,0.08,196
2026-09-11T18:49:26.149+00:00,4345.24,4345.32,0.08,196
2026-09-11T18:49:26.370+00:00,4345.02,4345.1,0.08,196
2026-09-11T18:49:26.596+00:00,4344.92,4345.0,0.08,196
2026-09-11T18:49:26.896+00:00,4344.99,4345.07,0.08,196
2026-09-11T18:49:27.122+00:00,4345.37,4345.45,0.08,196
2026-09-11T18:49:27.346+00:00,4345.53,4345.61,0.08,196
2026-09-11T18:49:27.647+00:00,4345.47,4345.55,0.08,196
2026-09-11T18:49:27.956+00:00,4345.49,4345.57,0.08,196
2026-09-11T18:49:29.135+00:00,4345.46,4345.54,0.08,196
2026-09-11T18:49:29.360+00:00,4345.32,4345.4,0.08,196
2026-09-11T18:49:29.584+00:00,4345.29,4345.37,0.08,196
2026-09-11T18:49:29.890+00:00,4345.27,4345.36,0.09,196
2026-09-11T18:49:30.262+00:00,4345.14,4345.22,0.08,196
2026-09-11T18:49:30.559+00:00,4344.95,4345.03,0.08,197
2026-09-11T18:49:30.859+00:00,4345.12,4345.21,0.09,197
2026-09-11T18:49:31.586+00:00,4345.01,4345.09,0.08,197
2026-09-11T18:49:32.062+00:00,4345.11,4345.19,0.08,197
2026-09-11T18:49:32.363+00:00,4345.12,4345.21,0.09,197
2026-09-11T18:49:32.702+00:00,4344.92,4345.01,0.09,197
2026-09-11T18:49:32.922+00:00,4345.06,4345.14,0.08,197
2026-09-11T18:49:33.222+00:00,4344.83,4344.92,0.09,197
2026-09-11T18:49:33.498+00:00,4345.07,4345.16,0.09,197
2026-09-11T18:49:33.701+00:00,4345.07,4345.15,0.08,197
2026-09-11T18:49:33.945+00:00,4345.02,4345.1,0.08,197
2026-09-11T18:49:34.173+00:00,4345.08,4345.16,0.08,197
2026-09-11T18:49:34.395+00:00,4345.07,4345.15,0.08,197
2026-09-11T18:49:34.701+00:00,4345.08,4345.16,0.08,197
2026-09-11T18:49:34.938+00:00,4345.12,4345.2,0.08,197
2026-09-11T18:49:35.163+00:00,4345.32,4345.4,0.08,197
2026-09-11T18:49:35.392+00:00,4345.35,4345.43,0.08,197
2026-09-11T18:49:35.617+00:00,4345.26,4345.34,0.08,197
2026-09-11T18:49:36.065+00:00,4345.41,4345.51,0.1,197
2026-09-11T18:49:36.372+00:00,4345.33,4345.44,0.11,197
2026-09-11T18:49:36.598+00:00,4345.12,4345.22,0.1,197
2026-09-11T18:49:36.826+00:00,4345.12,4345.21,0.09,197
2026-09-11T18:49:37.198+00:00,4345.11,4345.2,0.09,197
2026-09-11T18:49:37.497+00:00,4345.26,4345.36,0.1,197
2026-09-11T18:49:37.702+00:00,4345.22,4345.31,0.09,197
2026-09-11T18:49:37.946+00:00,4345.14,4345.24,0.1,197
2026-09-11T18:49:38.247+00:00,4345.17,4345.26,0.09,197
2026-09-11T18:49:38.472+00:00,4345.15,4345.24,0.09,197
2026-09-11T18:49:38.699+00:00,4345.38,4345.46,0.08,197
2026-09-11T18:49:38.924+00:00,4345.44,4345.52,0.08,197
2026-09-11T18:49:39.148+00:00,4345.4,4345.48,0.08,197
2026-09-11T18:49:39.702+00:00,4345.39,4345.47,0.08,197
2026-09-11T18:49:40.193+00:00,4345.33,4345.41,0.08,197
2026-09-11T18:49:40.417+00:00,4345.29,4345.37,0.08,197
2026-09-11T18:49:40.869+00:00,4345.3,4345.38,0.08,197
2026-09-11T18:49:41.094+00:00,4345.36,4345.44,0.08,197
2026-09-11T18:49:41.317+00:00,4345.33,4345.41,0.08,197
2026-09-11T18:49:41.974+00:00,4345.16,4345.24,0.08,197
2026-09-11T18:49:42.423+00:00,4345.01,4345.1,0.09,197
2026-09-11T18:49:42.665+00:00,4345.01,4345.11,0.1,197
2026-09-11T18:49:42.890+00:00,4345.05,4345.14,0.09,197
2026-09-11T18:49:43.115+00:00,4345.07,4345.15,0.08,197
2026-09-11T18:49:43.521+00:00,4344.96,4345.04,0.08,197
2026-09-11T18:49:43.749+00:00,4345.23,4345.32,0.09,197
2026-09-11T18:49:43.973+00:00,4345.24,4345.32,0.08,197
2026-09-11T18:49:44.498+00:00,4345.25,4345.33,0.08,197
2026-09-11T18:49:44.702+00:00,4345.35,4345.43,0.08,197
2026-09-11T18:49:44.948+00:00,4345.36,4345.44,0.08,197
2026-09-11T18:49:45.174+00:00,4345.47,4345.55,0.08,197
2026-09-11T18:49:45.398+00:00,4345.45,4345.53,0.08,197
2026-09-11T18:49:45.698+00:00,4345.46,4345.54,0.08,197
2026-09-11T18:49:46.148+00:00,4345.43,4345.51,0.08,197
2026-09-11T18:49:46.703+00:00,4345.51,4345.59,0.08,197
2026-09-11T18:49:47.681+00:00,4345.52,4345.6,0.08,197
2026-09-11T18:49:48.706+00:00,4345.55,4345.63,0.08,197
2026-09-11T18:49:49.319+00:00,4345.51,4345.59,0.08,197
2026-09-11T18:49:49.730+00:00,4345.17,4345.25,0.08,197
2026-09-11T18:49:50.347+00:00,4345.18,4345.27,0.09,197
2026-09-11T18:49:50.556+00:00,4345.1,4345.19,0.09,197
2026-09-11T18:49:51.009+00:00,4345.12,4345.2,0.08,197
2026-09-11T18:49:51.235+00:00,4345.14,4345.22,0.08,197
2026-09-11T18:49:51.456+00:00,4345.28,4345.36,0.08,197
2026-09-11T18:49:51.704+00:00,4345.37,4345.45,0.08,197
2026-09-11T18:49:52.357+00:00,4345.36,4345.44,0.08,197
2026-09-11T18:49:52.585+00:00,4345.47,4345.55,0.08,197
2026-09-11T18:49:52.883+00:00,4345.48,4345.56,0.08,197
2026-09-11T18:49:53.650+00:00,4345.3,4345.38,0.08,197
2026-09-11T18:49:53.875+00:00,4345.17,4345.25,0.08,197
2026-09-11T18:49:54.326+00:00,4345.27,4345.35,0.08,197
2026-09-11T18:49:54.550+00:00,4345.4,4345.48,0.08,197
2026-09-11T18:49:54.857+00:00,4345.42,4345.5,0.08,197
2026-09-11T18:49:55.553+00:00,4345.48,4345.56,0.08,197
2026-09-11T18:49:55.795+00:00,4345.26,4345.34,0.08,198
2026-09-11T18:49:56.020+00:00,4345.25,4345.33,0.08,198
2026-09-11T18:49:56.324+00:00,4345.39,4345.47,0.08,198
2026-09-11T18:49:56.550+00:00,4345.31,4345.39,0.08,198
2026-09-11T18:49:57.149+00:00,4345.33,4345.41,0.08,198
2026-09-11T18:49:57.683+00:00,4345.29,4345.37,0.08,198
2026-09-11T18:49:57.988+00:00,4345.3,4345.38,0.08,198
2026-09-11T18:49:58.208+00:00,4345.36,4345.44,0.08,198
2026-09-11T18:49:58.514+00:00,4345.39,4345.47,0.08,198
2026-09-11T18:49:59.704+00:00,4345.41,4345.49,0.08,198
2026-09-11T18:49:59.963+00:00,4345.34,4345.42,0.08,198
2026-09-11T18:50:00.414+00:00,4345.33,4345.43,0.1,198
2026-09-11T18:50:00.632+00:00,4345.26,4345.35,0.09,198
2026-09-11T18:50:00.911+00:00,4345.22,4345.31,0.09,198
2026-09-11T18:50:01.084+00:00,4344.99,4345.08,0.09,198
2026-09-11T18:50:01.306+00:00,4344.99,4345.07,0.08,198
2026-09-11T18:50:01.560+00:00,4345.06,4345.14,0.08,198
2026-09-11T18:50:02.172+00:00,4345.2,4345.28,0.08,198
2026-09-11T18:50:02.621+00:00,4345.05,4345.13,0.08,198
2026-09-11T18:50:02.834+00:00,4344.94,4345.02,0.08,198
2026-09-11T18:50:03.237+00:00,4344.87,4344.95,0.08,198
2026-09-11T18:50:04.016+00:00,4344.89,4344.97,0.08,198
2026-09-11T18:50:04.373+00:00,4344.91,4344.99,0.08,198
2026-09-11T18:50:04.597+00:00,4345.1,4345.18,0.08,198
2026-09-11T18:50:05.132+00:00,4345.1,4345.19,0.09,198
2026-09-11T18:50:05.377+00:00,4345.09,4345.17,0.08,198
2026-09-11T18:50:05.702+00:00,4344.87,4344.95,0.08,198
2026-09-11T18:50:06.049+00:00,4345.04,4345.14,0.1,198
2026-09-11T18:50:06.470+00:00,4344.83,4344.91,0.08,198
2026-09-11T18:50:06.702+00:00,4345.08,4345.16,0.08,198
2026-09-11T18:50:07.040+00:00,4344.8,4344.9,0.1,198
2026-09-11T18:50:07.339+00:00,4344.81,4344.91,0.1,198
2026-09-11T18:50:07.709+00:00,4344.82,4344.9,0.08,198
2026-09-11T18:50:08.915+00:00,4344.89,4344.97,0.08,198
2026-09-11T18:50:09.416+00:00,4344.77,4344.86,0.09,198
2026-09-11T18:50:09.702+00:00,4344.78,4344.86,0.08,198
2026-09-11T18:50:09.948+00:00,4344.59,4344.67,0.08,198
2026-09-11T18:50:10.164+00:00,4344.65,4344.73,0.08,198
2026-09-11T18:50:10.614+00:00,4344.64,4344.72,0.08,198
2026-09-11T18:50:10.849+00:00,4344.67,4344.75,0.08,198
2026-09-11T18:50:11.065+00:00,4344.81,4344.89,0.08,198
2026-09-11T18:50:11.290+00:00,4344.77,4344.85,0.08,198
2026-09-11T18:50:11.641+00:00,4344.76,4344.84,0.08,198
2026-09-11T18:50:11.815+00:00,4344.82,4344.9,0.08,198
2026-09-11T18:50:12.117+00:00,4344.9,4344.98,0.08,198
2026-09-11T18:50:12.462+00:00,4344.83,4344.91,0.08,198
2026-09-11T18:50:13.248+00:00,4344.87,4344.95,0.08,198
2026-09-11T18:50:13.554+00:00,4344.9,4344.98,0.08,198
2026-09-11T18:50:13.778+00:00,4344.89,4344.97,0.08,198
2026-09-11T18:50:14.229+00:00,4345.06,4345.14,0.08,198
2026-09-11T18:50:14.732+00:00,4345.09,4345.17,0.08,198
2026-09-11T18:50:15.226+00:00,4344.93,4345.01,0.08,198
2026-09-11T18:50:15.457+00:00,4345.08,4345.16,0.08,198
2026-09-11T18:50:15.702+00:00,4344.9,4344.98,0.08,198
2026-09-11T18:50:16.507+00:00,4344.83,4344.91,0.08,198
2026-09-11T18:50:16.731+00:00,4344.56,4344.64,0.08,198
2026-09-11T18:50:16.956+00:00,4344.57,4344.66,0.09,198
2026-09-11T18:50:17.182+00:00,4344.54,4344.62,0.08,198
2026-09-11T18:50:17.407+00:00,4344.71,4344.8,0.09,198
2026-09-11T18:50:17.632+00:00,4344.76,4344.84,0.08,198
2026-09-11T18:50:17.858+00:00,4344.61,4344.69,0.08,198
2026-09-11T18:50:18.082+00:00,4344.55,4344.63,0.08,198
2026-09-11T18:50:18.520+00:00,4344.57,4344.65,0.08,198
2026-09-11T18:50:18.746+00:00,4344.61,4344.69,0.08,198
2026-09-11T18:50:19.044+00:00,4344.72,4344.8,0.08,198
2026-09-11T18:50:19.271+00:00,4344.61,4344.71,0.1,198
2026-09-11T18:50:19.496+00:00,4344.63,4344.74,0.11,198
2026-09-11T18:50:19.702+00:00,4344.68,4344.77,0.09,198
2026-09-11T18:50:19.945+00:00,4344.7,4344.78,0.08,198
2026-09-11T18:50:20.703+00:00,4344.82,4344.9,0.08,198
2026-09-11T18:50:21.679+00:00,4344.83,4344.91,0.08,199
2026-09-11T18:50:21.903+00:00,4344.62,4344.7,0.08,199
2026-09-11T18:50:22.129+00:00,4344.63,4344.71,0.08,199
2026-09-11T18:50:23.128+00:00,4344.62,4344.7,0.08,199
2026-09-11T18:50:23.344+00:00,4344.58,4344.66,0.08,199
2026-09-11T18:50:23.644+00:00,4344.76,4344.84,0.08,199
2026-09-11T18:50:23.945+00:00,4344.97,4345.05,0.08,199
2026-09-11T18:50:24.169+00:00,4344.98,4345.06,0.08,199
2026-09-11T18:50:24.376+00:00,4344.87,4344.95,0.08,199
2026-09-11T18:50:24.701+00:00,4345.02,4345.11,0.09,199
2026-09-11T18:50:24.971+00:00,4344.81,4344.9,0.09,199
2026-09-11T18:50:25.197+00:00,4344.83,4344.91,0.08,199
2026-09-11T18:50:25.574+00:00,4344.73,4344.81,0.08,199
2026-09-11T18:50:25.798+00:00,4344.71,4344.79,0.08,199
2026-09-11T18:50:26.249+00:00,4344.85,4344.93,0.08,199
2026-09-11T18:50:26.547+00:00,4344.96,4345.04,0.08,199
2026-09-11T18:50:26.775+00:00,4344.92,4345.0,0.08,199
2026-09-11T18:50:27.612+00:00,4344.94,4345.02,0.08,199
2026-09-11T18:50:27.838+00:00,4344.88,4344.96,0.08,199
2026-09-11T18:50:28.062+00:00,4344.9,4344.98,0.08,199
2026-09-11T18:50:28.701+00:00,4344.94,4345.02,0.08,199
2026-09-11T18:50:29.745+00:00,4344.91,4344.99,0.08,199
2026-09-11T18:50:30.122+00:00,4344.93,4345.01,0.08,199
2026-09-11T18:50:30.512+00:00,4344.92,4345.0,0.08,199
2026-09-11T18:50:30.814+00:00,4344.94,4345.02,0.08,199
2026-09-11T18:50:31.289+00:00,4345.05,4345.13,0.08,199
2026-09-11T18:50:31.587+00:00,4345.09,4345.17,0.08,199
2026-09-11T18:50:31.819+00:00,4345.08,4345.16,0.08,199
2026-09-11T18:50:32.037+00:00,4345.66,4345.74,0.08,199
2026-09-11T18:50:32.261+00:00,4345.54,4345.62,0.08,199
2026-09-11T18:50:32.562+00:00,4345.54,4345.63,0.09,199
2026-09-11T18:50:32.790+00:00,4345.42,4345.5,0.08,199
2026-09-11T18:50:33.238+00:00,4345.23,4345.31,0.08,199
2026-09-11T18:50:33.463+00:00,4345.18,4345.26,0.08,199
2026-09-11T18:50:33.689+00:00,4345.15,4345.23,0.08,199
2026-09-11T18:50:34.012+00:00,4345.22,4345.3,0.08,199
2026-09-11T18:50:34.460+00:00,4345.21,4345.29,0.08,199
2026-09-11T18:50:34.686+00:00,4345.24,4345.32,0.08,199
2026-09-11T18:50:34.909+00:00,4345.28,4345.36,0.08,199
2026-09-11T18:50:35.397+00:00,4345.26,4345.34,0.08,199
2026-09-11T18:50:35.689+00:00,4345.29,4345.37,0.08,199
2026-09-11T18:50:37.269+00:00,4345.32,4345.4,0.08,199
2026-09-11T18:50:37.568+00:00,4345.49,4345.57,0.08,199
2026-09-11T18:50:37.941+00:00,4345.46,4345.54,0.08,199
2026-09-11T18:50:38.167+00:00,4345.49,4345.57,0.08,199
2026-09-11T18:50:38.545+00:00,4345.54,4345.62,0.08,199
2026-09-11T18:50:38.805+00:00,4345.51,4345.59,0.08,199
2026-09-11T18:50:39.702+00:00,4345.42,4345.5,0.08,199
2026-09-11T18:50:39.923+00:00,4345.45,4345.53,0.08,199
2026-09-11T18:50:40.374+00:00,4345.5,4345.58,0.08,199
2026-09-11T18:50:40.596+00:00,4345.46,4345.54,0.08,199
2026-09-11T18:50:41.616+00:00,4345.58,4345.66,0.08,199
2026-09-11T18:50:41.841+00:00,4345.53,4345.61,0.08,199
2026-09-11T18:50:42.443+00:00,4345.47,4345.55,0.08,199
2026-09-11T18:50:42.666+00:00,4345.49,4345.57,0.08,199
2026-09-11T18:50:42.968+00:00,4345.44,4345.52,0.08,199
2026-09-11T18:50:43.194+00:00,4345.45,4345.53,0.08,199
2026-09-11T18:50:43.570+00:00,4345.62,4345.7,0.08,199
2026-09-11T18:50:43.795+00:00,4345.59,4345.67,0.08,199
2026-09-11T18:50:44.170+00:00,4345.68,4345.76,0.08,199
2026-09-11T18:50:44.397+00:00,4345.75,4345.83,0.08,199
2026-09-11T18:50:44.622+00:00,4345.69,4345.77,0.08,199
2026-09-11T18:50:45.312+00:00,4345.8,4345.88,0.08,199
2026-09-11T18:50:45.533+00:00,4345.91,4345.99,0.08,199
2026-09-11T18:50:45.904+00:00,4345.97,4346.05,0.08,199
2026-09-11T18:50:46.129+00:00,4345.96,4346.04,0.08,200
2026-09-11T18:50:46.440+00:00,4345.93,4346.01,0.08,200
2026-09-11T18:50:46.668+00:00,4345.95,4346.03,0.08,200
2026-09-11T18:50:46.943+00:00,4345.68,4345.76,0.08,200
2026-09-11T18:50:47.346+00:00,4345.48,4345.56,0.08,200
2026-09-11T18:50:47.946+00:00,4345.51,4345.59,0.08,200
2026-09-11T18:50:48.396+00:00,4345.38,4345.46,0.08,200
2026-09-11T18:50:48.620+00:00,4345.39,4345.47,0.08,200
2026-09-11T18:50:48.846+00:00,4345.61,4345.69,0.08,200
2026-09-11T18:50:49.281+00:00,4345.65,4345.73,0.08,200
2026-09-11T18:50:49.511+00:00,4345.79,4345.87,0.08,200
2026-09-11T18:50:49.732+00:00,4345.88,4345.96,0.08,200
2026-09-11T18:50:49.955+00:00,4345.91,4345.99,0.08,200
2026-09-11T18:50:50.180+00:00,4345.9,4345.98,0.08,200
2026-09-11T18:50:50.479+00:00,4345.89,4345.97,0.08,200
2026-09-11T18:50:50.701+00:00,4345.87,4345.95,0.08,200
2026-09-11T18:50:51.185+00:00,4345.76,4345.84,0.08,200
2026-09-11T18:50:51.404+00:00,4345.84,4345.92,0.08,200
2026-09-11T18:50:51.702+00:00,4345.9,4345.98,0.08,200
2026-09-11T18:50:51.929+00:00,4345.88,4345.96,0.08,200
2026-09-11T18:50:52.242+00:00,4345.93,4346.01,0.08,200
2026-09-11T18:50:52.468+00:00,4346.04,4346.12,0.08,200
2026-09-11T18:50:52.694+00:00,4346.44,4346.52,0.08,200
2026-09-11T18:50:52.921+00:00,4346.2,4346.28,0.08,200
2026-09-11T18:50:53.145+00:00,4346.15,4346.23,0.08,200
2026-09-11T18:50:53.369+00:00,4346.13,4346.21,0.08,200
2026-09-11T18:50:53.993+00:00,4346.16,4346.24,0.08,200
2026-09-11T18:50:54.291+00:00,4346.12,4346.2,0.08,200
2026-09-11T18:50:54.702+00:00,4346.13,4346.21,0.08,200
2026-09-11T18:50:54.918+00:00,4346.15,4346.23,0.08,200
2026-09-11T18:50:55.402+00:00,4346.17,4346.25,0.08,200
2026-09-11T18:50:55.627+00:00,4346.25,4346.33,0.08,200
2026-09-11T18:50:55.852+00:00,4346.28,4346.36,0.08,200
2026-09-11T18:50:56.079+00:00,4346.31,4346.39,0.08,200
2026-09-11T18:50:56.300+00:00,4346.39,4346.47,0.08,200
2026-09-11T18:50:56.828+00:00,4346.44,4346.52,0.08,200
2026-09-11T18:50:57.050+00:00,4346.37,4346.45,0.08,200
2026-09-11T18:50:57.276+00:00,4346.47,4346.55,0.08,200
2026-09-11T18:50:57.501+00:00,4346.49,4346.57,0.08,200
2026-09-11T18:50:57.702+00:00,4346.28,4346.39,0.11,200
2026-09-11T18:50:57.952+00:00,4346.18,4346.26,0.08,200
2026-09-11T18:50:58.631+00:00,4346.19,4346.27,0.08,200
2026-09-11T18:50:59.491+00:00,4346.3,4346.38,0.08,200
2026-09-11T18:50:59.701+00:00,4346.16,4346.24,0.08,200
2026-09-11T18:50:59.955+00:00,4346.35,4346.43,0.08,200
2026-09-11T18:51:00.201+00:00,4346.33,4346.41,0.08,200
2026-09-11T18:51:00.435+00:00,4345.68,4345.76,0.08,200
2026-09-11T18:51:00.856+00:00,4345.83,4345.91,0.08,200
2026-09-11T18:51:01.155+00:00,4345.91,4345.99,0.08,200
2026-09-11T18:51:01.380+00:00,4345.95,4346.03,0.08,200
2026-09-11T18:51:01.702+00:00,4345.97,4346.05,0.08,200
2026-09-11T18:51:02.099+00:00,4345.98,4346.06,0.08,200
2026-09-11T18:51:02.701+00:00,4345.97,4346.05,0.08,200
2026-09-11T18:51:02.929+00:00,4346.03,4346.11,0.08,200
2026-09-11T18:51:03.303+00:00,4346.17,4346.25,0.08,200
2026-09-11T18:51:03.604+00:00,4346.2,4346.28,0.08,200
2026-09-11T18:51:03.831+00:00,4346.3,4346.38,0.08,200
2026-09-11T18:51:04.056+00:00,4346.32,4346.4,0.08,200
2026-09-11T18:51:04.280+00:00,4346.26,4346.34,0.08,200
2026-09-11T18:51:04.506+00:00,4346.24,4346.32,0.08,200
2026-09-11T18:51:05.532+00:00,4346.32,4346.4,0.08,200
2026-09-11T18:51:06.134+00:00,4346.24,4346.33,0.09,200
2026-09-11T18:51:06.658+00:00,4346.41,4346.51,0.1,200
2026-09-11T18:51:06.885+00:00,4346.4,4346.48,0.08,200
2026-09-11T18:51:07.109+00:00,4346.43,4346.51,0.08,200
2026-09-11T18:51:07.335+00:00,4346.44,4346.52,0.08,200
2026-09-11T18:51:07.558+00:00,4346.6,4346.68,0.08,200
2026-09-11T18:51:07.784+00:00,4346.61,4346.69,0.08,200
2026-09-11T18:51:08.701+00:00,4346.63,4346.72,0.09,200
2026-09-11T18:51:08.927+00:00,4346.59,4346.67,0.08,200
2026-09-11T18:51:09.151+00:00,4346.58,4346.66,0.08,200
2026-09-11T18:51:09.397+00:00,4346.43,4346.51,0.08,200
2026-09-11T18:51:09.700+00:00,4346.63,4346.71,0.08,200
2026-09-11T18:51:10.117+00:00,4346.38,4346.48,0.1,200
2026-09-11T18:51:10.492+00:00,4346.35,4346.43,0.08,200
2026-09-11T18:51:10.703+00:00,4346.32,4346.4,0.08,200
2026-09-11T18:51:11.126+00:00,4346.54,4346.62,0.08,200
2026-09-11T18:51:11.592+00:00,4346.51,4346.59,0.08,201
2026-09-11T18:51:11.885+00:00,4346.39,4346.47,0.08,201
2026-09-11T18:51:12.224+00:00,4346.23,4346.31,0.08,201
2026-09-11T18:51:12.449+00:00,4346.16,4346.24,0.08,201
2026-09-11T18:51:12.699+00:00,4346.13,4346.21,0.08,201
2026-09-11T18:51:13.199+00:00,4346.06,4346.14,0.08,201
2026-09-11T18:51:13.427+00:00,4346.01,4346.09,0.08,201
2026-09-11T18:51:13.651+00:00,4346.17,4346.25,0.08,201
2026-09-11T18:51:13.875+00:00,4346.15,4346.23,0.08,201
2026-09-11T18:51:14.101+00:00,4346.16,4346.24,0.08,201
2026-09-11T18:51:14.505+00:00,4346.14,4346.22,0.08,201
2026-09-11T18:51:15.003+00:00,4346.13,4346.21,0.08,201
2026-09-11T18:51:15.227+00:00,4346.1,4346.18,0.08,201
2026-09-11T18:51:15.677+00:00,4346.17,4346.25,0.08,201
2026-09-11T18:51:15.903+00:00,4346.09,4346.17,0.08,201
2026-09-11T18:51:16.127+00:00,4346.0,4346.08,0.08,201
2026-09-11T18:51:16.351+00:00,4346.12,4346.2,0.08,201
2026-09-11T18:51:16.578+00:00,4346.35,4346.43,0.08,201
2026-09-11T18:51:16.803+00:00,4346.18,4346.26,0.08,201
2026-09-11T18:51:17.252+00:00,4346.19,4346.27,0.08,201
2026-09-11T18:51:17.930+00:00,4346.37,4346.45,0.08,201
2026-09-11T18:51:18.154+00:00,4346.38,4346.46,0.08,201
2026-09-11T18:51:18.378+00:00,4346.28,4346.37,0.09,201
2026-09-11T18:51:18.678+00:00,4346.29,4346.37,0.08,201
2026-09-11T18:51:19.052+00:00,4346.3,4346.38,0.08,201
2026-09-11T18:51:19.279+00:00,4346.31,4346.39,0.08,201
2026-09-11T18:51:19.505+00:00,4346.49,4346.57,0.08,201
2026-09-11T18:51:19.728+00:00,4346.52,4346.6,0.08,201
2026-09-11T18:51:19.954+00:00,4346.56,4346.64,0.08,201
2026-09-11T18:51:20.182+00:00,4346.45,4346.53,0.08,201
2026-09-11T18:51:20.409+00:00,4346.44,4346.52,0.08,201
2026-09-11T18:51:21.119+00:00,4346.43,4346.51,0.08,201
2026-09-11T18:51:21.921+00:00,4346.41,4346.5,0.09,201
2026-09-11T18:51:22.506+00:00,4346.44,4346.52,0.08,201
2026-09-11T18:51:22.732+00:00,4346.43,4346.51,0.08,201
2026-09-11T18:51:23.108+00:00,4346.39,4346.48,0.09,201
2026-09-11T18:51:23.330+00:00,4346.35,4346.43,0.08,201
2026-09-11T18:51:23.702+00:00,4346.19,4346.27,0.08,201
2026-09-11T18:51:23.940+00:00,4346.47,4346.56,0.09,201
2026-09-11T18:51:24.162+00:00,4346.43,4346.51,0.08,201
2026-09-11T18:51:24.461+00:00,4346.42,4346.51,0.09,201
2026-09-11T18:51:24.755+00:00,4346.43,4346.51,0.08,201
2026-09-11T18:51:25.203+00:00,4346.45,4346.53,0.08,201
2026-09-11T18:51:25.702+00:00,4346.44,4346.52,0.08,201
2026-09-11T18:51:25.926+00:00,4346.47,4346.55,0.08,201
2026-09-11T18:51:26.301+00:00,4346.3,4346.38,0.08,201
2026-09-11T18:51:26.606+00:00,4346.29,4346.38,0.09,201
2026-09-11T18:51:26.827+00:00,4346.38,4346.46,0.08,201
2026-09-11T18:51:27.127+00:00,4346.32,4346.4,0.08,201
2026-09-11T18:51:27.354+00:00,4346.14,4346.22,0.08,201
2026-09-11T18:51:27.577+00:00,4346.08,4346.16,0.08,201
2026-09-11T18:51:28.229+00:00,4346.08,4346.17,0.09,201
2026-09-11T18:51:28.453+00:00,4346.3,4346.38,0.08,201
2026-09-11T18:51:28.677+00:00,4346.19,4346.27,0.08,201
2026-09-11T18:51:29.132+00:00,4346.12,4346.21,0.09,201
2026-09-11T18:51:29.354+00:00,4345.98,4346.06,0.08,201
2026-09-11T18:51:29.965+00:00,4345.87,4345.95,0.08,201
2026-09-11T18:51:30.413+00:00,4345.5,4345.58,0.08,201
2026-09-11T18:51:30.638+00:00,4345.61,4345.69,0.08,201
2026-09-11T18:51:30.952+00:00,4345.58,4345.66,0.08,201
2026-09-11T18:51:31.180+00:00,4345.67,4345.75,0.08,201
2026-09-11T18:51:31.401+00:00,4345.55,4345.63,0.08,201
2026-09-11T18:51:31.702+00:00,4345.54,4345.63,0.09,201
2026-09-11T18:51:31.929+00:00,4345.67,4345.76,0.09,201
2026-09-11T18:51:32.151+00:00,4345.95,4346.03,0.08,201
2026-09-11T18:51:32.453+00:00,4345.94,4346.02,0.08,201
2026-09-11T18:51:32.677+00:00,4345.95,4346.03,0.08,201
2026-09-11T18:51:33.483+00:00,4345.98,4346.06,0.08,201
2026-09-11T18:51:33.782+00:00,4346.0,4346.08,0.08,201
2026-09-11T18:51:34.654+00:00,4345.99,4346.07,0.08,201
2026-09-11T18:51:34.873+00:00,4345.82,4345.9,0.08,201
2026-09-11T18:51:35.098+00:00,4345.72,4345.8,0.08,201
2026-09-11T18:51:35.700+00:00,4345.69,4345.77,0.08,201
2026-09-11T18:51:36.014+00:00,4345.57,4345.65,0.08,201
2026-09-11T18:51:36.239+00:00,4345.9,4345.98,0.08,202
2026-09-11T18:51:36.463+00:00,4345.91,4345.99,0.08,202
2026-09-11T18:51:36.690+00:00,4346.08,4346.16,0.08,202
2026-09-11T18:51:36.915+00:00,4346.04,4346.12,0.08,202
2026-09-11T18:51:37.138+00:00,4346.05,4346.13,0.08,202
2026-09-11T18:51:37.449+00:00,4345.98,4346.06,0.08,202
2026-09-11T18:51:38.499+00:00,4345.95,4346.03,0.08,202
2026-09-11T18:51:38.708+00:00,4345.89,4345.97,0.08,202
2026-09-11T18:51:38.947+00:00,4345.89,4345.98,0.09,202
2026-09-11T18:51:39.170+00:00,4345.85,4345.94,0.09,202
2026-09-11T18:51:39.471+00:00,4345.89,4345.97,0.08,202
2026-09-11T18:51:39.698+00:00,4345.9,4345.98,0.08,202
2026-09-11T18:51:40.702+00:00,4345.95,4346.03,0.08,202
2026-09-11T18:51:41.028+00:00,4345.98,4346.06,0.08,202
2026-09-11T18:51:41.250+00:00,4346.07,4346.15,0.08,202
2026-09-11T18:51:41.478+00:00,4346.11,4346.2,0.09,202
2026-09-11T18:51:41.699+00:00,4346.07,4346.15,0.08,202
2026-09-11T18:51:41.924+00:00,4346.09,4346.17,0.08,202
2026-09-11T18:51:42.227+00:00,4346.11,4346.19,0.08,202
2026-09-11T18:51:43.184+00:00,4346.12,4346.2,0.08,202
2026-09-11T18:51:43.408+00:00,4345.8,4345.88,0.08,202
2026-09-11T18:51:43.632+00:00,4345.81,4345.89,0.08,202
2026-09-11T18:51:45.003+00:00,4345.9,4345.98,0.08,202
2026-09-11T18:51:45.228+00:00,4345.91,4345.99,0.08,202
2026-09-11T18:51:45.457+00:00,4346.07,4346.16,0.09,202
2026-09-11T18:51:45.679+00:00,4346.13,4346.22,0.09,202
2026-09-11T18:51:46.057+00:00,4346.18,4346.26,0.08,202
2026-09-11T18:51:46.280+00:00,4346.17,4346.27,0.1,202
2026-09-11T18:51:46.506+00:00,4346.23,4346.33,0.1,202
2026-09-11T18:51:46.730+00:00,4346.26,4346.36,0.1,202
2026-09-11T18:51:46.955+00:00,4346.16,4346.24,0.08,202
2026-09-11T18:51:47.256+00:00,4346.2,4346.28,0.08,202
2026-09-11T18:51:47.480+00:00,4346.22,4346.3,0.08,202
2026-09-11T18:51:47.951+00:00,4346.24,4346.32,0.08,202
2026-09-11T18:51:48.188+00:00,4346.22,4346.3,0.08,202
2026-09-11T18:51:48.570+00:00,4346.23,4346.31,0.08,202
2026-09-11T18:51:48.948+00:00,4346.22,4346.3,0.08,202
2026-09-11T18:51:49.959+00:00,4346.19,4346.27,0.08,202
2026-09-11T18:51:50.334+00:00,4346.02,4346.11,0.09,202
2026-09-11T18:51:50.558+00:00,4345.99,4346.08,0.09,202
2026-09-11T18:51:50.858+00:00,4346.0,4346.08,0.08,202
2026-09-11T18:51:51.157+00:00,4345.97,4346.05,0.08,202
2026-09-11T18:51:51.383+00:00,4345.96,4346.04,0.08,202
2026-09-11T18:51:51.791+00:00,4345.97,4346.05,0.08,202
2026-09-11T18:51:52.321+00:00,4346.18,4346.26,0.08,202
2026-09-11T18:51:52.899+00:00,4346.2,4346.28,0.08,202
2026-09-11T18:51:53.123+00:00,4346.25,4346.34,0.09,202
2026-09-11T18:51:53.422+00:00,4346.28,4346.36,0.08,202
2026-09-11T18:51:54.192+00:00,4346.27,4346.36,0.09,202
2026-09-11T18:51:54.418+00:00,4346.21,4346.3,0.09,202
2026-09-11T18:51:54.701+00:00,4346.28,4346.38,0.1,202
2026-09-11T18:51:55.047+00:00,4346.33,4346.42,0.09,202
2026-09-11T18:51:55.279+00:00,4346.4,4346.48,0.08,202
2026-09-11T18:51:55.704+00:00,4346.39,4346.47,0.08,202
2026-09-11T18:51:55.953+00:00,4346.38,4346.46,0.08,202
2026-09-11T18:51:56.471+00:00,4346.4,4346.49,0.09,202
2026-09-11T18:51:56.699+00:00,4346.42,4346.5,0.08,202
2026-09-11T18:51:56.996+00:00,4346.45,4346.53,0.08,202
2026-09-11T18:51:57.412+00:00,4346.44,4346.54,0.1,202
2026-09-11T18:51:57.634+00:00,4346.47,4346.56,0.09,202
2026-09-11T18:51:57.863+00:00,4346.48,4346.56,0.08,202
2026-09-11T18:51:58.085+00:00,4346.49,4346.57,0.08,202
2026-09-11T18:51:58.313+00:00,4346.54,4346.62,0.08,202
2026-09-11T18:51:58.699+00:00,4346.56,4346.64,0.08,202
2026-09-11T18:51:59.421+00:00,4346.6,4346.68,0.08,202
2026-09-11T18:52:00.703+00:00,4346.6,4346.69,0.09,202
2026-09-11T18:52:00.986+00:00,4346.6,4346.68,0.08,202
2026-09-11T18:52:01.488+00:00,4346.62,4346.7,0.08,202
2026-09-11T18:52:01.700+00:00,4346.61,4346.69,0.08,203
2026-09-11T18:52:01.916+00:00,4346.68,4346.76,0.08,203
2026-09-11T18:52:02.153+00:00,4346.67,4346.77,0.1,203
2026-09-11T18:52:03.182+00:00,4346.36,4346.47,0.11,203
2026-09-11T18:52:03.400+00:00,4346.45,4346.53,0.08,203
2026-09-11T18:52:03.627+00:00,4346.55,4346.63,0.08,203
2026-09-11T18:52:04.104+00:00,4346.62,4346.7,0.08,203
2026-09-11T18:52:04.700+00:00,4346.61,4346.69,0.08,203
2026-09-11T18:52:05.096+00:00,4346.57,4346.65,0.08,203
2026-09-11T18:52:05.322+00:00,4346.25,4346.33,0.08,203
2026-09-11T18:52:05.549+00:00,4346.13,4346.21,0.08,203
2026-09-11T18:52:05.774+00:00,4346.01,4346.11,0.1,203
2026-09-11T18:52:06.001+00:00,4346.11,4346.19,0.08,203
2026-09-11T18:52:06.228+00:00,4346.07,4346.15,0.08,203
2026-09-11T18:52:06.452+00:00,4345.92,4346.0,0.08,203
2026-09-11T18:52:06.673+00:00,4345.93,4346.01,0.08,203
2026-09-11T18:52:06.907+00:00,4345.82,4345.9,0.08,203
2026-09-11T18:52:07.496+00:00,4345.8,4345.88,0.08,203
2026-09-11T18:52:07.702+00:00,4345.82,4345.9,0.08,203
2026-09-11T18:52:08.371+00:00,4345.72,4345.8,0.08,203
2026-09-11T18:52:08.699+00:00,4345.71,4345.79,0.08,203
2026-09-11T18:52:08.971+00:00,4345.52,4345.6,0.08,203
2026-09-11T18:52:09.197+00:00,4345.52,4345.61,0.09,203
2026-09-11T18:52:09.497+00:00,4345.5,4345.59,0.09,203
2026-09-11T18:52:09.701+00:00,4345.51,4345.59,0.08,203
2026-09-11T18:52:09.949+00:00,4345.53,4345.62,0.09,203
2026-09-11T18:52:10.173+00:00,4345.52,4345.6,0.08,203
2026-09-11T18:52:10.730+00:00,4345.56,4345.64,0.08,203
2026-09-11T18:52:11.023+00:00,4345.55,4345.63,0.08,203
2026-09-11T18:52:11.391+00:00,4345.64,4345.72,0.08,203
2026-09-11T18:52:11.681+00:00,4345.62,4345.7,0.08,203
2026-09-11T18:52:12.061+00:00,4345.67,4345.75,0.08,203
2026-09-11T18:52:12.285+00:00,4345.64,4345.72,0.08,203
2026-09-11T18:52:12.817+00:00,4345.6,4345.68,0.08,203
2026-09-11T18:52:13.064+00:00,4345.64,4345.72,0.08,203
2026-09-11T18:52:13.657+00:00,4345.63,4345.71,0.08,203
2026-09-11T18:52:14.382+00:00,4345.48,4345.56,0.08,203
2026-09-11T18:52:14.699+00:00,4345.47,4345.55,0.08,203
2026-09-11T18:52:15.132+00:00,4345.46,4345.54,0.08,203
2026-09-11T18:52:15.515+00:00,4345.6,4345.68,0.08,203
2026-09-11T18:52:15.740+00:00,4345.46,4345.54,0.08,203
2026-09-11T18:52:16.163+00:00,4345.47,4345.55,0.08,203
2026-09-11T18:52:16.390+00:00,4345.18,4345.26,0.08,203
2026-09-11T18:52:16.695+00:00,4345.07,4345.15,0.08,203
2026-09-11T18:52:16.933+00:00,4345.16,4345.24,0.08,203
2026-09-11T18:52:17.159+00:00,4345.17,4345.25,0.08,203
2026-09-11T18:52:17.704+00:00,4345.13,4345.21,0.08,203
2026-09-11T18:52:17.941+00:00,4345.15,4345.23,0.08,203
2026-09-11T18:52:18.488+00:00,4345.2,4345.28,0.08,203
2026-09-11T18:52:19.022+00:00,4345.06,4345.14,0.08,203
2026-09-11T18:52:19.827+00:00,4345.0,4345.08,0.08,203
2026-09-11T18:52:20.038+00:00,4344.97,4345.05,0.08,203
2026-09-11T18:52:20.258+00:00,4345.4,4345.48,0.08,203
2026-09-11T18:52:20.522+00:00,4345.38,4345.46,0.08,203
2026-09-11T18:52:21.169+00:00,4345.4,4345.48,0.08,203
2026-09-11T18:52:21.473+00:00,4345.39,4345.47,0.08,203
2026-09-11T18:52:21.698+00:00,4345.29,4345.37,0.08,203
2026-09-11T18:52:21.925+00:00,4345.35,4345.43,0.08,203
2026-09-11T18:52:22.284+00:00,4345.43,4345.51,0.08,203
2026-09-11T18:52:22.508+00:00,4345.61,4345.69,0.08,203
2026-09-11T18:52:23.259+00:00,4345.48,4345.56,0.08,203
2026-09-11T18:52:23.555+00:00,4345.47,4345.55,0.08,203
2026-09-11T18:52:23.931+00:00,4345.57,4345.65,0.08,203
2026-09-11T18:52:24.192+00:00,4345.58,4345.66,0.08,203
2026-09-11T18:52:24.717+00:00,4345.63,4345.71,0.08,203
2026-09-11T18:52:25.477+00:00,4345.47,4345.55,0.08,203
2026-09-11T18:52:25.701+00:00,4345.58,4345.66,0.08,203
2026-09-11T18:52:26.339+00:00,4345.47,4345.55,0.08,203
2026-09-11T18:52:26.532+00:00,4345.57,4345.65,0.08,203
2026-09-11T18:52:26.763+00:00,4345.56,4345.64,0.08,204
2026-09-11T18:52:27.445+00:00,4345.46,4345.54,0.08,204
2026-09-11T18:52:28.090+00:00,4345.89,4345.97,0.08,204
2026-09-11T18:52:28.309+00:00,4346.09,4346.17,0.08,204
2026-09-11T18:52:28.533+00:00,4345.98,4346.06,0.08,204
2026-09-11T18:52:28.765+00:00,4345.95,4346.03,0.08,204
2026-09-11T18:52:28.989+00:00,4345.83,4345.91,0.08,204
2026-09-11T18:52:29.289+00:00,4345.81,4345.89,0.08,204
2026-09-11T18:52:29.606+00:00,4345.78,4345.86,0.08,204
2026-09-11T18:52:29.829+00:00,4345.91,4345.99,0.08,204
2026-09-11T18:52:30.056+00:00,4345.81,4345.9,0.09,204
2026-09-11T18:52:30.655+00:00,4345.85,4345.93,0.08,204
2026-09-11T18:52:30.884+00:00,4345.83,4345.91,0.08,204
2026-09-11T18:52:31.124+00:00,4345.99,4346.07,0.08,204
2026-09-11T18:52:31.350+00:00,4346.11,4346.19,0.08,204
2026-09-11T18:52:31.577+00:00,4346.12,4346.2,0.08,204
2026-09-11T18:52:32.028+00:00,4346.13,4346.21,0.08,204
2026-09-11T18:52:32.254+00:00,4346.21,4346.3,0.09,204
2026-09-11T18:52:32.777+00:00,4346.12,4346.22,0.1,204
2026-09-11T18:52:33.406+00:00,4346.13,4346.22,0.09,204
2026-09-11T18:52:33.632+00:00,4345.94,4346.02,0.08,204
2026-09-11T18:52:33.858+00:00,4345.94,4346.03,0.09,204
2026-09-11T18:52:34.362+00:00,4345.95,4346.03,0.08,204
2026-09-11T18:52:34.584+00:00,4345.78,4345.88,0.1,204
2026-09-11T18:52:35.030+00:00,4345.77,4345.89,0.12,204
2026-09-11T18:52:35.538+00:00,4345.78,4345.89,0.11,204
2026-09-11T18:52:35.750+00:00,4346.06,4346.17,0.11,204
2026-09-11T18:52:35.975+00:00,4346.02,4346.1,0.08,204
2026-09-11T18:52:36.196+00:00,4346.21,4346.29,0.08,204
2026-09-11T18:52:36.707+00:00,4346.12,4346.2,0.08,204
2026-09-11T18:52:36.947+00:00,4346.2,4346.28,0.08,204
2026-09-11T18:52:37.249+00:00,4346.14,4346.22,0.08,204
2026-09-11T18:52:37.487+00:00,4346.33,4346.41,0.08,204
2026-09-11T18:52:37.966+00:00,4346.32,4346.4,0.08,204
2026-09-11T18:52:38.176+00:00,4346.31,4346.39,0.08,204
2026-09-11T18:52:39.446+00:00,4346.32,4346.4,0.08,204
2026-09-11T18:52:39.668+00:00,4346.46,4346.54,0.08,204
2026-09-11T18:52:39.892+00:00,4346.47,4346.55,0.08,204
2026-09-11T18:52:40.132+00:00,4346.33,4346.41,0.08,204
2026-09-11T18:52:40.359+00:00,4346.54,4346.62,0.08,204
2026-09-11T18:52:40.585+00:00,4346.61,4346.69,0.08,204
2026-09-11T18:52:40.889+00:00,4346.62,4346.7,0.08,204
2026-09-11T18:52:41.334+00:00,4346.63,4346.71,0.08,204
2026-09-11T18:52:41.701+00:00,4346.47,4346.55,0.08,204
2026-09-11T18:52:42.091+00:00,4346.46,4346.54,0.08,204
2026-09-11T18:52:42.345+00:00,4346.46,4346.55,0.09,204
2026-09-11T18:52:42.700+00:00,4346.63,4346.72,0.09,204
2026-09-11T18:52:43.461+00:00,4346.7,4346.8,0.1,204
2026-09-11T18:52:43.728+00:00,4346.63,4346.72,0.09,204
2026-09-11T18:52:44.103+00:00,4346.45,4346.54,0.09,204
2026-09-11T18:52:44.191+00:00,4346.68,4346.77,0.09,204
2026-09-11T18:52:44.420+00:00,4346.78,4346.87,0.09,204
2026-09-11T18:52:44.709+00:00,4346.76,4346.86,0.1,204
2026-09-11T18:52:44.979+00:00,4346.87,4346.95,0.08,204
2026-09-11T18:52:45.430+00:00,4346.9,4346.98,0.08,204
2026-09-11T18:52:45.689+00:00,4346.98,4347.06,0.08,204
2026-09-11T18:52:46.143+00:00,4347.01,4347.09,0.08,204
2026-09-11T18:52:46.701+00:00,4347.0,4347.09,0.09,204
2026-09-11T18:52:46.929+00:00,4347.03,4347.12,0.09,204
2026-09-11T18:52:47.152+00:00,4347.01,4347.11,0.1,204
2026-09-11T18:52:47.751+00:00,4346.93,4347.02,0.09,204
2026-09-11T18:52:47.981+00:00,4346.92,4347.01,0.09,204
2026-09-11T18:52:48.209+00:00,4346.8,4346.88,0.08,204
2026-09-11T18:52:48.659+00:00,4346.83,4346.91,0.08,204
2026-09-11T18:52:49.028+00:00,4346.79,4346.87,0.08,204
2026-09-11T18:52:49.699+00:00,4346.77,4346.85,0.08,204
2026-09-11T18:52:49.935+00:00,4346.63,4346.71,0.08,204
2026-09-11T18:52:50.162+00:00,4346.53,4346.61,0.08,204
2026-09-11T18:52:50.464+00:00,4346.5,4346.59,0.09,204
2026-09-11T18:52:50.764+00:00,4346.5,4346.6,0.1,204
2026-09-11T18:52:51.109+00:00,4346.51,4346.6,0.09,204
2026-09-11T18:52:51.638+00:00,4346.53,4346.61,0.08,204
2026-09-11T18:52:51.935+00:00,4346.44,4346.52,0.08,205
2026-09-11T18:52:52.321+00:00,4346.39,4346.47,0.08,205
2026-09-11T18:52:52.697+00:00,4346.3,4346.39,0.09,205
2026-09-11T18:52:53.072+00:00,4346.33,4346.41,0.08,205
2026-09-11T18:52:53.700+00:00,4346.17,4346.25,0.08,205
2026-09-11T18:52:53.926+00:00,4346.15,4346.23,0.08,205
2026-09-11T18:52:54.149+00:00,4346.22,4346.3,0.08,205
2026-09-11T18:52:54.375+00:00,4346.51,4346.62,0.11,205
2026-09-11T18:52:54.600+00:00,4346.39,4346.49,0.1,205
2026-09-11T18:52:54.826+00:00,4346.39,4346.48,0.09,205
2026-09-11T18:52:55.050+00:00,4346.37,4346.46,0.09,205
2026-09-11T18:52:55.500+00:00,4346.4,4346.49,0.09,205
2026-09-11T18:52:55.725+00:00,4346.42,4346.5,0.08,205
2026-09-11T18:52:56.062+00:00,4346.37,4346.45,0.08,205
2026-09-11T18:52:56.250+00:00,4346.38,4346.48,0.1,205
2026-09-11T18:52:56.637+00:00,4346.4,4346.49,0.09,205
2026-09-11T18:52:56.867+00:00,4346.37,4346.46,0.09,205
2026-09-11T18:52:57.075+00:00,4346.27,4346.36,0.09,205
2026-09-11T18:52:57.464+00:00,4346.23,4346.32,0.09,205
2026-09-11T18:52:57.780+00:00,4346.2,4346.29,0.09,205
2026-09-11T18:52:58.009+00:00,4346.21,4346.29,0.08,205
2026-09-11T18:52:58.308+00:00,4346.01,4346.09,0.08,205
2026-09-11T18:52:58.580+00:00,4345.99,4346.07,0.08,205
2026-09-11T18:52:58.818+00:00,4346.01,4346.09,0.08,205
2026-09-11T18:52:59.041+00:00,4346.09,4346.17,0.08,205
2026-09-11T18:52:59.475+00:00,4346.0,4346.1,0.1,205
2026-09-11T18:52:59.912+00:00,4345.99,4346.08,0.09,205
2026-09-11T18:52:59.946+00:00,4345.98,4346.09,0.11,205
2026-09-11T18:53:00.231+00:00,4346.0,4346.1,0.1,205
2026-09-11T18:53:00.773+00:00,4345.89,4346.0,0.11,205
2026-09-11T18:53:00.998+00:00,4345.69,4345.8,0.11,205
2026-09-11T18:53:01.222+00:00,4345.62,4345.71,0.09,205
2026-09-11T18:53:01.447+00:00,4345.59,4345.67,0.08,205
2026-09-11T18:53:01.673+00:00,4345.69,4345.77,0.08,205
2026-09-11T18:53:01.899+00:00,4345.67,4345.75,0.08,205
2026-09-11T18:53:02.126+00:00,4345.66,4345.74,0.08,205
2026-09-11T18:53:02.353+00:00,4345.51,4345.59,0.08,205
2026-09-11T18:53:02.577+00:00,4345.5,4345.6,0.1,205
2026-09-11T18:53:03.028+00:00,4345.6,4345.71,0.11,205
2026-09-11T18:53:03.410+00:00,4345.5,4345.59,0.09,205
2026-09-11T18:53:03.628+00:00,4345.47,4345.55,0.08,205
2026-09-11T18:53:03.855+00:00,4345.54,4345.62,0.08,205
2026-09-11T18:53:04.231+00:00,4345.42,4345.5,0.08,205
2026-09-11T18:53:04.461+00:00,4345.51,4345.59,0.08,205
2026-09-11T18:53:04.685+00:00,4345.52,4345.6,0.08,205
2026-09-11T18:53:04.910+00:00,4345.67,4345.75,0.08,205
2026-09-11T18:53:05.457+00:00,4345.51,4345.59,0.08,205
2026-09-11T18:53:05.684+00:00,4345.31,4345.39,0.08,205
2026-09-11T18:53:05.906+00:00,4345.3,4345.39,0.09,205
2026-09-11T18:53:06.206+00:00,4345.51,4345.59,0.08,205
2026-09-11T18:53:06.700+00:00,4345.52,4345.6,0.08,205
2026-09-11T18:53:06.919+00:00,4345.48,4345.56,0.08,205
2026-09-11T18:53:07.136+00:00,4345.44,4345.52,0.08,205
2026-09-11T18:53:07.363+00:00,4345.43,4345.51,0.08,205
2026-09-11T18:53:08.116+00:00,4345.44,4345.54,0.1,205
2026-09-11T18:53:08.343+00:00,4345.39,4345.5,0.11,205
2026-09-11T18:53:08.568+00:00,4345.18,4345.27,0.09,205
2026-09-11T18:53:08.793+00:00,4345.36,4345.44,0.08,205
2026-09-11T18:53:09.020+00:00,4345.14,4345.22,0.08,205
2026-09-11T18:53:09.460+00:00,4345.16,4345.25,0.09,205
2026-09-11T18:53:09.702+00:00,4345.44,4345.53,0.09,205
2026-09-11T18:53:10.035+00:00,4345.37,4345.46,0.09,205
2026-09-11T18:53:10.502+00:00,4345.39,4345.47,0.08,205
2026-09-11T18:53:10.805+00:00,4345.36,4345.45,0.09,205
2026-09-11T18:53:11.029+00:00,4345.5,4345.58,0.08,205
2026-09-11T18:53:11.251+00:00,4345.7,4345.78,0.08,205
2026-09-11T18:53:11.477+00:00,4345.63,4345.71,0.08,205
2026-09-11T18:53:11.701+00:00,4345.65,4345.73,0.08,205
2026-09-11T18:53:12.150+00:00,4345.61,4345.7,0.09,205
2026-09-11T18:53:12.375+00:00,4345.64,4345.72,0.08,205
2026-09-11T18:53:12.675+00:00,4345.57,4345.65,0.08,205
2026-09-11T18:53:13.101+00:00,4345.58,4345.66,0.08,205
2026-09-11T18:53:13.322+00:00,4345.59,4345.68,0.09,205
2026-09-11T18:53:13.621+00:00,4345.58,4345.68,0.1,205
2026-09-11T18:53:13.886+00:00,4345.4,4345.49,0.09,205
2026-09-11T18:53:14.109+00:00,4345.39,4345.48,0.09,205
2026-09-11T18:53:14.562+00:00,4345.4,4345.5,0.1,205
2026-09-11T18:53:14.870+00:00,4345.42,4345.51,0.09,205
2026-09-11T18:53:15.155+00:00,4345.3,4345.4,0.1,205
2026-09-11T18:53:15.347+00:00,4345.35,4345.45,0.1,205
2026-09-11T18:53:15.589+00:00,4345.24,4345.34,0.1,205
2026-09-11T18:53:15.789+00:00,4345.26,4345.34,0.08,205
2026-09-11T18:53:15.996+00:00,4345.01,4345.09,0.08,205
2026-09-11T18:53:16.220+00:00,4345.09,4345.17,0.08,205
2026-09-11T18:53:16.519+00:00,4345.13,4345.23,0.1,205
2026-09-11T18:53:17.043+00:00,4345.13,4345.22,0.09,205
2026-09-11T18:53:18.184+00:00,4345.06,4345.15,0.09,206
2026-09-11T18:53:18.456+00:00,4345.22,4345.3,0.08,206
2026-09-11T18:53:18.675+00:00,4344.9,4344.98,0.08,206
2026-09-11T18:53:18.904+00:00,4345.01,4345.09,0.08,206
2026-09-11T18:53:19.126+00:00,4345.08,4345.19,0.11,206
2026-09-11T18:53:19.426+00:00,4345.1,4345.18,0.08,206
2026-09-11T18:53:20.062+00:00,4345.23,4345.31,0.08,206
2026-09-11T18:53:20.285+00:00,4345.21,4345.3,0.09,206
2026-09-11T18:53:20.510+00:00,4345.21,4345.31,0.1,206
2026-09-11T18:53:20.825+00:00,4345.16,4345.27,0.11,206
2026-09-11T18:53:21.091+00:00,4344.96,4345.07,0.11,206
2026-09-11T18:53:21.363+00:00,4344.89,4344.98,0.09,206
2026-09-11T18:53:21.729+00:00,4344.97,4345.07,0.1,206
2026-09-11T18:53:21.944+00:00,4344.86,4344.96,0.1,206
2026-09-11T18:53:22.170+00:00,4345.08,4345.19,0.11,206
2026-09-11T18:53:22.393+00:00,4344.85,4344.97,0.12,206
2026-09-11T18:53:22.693+00:00,4345.08,4345.18,0.1,206
2026-09-11T18:53:22.993+00:00,4345.03,4345.14,0.11,206
2026-09-11T18:53:23.224+00:00,4345.1,4345.19,0.09,206
2026-09-11T18:53:23.443+00:00,4345.05,4345.14,0.09,206
2026-09-11T18:53:23.699+00:00,4345.07,4345.15,0.08,206
2026-09-11T18:53:23.967+00:00,4344.96,4345.04,0.08,206
2026-09-11T18:53:24.194+00:00,4345.06,4345.14,0.08,206
2026-09-11T18:53:24.419+00:00,4345.2,4345.28,0.08,206
2026-09-11T18:53:25.041+00:00,4345.23,4345.31,0.08,206
2026-09-11T18:53:25.342+00:00,4345.21,4345.29,0.08,206
2026-09-11T18:53:25.565+00:00,4345.28,4345.36,0.08,206
2026-09-11T18:53:25.996+00:00,4345.23,4345.31,0.08,206
2026-09-11T18:53:26.220+00:00,4345.3,4345.39,0.09,206
2026-09-11T18:53:26.453+00:00,4345.33,4345.41,0.08,206
2026-09-11T18:53:26.669+00:00,4345.32,4345.4,0.08,206
2026-09-11T18:53:26.895+00:00,4345.0,4345.08,0.08,206
2026-09-11T18:53:27.123+00:00,4345.07,4345.15,0.08,206
2026-09-11T18:53:27.794+00:00,4345.0,4345.08,0.08,206
2026-09-11T18:53:28.244+00:00,4345.16,4345.25,0.09,206
2026-09-11T18:53:28.920+00:00,4344.95,4345.04,0.09,206
2026-09-11T18:53:30.888+00:00,4344.97,4345.07,0.1,206
2026-09-11T18:53:31.114+00:00,4344.96,4345.05,0.09,206
2026-09-11T18:53:31.867+00:00,4345.04,4345.14,0.1,206
2026-09-11T18:53:32.699+00:00,4345.03,4345.13,0.1,206
2026-09-11T18:53:33.574+00:00,4344.95,4345.04,0.09,206
2026-09-11T18:53:33.833+00:00,4345.18,4345.28,0.1,206
2026-09-11T18:53:34.057+00:00,4345.0,4345.1,0.1,206
2026-09-11T18:53:34.271+00:00,4345.0,4345.09,0.09,206
2026-09-11T18:53:34.702+00:00,4344.98,4345.08,0.1,206
2026-09-11T18:53:35.025+00:00,4345.01,4345.11,0.1,206
2026-09-11T18:53:35.701+00:00,4344.99,4345.08,0.09,206
2026-09-11T18:53:36.519+00:00,4345.13,4345.22,0.09,206
2026-09-11T18:53:36.745+00:00,4345.19,4345.27,0.08,206
2026-09-11T18:53:36.970+00:00,4345.2,4345.28,0.08,206
2026-09-11T18:53:37.496+00:00,4345.21,4345.29,0.08,206
2026-09-11T18:53:37.698+00:00,4345.19,4345.27,0.08,206
2026-09-11T18:53:38.170+00:00,4345.21,4345.29,0.08,206
2026-09-11T18:53:38.400+00:00,4345.38,4345.46,0.08,206
2026-09-11T18:53:38.622+00:00,4345.45,4345.53,0.08,206
2026-09-11T18:53:38.846+00:00,4345.5,4345.58,0.08,206
2026-09-11T18:53:39.073+00:00,4345.54,4345.62,0.08,206
2026-09-11T18:53:39.373+00:00,4345.48,4345.56,0.08,206
2026-09-11T18:53:39.597+00:00,4345.54,4345.62,0.08,206
2026-09-11T18:53:40.786+00:00,4345.53,4345.61,0.08,206
2026-09-11T18:53:41.040+00:00,4345.52,4345.6,0.08,206
2026-09-11T18:53:41.710+00:00,4345.47,4345.55,0.08,206
2026-09-11T18:53:41.937+00:00,4345.55,4345.63,0.08,206
2026-09-11T18:53:42.240+00:00,4345.49,4345.57,0.08,207
2026-09-11T18:53:42.487+00:00,4345.17,4345.25,0.08,207
2026-09-11T18:53:42.703+00:00,4345.09,4345.17,0.08,207
2026-09-11T18:53:43.195+00:00,4345.08,4345.18,0.1,207
2026-09-11T18:53:43.421+00:00,4345.09,4345.18,0.09,207
2026-09-11T18:53:43.646+00:00,4345.1,4345.18,0.08,207
2026-09-11T18:53:43.947+00:00,4345.17,4345.25,0.08,207
2026-09-11T18:53:44.172+00:00,4345.23,4345.31,0.08,207
2026-09-11T18:53:44.473+00:00,4345.28,4345.36,0.08,207
2026-09-11T18:53:44.699+00:00,4345.35,4345.43,0.08,207
2026-09-11T18:53:44.998+00:00,4345.13,4345.21,0.08,207
2026-09-11T18:53:45.447+00:00,4345.1,4345.18,0.08,207
2026-09-11T18:53:45.673+00:00,4345.12,4345.2,0.08,207
2026-09-11T18:53:45.900+00:00,4345.23,4345.31,0.08,207
2026-09-11T18:53:46.348+00:00,4345.22,4345.32,0.1,207
2026-09-11T18:53:46.581+00:00,4345.22,4345.31,0.09,207
2026-09-11T18:53:46.853+00:00,4345.24,4345.33,0.09,207
2026-09-11T18:53:47.318+00:00,4345.17,4345.25,0.08,207
2026-09-11T18:53:47.519+00:00,4345.23,4345.31,0.08,207
2026-09-11T18:53:47.744+00:00,4345.3,4345.38,0.08,207
2026-09-11T18:53:47.968+00:00,4345.31,4345.39,0.08,207
2026-09-11T18:53:48.419+00:00,4345.09,4345.17,0.08,207
2026-09-11T18:53:48.698+00:00,4345.1,4345.18,0.08,207
2026-09-11T18:53:48.985+00:00,4345.09,4345.17,0.08,207
2026-09-11T18:53:49.216+00:00,4345.14,4345.22,0.08,207
2026-09-11T18:53:49.429+00:00,4345.1,4345.18,0.08,207
2026-09-11T18:53:49.865+00:00,4345.12,4345.2,0.08,207
2026-09-11T18:53:49.865+00:00,4345.1,4345.18,0.08,207
2026-09-11T18:53:50.087+00:00,4345.16,4345.24,0.08,207
2026-09-11T18:53:50.463+00:00,4345.07,4345.15,0.08,207
2026-09-11T18:53:50.699+00:00,4344.94,4345.02,0.08,207
2026-09-11T18:53:50.912+00:00,4344.92,4345.03,0.11,207
2026-09-11T18:53:51.194+00:00,4344.92,4345.04,0.12,207
2026-09-11T18:53:51.491+00:00,4344.93,4345.03,0.1,207
2026-09-11T18:53:52.258+00:00,4344.93,4345.04,0.11,207
2026-09-11T18:53:52.263+00:00,4345.22,4345.33,0.11,207
2026-09-11T18:53:52.563+00:00,4345.23,4345.32,0.09,207
2026-09-11T18:53:52.863+00:00,4345.27,4345.35,0.08,207
2026-09-11T18:53:53.463+00:00,4345.27,4345.36,0.09,207
2026-09-11T18:53:53.689+00:00,4345.27,4345.35,0.08,207
2026-09-11T18:53:53.988+00:00,4345.33,4345.41,0.08,207
2026-09-11T18:53:54.212+00:00,4345.28,4345.36,0.08,207
2026-09-11T18:53:54.441+00:00,4345.26,4345.35,0.09,207
2026-09-11T18:53:54.665+00:00,4345.29,4345.38,0.09,207
2026-09-11T18:53:54.964+00:00,4345.29,4345.39,0.1,207
2026-09-11T18:53:55.190+00:00,4345.31,4345.41,0.1,207
2026-09-11T18:53:55.930+00:00,4345.25,4345.35,0.1,207
2026-09-11T18:53:56.232+00:00,4345.23,4345.33,0.1,207
2026-09-11T18:53:57.011+00:00,4345.22,4345.31,0.09,207
2026-09-11T18:53:57.238+00:00,4345.29,4345.38,0.09,207
2026-09-11T18:53:57.462+00:00,4345.18,4345.26,0.08,207
2026-09-11T18:53:57.989+00:00,4345.23,4345.31,0.08,207
2026-09-11T18:53:58.513+00:00,4345.24,4345.32,0.08,207
2026-09-11T18:53:58.738+00:00,4345.25,4345.34,0.09,207
2026-09-11T18:53:58.966+00:00,4345.27,4345.36,0.09,207
2026-09-11T18:53:59.194+00:00,4345.37,4345.45,0.08,207
2026-09-11T18:53:59.415+00:00,4345.36,4345.44,0.08,207
2026-09-11T18:53:59.638+00:00,4345.3,4345.38,0.08,207
2026-09-11T18:53:59.861+00:00,4345.37,4345.45,0.08,207
2026-09-11T18:54:00.089+00:00,4345.36,4345.44,0.08,207
2026-09-11T18:54:00.688+00:00,4345.38,4345.46,0.08,207
2026-09-11T18:54:01.213+00:00,4345.37,4345.45,0.08,207
2026-09-11T18:54:01.438+00:00,4345.45,4345.53,0.08,207
2026-09-11T18:54:01.700+00:00,4345.47,4345.55,0.08,207
2026-09-11T18:54:03.195+00:00,4345.39,4345.47,0.08,207
2026-09-11T18:54:03.421+00:00,4345.35,4345.43,0.08,207
2026-09-11T18:54:03.946+00:00,4345.34,4345.42,0.08,207
2026-09-11T18:54:04.172+00:00,4345.36,4345.44,0.08,207
2026-09-11T18:54:04.396+00:00,4345.35,4345.43,0.08,207
2026-09-11T18:54:04.772+00:00,4345.31,4345.39,0.08,207
2026-09-11T18:54:05.073+00:00,4345.32,4345.4,0.08,207
2026-09-11T18:54:05.447+00:00,4345.34,4345.42,0.08,207
2026-09-11T18:54:05.701+00:00,4345.32,4345.41,0.09,207
2026-09-11T18:54:05.972+00:00,4345.19,4345.27,0.08,207
2026-09-11T18:54:06.226+00:00,4345.35,4345.43,0.08,207
2026-09-11T18:54:06.780+00:00,4345.33,4345.41,0.08,207
2026-09-11T18:54:07.230+00:00,4345.34,4345.42,0.08,207
2026-09-11T18:54:07.453+00:00,4345.17,4345.27,0.1,207
2026-09-11T18:54:07.681+00:00,4345.2,4345.28,0.08,208
2026-09-11T18:54:07.904+00:00,4345.24,4345.32,0.08,208
2026-09-11T18:54:08.129+00:00,4345.29,4345.37,0.08,208
2026-09-11T18:54:08.399+00:00,4345.14,4345.22,0.08,208
2026-09-11T18:54:08.581+00:00,4345.28,4345.36,0.08,208
2026-09-11T18:54:08.803+00:00,4345.27,4345.35,0.08,208
2026-09-11T18:54:09.035+00:00,4345.4,4345.48,0.08,208
2026-09-11T18:54:09.255+00:00,4345.3,4345.38,0.08,208
2026-09-11T18:54:09.557+00:00,4345.28,4345.36,0.08,208
2026-09-11T18:54:09.788+00:00,4345.3,4345.38,0.08,208
2026-09-11T18:54:10.011+00:00,4345.31,4345.39,0.08,208
2026-09-11T18:54:10.235+00:00,4345.36,4345.44,0.08,208
2026-09-11T18:54:10.464+00:00,4345.26,4345.34,0.08,208
2026-09-11T18:54:10.912+00:00,4345.18,4345.26,0.08,208
2026-09-11T18:54:11.288+00:00,4345.16,4345.25,0.09,208
2026-09-11T18:54:11.588+00:00,4344.93,4345.02,0.09,208
2026-09-11T18:54:11.963+00:00,4344.89,4344.97,0.08,208
2026-09-11T18:54:12.186+00:00,4345.18,4345.28,0.1,208
2026-09-11T18:54:12.411+00:00,4345.1,4345.2,0.1,208
2026-09-11T18:54:12.637+00:00,4345.13,4345.21,0.08,208
2026-09-11T18:54:13.546+00:00,4345.12,4345.22,0.1,208
2026-09-11T18:54:13.934+00:00,4344.94,4345.03,0.09,208
2026-09-11T18:54:14.169+00:00,4345.15,4345.25,0.1,208
2026-09-11T18:54:14.393+00:00,4345.03,4345.11,0.08,208
2026-09-11T18:54:14.618+00:00,4344.96,4345.04,0.08,208
2026-09-11T18:54:14.843+00:00,4344.93,4345.01,0.08,208
2026-09-11T18:54:15.068+00:00,4344.89,4344.97,0.08,208
2026-09-11T18:54:15.293+00:00,4344.86,4344.94,0.08,208
2026-09-11T18:54:15.518+00:00,4344.76,4344.84,0.08,208
2026-09-11T18:54:16.044+00:00,4344.72,4344.8,0.08,208
2026-09-11T18:54:16.386+00:00,4344.71,4344.79,0.08,208
2026-09-11T18:54:16.699+00:00,4344.83,4344.91,0.08,208
2026-09-11T18:54:17.015+00:00,4344.77,4344.85,0.08,208
2026-09-11T18:54:17.610+00:00,4345.09,4345.17,0.08,208
2026-09-11T18:54:17.981+00:00,4345.11,4345.19,0.08,208
2026-09-11T18:54:18.487+00:00,4345.16,4345.24,0.08,208
2026-09-11T18:54:18.970+00:00,4345.16,4345.25,0.09,208
2026-09-11T18:54:19.192+00:00,4345.17,4345.27,0.1,208
2026-09-11T18:54:19.424+00:00,4345.13,4345.23,0.1,208
2026-09-11T18:54:19.699+00:00,4345.1,4345.2,0.1,208
2026-09-11T18:54:19.947+00:00,4345.18,4345.28,0.1,208
2026-09-11T18:54:20.334+00:00,4345.11,4345.2,0.09,208
2026-09-11T18:54:20.598+00:00,4345.09,4345.18,0.09,208
2026-09-11T18:54:21.171+00:00,4345.0,4345.08,0.08,208
2026-09-11T18:54:21.700+00:00,4344.98,4345.06,0.08,208
2026-09-11T18:54:21.999+00:00,4344.97,4345.05,0.08,208
2026-09-11T18:54:22.205+00:00,4344.96,4345.04,0.08,208
2026-09-11T18:54:22.590+00:00,4344.88,4344.96,0.08,208
2026-09-11T18:54:22.945+00:00,4344.76,4344.88,0.12,208
2026-09-11T18:54:23.182+00:00,4344.8,4344.92,0.12,208
2026-09-11T18:54:23.407+00:00,4344.8,4344.9,0.1,208
2026-09-11T18:54:23.631+00:00,4344.74,4344.82,0.08,208
2026-09-11T18:54:23.855+00:00,4344.73,4344.81,0.08,208
2026-09-11T18:54:24.503+00:00,4344.93,4345.01,0.08,208
2026-09-11T18:54:25.109+00:00,4344.96,4345.04,0.08,208
2026-09-11T18:54:25.411+00:00,4344.95,4345.03,0.08,208
2026-09-11T18:54:25.859+00:00,4345.01,4345.09,0.08,208
2026-09-11T18:54:26.084+00:00,4345.62,4345.7,0.08,208
2026-09-11T18:54:26.308+00:00,4345.52,4345.6,0.08,208
2026-09-11T18:54:26.533+00:00,4345.47,4345.55,0.08,208
2026-09-11T18:54:26.758+00:00,4345.36,4345.44,0.08,208
2026-09-11T18:54:26.986+00:00,4345.29,4345.37,0.08,208
2026-09-11T18:54:27.496+00:00,4345.28,4345.36,0.08,208
2026-09-11T18:54:27.700+00:00,4345.27,4345.35,0.08,208
2026-09-11T18:54:27.944+00:00,4345.25,4345.34,0.09,208
2026-09-11T18:54:28.321+00:00,4345.24,4345.35,0.11,208
2026-09-11T18:54:28.854+00:00,4345.22,4345.34,0.12,208
2026-09-11T18:54:29.077+00:00,4345.32,4345.42,0.1,208
2026-09-11T18:54:29.302+00:00,4345.41,4345.49,0.08,208
2026-09-11T18:54:29.700+00:00,4345.35,4345.43,0.08,208
2026-09-11T18:54:29.900+00:00,4345.34,4345.42,0.08,208
2026-09-11T18:54:30.124+00:00,4345.33,4345.41,0.08,208
2026-09-11T18:54:30.353+00:00,4345.06,4345.14,0.08,208
2026-09-11T18:54:30.801+00:00,4345.24,4345.34,0.1,208
2026-09-11T18:54:31.025+00:00,4345.16,4345.25,0.09,208
2026-09-11T18:54:31.250+00:00,4345.19,4345.28,0.09,208
2026-09-11T18:54:31.476+00:00,4345.26,4345.34,0.08,208
2026-09-11T18:54:31.956+00:00,4345.32,4345.4,0.08,208
2026-09-11T18:54:32.256+00:00,4345.38,4345.46,0.08,208
2026-09-11T18:54:32.480+00:00,4345.39,4345.47,0.08,208
2026-09-11T18:54:32.857+00:00,4345.35,4345.43,0.08,209
2026-09-11T18:54:33.259+00:00,4345.36,4345.44,0.08,209
2026-09-11T18:54:33.580+00:00,4345.34,4345.42,0.08,209
2026-09-11T18:54:33.879+00:00,4345.28,4345.36,0.08,209
2026-09-11T18:54:34.430+00:00,4345.39,4345.47,0.08,209
2026-09-11T18:54:34.699+00:00,4345.38,4345.46,0.08,209
2026-09-11T18:54:34.924+00:00,4345.23,4345.31,0.08,209
2026-09-11T18:54:35.464+00:00,4345.03,4345.13,0.1,209
2026-09-11T18:54:35.709+00:00,4345.24,4345.33,0.09,209
2026-09-11T18:54:35.941+00:00,4345.24,4345.32,0.08,209
2026-09-11T18:54:36.161+00:00,4345.33,4345.42,0.09,209
2026-09-11T18:54:36.384+00:00,4345.27,4345.37,0.1,209
2026-09-11T18:54:36.609+00:00,4345.28,4345.37,0.09,209
2026-09-11T18:54:36.833+00:00,4345.27,4345.38,0.11,209
2026-09-11T18:54:37.134+00:00,4345.28,4345.37,0.09,209
2026-09-11T18:54:37.360+00:00,4345.29,4345.37,0.08,209
2026-09-11T18:54:37.735+00:00,4345.37,4345.45,0.08,209
2026-09-11T18:54:37.963+00:00,4345.4,4345.48,0.08,209
2026-09-11T18:54:38.700+00:00,4345.37,4345.45,0.08,209
2026-09-11T18:54:38.935+00:00,4345.4,4345.48,0.08,209
2026-09-11T18:54:39.166+00:00,4345.5,4345.58,0.08,209
2026-09-11T18:54:39.386+00:00,4345.39,4345.47,0.08,209
2026-09-11T18:54:39.698+00:00,4345.38,4345.46,0.08,209
2026-09-11T18:54:39.910+00:00,4345.36,4345.44,0.08,209
2026-09-11T18:54:40.374+00:00,4345.37,4345.45,0.08,209
2026-09-11T18:54:40.644+00:00,4345.36,4345.44,0.08,209
2026-09-11T18:54:40.934+00:00,4345.42,4345.5,0.08,209
2026-09-11T18:54:41.199+00:00,4345.32,4345.41,0.09,209
2026-09-11T18:54:41.502+00:00,4345.31,4345.4,0.09,209
2026-09-11T18:54:41.738+00:00,4345.28,4345.37,0.09,209
2026-09-11T18:54:42.412+00:00,4345.41,4345.5,0.09,209
2026-09-11T18:54:42.639+00:00,4345.4,4345.48,0.08,209
2026-09-11T18:54:43.386+00:00,4345.29,4345.37,0.08,209
2026-09-11T18:54:43.613+00:00,4345.28,4345.38,0.1,209
2026-09-11T18:54:44.354+00:00,4345.25,4345.36,0.11,209
2026-09-11T18:54:44.660+00:00,4345.26,4345.35,0.09,209
2026-09-11T18:54:44.890+00:00,4345.09,4345.18,0.09,209
2026-09-11T18:54:45.115+00:00,4345.27,4345.35,0.08,209
2026-09-11T18:54:45.338+00:00,4345.34,4345.42,0.08,209
2026-09-11T18:54:45.564+00:00,4345.39,4345.47,0.08,209
2026-09-11T18:54:45.788+00:00,4345.42,4345.5,0.08,209
2026-09-11T18:54:46.168+00:00,4345.4,4345.48,0.08,209
2026-09-11T18:54:46.485+00:00,4345.39,4345.47,0.08,209
2026-09-11T18:54:47.084+00:00,4345.33,4345.41,0.08,209
2026-09-11T18:54:47.340+00:00,4345.03,4345.11,0.08,209
2026-09-11T18:54:47.567+00:00,4345.06,4345.16,0.1,209
2026-09-11T18:54:47.865+00:00,4345.08,4345.16,0.08,209
2026-09-11T18:54:48.187+00:00,4345.25,4345.33,0.08,209
2026-09-11T18:54:48.414+00:00,4345.28,4345.36,0.08,209
2026-09-11T18:54:49.314+00:00,4345.33,4345.41,0.08,209
2026-09-11T18:54:49.687+00:00,4345.26,4345.34,0.08,209
2026-09-11T18:54:49.913+00:00,4345.07,4345.15,0.08,209
2026-09-11T18:54:50.243+00:00,4345.09,4345.18,0.09,209
2026-09-11T18:54:50.467+00:00,4345.31,4345.39,0.08,209
2026-09-11T18:54:50.991+00:00,4345.35,4345.43,0.08,209
2026-09-11T18:54:51.401+00:00,4345.39,4345.47,0.08,209
2026-09-11T18:54:52.042+00:00,4345.21,4345.29,0.08,209
2026-09-11T18:54:52.713+00:00,4345.22,4345.3,0.08,209
2026-09-11T18:54:52.936+00:00,4345.33,4345.41,0.08,209
2026-09-11T18:54:53.164+00:00,4345.46,4345.54,0.08,209
2026-09-11T18:54:53.685+00:00,4345.47,4345.55,0.08,209
2026-09-11T18:54:53.990+00:00,4345.46,4345.54,0.08,209
2026-09-11T18:54:54.660+00:00,4345.51,4345.59,0.08,209
2026-09-11T18:54:54.884+00:00,4345.28,4345.36,0.08,209
2026-09-11T18:54:55.258+00:00,4345.25,4345.33,0.08,209
2026-09-11T18:54:55.632+00:00,4345.12,4345.2,0.08,209
2026-09-11T18:54:55.857+00:00,4345.07,4345.15,0.08,209
2026-09-11T18:54:56.111+00:00,4345.06,4345.15,0.09,209
2026-09-11T18:54:56.336+00:00,4345.15,4345.23,0.08,209
2026-09-11T18:54:56.636+00:00,4345.23,4345.31,0.08,209
2026-09-11T18:54:56.861+00:00,4345.4,4345.48,0.08,209
2026-09-11T18:54:57.450+00:00,4345.35,4345.43,0.08,209
2026-09-11T18:54:57.681+00:00,4345.18,4345.26,0.08,210
2026-09-11T18:54:57.901+00:00,4345.32,4345.41,0.09,210
2026-09-11T18:54:58.125+00:00,4345.35,4345.46,0.11,210
2026-09-11T18:54:58.352+00:00,4345.34,4345.43,0.09,210
2026-09-11T18:54:58.575+00:00,4345.3,4345.38,0.08,210
2026-09-11T18:54:59.321+00:00,4345.14,4345.22,0.08,210
2026-09-11T18:54:59.688+00:00,4345.11,4345.19,0.08,210
2026-09-11T18:54:59.926+00:00,4345.26,4345.34,0.08,210
2026-09-11T18:55:00.207+00:00,4345.25,4345.33,0.08,210
2026-09-11T18:55:00.610+00:00,4345.18,4345.26,0.08,210
2026-09-11T18:55:00.690+00:00,4345.27,4345.35,0.08,210
2026-09-11T18:55:00.907+00:00,4344.97,4345.05,0.08,210
2026-09-11T18:55:01.133+00:00,4344.96,4345.04,0.08,210
2026-09-11T18:55:01.385+00:00,4344.97,4345.05,0.08,210
2026-09-11T18:55:01.803+00:00,4344.98,4345.07,0.09,210
2026-09-11T18:55:02.027+00:00,4345.07,4345.15,0.08,210
2026-09-11T18:55:02.254+00:00,4345.09,4345.17,0.08,210
2026-09-11T18:55:02.477+00:00,4345.08,4345.16,0.08,210
2026-09-11T18:55:02.699+00:00,4345.27,4345.35,0.08,210
2026-09-11T18:55:02.932+00:00,4345.09,4345.17,0.08,210
2026-09-11T18:55:03.153+00:00,4345.21,4345.29,0.08,210
2026-09-11T18:55:03.378+00:00,4345.2,4345.29,0.09,210
2026-09-11T18:55:03.604+00:00,4345.18,4345.28,0.1,210
2026-09-11T18:55:03.831+00:00,4345.19,4345.28,0.09,210
2026-09-11T18:55:04.054+00:00,4345.22,4345.31,0.09,210
2026-09-11T18:55:04.582+00:00,4345.26,4345.34,0.08,210
2026-09-11T18:55:04.901+00:00,4345.25,4345.34,0.09,210
2026-09-11T18:55:05.200+00:00,4345.27,4345.35,0.08,210
2026-09-11T18:55:05.584+00:00,4345.3,4345.38,0.08,210
2026-09-11T18:55:06.031+00:00,4345.33,4345.42,0.09,210
2026-09-11T18:55:06.257+00:00,4345.32,4345.4,0.08,210
2026-09-11T18:55:06.557+00:00,4345.39,4345.47,0.08,210
2026-09-11T18:55:06.782+00:00,4345.41,4345.49,0.08,210
2026-09-11T18:55:07.084+00:00,4345.37,4345.45,0.08,210
2026-09-11T18:55:07.308+00:00,4345.4,4345.48,0.08,210
2026-09-11T18:55:08.197+00:00,4345.37,4345.45,0.08,210
2026-09-11T18:55:08.420+00:00,4345.29,4345.37,0.08,210
2026-09-11T18:55:08.650+00:00,4345.26,4345.34,0.08,210
2026-09-11T18:55:08.870+00:00,4345.27,4345.35,0.08,210
2026-09-11T18:55:09.095+00:00,4345.36,4345.44,0.08,210
2026-09-11T18:55:09.319+00:00,4345.53,4345.61,0.08,210
2026-09-11T18:55:09.619+00:00,4345.48,4345.56,0.08,210
2026-09-11T18:55:09.860+00:00,4345.47,4345.56,0.09,210
2026-09-11T18:55:10.150+00:00,4345.33,4345.41,0.08,210
2026-09-11T18:55:10.372+00:00,4345.11,4345.21,0.1,210
2026-09-11T18:55:10.672+00:00,4345.1,4345.21,0.11,210
2026-09-11T18:55:10.900+00:00,4345.06,4345.16,0.1,210
2026-09-11T18:55:11.124+00:00,4345.25,4345.34,0.09,210
2026-09-11T18:55:11.699+00:00,4345.26,4345.36,0.1,210
2026-09-11T18:55:12.083+00:00,4345.41,4345.51,0.1,210
2026-09-11T18:55:12.288+00:00,4345.45,4345.53,0.08,210
2026-09-11T18:55:12.459+00:00,4345.44,4345.52,0.08,210
2026-09-11T18:55:13.698+00:00,4345.38,4345.46,0.08,210
2026-09-11T18:55:14.046+00:00,4345.41,4345.49,0.08,210
2026-09-11T18:55:14.387+00:00,4345.4,4345.48,0.08,210
2026-09-11T18:55:14.956+00:00,4345.39,4345.47,0.08,210
2026-09-11T18:55:15.636+00:00,4345.38,4345.46,0.08,210
2026-09-11T18:55:15.859+00:00,4345.43,4345.51,0.08,210
2026-09-11T18:55:16.313+00:00,4345.38,4345.47,0.09,210
2026-09-11T18:55:16.705+00:00,4345.36,4345.45,0.09,210
2026-09-11T18:55:16.952+00:00,4345.39,4345.48,0.09,210
2026-09-11T18:55:17.173+00:00,4345.33,4345.41,0.08,210
2026-09-11T18:55:17.400+00:00,4345.29,4345.38,0.09,210
2026-09-11T18:55:17.623+00:00,4345.2,4345.31,0.11,210
2026-09-11T18:55:17.849+00:00,4345.0,4345.1,0.1,210
2026-09-11T18:55:18.146+00:00,4345.0,4345.09,0.09,210
2026-09-11T18:55:18.376+00:00,4344.99,4345.07,0.08,210
2026-09-11T18:55:18.596+00:00,4344.98,4345.08,0.1,210
2026-09-11T18:55:18.830+00:00,4345.16,4345.26,0.1,210
2026-09-11T18:55:19.124+00:00,4345.22,4345.33,0.11,210
2026-09-11T18:55:19.498+00:00,4345.22,4345.3,0.08,210
2026-09-11T18:55:19.798+00:00,4345.23,4345.32,0.09,210
2026-09-11T18:55:20.050+00:00,4345.19,4345.27,0.08,210
2026-09-11T18:55:20.276+00:00,4345.38,4345.46,0.08,210
2026-09-11T18:55:20.501+00:00,4345.42,4345.5,0.08,210
2026-09-11T18:55:20.948+00:00,4345.44,4345.52,0.08,210
2026-09-11T18:55:21.400+00:00,4345.47,4345.55,0.08,210
2026-09-11T18:55:22.833+00:00,4345.48,4345.56,0.08,211
2026-09-11T18:55:23.602+00:00,4345.42,4345.5,0.08,211
2026-09-11T18:55:23.867+00:00,4345.4,4345.48,0.08,211
2026-09-11T18:55:24.318+00:00,4345.12,4345.2,0.08,211
2026-09-11T18:55:24.541+00:00,4345.19,4345.28,0.09,211
2026-09-11T18:55:24.780+00:00,4345.34,4345.42,0.08,211
2026-09-11T18:55:25.004+00:00,4345.35,4345.43,0.08,211
2026-09-11T18:55:25.636+00:00,4345.44,4345.52,0.08,211
2026-09-11T18:55:25.863+00:00,4346.84,4347.0,0.16,211
2026-09-11T18:55:26.086+00:00,4346.96,4347.05,0.09,211
2026-09-11T18:55:26.313+00:00,4346.74,4346.82,0.08,211
2026-09-11T18:55:26.537+00:00,4346.75,4346.83,0.08,211
2026-09-11T18:55:26.763+00:00,4346.79,4346.88,0.09,211
2026-09-11T18:55:26.986+00:00,4346.85,4346.95,0.1,211
2026-09-11T18:55:27.286+00:00,4346.78,4346.89,0.11,211
2026-09-11T18:55:27.661+00:00,4346.78,4346.91,0.13,211
2026-09-11T18:55:27.963+00:00,4346.79,4346.9,0.11,211
2026-09-11T18:55:28.190+00:00,4346.75,4346.86,0.11,211
2026-09-11T18:55:28.699+00:00,4346.55,4346.65,0.1,211
2026-09-11T18:55:29.027+00:00,4346.57,4346.65,0.08,211
2026-09-11T18:55:29.251+00:00,4346.31,4346.43,0.12,211
2026-09-11T18:55:29.477+00:00,4346.34,4346.44,0.1,211
2026-09-11T18:55:29.697+00:00,4346.34,4346.45,0.11,211
2026-09-11T18:55:30.064+00:00,4346.35,4346.44,0.09,211
2026-09-11T18:55:30.684+00:00,4346.33,4346.42,0.09,211
2026-09-11T18:55:30.909+00:00,4346.47,4346.57,0.1,211
2026-09-11T18:55:31.132+00:00,4346.34,4346.45,0.11,211
2026-09-11T18:55:31.656+00:00,4346.36,4346.46,0.1,211
2026-09-11T18:55:31.871+00:00,4346.24,4346.34,0.1,211
2026-09-11T18:55:32.179+00:00,4346.24,4346.33,0.09,211
2026-09-11T18:55:32.406+00:00,4346.25,4346.34,0.09,211
2026-09-11T18:55:32.698+00:00,4346.26,4346.34,0.08,211
2026-09-11T18:55:32.935+00:00,4346.25,4346.34,0.09,211
2026-09-11T18:55:33.178+00:00,4346.23,4346.33,0.1,211
2026-09-11T18:55:33.405+00:00,4346.27,4346.37,0.1,211
2026-09-11T18:55:34.036+00:00,4346.19,4346.29,0.1,211
2026-09-11T18:55:34.605+00:00,4346.19,4346.3,0.11,211
2026-09-11T18:55:34.831+00:00,4346.39,4346.49,0.1,211
2026-09-11T18:55:35.354+00:00,4346.27,4346.37,0.1,211
2026-09-11T18:55:35.709+00:00,4346.3,4346.4,0.1,211
2026-09-11T18:55:35.934+00:00,4346.35,4346.46,0.11,211
2026-09-11T18:55:36.325+00:00,4346.45,4346.55,0.1,211
2026-09-11T18:55:36.698+00:00,4346.46,4346.56,0.1,211
2026-09-11T18:55:36.935+00:00,4346.3,4346.4,0.1,211
2026-09-11T18:55:37.259+00:00,4346.45,4346.57,0.12,211
2026-09-11T18:55:37.460+00:00,4346.7,4346.81,0.11,211
2026-09-11T18:55:37.710+00:00,4346.71,4346.8,0.09,211
2026-09-11T18:55:38.331+00:00,4346.47,4346.56,0.09,211
2026-09-11T18:55:38.553+00:00,4346.46,4346.55,0.09,211
2026-09-11T18:55:38.778+00:00,4346.45,4346.55,0.1,211
2026-09-11T18:55:39.077+00:00,4346.48,4346.58,0.1,211
2026-09-11T18:55:39.303+00:00,4346.35,4346.45,0.1,211
2026-09-11T18:55:39.527+00:00,4346.34,4346.43,0.09,211
2026-09-11T18:55:39.754+00:00,4346.33,4346.44,0.11,211
2026-09-11T18:55:39.977+00:00,4346.3,4346.42,0.12,211
2026-09-11T18:55:40.204+00:00,4346.32,4346.43,0.11,211
2026-09-11T18:55:40.428+00:00,4346.67,4346.79,0.12,211
2026-09-11T18:55:40.653+00:00,4346.71,4346.82,0.11,211
2026-09-11T18:55:40.955+00:00,4346.76,4346.85,0.09,211
2026-09-11T18:55:41.177+00:00,4346.74,4346.83,0.09,211
2026-09-11T18:55:41.406+00:00,4346.74,4346.84,0.1,211
2026-09-11T18:55:41.629+00:00,4346.78,4346.88,0.1,211
2026-09-11T18:55:42.083+00:00,4346.75,4346.85,0.1,211
2026-09-11T18:55:42.389+00:00,4346.78,4346.88,0.1,211
2026-09-11T18:55:42.960+00:00,4346.78,4346.89,0.11,211
2026-09-11T18:55:43.443+00:00,4346.88,4346.98,0.1,211
2026-09-11T18:55:43.672+00:00,4347.16,4347.25,0.09,211
2026-09-11T18:55:43.894+00:00,4346.96,4347.05,0.09,211
2026-09-11T18:55:44.125+00:00,4346.63,4346.72,0.09,211
2026-09-11T18:55:44.572+00:00,4346.85,4346.93,0.08,211
2026-09-11T18:55:44.794+00:00,4346.69,4346.77,0.08,211
2026-09-11T18:55:45.092+00:00,4346.9,4346.99,0.09,211
2026-09-11T18:55:45.315+00:00,4346.85,4346.93,0.08,211
2026-09-11T18:55:45.540+00:00,4346.79,4346.88,0.09,211
2026-09-11T18:55:45.993+00:00,4346.8,4346.9,0.1,211
2026-09-11T18:55:46.219+00:00,4346.81,4346.92,0.11,211
2026-09-11T18:55:46.987+00:00,4346.8,4346.92,0.12,211
2026-09-11T18:55:47.293+00:00,4346.73,4346.83,0.1,211
2026-09-11T18:55:47.589+00:00,4346.73,4346.82,0.09,211
2026-09-11T18:55:47.827+00:00,4346.42,4346.51,0.09,211
2026-09-11T18:55:48.121+00:00,4346.59,4346.69,0.1,212
2026-09-11T18:55:48.340+00:00,4346.58,4346.69,0.11,212
2026-09-11T18:55:48.563+00:00,4346.55,4346.66,0.11,212
2026-09-11T18:55:48.789+00:00,4346.59,4346.68,0.09,212
2026-09-11T18:55:49.023+00:00,4346.32,4346.4,0.08,212
2026-09-11T18:55:49.239+00:00,4346.51,4346.62,0.11,212
2026-09-11T18:55:49.764+00:00,4346.49,4346.59,0.1,212
2026-09-11T18:55:49.991+00:00,4346.56,4346.65,0.09,212
2026-09-11T18:55:50.403+00:00,4346.52,4346.6,0.08,212
2026-09-11T18:55:50.737+00:00,4346.44,4346.52,0.08,212
2026-09-11T18:55:50.967+00:00,4346.41,4346.49,0.08,212
2026-09-11T18:55:51.193+00:00,4346.38,4346.46,0.08,212
2026-09-11T18:55:51.414+00:00,4346.45,4346.53,0.08,212
2026-09-11T18:55:51.940+00:00,4346.44,4346.52,0.08,212
2026-09-11T18:55:52.759+00:00,4346.34,4346.42,0.08,212
2026-09-11T18:55:52.987+00:00,4346.18,4346.26,0.08,212
2026-09-11T18:55:53.515+00:00,4346.22,4346.3,0.08,212
2026-09-11T18:55:53.736+00:00,4346.29,4346.37,0.08,212
2026-09-11T18:55:53.959+00:00,4346.04,4346.12,0.08,212
2026-09-11T18:55:54.259+00:00,4346.03,4346.11,0.08,212
2026-09-11T18:55:54.559+00:00,4345.94,4346.02,0.08,212
2026-09-11T18:55:54.784+00:00,4346.06,4346.14,0.08,212
2026-09-11T18:55:55.010+00:00,4346.29,4346.37,0.08,212
2026-09-11T18:55:55.234+00:00,4346.18,4346.26,0.08,212
2026-09-11T18:55:55.458+00:00,4346.17,4346.25,0.08,212
2026-09-11T18:55:55.683+00:00,4346.2,4346.28,0.08,212
2026-09-11T18:55:55.908+00:00,4346.17,4346.25,0.08,212
2026-09-11T18:55:56.133+00:00,4346.13,4346.24,0.11,212
2026-09-11T18:55:56.361+00:00,4345.99,4346.11,0.12,212
2026-09-11T18:55:56.584+00:00,4346.06,4346.17,0.11,212
2026-09-11T18:55:57.034+00:00,4346.07,4346.16,0.09,212
2026-09-11T18:55:57.258+00:00,4345.91,4346.0,0.09,212
2026-09-11T18:55:57.635+00:00,4345.87,4345.99,0.12,212
2026-09-11T18:55:57.859+00:00,4345.9,4346.01,0.11,212
2026-09-11T18:55:58.089+00:00,4346.01,4346.1,0.09,212
2026-09-11T18:55:58.321+00:00,4346.02,4346.1,0.08,212
2026-09-11T18:55:58.619+00:00,4346.04,4346.12,0.08,212
2026-09-11T18:55:58.842+00:00,4346.03,4346.12,0.09,212
2026-09-11T18:55:59.142+00:00,4346.02,4346.11,0.09,212
2026-09-11T18:56:00.191+00:00,4346.02,4346.1,0.08,212
2026-09-11T18:56:00.419+00:00,4346.01,4346.09,0.08,212
2026-09-11T18:56:00.817+00:00,4346.0,4346.08,0.08,212
2026-09-11T18:56:01.041+00:00,4346.11,4346.19,0.08,212
2026-09-11T18:56:01.265+00:00,4346.12,4346.2,0.08,212
2026-09-11T18:56:01.489+00:00,4346.14,4346.22,0.08,212
2026-09-11T18:56:01.945+00:00,4346.09,4346.19,0.1,212
2026-09-11T18:56:02.164+00:00,4345.94,4346.04,0.1,212
2026-09-11T18:56:02.391+00:00,4345.61,4345.69,0.08,212
2026-09-11T18:56:02.691+00:00,4345.8,4345.88,0.08,212
2026-09-11T18:56:03.140+00:00,4345.79,4345.88,0.09,212
2026-09-11T18:56:03.613+00:00,4345.83,4345.91,0.08,212
2026-09-11T18:56:03.834+00:00,4345.81,4345.91,0.1,212
2026-09-11T18:56:04.042+00:00,4345.8,4345.89,0.09,212
2026-09-11T18:56:04.346+00:00,4345.62,4345.71,0.09,212
2026-09-11T18:56:04.706+00:00,4345.79,4345.88,0.09,212
2026-09-11T18:56:05.020+00:00,4345.92,4346.01,0.09,212
2026-09-11T18:56:05.250+00:00,4345.95,4346.03,0.08,212
2026-09-11T18:56:05.470+00:00,4345.92,4346.0,0.08,212
2026-09-11T18:56:05.699+00:00,4345.83,4345.91,0.08,212
2026-09-11T18:56:06.145+00:00,4345.83,4345.94,0.11,212
2026-09-11T18:56:06.660+00:00,4345.88,4345.98,0.1,212
2026-09-11T18:56:07.044+00:00,4345.91,4345.99,0.08,212
2026-09-11T18:56:07.493+00:00,4345.95,4346.03,0.08,212
2026-09-11T18:56:07.698+00:00,4345.99,4346.07,0.08,212
2026-09-11T18:56:07.935+00:00,4346.01,4346.09,0.08,212
2026-09-11T18:56:08.159+00:00,4345.99,4346.07,0.08,212
2026-09-11T18:56:08.383+00:00,4345.97,4346.07,0.1,212
2026-09-11T18:56:08.687+00:00,4345.97,4346.08,0.11,212
2026-09-11T18:56:08.984+00:00,4345.93,4346.05,0.12,212
2026-09-11T18:56:09.374+00:00,4345.91,4346.01,0.1,212
2026-09-11T18:56:09.703+00:00,4345.83,4345.94,0.11,212
2026-09-11T18:56:10.131+00:00,4345.4,4345.49,0.09,212
2026-09-11T18:56:10.350+00:00,4345.42,4345.52,0.1,212
2026-09-11T18:56:10.700+00:00,4345.47,4345.56,0.09,212
2026-09-11T18:56:10.950+00:00,4345.42,4345.5,0.08,212
2026-09-11T18:56:11.175+00:00,4346.0,4346.08,0.08,212
2026-09-11T18:56:11.399+00:00,4346.11,4346.19,0.08,212
2026-09-11T18:56:11.629+00:00,4345.99,4346.07,0.08,212
2026-09-11T18:56:12.151+00:00,4345.84,4345.92,0.08,212
2026-09-11T18:56:12.374+00:00,4345.73,4345.82,0.09,212
2026-09-11T18:56:12.676+00:00,4345.72,4345.84,0.12,212
2026-09-11T18:56:12.997+00:00,4345.74,4345.85,0.11,212
2026-09-11T18:56:13.220+00:00,4345.71,4345.81,0.1,213
2026-09-11T18:56:13.703+00:00,4345.73,4345.82,0.09,213
2026-09-11T18:56:14.238+00:00,4345.64,4345.74,0.1,213
2026-09-11T18:56:14.463+00:00,4345.45,4345.55,0.1,213
2026-09-11T18:56:14.699+00:00,4345.36,4345.45,0.09,213
2026-09-11T18:56:14.940+00:00,4345.42,4345.52,0.1,213
2026-09-11T18:56:15.315+00:00,4345.69,4345.78,0.09,213
2026-09-11T18:56:15.640+00:00,4345.73,4345.81,0.08,213
2026-09-11T18:56:15.862+00:00,4345.73,4345.82,0.09,213
2026-09-11T18:56:16.092+00:00,4345.72,4345.82,0.1,213
2026-09-11T18:56:16.314+00:00,4345.7,4345.79,0.09,213
2026-09-11T18:56:16.540+00:00,4345.7,4345.8,0.1,213
2026-09-11T18:56:17.420+00:00,4345.64,4345.74,0.1,213
2026-09-11T18:56:17.644+00:00,4345.68,4345.78,0.1,213
2026-09-11T18:56:17.868+00:00,4345.69,4345.77,0.08,213
2026-09-11T18:56:18.089+00:00,4345.63,4345.71,0.08,213
2026-09-11T18:56:19.574+00:00,4345.64,4345.72,0.08,213
2026-09-11T18:56:19.801+00:00,4345.66,4345.74,0.08,213
2026-09-11T18:56:20.326+00:00,4345.65,4345.74,0.09,213
2026-09-11T18:56:20.650+00:00,4345.65,4345.73,0.08,213
2026-09-11T18:56:20.943+00:00,4345.65,4345.74,0.09,213
2026-09-11T18:56:21.171+00:00,4346.08,4346.18,0.1,213
2026-09-11T18:56:21.471+00:00,4346.08,4346.17,0.09,213
2026-09-11T18:56:21.701+00:00,4346.09,4346.17,0.08,213
2026-09-11T18:56:21.920+00:00,4346.11,4346.19,0.08,213
2026-09-11T18:56:22.220+00:00,4346.11,4346.2,0.09,213
2026-09-11T18:56:22.450+00:00,4346.17,4346.27,0.1,213
2026-09-11T18:56:22.980+00:00,4346.15,4346.26,0.11,213
2026-09-11T18:56:23.204+00:00,4346.24,4346.33,0.09,213
2026-09-11T18:56:23.434+00:00,4346.03,4346.11,0.08,213
2026-09-11T18:56:23.950+00:00,4346.02,4346.1,0.08,213
2026-09-11T18:56:23.950+00:00,4346.0,4346.1,0.1,213
2026-09-11T18:56:24.186+00:00,4346.15,4346.25,0.1,213
2026-09-11T18:56:24.704+00:00,4346.11,4346.2,0.09,213
2026-09-11T18:56:24.704+00:00,4346.09,4346.18,0.09,213
2026-09-11T18:56:25.403+00:00,4346.27,4346.37,0.1,213
2026-09-11T18:56:25.698+00:00,4346.28,4346.38,0.1,213
2026-09-11T18:56:26.548+00:00,4346.27,4346.37,0.1,213
2026-09-11T18:56:26.774+00:00,4346.09,4346.19,0.1,213
2026-09-11T18:56:27.005+00:00,4346.1,4346.19,0.09,213
2026-09-11T18:56:27.755+00:00,4346.27,4346.36,0.09,213
2026-09-11T18:56:29.053+00:00,4346.29,4346.38,0.09,213
2026-09-11T18:56:29.277+00:00,4346.5,4346.58,0.08,213
2026-09-11T18:56:29.727+00:00,4346.51,4346.59,0.08,213
2026-09-11T18:56:29.951+00:00,4346.43,4346.52,0.09,213
2026-09-11T18:56:30.177+00:00,4346.4,4346.51,0.11,213
2026-09-11T18:56:30.401+00:00,4346.11,4346.22,0.11,213
2026-09-11T18:56:30.625+00:00,4346.0,4346.12,0.12,213
2026-09-11T18:56:30.856+00:00,4346.0,4346.1,0.1,213
2026-09-11T18:56:31.075+00:00,4346.08,4346.17,0.09,213
2026-09-11T18:56:31.479+00:00,4346.11,4346.2,0.09,213
2026-09-11T18:56:31.698+00:00,4346.25,4346.34,0.09,213
2026-09-11T18:56:31.936+00:00,4346.29,4346.38,0.09,213
2026-09-11T18:56:32.162+00:00,4346.32,4346.41,0.09,213
2026-09-11T18:56:32.614+00:00,4346.13,4346.22,0.09,213
2026-09-11T18:56:32.987+00:00,4346.31,4346.42,0.11,213
2026-09-11T18:56:33.697+00:00,4346.31,4346.43,0.12,213
2026-09-11T18:56:33.951+00:00,4346.32,4346.43,0.11,213
2026-09-11T18:56:34.154+00:00,4346.32,4346.42,0.1,213
2026-09-11T18:56:34.424+00:00,4346.23,4346.33,0.1,213
2026-09-11T18:56:34.650+00:00,4346.32,4346.43,0.11,213
2026-09-11T18:56:34.874+00:00,4346.31,4346.44,0.13,213
2026-09-11T18:56:35.099+00:00,4346.25,4346.37,0.12,213
2026-09-11T18:56:35.326+00:00,4346.25,4346.36,0.11,213
2026-09-11T18:56:35.782+00:00,4346.1,4346.2,0.1,213
2026-09-11T18:56:36.006+00:00,4345.95,4346.06,0.11,213
2026-09-11T18:56:36.233+00:00,4345.97,4346.09,0.12,213
2026-09-11T18:56:36.458+00:00,4345.89,4346.0,0.11,213
2026-09-11T18:56:36.686+00:00,4345.96,4346.06,0.1,213
2026-09-11T18:56:36.907+00:00,4346.18,4346.28,0.1,213
2026-09-11T18:56:37.133+00:00,4346.17,4346.28,0.11,213
2026-09-11T18:56:37.445+00:00,4346.09,4346.19,0.1,213
2026-09-11T18:56:37.668+00:00,4345.98,4346.08,0.1,213
2026-09-11T18:56:38.432+00:00,4345.91,4346.01,0.1,213
2026-09-11T18:56:38.655+00:00,4345.9,4346.0,0.1,214
2026-09-11T18:56:39.206+00:00,4345.9,4346.01,0.11,214
2026-09-11T18:56:39.442+00:00,4345.8,4345.91,0.11,214
2026-09-11T18:56:39.935+00:00,4346.04,4346.15,0.11,214
2026-09-11T18:56:40.159+00:00,4346.08,4346.18,0.1,214
2026-09-11T18:56:40.386+00:00,4346.08,4346.17,0.09,214
2026-09-11T18:56:40.685+00:00,4346.09,4346.17,0.08,214
2026-09-11T18:56:40.911+00:00,4345.88,4345.96,0.08,214
2026-09-11T18:56:41.236+00:00,4346.16,4346.24,0.08,214
2026-09-11T18:56:41.698+00:00,4346.15,4346.25,0.1,214
2026-09-11T18:56:42.630+00:00,4346.23,4346.35,0.12,214
2026-09-11T18:56:42.854+00:00,4346.78,4346.87,0.09,214
2026-09-11T18:56:43.078+00:00,4346.47,4346.55,0.08,214
2026-09-11T18:56:43.302+00:00,4346.52,4346.6,0.08,214
2026-09-11T18:56:43.527+00:00,4346.5,4346.58,0.08,214
2026-09-11T18:56:44.155+00:00,4346.66,4346.74,0.08,214
2026-09-11T18:56:44.380+00:00,4346.65,4346.75,0.1,214
2026-09-11T18:56:44.703+00:00,4346.44,4346.54,0.1,214
2026-09-11T18:56:44.948+00:00,4346.43,4346.53,0.1,214
2026-09-11T18:56:45.171+00:00,4346.56,4346.65,0.09,214
2026-09-11T18:56:45.396+00:00,4346.51,4346.59,0.08,214
2026-09-11T18:56:45.623+00:00,4346.45,4346.53,0.08,214
2026-09-11T18:56:45.847+00:00,4346.31,4346.41,0.1,214
2026-09-11T18:56:46.072+00:00,4346.3,4346.42,0.12,214
2026-09-11T18:56:46.296+00:00,4346.29,4346.42,0.13,214
2026-09-11T18:56:46.609+00:00,4346.39,4346.51,0.12,214
2026-09-11T18:56:46.839+00:00,4346.4,4346.52,0.12,214
2026-09-11T18:56:47.060+00:00,4346.41,4346.52,0.11,214
2026-09-11T18:56:47.470+00:00,4346.42,4346.52,0.1,214
2026-09-11T18:56:47.700+00:00,4346.39,4346.49,0.1,214
2026-09-11T18:56:47.922+00:00,4346.61,4346.72,0.11,214
2026-09-11T18:56:48.145+00:00,4346.29,4346.4,0.11,214
2026-09-11T18:56:48.596+00:00,4346.29,4346.41,0.12,214
2026-09-11T18:56:48.896+00:00,4346.22,4346.33,0.11,214
2026-09-11T18:56:49.122+00:00,4346.22,4346.3,0.08,214
2026-09-11T18:56:49.420+00:00,4346.27,4346.35,0.08,214
2026-09-11T18:56:49.647+00:00,4346.26,4346.35,0.09,214
2026-09-11T18:56:49.886+00:00,4346.4,4346.5,0.1,214
2026-09-11T18:56:50.188+00:00,4346.48,4346.58,0.1,214
2026-09-11T18:56:50.847+00:00,4346.51,4346.61,0.1,214
2026-09-11T18:56:50.847+00:00,4346.59,4346.69,0.1,214
2026-09-11T18:56:51.083+00:00,4346.69,4346.8,0.11,214
2026-09-11T18:56:51.413+00:00,4346.72,4346.81,0.09,214
2026-09-11T18:56:51.697+00:00,4346.71,4346.82,0.11,214
2026-09-11T18:56:51.956+00:00,4346.94,4347.05,0.11,214
2026-09-11T18:56:52.700+00:00,4346.94,4347.04,0.1,214
2026-09-11T18:56:53.244+00:00,4346.74,4346.83,0.09,214
2026-09-11T18:56:53.470+00:00,4346.71,4346.81,0.1,214
2026-09-11T18:56:54.527+00:00,4346.69,4346.8,0.11,214
2026-09-11T18:56:54.770+00:00,4346.68,4346.8,0.12,214
2026-09-11T18:56:55.254+00:00,4346.72,4346.82,0.1,214
2026-09-11T18:56:55.478+00:00,4346.7,4346.81,0.11,214
2026-09-11T18:56:56.078+00:00,4346.45,4346.56,0.11,214
2026-09-11T18:56:56.306+00:00,4346.25,4346.35,0.1,214
2026-09-11T18:56:56.529+00:00,4346.36,4346.45,0.09,214
2026-09-11T18:56:56.980+00:00,4346.37,4346.45,0.08,214
2026-09-11T18:56:57.657+00:00,4346.36,4346.45,0.09,214
2026-09-11T18:56:57.884+00:00,4346.35,4346.44,0.09,214
2026-09-11T18:56:58.108+00:00,4346.31,4346.39,0.08,214
2026-09-11T18:56:58.334+00:00,4346.39,4346.47,0.08,214
2026-09-11T18:56:58.633+00:00,4346.34,4346.42,0.08,214
2026-09-11T18:56:58.862+00:00,4346.45,4346.53,0.08,214
2026-09-11T18:56:59.085+00:00,4346.37,4346.45,0.08,214
2026-09-11T18:56:59.311+00:00,4346.5,4346.59,0.09,214
2026-09-11T18:56:59.760+00:00,4346.51,4346.59,0.08,214
2026-09-11T18:56:59.986+00:00,4346.57,4346.65,0.08,214
2026-09-11T18:57:00.211+00:00,4346.37,4346.45,0.08,214
2026-09-11T18:57:00.661+00:00,4346.55,4346.65,0.1,214
2026-09-11T18:57:00.888+00:00,4346.31,4346.42,0.11,214
2026-09-11T18:57:01.113+00:00,4346.57,4346.68,0.11,214
2026-09-11T18:57:01.352+00:00,4346.78,4346.88,0.1,214
2026-09-11T18:57:01.561+00:00,4346.93,4347.02,0.09,214
2026-09-11T18:57:01.786+00:00,4346.92,4347.0,0.08,214
2026-09-11T18:57:02.012+00:00,4346.69,4346.77,0.08,214
2026-09-11T18:57:02.237+00:00,4346.71,4346.79,0.08,214
2026-09-11T18:57:02.461+00:00,4346.67,4346.75,0.08,214
2026-09-11T18:57:02.697+00:00,4346.65,4346.73,0.08,214
2026-09-11T18:57:02.987+00:00,4346.63,4346.72,0.09,214
2026-09-11T18:57:03.519+00:00,4346.63,4346.71,0.08,214
2026-09-11T18:57:03.744+00:00,4346.7,4346.79,0.09,215
2026-09-11T18:57:03.974+00:00,4346.8,4346.89,0.09,215
2026-09-11T18:57:04.419+00:00,4346.63,4346.71,0.08,215
2026-09-11T18:57:04.700+00:00,4346.58,4346.67,0.09,215
2026-09-11T18:57:05.021+00:00,4346.6,4346.71,0.11,215
2026-09-11T18:57:05.243+00:00,4346.65,4346.75,0.1,215
2026-09-11T18:57:05.468+00:00,4346.66,4346.75,0.09,215
2026-09-11T18:57:05.698+00:00,4346.55,4346.64,0.09,215
2026-09-11T18:57:05.992+00:00,4346.54,4346.65,0.11,215
2026-09-11T18:57:06.244+00:00,4346.56,4346.66,0.1,215
2026-09-11T18:57:06.696+00:00,4346.65,4346.75,0.1,215
2026-09-11T18:57:07.008+00:00,4346.82,4346.93,0.11,215
2026-09-11T18:57:07.230+00:00,4346.69,4346.79,0.1,215
2026-09-11T18:57:07.460+00:00,4346.68,4346.78,0.1,215
2026-09-11T18:57:07.679+00:00,4346.69,4346.77,0.08,215
2026-09-11T18:57:08.312+00:00,4346.75,4346.83,0.08,215
2026-09-11T18:57:08.655+00:00,4346.75,4346.86,0.11,215
2026-09-11T18:57:09.071+00:00,4346.7,4346.8,0.1,215
2026-09-11T18:57:09.295+00:00,4346.71,4346.81,0.1,215
2026-09-11T18:57:09.529+00:00,4346.72,4346.82,0.1,215
2026-09-11T18:57:09.761+00:00,4346.69,4346.8,0.11,215
2026-09-11T18:57:10.054+00:00,4346.61,4346.72,0.11,215
2026-09-11T18:57:10.528+00:00,4346.62,4346.71,0.09,215
2026-09-11T18:57:10.757+00:00,4346.54,4346.64,0.1,215
2026-09-11T18:57:10.979+00:00,4346.63,4346.73,0.1,215
2026-09-11T18:57:11.282+00:00,4346.56,4346.65,0.09,215
2026-09-11T18:57:11.586+00:00,4346.58,4346.66,0.08,215
2026-09-11T18:57:12.004+00:00,4346.6,4346.7,0.1,215
2026-09-11T18:57:12.666+00:00,4346.62,4346.73,0.11,215
2026-09-11T18:57:12.892+00:00,4346.67,4346.77,0.1,215
2026-09-11T18:57:13.119+00:00,4346.63,4346.73,0.1,215
2026-09-11T18:57:13.415+00:00,4346.55,4346.65,0.1,215
2026-09-11T18:57:13.678+00:00,4346.54,4346.66,0.12,215
2026-09-11T18:57:13.870+00:00,4346.35,4346.45,0.1,215
2026-09-11T18:57:14.369+00:00,4346.33,4346.43,0.1,215
2026-09-11T18:57:14.547+00:00,4346.32,4346.42,0.1,215
2026-09-11T18:57:14.990+00:00,4346.14,4346.24,0.1,215
2026-09-11T18:57:15.006+00:00,4346.15,4346.24,0.09,215
2026-09-11T18:57:15.467+00:00,4346.32,4346.4,0.08,215
2026-09-11T18:57:16.067+00:00,4346.14,4346.23,0.09,215
2026-09-11T18:57:16.292+00:00,4346.46,4346.55,0.09,215
2026-09-11T18:57:16.518+00:00,4346.5,4346.58,0.08,215
2026-09-11T18:57:16.743+00:00,4346.35,4346.43,0.08,215
2026-09-11T18:57:16.983+00:00,4346.34,4346.42,0.08,215
2026-09-11T18:57:17.207+00:00,4346.28,4346.36,0.08,215
2026-09-11T18:57:17.432+00:00,4346.27,4346.37,0.1,215
2026-09-11T18:57:17.697+00:00,4346.3,4346.39,0.09,215
2026-09-11T18:57:18.033+00:00,4346.42,4346.5,0.08,215
2026-09-11T18:57:18.259+00:00,4346.16,4346.24,0.08,215
2026-09-11T18:57:18.698+00:00,4346.4,4346.5,0.1,215
2026-09-11T18:57:18.941+00:00,4346.39,4346.48,0.09,215
2026-09-11T18:57:19.256+00:00,4346.15,4346.24,0.09,215
2026-09-11T18:57:19.474+00:00,4346.23,4346.33,0.1,215
2026-09-11T18:57:19.697+00:00,4346.19,4346.28,0.09,215
2026-09-11T18:57:19.924+00:00,4346.18,4346.26,0.08,215
2026-09-11T18:57:20.259+00:00,4346.19,4346.29,0.1,215
2026-09-11T18:57:20.924+00:00,4346.31,4346.41,0.1,215
2026-09-11T18:57:21.510+00:00,4346.34,4346.42,0.08,215
2026-09-11T18:57:21.734+00:00,4346.25,4346.33,0.08,215
2026-09-11T18:57:22.259+00:00,4346.26,4346.34,0.08,215
2026-09-11T18:57:22.697+00:00,4346.26,4346.35,0.09,215
2026-09-11T18:57:22.934+00:00,4346.22,4346.3,0.08,215
2026-09-11T18:57:23.187+00:00,4346.16,4346.26,0.1,215
2026-09-11T18:57:23.437+00:00,4346.23,4346.35,0.12,215
2026-09-11T18:57:23.689+00:00,4346.23,4346.34,0.11,215
2026-09-11T18:57:23.908+00:00,4346.24,4346.33,0.09,215
2026-09-11T18:57:24.110+00:00,4346.25,4346.33,0.08,215
2026-09-11T18:57:24.336+00:00,4346.23,4346.31,0.08,215
2026-09-11T18:57:24.935+00:00,4346.38,4346.46,0.08,215
2026-09-11T18:57:25.161+00:00,4346.43,4346.51,0.08,215
2026-09-11T18:57:25.387+00:00,4346.21,4346.29,0.08,215
2026-09-11T18:57:25.704+00:00,4346.2,4346.28,0.08,215
2026-09-11T18:57:25.913+00:00,4346.26,4346.35,0.09,215
2026-09-11T18:57:26.286+00:00,4346.24,4346.32,0.08,215
2026-09-11T18:57:26.586+00:00,4346.18,4346.27,0.09,215
2026-09-11T18:57:26.810+00:00,4346.16,4346.25,0.09,215
2026-09-11T18:57:27.166+00:00,4346.16,4346.24,0.08,215
2026-09-11T18:57:27.429+00:00,4346.15,4346.23,0.08,215
2026-09-11T18:57:27.653+00:00,4346.28,4346.36,0.08,215
2026-09-11T18:57:27.880+00:00,4346.52,4346.6,0.08,215
2026-09-11T18:57:28.104+00:00,4346.56,4346.64,0.08,215
2026-09-11T18:57:28.329+00:00,4346.36,4346.44,0.08,215
2026-09-11T18:57:28.556+00:00,4346.65,4346.73,0.08,215
2026-09-11T18:57:28.780+00:00,4346.4,4346.48,0.08,216
2026-09-11T18:57:29.005+00:00,4346.61,4346.69,0.08,216
2026-09-11T18:57:29.231+00:00,4346.6,4346.7,0.1,216
2026-09-11T18:57:29.550+00:00,4346.61,4346.7,0.09,216
2026-09-11T18:57:29.773+00:00,4346.71,4346.81,0.1,216
2026-09-11T18:57:30.224+00:00,4346.72,4346.83,0.11,216
2026-09-11T18:57:30.917+00:00,4346.73,4346.85,0.12,216
2026-09-11T18:57:31.214+00:00,4346.45,4346.55,0.1,216
2026-09-11T18:57:31.436+00:00,4346.46,4346.54,0.08,216
2026-09-11T18:57:31.670+00:00,4346.48,4346.56,0.08,216
2026-09-11T18:57:31.970+00:00,4346.35,4346.43,0.08,216
2026-09-11T18:57:32.698+00:00,4346.34,4346.43,0.09,216
2026-09-11T18:57:33.191+00:00,4346.3,4346.38,0.08,216
2026-09-11T18:57:33.434+00:00,4346.16,4346.24,0.08,216
2026-09-11T18:57:33.618+00:00,4346.14,4346.22,0.08,216
2026-09-11T18:57:33.843+00:00,4346.13,4346.23,0.1,216
2026-09-11T18:57:34.068+00:00,4346.18,4346.27,0.09,216
2026-09-11T18:57:34.294+00:00,4346.24,4346.33,0.09,216
2026-09-11T18:57:34.518+00:00,4346.15,4346.23,0.08,216
2026-09-11T18:57:34.745+00:00,4346.16,4346.25,0.09,216
2026-09-11T18:57:35.085+00:00,4346.2,4346.28,0.08,216
2026-09-11T18:57:35.488+00:00,4346.19,4346.29,0.1,216
2026-09-11T18:57:35.819+00:00,4346.18,4346.27,0.09,216
2026-09-11T18:57:36.043+00:00,4346.22,4346.32,0.1,216
2026-09-11T18:57:36.342+00:00,4346.21,4346.3,0.09,216
2026-09-11T18:57:36.780+00:00,4346.13,4346.22,0.09,216
2026-09-11T18:57:37.412+00:00,4346.11,4346.21,0.1,216
2026-09-11T18:57:37.770+00:00,4346.1,4346.21,0.11,216
2026-09-11T18:57:37.995+00:00,4346.23,4346.32,0.09,216
2026-09-11T18:57:38.218+00:00,4346.25,4346.33,0.08,216
2026-09-11T18:57:38.541+00:00,4346.26,4346.34,0.08,216
2026-09-11T18:57:38.764+00:00,4346.26,4346.35,0.09,216
2026-09-11T18:57:38.989+00:00,4346.45,4346.53,0.08,216
2026-09-11T18:57:39.363+00:00,4346.44,4346.52,0.08,216
2026-09-11T18:57:39.813+00:00,4346.45,4346.53,0.08,216
2026-09-11T18:57:40.365+00:00,4346.44,4346.53,0.09,216
2026-09-11T18:57:40.393+00:00,4346.28,4346.36,0.08,216
2026-09-11T18:57:40.616+00:00,4346.38,4346.46,0.08,216
2026-09-11T18:57:41.142+00:00,4346.41,4346.49,0.08,216
2026-09-11T18:57:41.529+00:00,4346.42,4346.5,0.08,216
2026-09-11T18:57:42.069+00:00,4346.5,4346.58,0.08,216
2026-09-11T18:57:42.297+00:00,4346.48,4346.56,0.08,216
2026-09-11T18:57:42.518+00:00,4346.4,4346.49,0.09,216
2026-09-11T18:57:42.749+00:00,4346.48,4346.56,0.08,216
2026-09-11T18:57:43.698+00:00,4346.5,4346.58,0.08,216
2026-09-11T18:57:44.286+00:00,4346.59,4346.67,0.08,216
2026-09-11T18:57:45.188+00:00,4346.57,4346.65,0.08,216
2026-09-11T18:57:45.938+00:00,4346.55,4346.63,0.08,216
2026-09-11T18:57:46.539+00:00,4346.35,4346.43,0.08,216
2026-09-11T18:57:46.840+00:00,4346.32,4346.4,0.08,216
2026-09-11T18:57:47.214+00:00,4346.31,4346.39,0.08,216
2026-09-11T18:57:47.815+00:00,4346.32,4346.4,0.08,216
2026-09-11T18:57:48.115+00:00,4346.39,4346.47,0.08,216
2026-09-11T18:57:48.418+00:00,4346.38,4346.46,0.08,216
2026-09-11T18:57:48.680+00:00,4346.34,4346.42,0.08,216
2026-09-11T18:57:48.907+00:00,4346.1,4346.18,0.08,216
2026-09-11T18:57:49.129+00:00,4346.07,4346.17,0.1,216
2026-09-11T18:57:49.358+00:00,4346.06,4346.17,0.11,216
2026-09-11T18:57:49.582+00:00,4346.1,4346.19,0.09,216
2026-09-11T18:57:49.887+00:00,4346.11,4346.19,0.08,216
2026-09-11T18:57:50.336+00:00,4346.15,4346.23,0.08,216
2026-09-11T18:57:50.956+00:00,4346.13,4346.21,0.08,216
2026-09-11T18:57:51.175+00:00,4346.29,4346.38,0.09,216
2026-09-11T18:57:51.899+00:00,4346.34,4346.42,0.08,216
2026-09-11T18:57:52.120+00:00,4346.4,4346.48,0.08,216
2026-09-11T18:57:52.353+00:00,4346.32,4346.4,0.08,216
2026-09-11T18:57:52.573+00:00,4346.31,4346.39,0.08,216
2026-09-11T18:57:52.797+00:00,4346.31,4346.4,0.09,216
2026-09-11T18:57:53.097+00:00,4346.22,4346.3,0.08,216
2026-09-11T18:57:53.321+00:00,4346.28,4346.36,0.08,216
2026-09-11T18:57:53.698+00:00,4346.3,4346.38,0.08,216
2026-09-11T18:57:54.090+00:00,4346.39,4346.47,0.08,217
2026-09-11T18:57:54.786+00:00,4346.4,4346.48,0.08,217
2026-09-11T18:57:55.328+00:00,4346.38,4346.46,0.08,217
2026-09-11T18:57:55.698+00:00,4346.37,4346.45,0.08,217
2026-09-11T18:57:55.902+00:00,4346.32,4346.4,0.08,217
2026-09-11T18:57:56.133+00:00,4346.33,4346.41,0.08,217
2026-09-11T18:57:57.900+00:00,4346.31,4346.39,0.08,217
2026-09-11T18:57:58.387+00:00,4346.3,4346.38,0.08,217
2026-09-11T18:57:58.603+00:00,4346.3,4346.39,0.09,217
2026-09-11T18:57:58.997+00:00,4346.13,4346.22,0.09,217
2026-09-11T18:57:59.700+00:00,4346.14,4346.22,0.08,217
2026-09-11T18:58:00.188+00:00,4346.08,4346.18,0.1,217
2026-09-11T18:58:00.399+00:00,4346.07,4346.17,0.1,217
2026-09-11T18:58:00.701+00:00,4346.15,4346.24,0.09,217
2026-09-11T18:58:00.926+00:00,4346.2,4346.28,0.08,217
2026-09-11T18:58:01.410+00:00,4346.15,4346.23,0.08,217
2026-09-11T18:58:01.697+00:00,4346.06,4346.14,0.08,217
2026-09-11T18:58:02.086+00:00,4346.04,4346.12,0.08,217
2026-09-11T18:58:02.313+00:00,4346.03,4346.12,0.09,217
2026-09-11T18:58:02.536+00:00,4346.19,4346.28,0.09,217
2026-09-11T18:58:02.769+00:00,4346.19,4346.3,0.11,217
2026-09-11T18:58:02.995+00:00,4346.33,4346.42,0.09,217
2026-09-11T18:58:03.219+00:00,4346.32,4346.4,0.08,217
2026-09-11T18:58:03.446+00:00,4346.26,4346.34,0.08,217
2026-09-11T18:58:03.698+00:00,4346.38,4346.46,0.08,217
2026-09-11T18:58:03.972+00:00,4346.41,4346.49,0.08,217
2026-09-11T18:58:04.698+00:00,4346.5,4346.58,0.08,217
2026-09-11T18:58:04.943+00:00,4346.53,4346.61,0.08,217
2026-09-11T18:58:05.170+00:00,4346.56,4346.64,0.08,217
2026-09-11T18:58:05.618+00:00,4346.53,4346.61,0.08,217
2026-09-11T18:58:06.068+00:00,4346.52,4346.6,0.08,217
2026-09-11T18:58:07.122+00:00,4346.53,4346.61,0.08,217
2026-09-11T18:58:07.499+00:00,4346.5,4346.58,0.08,217
2026-09-11T18:58:07.726+00:00,4346.53,4346.61,0.08,217
2026-09-11T18:58:08.099+00:00,4346.56,4346.64,0.08,217
2026-09-11T18:58:08.399+00:00,4346.59,4346.67,0.08,217
2026-09-11T18:58:08.672+00:00,4346.54,4346.62,0.08,217
2026-09-11T18:58:08.973+00:00,4346.53,4346.61,0.08,217
2026-09-11T18:58:10.213+00:00,4346.55,4346.63,0.08,217
2026-09-11T18:58:10.437+00:00,4346.54,4346.62,0.08,217
2026-09-11T18:58:10.696+00:00,4346.37,4346.46,0.09,217
2026-09-11T18:58:10.898+00:00,4346.4,4346.49,0.09,217
2026-09-11T18:58:11.121+00:00,4346.41,4346.49,0.08,217
2026-09-11T18:58:11.345+00:00,4346.55,4346.63,0.08,217
2026-09-11T18:58:11.576+00:00,4346.57,4346.65,0.08,217
2026-09-11T18:58:11.873+00:00,4346.56,4346.64,0.08,217
2026-09-11T18:58:12.172+00:00,4346.57,4346.65,0.08,217
2026-09-11T18:58:12.703+00:00,4346.64,4346.73,0.09,217
2026-09-11T18:58:12.903+00:00,4346.56,4346.64,0.08,217
2026-09-11T18:58:13.228+00:00,4346.6,4346.68,0.08,217
2026-09-11T18:58:13.699+00:00,4346.62,4346.7,0.08,217
2026-09-11T18:58:14.223+00:00,4346.61,4346.69,0.08,217
2026-09-11T18:58:14.448+00:00,4346.6,4346.68,0.08,217
2026-09-11T18:58:14.673+00:00,4346.61,4346.69,0.08,217
2026-09-11T18:58:14.896+00:00,4346.62,4346.7,0.08,217
2026-09-11T18:58:15.123+00:00,4346.6,4346.68,0.08,217
2026-09-11T18:58:15.497+00:00,4346.61,4346.69,0.08,217
2026-09-11T18:58:15.700+00:00,4346.58,4346.67,0.09,217
2026-09-11T18:58:16.105+00:00,4346.58,4346.66,0.08,217
2026-09-11T18:58:16.339+00:00,4346.57,4346.65,0.08,217
2026-09-11T18:58:16.696+00:00,4346.56,4346.64,0.08,217
2026-09-11T18:58:17.462+00:00,4346.55,4346.63,0.08,217
2026-09-11T18:58:17.696+00:00,4346.56,4346.64,0.08,217
2026-09-11T18:58:18.110+00:00,4346.67,4346.75,0.08,217
2026-09-11T18:58:18.328+00:00,4346.65,4346.73,0.08,217
2026-09-11T18:58:18.553+00:00,4346.72,4346.8,0.08,217
2026-09-11T18:58:18.778+00:00,4346.7,4346.78,0.08,217
2026-09-11T18:58:19.214+00:00,4346.62,4346.7,0.08,218
2026-09-11T18:58:19.696+00:00,4346.63,4346.72,0.09,218
2026-09-11T18:58:19.967+00:00,4346.56,4346.67,0.11,218
2026-09-11T18:58:20.422+00:00,4346.54,4346.65,0.11,218
2026-09-11T18:58:20.696+00:00,4346.56,4346.66,0.1,218
2026-09-11T18:58:21.103+00:00,4346.56,4346.64,0.08,218
2026-09-11T18:58:21.353+00:00,4346.56,4346.65,0.09,218
2026-09-11T18:58:22.953+00:00,4346.56,4346.64,0.08,218
2026-09-11T18:58:23.179+00:00,4346.54,4346.62,0.08,218
2026-09-11T18:58:23.471+00:00,4346.56,4346.64,0.08,218
2026-09-11T18:58:24.929+00:00,4346.55,4346.63,0.08,218
2026-09-11T18:58:25.239+00:00,4346.57,4346.65,0.08,218
2026-09-11T18:58:25.587+00:00,4346.56,4346.64,0.08,218
2026-09-11T18:58:25.853+00:00,4346.19,4346.27,0.08,218
2026-09-11T18:58:26.077+00:00,4346.35,4346.43,0.08,218
2026-09-11T18:58:26.301+00:00,4346.37,4346.46,0.09,218
2026-09-11T18:58:26.529+00:00,4346.4,4346.48,0.08,218
2026-09-11T18:58:26.752+00:00,4346.36,4346.44,0.08,218
2026-09-11T18:58:26.976+00:00,4346.42,4346.5,0.08,218
2026-09-11T18:58:27.203+00:00,4346.44,4346.52,0.08,218
2026-09-11T18:58:28.227+00:00,4346.43,4346.51,0.08,218
2026-09-11T18:58:29.726+00:00,4346.42,4346.5,0.08,218
2026-09-11T18:58:30.097+00:00,4346.44,4346.53,0.09,218
2026-09-11T18:58:30.554+00:00,4346.44,4346.52,0.08,218
2026-09-11T18:58:30.779+00:00,4346.48,4346.56,0.08,218
2026-09-11T18:58:31.121+00:00,4346.47,4346.56,0.09,218
2026-09-11T18:58:31.483+00:00,4346.4,4346.48,0.08,218
2026-09-11T18:58:31.811+00:00,4346.41,4346.5,0.09,218
2026-09-11T18:58:32.038+00:00,4346.42,4346.5,0.08,218
2026-09-11T18:58:32.259+00:00,4346.43,4346.51,0.08,218
2026-09-11T18:58:33.088+00:00,4346.5,4346.58,0.08,218
2026-09-11T18:58:33.476+00:00,4346.47,4346.55,0.08,218
2026-09-11T18:58:33.698+00:00,4346.5,4346.58,0.08,218
2026-09-11T18:58:34.328+00:00,4346.53,4346.61,0.08,218
2026-09-11T18:58:34.553+00:00,4346.56,4346.64,0.08,218
2026-09-11T18:58:34.779+00:00,4346.74,4346.82,0.08,218
2026-09-11T18:58:35.004+00:00,4346.67,4346.75,0.08,218
2026-09-11T18:58:35.229+00:00,4346.72,4346.8,0.08,218
2026-09-11T18:58:35.455+00:00,4346.75,4346.83,0.08,218
2026-09-11T18:58:35.678+00:00,4346.73,4346.81,0.08,218
2026-09-11T18:58:35.906+00:00,4346.74,4346.82,0.08,218
2026-09-11T18:58:36.281+00:00,4346.68,4346.76,0.08,218
2026-09-11T18:58:37.297+00:00,4346.7,4346.78,0.08,218
2026-09-11T18:58:37.673+00:00,4346.68,4346.77,0.09,218
2026-09-11T18:58:38.363+00:00,4346.68,4346.76,0.08,218
2026-09-11T18:58:38.589+00:00,4346.68,4346.77,0.09,218
2026-09-11T18:58:38.812+00:00,4346.6,4346.69,0.09,218
2026-09-11T18:58:39.037+00:00,4346.6,4346.68,0.08,218
2026-09-11T18:58:39.264+00:00,4346.58,4346.67,0.09,218
2026-09-11T18:58:39.636+00:00,4346.64,4346.74,0.1,218
2026-09-11T18:58:40.028+00:00,4346.63,4346.74,0.11,218
2026-09-11T18:58:40.403+00:00,4346.44,4346.54,0.1,218
2026-09-11T18:58:40.705+00:00,4346.45,4346.55,0.1,218
2026-09-11T18:58:40.929+00:00,4346.67,4346.77,0.1,218
2026-09-11T18:58:41.203+00:00,4346.69,4346.8,0.11,218
2026-09-11T18:58:41.543+00:00,4346.72,4346.82,0.1,218
2026-09-11T18:58:41.972+00:00,4346.65,4346.74,0.09,218
2026-09-11T18:58:42.203+00:00,4346.66,4346.76,0.1,218
2026-09-11T18:58:42.697+00:00,4346.65,4346.75,0.1,218
2026-09-11T18:58:42.908+00:00,4346.44,4346.54,0.1,218
2026-09-11T18:58:43.623+00:00,4346.65,4346.75,0.1,218
2026-09-11T18:58:43.943+00:00,4346.69,4346.79,0.1,218
2026-09-11T18:58:44.690+00:00,4346.7,4346.8,0.1,219
2026-09-11T18:58:45.367+00:00,4346.51,4346.61,0.1,219
2026-09-11T18:58:45.819+00:00,4346.51,4346.6,0.09,219
2026-09-11T18:58:46.382+00:00,4346.52,4346.62,0.1,219
2026-09-11T18:58:46.696+00:00,4346.52,4346.61,0.09,219
2026-09-11T18:58:46.929+00:00,4346.72,4346.82,0.1,219
2026-09-11T18:58:47.826+00:00,4346.79,4346.88,0.09,219
2026-09-11T18:58:48.051+00:00,4346.82,4346.9,0.08,219
2026-09-11T18:58:48.575+00:00,4346.83,4346.91,0.08,219
2026-09-11T18:58:48.883+00:00,4346.82,4346.91,0.09,219
2026-09-11T18:58:49.100+00:00,4346.76,4346.86,0.1,219
2026-09-11T18:58:49.324+00:00,4346.77,4346.85,0.08,219
2026-09-11T18:58:51.092+00:00,4346.91,4346.99,0.08,219
2026-09-11T18:58:51.697+00:00,4346.69,4346.77,0.08,219
2026-09-11T18:58:51.928+00:00,4346.68,4346.76,0.08,219
2026-09-11T18:58:52.225+00:00,4346.69,4346.77,0.08,219
2026-09-11T18:58:52.613+00:00,4346.66,4346.74,0.08,219
2026-09-11T18:58:52.841+00:00,4346.78,4346.87,0.09,219
2026-09-11T18:58:53.068+00:00,4346.79,4346.87,0.08,219
2026-09-11T18:58:53.287+00:00,4347.08,4347.16,0.08,219
2026-09-11T18:58:53.513+00:00,4347.16,4347.24,0.08,219
2026-09-11T18:58:53.811+00:00,4346.96,4347.06,0.1,219
2026-09-11T18:58:54.120+00:00,4347.16,4347.26,0.1,219
2026-09-11T18:58:54.418+00:00,4347.17,4347.26,0.09,219
2026-09-11T18:58:54.645+00:00,4347.16,4347.26,0.1,219
2026-09-11T18:58:54.871+00:00,4346.87,4346.96,0.09,219
2026-09-11T18:58:55.170+00:00,4346.89,4346.98,0.09,219
2026-09-11T18:58:55.395+00:00,4346.89,4346.99,0.1,219
2026-09-11T18:58:55.696+00:00,4346.91,4347.0,0.09,219
2026-09-11T18:58:56.314+00:00,4346.87,4346.96,0.09,219
2026-09-11T18:58:56.764+00:00,4346.88,4346.97,0.09,219
2026-09-11T18:58:57.243+00:00,4347.16,4347.25,0.09,219
2026-09-11T18:58:57.553+00:00,4347.14,4347.24,0.1,219
2026-09-11T18:58:58.347+00:00,4347.22,4347.31,0.09,219
2026-09-11T18:58:58.671+00:00,4347.21,4347.31,0.1,219
2026-09-11T18:58:59.029+00:00,4347.04,4347.14,0.1,219
2026-09-11T18:58:59.411+00:00,4347.24,4347.33,0.09,219
2026-09-11T18:58:59.636+00:00,4347.12,4347.21,0.09,219
2026-09-11T18:58:59.861+00:00,4347.06,4347.14,0.08,219
2026-09-11T18:59:00.161+00:00,4347.07,4347.16,0.09,219
2026-09-11T18:59:00.387+00:00,4347.09,4347.18,0.09,219
2026-09-11T18:59:00.611+00:00,4346.83,4346.92,0.09,219
2026-09-11T18:59:00.836+00:00,4346.75,4346.84,0.09,219
2026-09-11T18:59:01.135+00:00,4346.76,4346.84,0.08,219
2026-09-11T18:59:01.513+00:00,4346.69,4346.78,0.09,219
2026-09-11T18:59:01.755+00:00,4346.68,4346.77,0.09,219
2026-09-11T18:59:02.896+00:00,4346.74,4346.83,0.09,219
2026-09-11T18:59:03.199+00:00,4346.75,4346.83,0.08,219
2026-09-11T18:59:03.424+00:00,4346.76,4346.84,0.08,219
2026-09-11T18:59:03.656+00:00,4347.05,4347.13,0.08,219
2026-09-11T18:59:04.162+00:00,4347.08,4347.16,0.08,219
2026-09-11T18:59:04.176+00:00,4347.11,4347.19,0.08,219
2026-09-11T18:59:04.535+00:00,4347.1,4347.2,0.1,219
2026-09-11T18:59:04.765+00:00,4347.11,4347.21,0.1,219
2026-09-11T18:59:05.198+00:00,4347.11,4347.2,0.09,219
2026-09-11T18:59:06.878+00:00,4347.1,4347.19,0.09,219
2026-09-11T18:59:07.249+00:00,4347.09,4347.18,0.09,219
2026-09-11T18:59:08.144+00:00,4347.08,4347.17,0.09,219
2026-09-11T18:59:08.441+00:00,4347.09,4347.18,0.09,219
2026-09-11T18:59:08.697+00:00,4347.08,4347.18,0.1,219
2026-09-11T18:59:09.028+00:00,4347.11,4347.2,0.09,219
2026-09-11T18:59:09.552+00:00,4347.15,4347.24,0.09,220
2026-09-11T18:59:09.778+00:00,4347.27,4347.37,0.1,220
2026-09-11T18:59:10.078+00:00,4347.26,4347.35,0.09,220
2026-09-11T18:59:10.609+00:00,4347.17,4347.27,0.1,220
2026-09-11T18:59:10.840+00:00,4346.94,4347.03,0.09,220
2026-09-11T18:59:11.139+00:00,4347.08,4347.16,0.08,220
2026-09-11T18:59:11.363+00:00,4347.08,4347.17,0.09,220
2026-09-11T18:59:11.599+00:00,4346.91,4346.99,0.08,220
2026-09-11T18:59:11.939+00:00,4346.9,4347.0,0.1,220
2026-09-11T18:59:12.570+00:00,4346.91,4347.0,0.09,220
2026-09-11T18:59:13.093+00:00,4346.82,4346.91,0.09,220
2026-09-11T18:59:13.544+00:00,4347.08,4347.18,0.1,220
2026-09-11T18:59:13.697+00:00,4347.06,4347.15,0.09,220
2026-09-11T18:59:13.937+00:00,4347.07,4347.16,0.09,220
2026-09-11T18:59:14.146+00:00,4347.14,4347.23,0.09,220
2026-09-11T18:59:14.519+00:00,4347.1,4347.19,0.09,220
2026-09-11T18:59:14.895+00:00,4347.04,4347.13,0.09,220
2026-09-11T18:59:15.120+00:00,4347.17,4347.25,0.08,220
2026-09-11T18:59:15.346+00:00,4347.21,4347.29,0.08,220
2026-09-11T18:59:15.571+00:00,4347.17,4347.25,0.08,220
2026-09-11T18:59:16.045+00:00,4347.14,4347.22,0.08,220
2026-09-11T18:59:16.303+00:00,4347.13,4347.21,0.08,220
2026-09-11T18:59:17.577+00:00,4347.12,4347.2,0.08,220
2026-09-11T18:59:17.803+00:00,4347.07,4347.16,0.09,220
2026-09-11T18:59:18.031+00:00,4347.14,4347.23,0.09,220
2026-09-11T18:59:18.328+00:00,4347.15,4347.25,0.1,220
2026-09-11T18:59:18.718+00:00,4347.12,4347.22,0.1,220
2026-09-11T18:59:18.940+00:00,4347.13,4347.22,0.09,220
2026-09-11T18:59:19.164+00:00,4346.89,4346.98,0.09,220
2026-09-11T18:59:19.646+00:00,4346.87,4346.96,0.09,220
2026-09-11T18:59:19.874+00:00,4346.84,4346.92,0.08,220
2026-09-11T18:59:20.096+00:00,4346.82,4346.9,0.08,220
2026-09-11T18:59:20.322+00:00,4346.81,4346.89,0.08,220
2026-09-11T18:59:20.546+00:00,4346.98,4347.06,0.08,220
2026-09-11T18:59:20.772+00:00,4346.6,4346.69,0.09,220
2026-09-11T18:59:21.000+00:00,4346.69,4346.78,0.09,220
2026-09-11T18:59:21.221+00:00,4346.72,4346.8,0.08,220
2026-09-11T18:59:21.445+00:00,4346.71,4346.8,0.09,220
2026-09-11T18:59:21.695+00:00,4346.71,4346.79,0.08,220
2026-09-11T18:59:21.897+00:00,4346.63,4346.72,0.09,220
2026-09-11T18:59:22.153+00:00,4346.68,4346.77,0.09,220
2026-09-11T18:59:22.454+00:00,4346.64,4346.73,0.09,220
2026-09-11T18:59:23.307+00:00,4346.81,4346.9,0.09,220
2026-09-11T18:59:23.553+00:00,4346.78,4346.87,0.09,220
2026-09-11T18:59:23.780+00:00,4346.81,4346.89,0.08,220
2026-09-11T18:59:24.304+00:00,4346.82,4346.9,0.08,220
2026-09-11T18:59:24.528+00:00,4346.81,4346.89,0.08,220
2026-09-11T18:59:25.127+00:00,4346.79,4346.87,0.08,220
2026-09-11T18:59:25.428+00:00,4346.81,4346.89,0.08,220
2026-09-11T18:59:25.697+00:00,4346.82,4346.9,0.08,220
2026-09-11T18:59:25.922+00:00,4346.7,4346.78,0.08,220
2026-09-11T18:59:26.144+00:00,4346.66,4346.75,0.09,220
2026-09-11T18:59:26.697+00:00,4346.68,4346.77,0.09,220
2026-09-11T18:59:27.247+00:00,4346.72,4346.82,0.1,220
2026-09-11T18:59:27.633+00:00,4346.74,4346.82,0.08,220
2026-09-11T18:59:27.858+00:00,4346.76,4346.86,0.1,220
2026-09-11T18:59:28.088+00:00,4346.75,4346.86,0.11,220
2026-09-11T18:59:28.638+00:00,4346.76,4346.86,0.1,220
2026-09-11T18:59:28.862+00:00,4346.69,4346.77,0.08,220
2026-09-11T18:59:29.091+00:00,4346.74,4346.83,0.09,220
2026-09-11T18:59:29.312+00:00,4346.74,4346.82,0.08,220
2026-09-11T18:59:30.176+00:00,4346.76,4346.84,0.08,220
2026-09-11T18:59:30.457+00:00,4346.77,4346.85,0.08,220
2026-09-11T18:59:30.680+00:00,4346.73,4346.81,0.08,220
2026-09-11T18:59:30.907+00:00,4346.58,4346.66,0.08,220
2026-09-11T18:59:31.282+00:00,4346.56,4346.65,0.09,220
2026-09-11T18:59:31.506+00:00,4346.56,4346.64,0.08,220
2026-09-11T18:59:31.730+00:00,4346.58,4346.66,0.08,220
2026-09-11T18:59:32.031+00:00,4346.57,4346.65,0.08,220
2026-09-11T18:59:32.259+00:00,4346.58,4346.66,0.08,220
2026-09-11T18:59:32.501+00:00,4346.57,4346.65,0.08,220
2026-09-11T18:59:32.753+00:00,4346.63,4346.71,0.08,220
2026-09-11T18:59:32.976+00:00,4346.8,4346.88,0.08,220
2026-09-11T18:59:33.253+00:00,4346.79,4346.89,0.1,220
2026-09-11T18:59:33.672+00:00,4346.75,4346.84,0.09,220
2026-09-11T18:59:34.422+00:00,4346.55,4346.65,0.1,220
2026-09-11T18:59:34.697+00:00,4346.57,4346.66,0.09,221
2026-09-11T18:59:35.020+00:00,4346.73,4346.82,0.09,221
2026-09-11T18:59:35.245+00:00,4346.74,4346.83,0.09,221
2026-09-11T18:59:35.697+00:00,4346.75,4346.84,0.09,221
2026-09-11T18:59:36.148+00:00,4346.77,4346.87,0.1,221
2026-09-11T18:59:36.445+00:00,4346.86,4346.94,0.08,221
2026-09-11T18:59:36.671+00:00,4346.87,4346.95,0.08,221
2026-09-11T18:59:36.896+00:00,4346.88,4346.96,0.08,221
2026-09-11T18:59:37.123+00:00,4346.9,4347.0,0.1,221
2026-09-11T18:59:37.584+00:00,4346.89,4346.99,0.1,221
2026-09-11T18:59:37.789+00:00,4346.9,4347.0,0.1,221
2026-09-11T18:59:38.391+00:00,4346.91,4347.0,0.09,221
2026-09-11T18:59:38.696+00:00,4346.89,4346.99,0.1,221
2026-09-11T18:59:39.144+00:00,4346.89,4346.98,0.09,221
2026-09-11T18:59:39.386+00:00,4346.8,4346.9,0.1,221
2026-09-11T18:59:39.689+00:00,4346.66,4346.75,0.09,221
2026-09-11T18:59:39.905+00:00,4346.67,4346.76,0.09,221
2026-09-11T18:59:40.203+00:00,4346.72,4346.8,0.08,221
2026-09-11T18:59:40.429+00:00,4346.69,4346.77,0.08,221
2026-09-11T18:59:40.696+00:00,4346.68,4346.76,0.08,221
2026-09-11T18:59:41.304+00:00,4346.7,4346.78,0.08,221
2026-09-11T18:59:41.526+00:00,4346.68,4346.77,0.09,221
2026-09-11T18:59:41.778+00:00,4346.66,4346.75,0.09,221
2026-09-11T18:59:42.394+00:00,4346.68,4346.77,0.09,221
2026-09-11T18:59:42.696+00:00,4346.69,4346.79,0.1,221
2026-09-11T18:59:43.294+00:00,4346.94,4347.04,0.1,221
2026-09-11T18:59:43.521+00:00,4346.95,4347.04,0.09,221
2026-09-11T18:59:43.764+00:00,4346.96,4347.04,0.08,221
2026-09-11T18:59:43.989+00:00,4346.93,4347.01,0.08,221
2026-09-11T18:59:44.213+00:00,4346.85,4346.94,0.09,221
2026-09-11T18:59:44.439+00:00,4346.66,4346.76,0.1,221
2026-09-11T18:59:45.730+00:00,4346.81,4346.9,0.09,221
2026-09-11T18:59:46.314+00:00,4346.82,4346.92,0.1,221
2026-09-11T18:59:46.685+00:00,4346.64,4346.72,0.08,221
2026-09-11T18:59:46.910+00:00,4346.64,4346.73,0.09,221
2026-09-11T18:59:47.147+00:00,4346.78,4346.87,0.09,221
2026-09-11T18:59:47.442+00:00,4346.8,4346.89,0.09,221
2026-09-11T18:59:47.696+00:00,4346.83,4346.92,0.09,221
2026-09-11T18:59:47.904+00:00,4346.81,4346.91,0.1,221
2026-09-11T18:59:48.130+00:00,4346.84,4346.92,0.08,221
2026-09-11T18:59:48.353+00:00,4346.88,4346.96,0.08,221
2026-09-11T18:59:48.599+00:00,4346.95,4347.03,0.08,221
2026-09-11T18:59:48.822+00:00,4346.73,4346.81,0.08,221
2026-09-11T18:59:49.274+00:00,4346.74,4346.82,0.08,221
2026-09-11T18:59:49.697+00:00,4346.78,4346.86,0.08,221
2026-09-11T18:59:49.950+00:00,4346.82,4346.9,0.08,221
2026-09-11T18:59:50.473+00:00,4346.65,4346.73,0.08,221
2026-09-11T18:59:50.702+00:00,4346.76,4346.84,0.08,221
2026-09-11T18:59:50.924+00:00,4346.6,4346.68,0.08,221
2026-09-11T18:59:51.148+00:00,4346.77,4346.85,0.08,221
2026-09-11T18:59:51.374+00:00,4346.59,4346.67,0.08,221
2026-09-11T18:59:51.696+00:00,4346.57,4346.65,0.08,221
2026-09-11T18:59:51.922+00:00,4346.54,4346.62,0.08,221
2026-09-11T18:59:52.130+00:00,4346.74,4346.82,0.08,221
2026-09-11T18:59:52.352+00:00,4346.41,4346.49,0.08,221
2026-09-11T18:59:52.588+00:00,4346.01,4346.09,0.08,221
2026-09-11T18:59:52.804+00:00,4345.72,4345.8,0.08,221
2026-09-11T18:59:53.029+00:00,4346.13,4346.22,0.09,221
2026-09-11T18:59:53.253+00:00,4346.1,4346.19,0.09,221
2026-09-11T18:59:53.478+00:00,4346.09,4346.17,0.08,221
2026-09-11T18:59:53.697+00:00,4346.1,4346.18,0.08,221
2026-09-11T18:59:54.008+00:00,4345.89,4345.99,0.1,221
2026-09-11T18:59:54.240+00:00,4346.09,4346.19,0.1,221
2026-09-11T18:59:54.467+00:00,4346.68,4346.78,0.1,221
2026-09-11T18:59:54.692+00:00,4346.86,4346.94,0.08,221
2026-09-11T18:59:54.917+00:00,4346.89,4346.97,0.08,221
2026-09-11T18:59:55.142+00:00,4346.91,4347.0,0.09,221
2026-09-11T18:59:55.369+00:00,4346.9,4347.0,0.1,221
2026-09-11T18:59:55.592+00:00,4346.88,4346.99,0.11,221
2026-09-11T18:59:55.819+00:00,4346.92,4347.02,0.1,221
2026-09-11T18:59:56.116+00:00,4346.92,4347.01,0.09,221
2026-09-11T18:59:56.343+00:00,4346.94,4347.02,0.08,221
2026-09-11T18:59:56.566+00:00,4346.93,4347.03,0.1,221
2026-09-11T18:59:56.802+00:00,4346.87,4346.96,0.09,221
2026-09-11T18:59:57.177+00:00,4346.84,4346.94,0.1,221
2026-09-11T18:59:57.402+00:00,4346.89,4346.99,0.1,221
2026-09-11T18:59:57.697+00:00,4346.92,4347.01,0.09,221
2026-09-11T18:59:57.926+00:00,4346.93,4347.02,0.09,221
2026-09-11T18:59:58.315+00:00,4346.98,4347.07,0.09,221
2026-09-11T18:59:58.700+00:00,4346.74,4346.83,0.09,221
2026-09-11T18:59:58.905+00:00,4347.13,4347.21,0.08,221
2026-09-11T18:59:59.351+00:00,4347.1,4347.18,0.08,221
2026-09-11T18:59:59.576+00:00,4346.87,4346.96,0.09,221
2026-09-11T18:59:59.885+00:00,4346.86,4346.94,0.08,222
2026-09-11T19:00:00.102+00:00,4346.91,4347.0,0.09,222
