ts_recv_utc,bid,ask,spread,msg_seq
2026-09-11T17:28:39.674+00:00,153.694,153.697,0.003,4
2026-09-11T17:28:40.247+00:00,153.695,153.696,0.001,4
2026-09-11T17:28:40.446+00:00,153.693,153.694,0.001,4
2026-09-11T17:28:40.648+00:00,153.694,153.695,0.001,4
2026-09-11T17:28:41.250+00:00,153.694,153.697,0.003,4
2026-09-11T17:28:42.149+00:00,153.695,153.698,0.003,4
2026-09-11T17:28:42.350+00:00,153.694,153.697,0.003,4
2026-09-11T17:28:42.549+00:00,153.695,153.696,0.001,4
2026-09-11T17:28:42.954+00:00,153.696,153.697,0.001,4
2026-09-11T17:28:43.152+00:00,153.695,153.696,0.001,4
2026-09-11T17:28:43.480+00:00,153.696,153.697,0.001,4
2026-09-11T17:28:44.396+00:00,153.695,153.696,0.001,4
2026-09-11T17:28:44.598+00:00,153.693,153.696,0.003,4
2026-09-11T17:28:45.441+00:00,153.694,153.695,0.001,4
2026-09-11T17:28:45.641+00:00,153.693,153.696,0.003,4
2026-09-11T17:28:46.043+00:00,153.694,153.695,0.001,4
2026-09-11T17:28:46.245+00:00,153.693,153.694,0.001,4
2026-09-11T17:28:46.646+00:00,153.694,153.695,0.001,4
2026-09-11T17:28:46.848+00:00,153.693,153.694,0.001,4
2026-09-11T17:28:47.968+00:00,153.694,153.695,0.001,4
2026-09-11T17:28:48.169+00:00,153.693,153.694,0.001,4
2026-09-11T17:28:48.546+00:00,153.694,153.694,0.0,4
2026-09-11T17:28:48.749+00:00,153.693,153.694,0.001,4
2026-09-11T17:28:48.948+00:00,153.694,153.695,0.001,4
2026-09-11T17:28:49.348+00:00,153.693,153.694,0.001,4
2026-09-11T17:28:49.548+00:00,153.692,153.693,0.001,4
2026-09-11T17:28:49.751+00:00,153.693,153.694,0.001,4
2026-09-11T17:28:49.951+00:00,153.692,153.693,0.001,4
2026-09-11T17:28:50.152+00:00,153.693,153.694,0.001,4
2026-09-11T17:28:50.352+00:00,153.694,153.695,0.001,4
2026-09-11T17:28:50.552+00:00,153.693,153.694,0.001,4
2026-09-11T17:28:50.758+00:00,153.694,153.694,0.0,4
2026-09-11T17:28:50.953+00:00,153.692,153.693,0.001,4
2026-09-11T17:28:51.155+00:00,153.691,153.692,0.001,4
2026-09-11T17:28:51.556+00:00,153.692,153.693,0.001,4
2026-09-11T17:28:51.758+00:00,153.693,153.694,0.001,4
2026-09-11T17:28:51.957+00:00,153.692,153.693,0.001,4
2026-09-11T17:28:52.358+00:00,153.693,153.694,0.001,4
2026-09-11T17:28:52.557+00:00,153.694,153.695,0.001,4
2026-09-11T17:28:52.963+00:00,153.694,153.694,0.0,4
2026-09-11T17:28:53.398+00:00,153.694,153.695,0.001,4
2026-09-11T17:28:54.004+00:00,153.695,153.696,0.001,4
2026-09-11T17:28:54.205+00:00,153.694,153.697,0.003,4
2026-09-11T17:28:54.806+00:00,153.694,153.695,0.001,4
2026-09-11T17:28:55.208+00:00,153.693,153.696,0.003,4
2026-09-11T17:28:55.410+00:00,153.693,153.694,0.001,4
2026-09-11T17:28:55.810+00:00,153.692,153.695,0.003,4
2026-09-11T17:28:56.010+00:00,153.695,153.696,0.001,4
2026-09-11T17:28:56.216+00:00,153.692,153.695,0.003,4
2026-09-11T17:28:56.416+00:00,153.694,153.696,0.002,4
2026-09-11T17:28:56.618+00:00,153.696,153.699,0.003,4
2026-09-11T17:28:56.818+00:00,153.696,153.697,0.001,4
2026-09-11T17:28:57.018+00:00,153.697,153.7,0.003,4
2026-09-11T17:28:57.647+00:00,153.695,153.697,0.002,4
2026-09-11T17:28:57.845+00:00,153.695,153.698,0.003,4
2026-09-11T17:28:58.052+00:00,153.696,153.699,0.003,4
2026-09-11T17:28:58.247+00:00,153.695,153.696,0.001,4
2026-09-11T17:28:58.649+00:00,153.694,153.695,0.001,4
2026-09-11T17:28:59.258+00:00,153.693,153.694,0.001,4
2026-09-11T17:28:59.459+00:00,153.691,153.694,0.003,4
2026-09-11T17:28:59.656+00:00,153.69,153.694,0.004,4
2026-09-11T17:29:00.059+00:00,153.691,153.694,0.003,4
2026-09-11T17:29:00.258+00:00,153.693,153.694,0.001,4
2026-09-11T17:29:00.460+00:00,153.691,153.694,0.003,4
2026-09-11T17:29:00.664+00:00,153.692,153.693,0.001,4
2026-09-11T17:29:00.872+00:00,153.694,153.694,0.0,4
2026-09-11T17:29:01.067+00:00,153.693,153.694,0.001,4
2026-09-11T17:29:01.469+00:00,153.692,153.695,0.003,4
2026-09-11T17:29:01.670+00:00,153.691,153.694,0.003,4
2026-09-11T17:29:01.871+00:00,153.693,153.696,0.003,4
2026-09-11T17:29:02.073+00:00,153.692,153.695,0.003,4
2026-09-11T17:29:02.273+00:00,153.693,153.696,0.003,4
2026-09-11T17:29:02.473+00:00,153.692,153.695,0.003,4
2026-09-11T17:29:02.874+00:00,153.691,153.694,0.003,4
2026-09-11T17:29:03.077+00:00,153.692,153.695,0.003,4
2026-09-11T17:29:04.352+00:00,153.69,153.693,0.003,4
2026-09-11T17:29:04.752+00:00,153.691,153.694,0.003,5
2026-09-11T17:29:06.657+00:00,153.692,153.695,0.003,5
2026-09-11T17:29:06.857+00:00,153.694,153.695,0.001,5
2026-09-11T17:29:07.059+00:00,153.694,153.696,0.002,5
2026-09-11T17:29:07.257+00:00,153.693,153.696,0.003,5
2026-09-11T17:29:07.664+00:00,153.694,153.695,0.001,5
2026-09-11T17:29:07.869+00:00,153.693,153.696,0.003,5
2026-09-11T17:29:08.981+00:00,153.694,153.695,0.001,5
2026-09-11T17:29:09.180+00:00,153.693,153.694,0.001,5
2026-09-11T17:29:09.990+00:00,153.694,153.695,0.001,5
2026-09-11T17:29:11.303+00:00,153.695,153.696,0.001,5
2026-09-11T17:29:11.499+00:00,153.694,153.695,0.001,5
2026-09-11T17:29:11.937+00:00,153.693,153.694,0.001,5
2026-09-11T17:29:12.141+00:00,153.693,153.696,0.003,5
2026-09-11T17:29:12.341+00:00,153.694,153.697,0.003,5
2026-09-11T17:29:12.749+00:00,153.693,153.696,0.003,5
2026-09-11T17:29:13.347+00:00,153.694,153.695,0.001,5
2026-09-11T17:29:13.548+00:00,153.695,153.698,0.003,5
2026-09-11T17:29:14.510+00:00,153.694,153.696,0.002,5
2026-09-11T17:29:14.711+00:00,153.696,153.697,0.001,5
2026-09-11T17:29:15.109+00:00,153.696,153.701,0.005,5
2026-09-11T17:29:15.352+00:00,153.696,153.698,0.002,5
2026-09-11T17:29:15.557+00:00,153.696,153.697,0.001,5
2026-09-11T17:29:15.757+00:00,153.695,153.696,0.001,5
2026-09-11T17:29:17.245+00:00,153.694,153.697,0.003,5
2026-09-11T17:29:17.448+00:00,153.695,153.696,0.001,5
2026-09-11T17:29:17.651+00:00,153.696,153.697,0.001,5
2026-09-11T17:29:17.853+00:00,153.694,153.696,0.002,5
2026-09-11T17:29:18.054+00:00,153.695,153.698,0.003,5
2026-09-11T17:29:18.459+00:00,153.696,153.697,0.001,5
2026-09-11T17:29:18.861+00:00,153.697,153.698,0.001,5
2026-09-11T17:29:19.059+00:00,153.695,153.698,0.003,5
2026-09-11T17:29:19.462+00:00,153.696,153.699,0.003,5
2026-09-11T17:29:19.660+00:00,153.695,153.698,0.003,5
2026-09-11T17:29:20.465+00:00,153.696,153.699,0.003,5
2026-09-11T17:29:20.667+00:00,153.698,153.7,0.002,5
2026-09-11T17:29:20.867+00:00,153.699,153.7,0.001,5
2026-09-11T17:29:21.067+00:00,153.696,153.699,0.003,5
2026-09-11T17:29:21.671+00:00,153.695,153.698,0.003,5
2026-09-11T17:29:21.870+00:00,153.697,153.7,0.003,5
2026-09-11T17:29:22.271+00:00,153.698,153.701,0.003,5
2026-09-11T17:29:23.073+00:00,153.698,153.699,0.001,5
2026-09-11T17:29:23.273+00:00,153.7,153.701,0.001,5
2026-09-11T17:29:23.874+00:00,153.699,153.7,0.001,5
2026-09-11T17:29:24.286+00:00,153.698,153.701,0.003,5
2026-09-11T17:29:24.781+00:00,153.697,153.7,0.003,5
2026-09-11T17:29:24.984+00:00,153.699,153.7,0.001,5
2026-09-11T17:29:25.182+00:00,153.698,153.701,0.003,5
2026-09-11T17:29:25.382+00:00,153.699,153.7,0.001,5
2026-09-11T17:29:25.587+00:00,153.697,153.7,0.003,5
2026-09-11T17:29:25.787+00:00,153.698,153.699,0.001,5
2026-09-11T17:29:25.985+00:00,153.699,153.7,0.001,5
2026-09-11T17:29:26.386+00:00,153.699,153.702,0.003,5
2026-09-11T17:29:26.588+00:00,153.698,153.701,0.003,5
2026-09-11T17:29:27.310+00:00,153.699,153.702,0.003,5
2026-09-11T17:29:27.540+00:00,153.7,153.701,0.001,5
2026-09-11T17:29:27.740+00:00,153.699,153.702,0.003,5
2026-09-11T17:29:27.940+00:00,153.7,153.701,0.001,5
2026-09-11T17:29:28.341+00:00,153.699,153.702,0.003,5
2026-09-11T17:29:28.748+00:00,153.699,153.7,0.001,5
2026-09-11T17:29:28.944+00:00,153.7,153.701,0.001,5
2026-09-11T17:29:29.244+00:00,153.7,153.702,0.002,5
2026-09-11T17:29:29.444+00:00,153.702,153.705,0.003,5
2026-09-11T17:29:29.846+00:00,153.701,153.704,0.003,5
2026-09-11T17:29:30.452+00:00,153.702,153.705,0.003,6
2026-09-11T17:29:30.855+00:00,153.701,153.704,0.003,6
2026-09-11T17:29:31.259+00:00,153.701,153.703,0.002,6
2026-09-11T17:29:31.460+00:00,153.703,153.704,0.001,6
2026-09-11T17:29:31.660+00:00,153.702,153.705,0.003,6
2026-09-11T17:29:31.860+00:00,153.699,153.702,0.003,6
2026-09-11T17:29:32.062+00:00,153.698,153.701,0.003,6
2026-09-11T17:29:32.462+00:00,153.699,153.702,0.003,6
2026-09-11T17:29:32.668+00:00,153.698,153.701,0.003,6
2026-09-11T17:29:34.026+00:00,153.699,153.702,0.003,6
2026-09-11T17:29:34.226+00:00,153.701,153.704,0.003,6
2026-09-11T17:29:34.643+00:00,153.7,153.703,0.003,6
2026-09-11T17:29:37.561+00:00,153.701,153.704,0.003,6
2026-09-11T17:29:37.965+00:00,153.702,153.703,0.001,6
2026-09-11T17:29:38.163+00:00,153.702,153.705,0.003,6
2026-09-11T17:29:38.564+00:00,153.701,153.704,0.003,6
2026-09-11T17:29:38.766+00:00,153.699,153.702,0.003,6
2026-09-11T17:29:39.169+00:00,153.7,153.703,0.003,6
2026-09-11T17:29:39.369+00:00,153.699,153.702,0.003,6
2026-09-11T17:29:39.571+00:00,153.7,153.703,0.003,6
2026-09-11T17:29:40.373+00:00,153.699,153.702,0.003,6
2026-09-11T17:29:40.574+00:00,153.7,153.703,0.003,6
2026-09-11T17:29:41.185+00:00,153.701,153.702,0.001,6
2026-09-11T17:29:41.989+00:00,153.7,153.703,0.003,6
2026-09-11T17:29:43.588+00:00,153.701,153.702,0.001,6
2026-09-11T17:29:43.787+00:00,153.703,153.706,0.003,6
2026-09-11T17:29:44.192+00:00,153.704,153.707,0.003,6
2026-09-11T17:29:46.210+00:00,153.702,153.705,0.003,6
2026-09-11T17:29:46.416+00:00,153.703,153.706,0.003,6
2026-09-11T17:29:46.824+00:00,153.702,153.705,0.003,6
2026-09-11T17:29:47.221+00:00,153.701,153.704,0.003,6
2026-09-11T17:29:47.421+00:00,153.702,153.705,0.003,6
2026-09-11T17:29:47.825+00:00,153.703,153.706,0.003,6
2026-09-11T17:29:49.201+00:00,153.702,153.705,0.003,6
2026-09-11T17:29:49.604+00:00,153.704,153.707,0.003,6
2026-09-11T17:29:49.810+00:00,153.703,153.706,0.003,6
2026-09-11T17:29:51.152+00:00,153.701,153.704,0.003,6
2026-09-11T17:29:51.355+00:00,153.702,153.705,0.003,6
2026-09-11T17:29:51.556+00:00,153.703,153.706,0.003,6
2026-09-11T17:29:52.169+00:00,153.702,153.705,0.003,6
2026-09-11T17:29:52.365+00:00,153.703,153.706,0.003,6
2026-09-11T17:29:52.966+00:00,153.704,153.707,0.003,6
2026-09-11T17:29:53.970+00:00,153.705,153.708,0.003,6
2026-09-11T17:29:54.169+00:00,153.704,153.707,0.003,6
2026-09-11T17:29:54.669+00:00,153.706,153.709,0.003,6
2026-09-11T17:29:54.870+00:00,153.703,153.706,0.003,6
2026-09-11T17:29:55.073+00:00,153.704,153.707,0.003,7
2026-09-11T17:29:55.476+00:00,153.706,153.709,0.003,7
2026-09-11T17:29:55.675+00:00,153.705,153.708,0.003,7
2026-09-11T17:29:56.559+00:00,153.704,153.706,0.002,7
2026-09-11T17:29:56.762+00:00,153.705,153.708,0.003,7
2026-09-11T17:29:57.163+00:00,153.704,153.706,0.002,7
2026-09-11T17:29:57.364+00:00,153.705,153.708,0.003,7
2026-09-11T17:29:57.563+00:00,153.706,153.709,0.003,7
2026-09-11T17:29:57.763+00:00,153.709,153.712,0.003,7
2026-09-11T17:29:57.969+00:00,153.71,153.713,0.003,7
2026-09-11T17:29:59.172+00:00,153.711,153.714,0.003,7
2026-09-11T17:29:59.372+00:00,153.708,153.711,0.003,7
2026-09-11T17:29:59.570+00:00,153.711,153.714,0.003,7
2026-09-11T17:29:59.773+00:00,153.708,153.711,0.003,7
2026-09-11T17:29:59.973+00:00,153.711,153.714,0.003,7
2026-09-11T17:30:00.173+00:00,153.71,153.713,0.003,7
2026-09-11T17:30:00.375+00:00,153.711,153.714,0.003,7
2026-09-11T17:30:00.575+00:00,153.71,153.713,0.003,7
2026-09-11T17:30:00.777+00:00,153.708,153.711,0.003,7
2026-09-11T17:30:01.188+00:00,153.707,153.71,0.003,7
2026-09-11T17:30:01.376+00:00,153.708,153.711,0.003,7
2026-09-11T17:30:01.584+00:00,153.705,153.711,0.006,7
2026-09-11T17:30:01.783+00:00,153.707,153.711,0.004,7
2026-09-11T17:30:01.988+00:00,153.708,153.711,0.003,7
2026-09-11T17:30:02.186+00:00,153.708,153.709,0.001,7
2026-09-11T17:30:02.394+00:00,153.706,153.709,0.003,7
2026-09-11T17:30:02.590+00:00,153.707,153.71,0.003,7
2026-09-11T17:30:03.287+00:00,153.706,153.708,0.002,7
2026-09-11T17:30:03.486+00:00,153.708,153.711,0.003,7
2026-09-11T17:30:03.889+00:00,153.706,153.708,0.002,7
2026-09-11T17:30:04.086+00:00,153.708,153.709,0.001,7
2026-09-11T17:30:04.692+00:00,153.707,153.71,0.003,7
2026-09-11T17:30:05.091+00:00,153.709,153.71,0.001,7
2026-09-11T17:30:05.492+00:00,153.704,153.707,0.003,7
2026-09-11T17:30:05.694+00:00,153.702,153.705,0.003,7
2026-09-11T17:30:06.095+00:00,153.699,153.702,0.003,7
2026-09-11T17:30:06.295+00:00,153.701,153.704,0.003,7
2026-09-11T17:30:06.496+00:00,153.7,153.703,0.003,7
2026-09-11T17:30:06.696+00:00,153.703,153.704,0.001,7
2026-09-11T17:30:06.897+00:00,153.702,153.705,0.003,7
2026-09-11T17:30:07.107+00:00,153.703,153.706,0.003,7
2026-09-11T17:30:07.500+00:00,153.704,153.705,0.001,7
2026-09-11T17:30:07.706+00:00,153.703,153.706,0.003,7
2026-09-11T17:30:07.905+00:00,153.702,153.705,0.003,7
2026-09-11T17:30:08.780+00:00,153.703,153.704,0.001,7
2026-09-11T17:30:09.049+00:00,153.702,153.705,0.003,7
2026-09-11T17:30:09.449+00:00,153.701,153.704,0.003,7
2026-09-11T17:30:09.653+00:00,153.702,153.703,0.001,7
2026-09-11T17:30:10.054+00:00,153.7,153.702,0.002,7
2026-09-11T17:30:10.257+00:00,153.699,153.702,0.003,7
2026-09-11T17:30:10.458+00:00,153.701,153.702,0.001,7
2026-09-11T17:30:10.859+00:00,153.7,153.701,0.001,7
2026-09-11T17:30:11.059+00:00,153.701,153.702,0.001,7
2026-09-11T17:30:11.978+00:00,153.702,153.703,0.001,7
2026-09-11T17:30:12.179+00:00,153.703,153.706,0.003,7
2026-09-11T17:30:13.181+00:00,153.704,153.708,0.004,7
2026-09-11T17:30:13.382+00:00,153.701,153.704,0.003,7
2026-09-11T17:30:13.783+00:00,153.7,153.706,0.006,7
2026-09-11T17:30:13.985+00:00,153.699,153.703,0.004,7
2026-09-11T17:30:14.184+00:00,153.7,153.704,0.004,7
2026-09-11T17:30:14.384+00:00,153.7,153.703,0.003,7
2026-09-11T17:30:14.585+00:00,153.697,153.702,0.005,7
2026-09-11T17:30:14.985+00:00,153.699,153.702,0.003,7
2026-09-11T17:30:15.567+00:00,153.698,153.701,0.003,7
2026-09-11T17:30:15.767+00:00,153.699,153.702,0.003,7
2026-09-11T17:30:15.969+00:00,153.7,153.703,0.003,7
2026-09-11T17:30:16.170+00:00,153.699,153.703,0.004,7
2026-09-11T17:30:16.371+00:00,153.7,153.703,0.003,7
2026-09-11T17:30:16.588+00:00,153.699,153.702,0.003,7
2026-09-11T17:30:16.788+00:00,153.703,153.704,0.001,7
2026-09-11T17:30:16.987+00:00,153.702,153.705,0.003,7
2026-09-11T17:30:17.187+00:00,153.701,153.704,0.003,7
2026-09-11T17:30:17.388+00:00,153.703,153.704,0.001,7
2026-09-11T17:30:17.591+00:00,153.702,153.705,0.003,7
2026-09-11T17:30:17.792+00:00,153.702,153.703,0.001,7
2026-09-11T17:30:17.991+00:00,153.701,153.702,0.001,7
2026-09-11T17:30:18.191+00:00,153.7,153.703,0.003,7
2026-09-11T17:30:18.392+00:00,153.701,153.704,0.003,7
2026-09-11T17:30:18.590+00:00,153.7,153.703,0.003,7
2026-09-11T17:30:18.791+00:00,153.7,153.702,0.002,7
2026-09-11T17:30:19.698+00:00,153.699,153.702,0.003,7
2026-09-11T17:30:22.000+00:00,153.698,153.701,0.003,8
2026-09-11T17:30:22.602+00:00,153.694,153.697,0.003,8
2026-09-11T17:30:22.808+00:00,153.696,153.699,0.003,8
2026-09-11T17:30:23.003+00:00,153.698,153.699,0.001,8
2026-09-11T17:30:23.203+00:00,153.696,153.698,0.002,8
2026-09-11T17:30:23.404+00:00,153.698,153.699,0.001,8
2026-09-11T17:30:23.603+00:00,153.697,153.698,0.001,8
2026-09-11T17:30:23.806+00:00,153.699,153.7,0.001,8
2026-09-11T17:30:24.006+00:00,153.699,153.702,0.003,8
2026-09-11T17:30:24.204+00:00,153.7,153.701,0.001,8
2026-09-11T17:30:24.410+00:00,153.701,153.702,0.001,8
2026-09-11T17:30:24.606+00:00,153.702,153.703,0.001,8
2026-09-11T17:30:24.807+00:00,153.701,153.702,0.001,8
2026-09-11T17:30:25.612+00:00,153.7,153.703,0.003,8
2026-09-11T17:30:25.813+00:00,153.706,153.707,0.001,8
2026-09-11T17:30:26.016+00:00,153.707,153.708,0.001,8
2026-09-11T17:30:26.622+00:00,153.706,153.709,0.003,8
2026-09-11T17:30:27.020+00:00,153.708,153.709,0.001,8
2026-09-11T17:30:27.224+00:00,153.707,153.708,0.001,8
2026-09-11T17:30:27.421+00:00,153.706,153.709,0.003,8
2026-09-11T17:30:27.621+00:00,153.71,153.711,0.001,8
2026-09-11T17:30:27.821+00:00,153.708,153.71,0.002,8
2026-09-11T17:30:28.023+00:00,153.709,153.71,0.001,8
2026-09-11T17:30:28.229+00:00,153.709,153.712,0.003,8
2026-09-11T17:30:28.433+00:00,153.708,153.711,0.003,8
2026-09-11T17:30:28.632+00:00,153.707,153.71,0.003,8
2026-09-11T17:30:28.835+00:00,153.708,153.711,0.003,8
2026-09-11T17:30:29.242+00:00,153.709,153.712,0.003,8
2026-09-11T17:30:29.442+00:00,153.708,153.711,0.003,8
2026-09-11T17:30:29.644+00:00,153.709,153.712,0.003,8
2026-09-11T17:30:29.846+00:00,153.709,153.71,0.001,8
2026-09-11T17:30:30.614+00:00,153.707,153.71,0.003,8
2026-09-11T17:30:30.814+00:00,153.708,153.709,0.001,8
2026-09-11T17:30:31.215+00:00,153.702,153.705,0.003,8
2026-09-11T17:30:31.417+00:00,153.703,153.704,0.001,8
2026-09-11T17:30:31.618+00:00,153.704,153.707,0.003,8
2026-09-11T17:30:31.819+00:00,153.705,153.708,0.003,8
2026-09-11T17:30:32.826+00:00,153.706,153.707,0.001,8
2026-09-11T17:30:33.027+00:00,153.706,153.709,0.003,8
2026-09-11T17:30:33.835+00:00,153.707,153.71,0.003,8
2026-09-11T17:30:34.435+00:00,153.704,153.707,0.003,8
2026-09-11T17:30:34.636+00:00,153.705,153.708,0.003,8
2026-09-11T17:30:35.843+00:00,153.705,153.711,0.006,8
2026-09-11T17:30:36.043+00:00,153.706,153.712,0.006,8
2026-09-11T17:30:36.247+00:00,153.701,153.707,0.006,8
2026-09-11T17:30:36.449+00:00,153.704,153.705,0.001,8
2026-09-11T17:30:36.648+00:00,153.705,153.708,0.003,8
2026-09-11T17:30:36.848+00:00,153.706,153.709,0.003,8
2026-09-11T17:30:37.048+00:00,153.707,153.709,0.002,8
2026-09-11T17:30:37.248+00:00,153.706,153.707,0.001,8
2026-09-11T17:30:37.450+00:00,153.705,153.708,0.003,8
2026-09-11T17:30:37.651+00:00,153.707,153.708,0.001,8
2026-09-11T17:30:37.856+00:00,153.705,153.708,0.003,8
2026-09-11T17:30:38.057+00:00,153.706,153.709,0.003,8
2026-09-11T17:30:38.259+00:00,153.707,153.708,0.001,8
2026-09-11T17:30:40.337+00:00,153.708,153.71,0.002,8
2026-09-11T17:30:40.537+00:00,153.707,153.708,0.001,8
2026-09-11T17:30:41.141+00:00,153.704,153.706,0.002,8
2026-09-11T17:30:41.340+00:00,153.704,153.707,0.003,8
2026-09-11T17:30:41.741+00:00,153.706,153.707,0.001,8
2026-09-11T17:30:42.342+00:00,153.705,153.708,0.003,8
2026-09-11T17:30:43.156+00:00,153.703,153.706,0.003,8
2026-09-11T17:30:43.355+00:00,153.7,153.703,0.003,8
2026-09-11T17:30:44.157+00:00,153.699,153.702,0.003,8
2026-09-11T17:30:44.358+00:00,153.7,153.701,0.001,8
2026-09-11T17:30:44.764+00:00,153.699,153.702,0.003,8
2026-09-11T17:30:44.965+00:00,153.7,153.703,0.003,8
2026-09-11T17:30:45.168+00:00,153.699,153.702,0.003,8
2026-09-11T17:30:45.570+00:00,153.701,153.702,0.001,9
2026-09-11T17:30:45.769+00:00,153.7,153.703,0.003,9
2026-09-11T17:30:45.970+00:00,153.701,153.702,0.001,9
2026-09-11T17:30:46.173+00:00,153.7,153.703,0.003,9
2026-09-11T17:30:46.377+00:00,153.699,153.702,0.003,9
2026-09-11T17:30:46.781+00:00,153.7,153.703,0.003,9
2026-09-11T17:30:47.386+00:00,153.7,153.701,0.001,9
2026-09-11T17:30:47.585+00:00,153.699,153.702,0.003,9
2026-09-11T17:30:48.544+00:00,153.7,153.703,0.003,9
2026-09-11T17:30:49.751+00:00,153.701,153.702,0.001,9
2026-09-11T17:30:49.952+00:00,153.699,153.702,0.003,9
2026-09-11T17:30:50.154+00:00,153.7,153.703,0.003,9
2026-09-11T17:30:50.353+00:00,153.701,153.702,0.001,9
2026-09-11T17:30:50.954+00:00,153.699,153.702,0.003,9
2026-09-11T17:30:51.154+00:00,153.7,153.703,0.003,9
2026-09-11T17:30:51.556+00:00,153.701,153.704,0.003,9
2026-09-11T17:30:51.958+00:00,153.7,153.703,0.003,9
2026-09-11T17:30:52.422+00:00,153.697,153.703,0.006,9
2026-09-11T17:30:52.831+00:00,153.696,153.701,0.005,9
2026-09-11T17:30:53.032+00:00,153.699,153.703,0.004,9
2026-09-11T17:30:53.433+00:00,153.701,153.702,0.001,9
2026-09-11T17:30:53.635+00:00,153.701,153.704,0.003,9
2026-09-11T17:30:53.838+00:00,153.699,153.702,0.003,9
2026-09-11T17:30:54.037+00:00,153.699,153.7,0.001,9
2026-09-11T17:30:54.247+00:00,153.699,153.702,0.003,9
2026-09-11T17:30:54.436+00:00,153.698,153.7,0.002,9
2026-09-11T17:30:54.644+00:00,153.698,153.699,0.001,9
2026-09-11T17:30:54.844+00:00,153.699,153.7,0.001,9
2026-09-11T17:30:55.042+00:00,153.696,153.699,0.003,9
2026-09-11T17:30:55.247+00:00,153.697,153.7,0.003,9
2026-09-11T17:30:55.445+00:00,153.698,153.701,0.003,9
2026-09-11T17:30:55.651+00:00,153.697,153.7,0.003,9
2026-09-11T17:30:56.249+00:00,153.697,153.698,0.001,9
2026-09-11T17:30:56.451+00:00,153.695,153.698,0.003,9
2026-09-11T17:30:57.257+00:00,153.694,153.697,0.003,9
2026-09-11T17:30:57.741+00:00,153.695,153.698,0.003,9
2026-09-11T17:30:58.752+00:00,153.695,153.701,0.006,9
2026-09-11T17:30:59.154+00:00,153.695,153.698,0.003,9
2026-09-11T17:30:59.760+00:00,153.697,153.698,0.001,9
2026-09-11T17:30:59.969+00:00,153.695,153.698,0.003,9
2026-09-11T17:31:00.360+00:00,153.696,153.699,0.003,9
2026-09-11T17:31:00.560+00:00,153.695,153.698,0.003,9
2026-09-11T17:31:00.962+00:00,153.696,153.699,0.003,9
2026-09-11T17:31:01.370+00:00,153.695,153.698,0.003,9
2026-09-11T17:31:02.373+00:00,153.697,153.698,0.001,9
2026-09-11T17:31:02.573+00:00,153.696,153.699,0.003,9
2026-09-11T17:31:02.971+00:00,153.697,153.7,0.003,9
2026-09-11T17:31:03.577+00:00,153.698,153.701,0.003,9
2026-09-11T17:31:03.776+00:00,153.697,153.7,0.003,9
2026-09-11T17:31:04.185+00:00,153.699,153.7,0.001,9
2026-09-11T17:31:04.584+00:00,153.698,153.699,0.001,9
2026-09-11T17:31:04.985+00:00,153.698,153.7,0.002,9
2026-09-11T17:31:05.385+00:00,153.698,153.699,0.001,9
2026-09-11T17:31:05.593+00:00,153.697,153.7,0.003,9
2026-09-11T17:31:05.791+00:00,153.698,153.699,0.001,9
2026-09-11T17:31:06.248+00:00,153.697,153.7,0.003,9
2026-09-11T17:31:06.448+00:00,153.698,153.699,0.001,9
2026-09-11T17:31:06.851+00:00,153.697,153.7,0.003,9
2026-09-11T17:31:07.357+00:00,153.696,153.698,0.002,9
2026-09-11T17:31:08.408+00:00,153.697,153.7,0.003,9
2026-09-11T17:31:08.607+00:00,153.694,153.697,0.003,9
2026-09-11T17:31:09.208+00:00,153.695,153.698,0.003,9
2026-09-11T17:31:09.407+00:00,153.694,153.697,0.003,9
2026-09-11T17:31:09.611+00:00,153.687,153.69,0.003,9
2026-09-11T17:31:10.010+00:00,153.683,153.689,0.006,9
2026-09-11T17:31:10.209+00:00,153.681,153.688,0.007,10
2026-09-11T17:31:10.410+00:00,153.685,153.688,0.003,10
2026-09-11T17:31:11.014+00:00,153.686,153.689,0.003,10
2026-09-11T17:31:11.412+00:00,153.687,153.69,0.003,10
2026-09-11T17:31:11.612+00:00,153.686,153.689,0.003,10
2026-09-11T17:31:12.015+00:00,153.688,153.689,0.001,10
2026-09-11T17:31:12.219+00:00,153.687,153.69,0.003,10
2026-09-11T17:31:12.416+00:00,153.686,153.689,0.003,10
2026-09-11T17:31:12.617+00:00,153.687,153.69,0.003,10
2026-09-11T17:31:13.023+00:00,153.686,153.689,0.003,10
2026-09-11T17:31:14.231+00:00,153.685,153.688,0.003,10
2026-09-11T17:31:14.430+00:00,153.686,153.689,0.003,10
2026-09-11T17:31:14.831+00:00,153.685,153.688,0.003,10
2026-09-11T17:31:15.441+00:00,153.686,153.689,0.003,10
2026-09-11T17:31:15.641+00:00,153.685,153.688,0.003,10
2026-09-11T17:31:15.842+00:00,153.687,153.69,0.003,10
2026-09-11T17:31:16.043+00:00,153.685,153.688,0.003,10
2026-09-11T17:31:16.248+00:00,153.686,153.69,0.004,10
2026-09-11T17:31:16.455+00:00,153.687,153.69,0.003,10
2026-09-11T17:31:17.047+00:00,153.686,153.689,0.003,10
2026-09-11T17:31:17.246+00:00,153.688,153.689,0.001,10
2026-09-11T17:31:17.648+00:00,153.687,153.69,0.003,10
2026-09-11T17:31:18.458+00:00,153.686,153.689,0.003,10
2026-09-11T17:31:18.658+00:00,153.687,153.69,0.003,10
2026-09-11T17:31:18.858+00:00,153.685,153.688,0.003,10
2026-09-11T17:31:19.059+00:00,153.686,153.689,0.003,10
2026-09-11T17:31:19.264+00:00,153.684,153.685,0.001,10
2026-09-11T17:31:19.461+00:00,153.681,153.684,0.003,10
2026-09-11T17:31:19.662+00:00,153.683,153.686,0.003,10
2026-09-11T17:31:19.862+00:00,153.682,153.685,0.003,10
2026-09-11T17:31:20.063+00:00,153.684,153.685,0.001,10
2026-09-11T17:31:20.468+00:00,153.683,153.686,0.003,10
2026-09-11T17:31:20.867+00:00,153.684,153.687,0.003,10
2026-09-11T17:31:21.069+00:00,153.685,153.688,0.003,10
2026-09-11T17:31:21.269+00:00,153.687,153.69,0.003,10
2026-09-11T17:31:21.469+00:00,153.689,153.69,0.001,10
2026-09-11T17:31:21.670+00:00,153.688,153.694,0.006,10
2026-09-11T17:31:21.871+00:00,153.688,153.691,0.003,10
2026-09-11T17:31:22.071+00:00,153.687,153.69,0.003,10
2026-09-11T17:31:22.472+00:00,153.687,153.691,0.004,10
2026-09-11T17:31:22.680+00:00,153.687,153.69,0.003,10
2026-09-11T17:31:23.226+00:00,153.687,153.691,0.004,10
2026-09-11T17:31:23.429+00:00,153.686,153.69,0.004,10
2026-09-11T17:31:23.629+00:00,153.688,153.69,0.002,10
2026-09-11T17:31:24.031+00:00,153.687,153.69,0.003,10
2026-09-11T17:31:24.232+00:00,153.689,153.69,0.001,10
2026-09-11T17:31:24.431+00:00,153.688,153.691,0.003,10
2026-09-11T17:31:24.832+00:00,153.689,153.69,0.001,10
2026-09-11T17:31:25.816+00:00,153.688,153.691,0.003,10
2026-09-11T17:31:27.700+00:00,153.687,153.69,0.003,10
2026-09-11T17:31:27.901+00:00,153.688,153.691,0.003,10
2026-09-11T17:31:28.101+00:00,153.687,153.69,0.003,10
2026-09-11T17:31:28.507+00:00,153.688,153.691,0.003,10
2026-09-11T17:31:28.909+00:00,153.687,153.69,0.003,10
2026-09-11T17:31:29.309+00:00,153.688,153.691,0.003,10
2026-09-11T17:31:29.712+00:00,153.689,153.692,0.003,10
2026-09-11T17:31:29.912+00:00,153.686,153.689,0.003,10
2026-09-11T17:31:30.114+00:00,153.687,153.69,0.003,10
2026-09-11T17:31:30.314+00:00,153.686,153.688,0.002,10
2026-09-11T17:31:30.515+00:00,153.687,153.69,0.003,10
2026-09-11T17:31:31.420+00:00,153.686,153.689,0.003,10
2026-09-11T17:31:31.820+00:00,153.687,153.69,0.003,10
2026-09-11T17:31:32.022+00:00,153.688,153.689,0.001,10
2026-09-11T17:31:32.426+00:00,153.687,153.688,0.001,10
2026-09-11T17:31:33.029+00:00,153.689,153.69,0.001,10
2026-09-11T17:31:33.833+00:00,153.688,153.689,0.001,10
2026-09-11T17:31:34.999+00:00,153.689,153.69,0.001,10
2026-09-11T17:31:35.203+00:00,153.688,153.689,0.001,10
2026-09-11T17:31:35.603+00:00,153.688,153.691,0.003,11
2026-09-11T17:31:36.409+00:00,153.689,153.69,0.001,11
2026-09-11T17:31:36.608+00:00,153.688,153.691,0.003,11
2026-09-11T17:31:36.809+00:00,153.687,153.69,0.003,11
2026-09-11T17:31:37.011+00:00,153.688,153.691,0.003,11
2026-09-11T17:31:37.212+00:00,153.687,153.69,0.003,11
2026-09-11T17:31:37.800+00:00,153.688,153.691,0.003,11
2026-09-11T17:31:38.233+00:00,153.687,153.69,0.003,11
2026-09-11T17:31:38.439+00:00,153.688,153.691,0.003,11
2026-09-11T17:31:38.817+00:00,153.687,153.69,0.003,11
2026-09-11T17:31:39.017+00:00,153.689,153.69,0.001,11
2026-09-11T17:31:39.218+00:00,153.687,153.69,0.003,11
2026-09-11T17:31:39.841+00:00,153.688,153.691,0.003,11
2026-09-11T17:31:40.243+00:00,153.687,153.69,0.003,11
2026-09-11T17:31:40.445+00:00,153.688,153.691,0.003,11
2026-09-11T17:31:40.645+00:00,153.687,153.69,0.003,11
2026-09-11T17:31:40.845+00:00,153.685,153.688,0.003,11
2026-09-11T17:31:41.300+00:00,153.684,153.687,0.003,11
2026-09-11T17:31:41.930+00:00,153.682,153.685,0.003,11
2026-09-11T17:31:42.128+00:00,153.683,153.684,0.001,11
2026-09-11T17:31:42.332+00:00,153.681,153.683,0.002,11
2026-09-11T17:31:42.732+00:00,153.677,153.68,0.003,11
2026-09-11T17:31:42.935+00:00,153.679,153.68,0.001,11
2026-09-11T17:31:43.136+00:00,153.679,153.682,0.003,11
2026-09-11T17:31:43.337+00:00,153.681,153.684,0.003,11
2026-09-11T17:31:43.737+00:00,153.682,153.684,0.002,11
2026-09-11T17:31:44.138+00:00,153.681,153.684,0.003,11
2026-09-11T17:31:44.541+00:00,153.682,153.684,0.002,11
2026-09-11T17:31:44.741+00:00,153.681,153.683,0.002,11
2026-09-11T17:31:44.943+00:00,153.683,153.686,0.003,11
2026-09-11T17:31:45.144+00:00,153.682,153.685,0.003,11
2026-09-11T17:31:45.546+00:00,153.683,153.684,0.001,11
2026-09-11T17:31:45.750+00:00,153.683,153.686,0.003,11
2026-09-11T17:31:45.950+00:00,153.681,153.684,0.003,11
2026-09-11T17:31:46.153+00:00,153.682,153.685,0.003,11
2026-09-11T17:31:46.958+00:00,153.683,153.684,0.001,11
2026-09-11T17:31:47.764+00:00,153.682,153.683,0.001,11
2026-09-11T17:31:48.162+00:00,153.681,153.684,0.003,11
2026-09-11T17:31:48.362+00:00,153.68,153.684,0.004,11
2026-09-11T17:31:48.564+00:00,153.679,153.682,0.003,11
2026-09-11T17:31:48.764+00:00,153.678,153.682,0.004,11
2026-09-11T17:31:48.965+00:00,153.678,153.681,0.003,11
2026-09-11T17:31:49.661+00:00,153.679,153.682,0.003,11
2026-09-11T17:31:51.456+00:00,153.678,153.681,0.003,11
2026-09-11T17:31:51.657+00:00,153.68,153.682,0.002,11
2026-09-11T17:31:51.856+00:00,153.682,153.685,0.003,11
2026-09-11T17:31:52.258+00:00,153.681,153.684,0.003,11
2026-09-11T17:31:52.459+00:00,153.682,153.685,0.003,11
2026-09-11T17:31:52.660+00:00,153.681,153.684,0.003,11
2026-09-11T17:31:53.061+00:00,153.68,153.683,0.003,11
2026-09-11T17:31:53.263+00:00,153.681,153.684,0.003,11
2026-09-11T17:31:53.859+00:00,153.682,153.685,0.003,11
2026-09-11T17:31:54.059+00:00,153.681,153.684,0.003,11
2026-09-11T17:31:54.767+00:00,153.682,153.685,0.003,11
2026-09-11T17:31:55.173+00:00,153.683,153.684,0.001,11
2026-09-11T17:31:56.118+00:00,153.684,153.685,0.001,11
2026-09-11T17:31:56.320+00:00,153.683,153.686,0.003,11
2026-09-11T17:31:56.521+00:00,153.684,153.686,0.002,11
2026-09-11T17:31:56.724+00:00,153.685,153.688,0.003,11
2026-09-11T17:31:56.928+00:00,153.687,153.69,0.003,11
2026-09-11T17:31:57.519+00:00,153.685,153.688,0.003,11
2026-09-11T17:31:57.719+00:00,153.685,153.687,0.002,11
2026-09-11T17:31:57.921+00:00,153.686,153.689,0.003,11
2026-09-11T17:31:58.321+00:00,153.687,153.69,0.003,11
2026-09-11T17:31:58.724+00:00,153.685,153.691,0.006,11
2026-09-11T17:31:58.926+00:00,153.685,153.688,0.003,11
2026-09-11T17:32:00.406+00:00,153.686,153.689,0.003,11
2026-09-11T17:32:00.607+00:00,153.687,153.69,0.003,12
2026-09-11T17:32:00.808+00:00,153.686,153.689,0.003,12
2026-09-11T17:32:01.009+00:00,153.685,153.687,0.002,12
2026-09-11T17:32:01.208+00:00,153.687,153.688,0.001,12
2026-09-11T17:32:01.408+00:00,153.685,153.686,0.001,12
2026-09-11T17:32:01.612+00:00,153.686,153.689,0.003,12
2026-09-11T17:32:01.863+00:00,153.688,153.689,0.001,12
2026-09-11T17:32:02.064+00:00,153.686,153.689,0.003,12
2026-09-11T17:32:02.469+00:00,153.687,153.69,0.003,12
2026-09-11T17:32:02.871+00:00,153.687,153.692,0.005,12
2026-09-11T17:32:03.474+00:00,153.687,153.69,0.003,12
2026-09-11T17:32:03.677+00:00,153.688,153.691,0.003,12
2026-09-11T17:32:03.879+00:00,153.689,153.692,0.003,12
2026-09-11T17:32:04.078+00:00,153.687,153.69,0.003,12
2026-09-11T17:32:04.289+00:00,153.689,153.69,0.001,12
2026-09-11T17:32:04.487+00:00,153.688,153.691,0.003,12
2026-09-11T17:32:04.949+00:00,153.689,153.692,0.003,12
2026-09-11T17:32:05.150+00:00,153.688,153.691,0.003,12
2026-09-11T17:32:05.970+00:00,153.689,153.692,0.003,12
2026-09-11T17:32:06.170+00:00,153.687,153.69,0.003,12
2026-09-11T17:32:06.374+00:00,153.688,153.691,0.003,12
2026-09-11T17:32:06.575+00:00,153.687,153.689,0.002,12
2026-09-11T17:32:06.777+00:00,153.688,153.691,0.003,12
2026-09-11T17:32:07.379+00:00,153.687,153.689,0.002,12
2026-09-11T17:32:07.579+00:00,153.689,153.692,0.003,12
2026-09-11T17:32:07.780+00:00,153.688,153.691,0.003,12
2026-09-11T17:32:08.181+00:00,153.687,153.69,0.003,12
2026-09-11T17:32:08.585+00:00,153.687,153.688,0.001,12
2026-09-11T17:32:09.209+00:00,153.684,153.686,0.002,12
2026-09-11T17:32:09.875+00:00,153.685,153.686,0.001,12
2026-09-11T17:32:10.077+00:00,153.686,153.687,0.001,12
2026-09-11T17:32:10.719+00:00,153.685,153.686,0.001,12
2026-09-11T17:32:11.520+00:00,153.683,153.685,0.002,12
2026-09-11T17:32:11.922+00:00,153.685,153.688,0.003,12
2026-09-11T17:32:12.121+00:00,153.683,153.686,0.003,12
2026-09-11T17:32:12.326+00:00,153.686,153.687,0.001,12
2026-09-11T17:32:12.525+00:00,153.685,153.688,0.003,12
2026-09-11T17:32:12.729+00:00,153.686,153.689,0.003,12
2026-09-11T17:32:13.128+00:00,153.687,153.69,0.003,12
2026-09-11T17:32:13.329+00:00,153.686,153.689,0.003,12
2026-09-11T17:32:13.906+00:00,153.685,153.687,0.002,12
2026-09-11T17:32:14.107+00:00,153.685,153.688,0.003,12
2026-09-11T17:32:14.993+00:00,153.684,153.687,0.003,12
2026-09-11T17:32:15.592+00:00,153.685,153.688,0.003,12
2026-09-11T17:32:15.792+00:00,153.684,153.687,0.003,12
2026-09-11T17:32:15.994+00:00,153.685,153.688,0.003,12
2026-09-11T17:32:16.237+00:00,153.686,153.687,0.001,12
2026-09-11T17:32:16.440+00:00,153.685,153.686,0.001,12
2026-09-11T17:32:16.646+00:00,153.684,153.685,0.001,12
2026-09-11T17:32:17.256+00:00,153.683,153.686,0.003,12
2026-09-11T17:32:19.148+00:00,153.684,153.687,0.003,12
2026-09-11T17:32:19.347+00:00,153.683,153.686,0.003,12
2026-09-11T17:32:19.749+00:00,153.685,153.688,0.003,12
2026-09-11T17:32:19.948+00:00,153.687,153.688,0.001,12
2026-09-11T17:32:20.148+00:00,153.684,153.687,0.003,12
2026-09-11T17:32:20.357+00:00,153.685,153.688,0.003,12
2026-09-11T17:32:20.743+00:00,153.686,153.689,0.003,12
2026-09-11T17:32:20.942+00:00,153.685,153.688,0.003,12
2026-09-11T17:32:21.545+00:00,153.684,153.687,0.003,12
2026-09-11T17:32:21.745+00:00,153.686,153.689,0.003,12
2026-09-11T17:32:21.949+00:00,153.685,153.687,0.002,12
2026-09-11T17:32:22.153+00:00,153.686,153.689,0.003,12
2026-09-11T17:32:22.559+00:00,153.686,153.692,0.006,12
2026-09-11T17:32:22.761+00:00,153.686,153.69,0.004,12
2026-09-11T17:32:22.961+00:00,153.686,153.689,0.003,12
2026-09-11T17:32:24.007+00:00,153.685,153.687,0.002,12
2026-09-11T17:32:24.400+00:00,153.686,153.687,0.001,12
2026-09-11T17:32:24.601+00:00,153.687,153.688,0.001,12
2026-09-11T17:32:24.802+00:00,153.686,153.687,0.001,12
2026-09-11T17:32:25.570+00:00,153.685,153.688,0.003,12
2026-09-11T17:32:25.771+00:00,153.686,153.689,0.003,13
2026-09-11T17:32:25.976+00:00,153.687,153.688,0.001,13
2026-09-11T17:32:26.176+00:00,153.686,153.689,0.003,13
2026-09-11T17:32:26.380+00:00,153.687,153.688,0.001,13
2026-09-11T17:32:26.781+00:00,153.685,153.688,0.003,13
2026-09-11T17:32:26.986+00:00,153.686,153.689,0.003,13
2026-09-11T17:32:27.586+00:00,153.687,153.688,0.001,13
2026-09-11T17:32:27.788+00:00,153.685,153.687,0.002,13
2026-09-11T17:32:27.987+00:00,153.685,153.688,0.003,13
2026-09-11T17:32:28.188+00:00,153.688,153.691,0.003,13
2026-09-11T17:32:28.594+00:00,153.687,153.69,0.003,13
2026-09-11T17:32:28.998+00:00,153.685,153.687,0.002,13
2026-09-11T17:32:29.399+00:00,153.687,153.69,0.003,13
2026-09-11T17:32:30.196+00:00,153.686,153.688,0.002,13
2026-09-11T17:32:30.398+00:00,153.686,153.689,0.003,13
2026-09-11T17:32:30.603+00:00,153.687,153.69,0.003,13
2026-09-11T17:32:31.262+00:00,153.685,153.688,0.003,13
2026-09-11T17:32:31.471+00:00,153.687,153.69,0.003,13
2026-09-11T17:32:31.671+00:00,153.685,153.687,0.002,13
2026-09-11T17:32:32.298+00:00,153.686,153.689,0.003,13
2026-09-11T17:32:32.499+00:00,153.685,153.688,0.003,13
2026-09-11T17:32:32.703+00:00,153.683,153.684,0.001,13
2026-09-11T17:32:32.904+00:00,153.684,153.685,0.001,13
2026-09-11T17:32:33.104+00:00,153.684,153.687,0.003,13
2026-09-11T17:32:33.309+00:00,153.683,153.686,0.003,13
2026-09-11T17:32:34.248+00:00,153.684,153.685,0.001,13
2026-09-11T17:32:34.450+00:00,153.688,153.689,0.001,13
2026-09-11T17:32:34.647+00:00,153.688,153.691,0.003,13
2026-09-11T17:32:34.850+00:00,153.689,153.692,0.003,13
2026-09-11T17:32:35.054+00:00,153.688,153.691,0.003,13
2026-09-11T17:32:35.474+00:00,153.689,153.692,0.003,13
2026-09-11T17:32:35.677+00:00,153.688,153.691,0.003,13
2026-09-11T17:32:35.876+00:00,153.687,153.69,0.003,13
2026-09-11T17:32:36.077+00:00,153.688,153.691,0.003,13
2026-09-11T17:32:40.884+00:00,153.686,153.689,0.003,13
2026-09-11T17:32:41.987+00:00,153.688,153.691,0.003,13
2026-09-11T17:32:42.685+00:00,153.686,153.688,0.002,13
2026-09-11T17:32:42.886+00:00,153.688,153.691,0.003,13
2026-09-11T17:32:43.086+00:00,153.689,153.692,0.003,13
2026-09-11T17:32:43.288+00:00,153.687,153.69,0.003,13
2026-09-11T17:32:43.491+00:00,153.689,153.692,0.003,13
2026-09-11T17:32:44.042+00:00,153.691,153.692,0.001,13
2026-09-11T17:32:44.445+00:00,153.69,153.693,0.003,13
2026-09-11T17:32:45.051+00:00,153.692,153.693,0.001,13
2026-09-11T17:32:45.249+00:00,153.691,153.694,0.003,13
2026-09-11T17:32:45.449+00:00,153.69,153.693,0.003,13
2026-09-11T17:32:46.059+00:00,153.689,153.692,0.003,13
2026-09-11T17:32:46.257+00:00,153.688,153.691,0.003,13
2026-09-11T17:32:46.859+00:00,153.689,153.692,0.003,13
2026-09-11T17:32:47.260+00:00,153.687,153.69,0.003,13
2026-09-11T17:32:47.463+00:00,153.688,153.691,0.003,13
2026-09-11T17:32:47.665+00:00,153.689,153.692,0.003,13
2026-09-11T17:32:47.864+00:00,153.688,153.691,0.003,13
2026-09-11T17:32:48.670+00:00,153.689,153.692,0.003,13
2026-09-11T17:32:48.872+00:00,153.688,153.691,0.003,13
2026-09-11T17:32:49.583+00:00,153.688,153.692,0.004,13
2026-09-11T17:32:49.982+00:00,153.689,153.692,0.003,13
2026-09-11T17:32:51.809+00:00,153.689,153.693,0.004,14
2026-09-11T17:32:52.214+00:00,153.689,153.692,0.003,14
2026-09-11T17:32:53.345+00:00,153.688,153.691,0.003,14
2026-09-11T17:32:53.549+00:00,153.689,153.69,0.001,14
2026-09-11T17:32:53.750+00:00,153.688,153.691,0.003,14
2026-09-11T17:32:53.952+00:00,153.689,153.69,0.001,14
2026-09-11T17:32:54.150+00:00,153.688,153.689,0.001,14
2026-09-11T17:32:54.349+00:00,153.688,153.691,0.003,14
2026-09-11T17:32:54.554+00:00,153.687,153.69,0.003,14
2026-09-11T17:32:54.760+00:00,153.688,153.689,0.001,14
2026-09-11T17:32:54.954+00:00,153.689,153.69,0.001,14
2026-09-11T17:32:55.153+00:00,153.688,153.691,0.003,14
2026-09-11T17:32:55.557+00:00,153.687,153.69,0.003,14
2026-09-11T17:32:55.756+00:00,153.688,153.691,0.003,14
2026-09-11T17:32:57.173+00:00,153.687,153.69,0.003,14
2026-09-11T17:32:57.861+00:00,153.688,153.691,0.003,14
2026-09-11T17:32:58.064+00:00,153.686,153.689,0.003,14
2026-09-11T17:32:58.265+00:00,153.687,153.69,0.003,14
2026-09-11T17:32:58.463+00:00,153.686,153.687,0.001,14
2026-09-11T17:32:59.473+00:00,153.685,153.688,0.003,14
2026-09-11T17:32:59.672+00:00,153.688,153.691,0.003,14
2026-09-11T17:33:00.274+00:00,153.689,153.692,0.003,14
2026-09-11T17:33:00.676+00:00,153.687,153.69,0.003,14
2026-09-11T17:33:01.279+00:00,153.688,153.691,0.003,14
2026-09-11T17:33:01.480+00:00,153.687,153.69,0.003,14
2026-09-11T17:33:02.895+00:00,153.686,153.689,0.003,14
2026-09-11T17:33:03.096+00:00,153.687,153.69,0.003,14
2026-09-11T17:33:03.297+00:00,153.687,153.688,0.001,14
2026-09-11T17:33:04.448+00:00,153.688,153.689,0.001,14
2026-09-11T17:33:04.853+00:00,153.689,153.691,0.002,14
2026-09-11T17:33:05.053+00:00,153.687,153.69,0.003,14
2026-09-11T17:33:06.563+00:00,153.688,153.691,0.003,14
2026-09-11T17:33:06.771+00:00,153.688,153.689,0.001,14
2026-09-11T17:33:07.372+00:00,153.686,153.689,0.003,14
2026-09-11T17:33:07.572+00:00,153.686,153.687,0.001,14
2026-09-11T17:33:07.775+00:00,153.687,153.688,0.001,14
2026-09-11T17:33:07.971+00:00,153.688,153.689,0.001,14
2026-09-11T17:33:08.372+00:00,153.686,153.688,0.002,14
2026-09-11T17:33:08.574+00:00,153.688,153.689,0.001,14
2026-09-11T17:33:09.176+00:00,153.687,153.69,0.003,14
2026-09-11T17:33:10.183+00:00,153.688,153.691,0.003,14
2026-09-11T17:33:12.187+00:00,153.687,153.69,0.003,14
2026-09-11T17:33:13.191+00:00,153.688,153.691,0.003,14
2026-09-11T17:33:15.472+00:00,153.689,153.69,0.001,14
2026-09-11T17:33:15.750+00:00,153.69,153.692,0.002,14
2026-09-11T17:33:16.156+00:00,153.689,153.692,0.003,15
2026-09-11T17:33:16.750+00:00,153.692,153.695,0.003,15
2026-09-11T17:33:16.956+00:00,153.695,153.696,0.001,15
2026-09-11T17:33:17.152+00:00,153.694,153.696,0.002,15
2026-09-11T17:33:17.353+00:00,153.694,153.697,0.003,15
2026-09-11T17:33:17.752+00:00,153.695,153.696,0.001,15
2026-09-11T17:33:18.154+00:00,153.693,153.696,0.003,15
2026-09-11T17:33:18.358+00:00,153.693,153.697,0.004,15
2026-09-11T17:33:18.559+00:00,153.695,153.701,0.006,15
2026-09-11T17:33:18.759+00:00,153.695,153.7,0.005,15
2026-09-11T17:33:18.959+00:00,153.691,153.698,0.007,15
2026-09-11T17:33:19.359+00:00,153.689,153.696,0.007,15
2026-09-11T17:33:19.560+00:00,153.69,153.697,0.007,15
2026-09-11T17:33:19.763+00:00,153.689,153.696,0.007,15
2026-09-11T17:33:19.963+00:00,153.69,153.697,0.007,15
2026-09-11T17:33:20.363+00:00,153.69,153.696,0.006,15
2026-09-11T17:33:20.716+00:00,153.69,153.695,0.005,15
2026-09-11T17:33:21.298+00:00,153.69,153.693,0.003,15
2026-09-11T17:33:24.593+00:00,153.691,153.694,0.003,15
2026-09-11T17:33:24.794+00:00,153.69,153.693,0.003,15
2026-09-11T17:33:24.998+00:00,153.694,153.697,0.003,15
2026-09-11T17:33:25.196+00:00,153.696,153.697,0.001,15
2026-09-11T17:33:25.396+00:00,153.695,153.698,0.003,15
2026-09-11T17:33:26.600+00:00,153.694,153.697,0.003,15
2026-09-11T17:33:28.649+00:00,153.693,153.696,0.003,15
2026-09-11T17:33:28.849+00:00,153.694,153.697,0.003,15
2026-09-11T17:33:29.264+00:00,153.693,153.696,0.003,15
2026-09-11T17:33:29.871+00:00,153.695,153.697,0.002,15
2026-09-11T17:33:30.077+00:00,153.694,153.697,0.003,15
2026-09-11T17:33:30.688+00:00,153.695,153.696,0.001,15
2026-09-11T17:33:30.885+00:00,153.694,153.697,0.003,15
2026-09-11T17:33:31.086+00:00,153.693,153.696,0.003,15
2026-09-11T17:33:31.288+00:00,153.694,153.697,0.003,15
2026-09-11T17:33:32.502+00:00,153.695,153.698,0.003,15
2026-09-11T17:33:33.966+00:00,153.696,153.699,0.003,15
2026-09-11T17:33:34.024+00:00,153.696,153.699,0.003,15
2026-09-11T17:33:34.369+00:00,153.696,153.697,0.001,15
2026-09-11T17:33:34.568+00:00,153.697,153.7,0.003,15
2026-09-11T17:33:34.769+00:00,153.696,153.699,0.003,15
2026-09-11T17:33:34.970+00:00,153.695,153.698,0.003,15
2026-09-11T17:33:35.170+00:00,153.696,153.699,0.003,15
2026-09-11T17:33:35.371+00:00,153.698,153.701,0.003,15
2026-09-11T17:33:35.570+00:00,153.701,153.702,0.001,15
2026-09-11T17:33:35.772+00:00,153.702,153.705,0.003,15
2026-09-11T17:33:36.372+00:00,153.703,153.706,0.003,15
2026-09-11T17:33:36.774+00:00,153.704,153.705,0.001,15
2026-09-11T17:33:36.973+00:00,153.703,153.706,0.003,15
2026-09-11T17:33:37.806+00:00,153.701,153.705,0.004,15
2026-09-11T17:33:38.005+00:00,153.702,153.705,0.003,15
2026-09-11T17:33:40.388+00:00,153.702,153.704,0.002,15
2026-09-11T17:33:40.791+00:00,153.702,153.703,0.001,15
2026-09-11T17:33:41.191+00:00,153.701,153.704,0.003,16
2026-09-11T17:33:43.180+00:00,153.702,153.703,0.001,16
2026-09-11T17:33:43.381+00:00,153.701,153.704,0.003,16
2026-09-11T17:33:48.061+00:00,153.7,153.703,0.003,16
2026-09-11T17:33:48.259+00:00,153.699,153.702,0.003,16
2026-09-11T17:33:48.865+00:00,153.698,153.701,0.003,16
2026-09-11T17:33:49.064+00:00,153.699,153.702,0.003,16
2026-09-11T17:33:50.269+00:00,153.7,153.703,0.003,16
2026-09-11T17:33:50.469+00:00,153.698,153.701,0.003,16
2026-09-11T17:33:50.671+00:00,153.699,153.702,0.003,16
2026-09-11T17:33:51.275+00:00,153.698,153.701,0.003,16
2026-09-11T17:33:51.482+00:00,153.699,153.702,0.003,16
2026-09-11T17:33:52.117+00:00,153.698,153.701,0.003,16
2026-09-11T17:33:52.320+00:00,153.699,153.702,0.003,16
2026-09-11T17:33:53.290+00:00,153.698,153.701,0.003,16
2026-09-11T17:33:53.695+00:00,153.699,153.702,0.003,16
2026-09-11T17:33:55.058+00:00,153.7,153.703,0.003,16
2026-09-11T17:33:55.268+00:00,153.698,153.701,0.003,16
2026-09-11T17:33:55.466+00:00,153.699,153.702,0.003,16
2026-09-11T17:33:56.592+00:00,153.698,153.701,0.003,16
2026-09-11T17:33:58.488+00:00,153.699,153.7,0.001,16
2026-09-11T17:33:59.090+00:00,153.7,153.701,0.001,16
2026-09-11T17:33:59.781+00:00,153.699,153.702,0.003,16
2026-09-11T17:34:00.765+00:00,153.7,153.703,0.003,16
2026-09-11T17:34:00.966+00:00,153.699,153.702,0.003,16
2026-09-11T17:34:02.196+00:00,153.7,153.701,0.001,16
2026-09-11T17:34:02.593+00:00,153.7,153.703,0.003,16
2026-09-11T17:34:02.793+00:00,153.699,153.702,0.003,16
2026-09-11T17:34:03.202+00:00,153.7,153.703,0.003,16
2026-09-11T17:34:05.134+00:00,153.699,153.701,0.002,16
2026-09-11T17:34:06.563+00:00,153.7,153.702,0.002,17
2026-09-11T17:34:06.765+00:00,153.701,153.703,0.002,17
2026-09-11T17:34:07.276+00:00,153.701,153.704,0.003,17
2026-09-11T17:34:07.483+00:00,153.7,153.703,0.003,17
2026-09-11T17:34:07.889+00:00,153.701,153.704,0.003,17
2026-09-11T17:34:08.085+00:00,153.7,153.703,0.003,17
2026-09-11T17:34:11.467+00:00,153.7,153.704,0.004,17
2026-09-11T17:34:11.835+00:00,153.7,153.703,0.003,17
2026-09-11T17:34:12.257+00:00,153.701,153.704,0.003,17
2026-09-11T17:34:12.884+00:00,153.7,153.703,0.003,17
2026-09-11T17:34:13.284+00:00,153.702,153.705,0.003,17
2026-09-11T17:34:13.487+00:00,153.702,153.703,0.001,17
2026-09-11T17:34:13.888+00:00,153.701,153.704,0.003,17
2026-09-11T17:34:14.756+00:00,153.702,153.703,0.001,17
2026-09-11T17:34:16.016+00:00,153.7,153.703,0.003,17
2026-09-11T17:34:16.221+00:00,153.701,153.704,0.003,17
2026-09-11T17:34:16.955+00:00,153.701,153.702,0.001,17
2026-09-11T17:34:17.160+00:00,153.699,153.702,0.003,17
2026-09-11T17:34:17.365+00:00,153.701,153.702,0.001,17
2026-09-11T17:34:17.769+00:00,153.7,153.703,0.003,17
2026-09-11T17:34:17.969+00:00,153.699,153.702,0.003,17
2026-09-11T17:34:18.804+00:00,153.7,153.703,0.003,17
2026-09-11T17:34:19.007+00:00,153.7,153.701,0.001,17
2026-09-11T17:34:19.208+00:00,153.698,153.699,0.001,17
2026-09-11T17:34:19.409+00:00,153.697,153.7,0.003,17
2026-09-11T17:34:20.621+00:00,153.699,153.701,0.002,17
2026-09-11T17:34:20.829+00:00,153.7,153.703,0.003,17
2026-09-11T17:34:22.854+00:00,153.698,153.701,0.003,17
2026-09-11T17:34:23.056+00:00,153.7,153.701,0.001,17
2026-09-11T17:34:23.258+00:00,153.7,153.703,0.003,17
2026-09-11T17:34:23.656+00:00,153.7,153.701,0.001,17
2026-09-11T17:34:23.860+00:00,153.699,153.702,0.003,17
2026-09-11T17:34:24.062+00:00,153.7,153.703,0.003,17
2026-09-11T17:34:24.262+00:00,153.702,153.703,0.001,17
2026-09-11T17:34:24.462+00:00,153.699,153.702,0.003,17
2026-09-11T17:34:24.666+00:00,153.7,153.703,0.003,17
2026-09-11T17:34:24.867+00:00,153.699,153.702,0.003,17
2026-09-11T17:34:26.074+00:00,153.7,153.703,0.003,17
2026-09-11T17:34:29.814+00:00,153.699,153.702,0.003,17
2026-09-11T17:34:30.017+00:00,153.703,153.706,0.003,17
2026-09-11T17:34:30.217+00:00,153.703,153.704,0.001,17
2026-09-11T17:34:31.020+00:00,153.702,153.703,0.001,17
2026-09-11T17:34:31.225+00:00,153.704,153.706,0.002,18
2026-09-11T17:34:31.425+00:00,153.703,153.704,0.001,18
2026-09-11T17:34:31.626+00:00,153.702,153.703,0.001,18
2026-09-11T17:34:32.029+00:00,153.703,153.704,0.001,18
2026-09-11T17:34:32.631+00:00,153.704,153.705,0.001,18
2026-09-11T17:34:32.843+00:00,153.703,153.706,0.003,18
2026-09-11T17:34:33.118+00:00,153.705,153.706,0.001,18
2026-09-11T17:34:33.260+00:00,153.703,153.706,0.003,18
2026-09-11T17:34:33.742+00:00,153.702,153.705,0.003,18
2026-09-11T17:34:33.843+00:00,153.703,153.706,0.003,18
2026-09-11T17:34:34.043+00:00,153.706,153.707,0.001,18
2026-09-11T17:34:34.243+00:00,153.705,153.706,0.001,18
2026-09-11T17:34:34.449+00:00,153.704,153.707,0.003,18
2026-09-11T17:34:35.980+00:00,153.705,153.708,0.003,18
2026-09-11T17:34:36.986+00:00,153.704,153.707,0.003,18
2026-09-11T17:34:37.185+00:00,153.703,153.706,0.003,18
2026-09-11T17:34:39.196+00:00,153.704,153.707,0.003,18
2026-09-11T17:34:40.207+00:00,153.701,153.702,0.001,18
2026-09-11T17:34:40.407+00:00,153.699,153.702,0.003,18
2026-09-11T17:34:41.819+00:00,153.698,153.701,0.003,18
2026-09-11T17:34:42.243+00:00,153.698,153.699,0.001,18
2026-09-11T17:34:43.047+00:00,153.699,153.702,0.003,18
2026-09-11T17:34:43.650+00:00,153.698,153.701,0.003,18
2026-09-11T17:34:44.643+00:00,153.699,153.7,0.001,18
2026-09-11T17:34:44.840+00:00,153.698,153.701,0.003,18
2026-09-11T17:34:45.447+00:00,153.699,153.702,0.003,18
2026-09-11T17:34:45.650+00:00,153.699,153.7,0.001,18
2026-09-11T17:34:45.850+00:00,153.698,153.701,0.003,18
2026-09-11T17:34:46.656+00:00,153.699,153.702,0.003,18
2026-09-11T17:34:49.515+00:00,153.698,153.701,0.003,18
2026-09-11T17:34:49.717+00:00,153.699,153.7,0.001,18
2026-09-11T17:34:49.918+00:00,153.698,153.701,0.003,18
2026-09-11T17:34:50.122+00:00,153.698,153.699,0.001,18
2026-09-11T17:34:50.324+00:00,153.699,153.7,0.001,18
2026-09-11T17:34:50.525+00:00,153.698,153.701,0.003,18
2026-09-11T17:34:50.726+00:00,153.699,153.7,0.001,18
2026-09-11T17:34:51.129+00:00,153.7,153.702,0.002,18
2026-09-11T17:34:51.336+00:00,153.7,153.701,0.001,18
2026-09-11T17:34:51.539+00:00,153.699,153.702,0.003,18
2026-09-11T17:34:55.174+00:00,153.7,153.703,0.003,18
2026-09-11T17:34:55.377+00:00,153.699,153.702,0.003,18
2026-09-11T17:34:55.979+00:00,153.7,153.703,0.003,18
2026-09-11T17:34:56.182+00:00,153.699,153.702,0.003,18
2026-09-11T17:34:56.382+00:00,153.698,153.7,0.002,19
2026-09-11T17:34:56.581+00:00,153.699,153.702,0.003,19
2026-09-11T17:34:56.985+00:00,153.698,153.701,0.003,19
2026-09-11T17:34:58.621+00:00,153.699,153.702,0.003,19
2026-09-11T17:34:58.815+00:00,153.7,153.701,0.001,19
2026-09-11T17:34:59.017+00:00,153.696,153.699,0.003,19
2026-09-11T17:35:00.185+00:00,153.697,153.7,0.003,19
2026-09-11T17:35:00.595+00:00,153.698,153.701,0.003,19
2026-09-11T17:35:00.797+00:00,153.699,153.702,0.003,19
2026-09-11T17:35:01.196+00:00,153.702,153.703,0.001,19
2026-09-11T17:35:01.396+00:00,153.702,153.704,0.002,19
2026-09-11T17:35:01.599+00:00,153.702,153.705,0.003,19
2026-09-11T17:35:01.799+00:00,153.703,153.704,0.001,19
2026-09-11T17:35:02.776+00:00,153.702,153.703,0.001,19
2026-09-11T17:35:03.386+00:00,153.701,153.704,0.003,19
2026-09-11T17:35:03.787+00:00,153.703,153.704,0.001,19
2026-09-11T17:35:03.988+00:00,153.704,153.705,0.001,19
2026-09-11T17:35:04.392+00:00,153.703,153.704,0.001,19
2026-09-11T17:35:04.594+00:00,153.702,153.705,0.003,19
2026-09-11T17:35:04.793+00:00,153.704,153.705,0.001,19
2026-09-11T17:35:04.999+00:00,153.703,153.704,0.001,19
2026-09-11T17:35:05.199+00:00,153.704,153.705,0.001,19
2026-09-11T17:35:06.021+00:00,153.702,153.705,0.003,19
2026-09-11T17:35:06.223+00:00,153.703,153.704,0.001,19
2026-09-11T17:35:06.825+00:00,153.704,153.706,0.002,19
2026-09-11T17:35:07.025+00:00,153.706,153.709,0.003,19
2026-09-11T17:35:07.227+00:00,153.708,153.709,0.001,19
2026-09-11T17:35:07.762+00:00,153.706,153.707,0.001,19
2026-09-11T17:35:07.964+00:00,153.706,153.709,0.003,19
2026-09-11T17:35:08.972+00:00,153.708,153.709,0.001,19
2026-09-11T17:35:09.957+00:00,153.707,153.708,0.001,19
2026-09-11T17:35:11.621+00:00,153.706,153.709,0.003,19
2026-09-11T17:35:11.819+00:00,153.707,153.708,0.001,19
2026-09-11T17:35:12.829+00:00,153.707,153.709,0.002,19
2026-09-11T17:35:13.024+00:00,153.707,153.71,0.003,19
2026-09-11T17:35:13.739+00:00,153.708,153.709,0.001,19
2026-09-11T17:35:14.156+00:00,153.708,153.71,0.002,19
2026-09-11T17:35:15.404+00:00,153.708,153.714,0.006,19
2026-09-11T17:35:15.604+00:00,153.708,153.713,0.005,19
2026-09-11T17:35:15.805+00:00,153.708,153.711,0.003,19
2026-09-11T17:35:16.007+00:00,153.708,153.71,0.002,19
2026-09-11T17:35:16.659+00:00,153.708,153.711,0.003,19
2026-09-11T17:35:16.867+00:00,153.709,153.712,0.003,19
2026-09-11T17:35:17.061+00:00,153.71,153.713,0.003,19
2026-09-11T17:35:17.262+00:00,153.708,153.711,0.003,19
2026-09-11T17:35:17.465+00:00,153.707,153.71,0.003,19
2026-09-11T17:35:18.069+00:00,153.706,153.707,0.001,19
2026-09-11T17:35:18.268+00:00,153.705,153.708,0.003,19
2026-09-11T17:35:19.471+00:00,153.706,153.709,0.003,19
2026-09-11T17:35:19.671+00:00,153.705,153.708,0.003,19
2026-09-11T17:35:20.946+00:00,153.706,153.709,0.003,19
2026-09-11T17:35:21.146+00:00,153.704,153.707,0.003,19
2026-09-11T17:35:21.349+00:00,153.707,153.708,0.001,20
2026-09-11T17:35:21.546+00:00,153.706,153.707,0.001,20
2026-09-11T17:35:21.748+00:00,153.705,153.708,0.003,20
2026-09-11T17:35:21.949+00:00,153.704,153.707,0.003,20
2026-09-11T17:35:22.353+00:00,153.705,153.708,0.003,20
2026-09-11T17:35:24.376+00:00,153.705,153.706,0.001,20
2026-09-11T17:35:24.577+00:00,153.706,153.707,0.001,20
2026-09-11T17:35:25.179+00:00,153.706,153.709,0.003,20
2026-09-11T17:35:25.379+00:00,153.706,153.707,0.001,20
2026-09-11T17:35:25.580+00:00,153.705,153.706,0.001,20
2026-09-11T17:35:26.387+00:00,153.705,153.705,0.0,20
2026-09-11T17:35:26.595+00:00,153.705,153.706,0.001,20
2026-09-11T17:35:27.101+00:00,153.705,153.705,0.0,20
2026-09-11T17:35:27.302+00:00,153.705,153.707,0.002,20
2026-09-11T17:35:27.504+00:00,153.706,153.706,0.0,20
2026-09-11T17:35:28.117+00:00,153.705,153.706,0.001,20
2026-09-11T17:35:28.317+00:00,153.706,153.707,0.001,20
2026-09-11T17:35:28.519+00:00,153.705,153.706,0.001,20
2026-09-11T17:35:29.329+00:00,153.704,153.707,0.003,20
2026-09-11T17:35:29.529+00:00,153.705,153.706,0.001,20
2026-09-11T17:35:29.728+00:00,153.706,153.707,0.001,20
2026-09-11T17:35:29.930+00:00,153.705,153.706,0.001,20
2026-09-11T17:35:31.540+00:00,153.705,153.708,0.003,20
2026-09-11T17:35:31.748+00:00,153.706,153.706,0.0,20
2026-09-11T17:35:31.940+00:00,153.705,153.706,0.001,20
2026-09-11T17:35:32.349+00:00,153.704,153.705,0.001,20
2026-09-11T17:35:32.544+00:00,153.705,153.706,0.001,20
2026-09-11T17:35:33.557+00:00,153.706,153.707,0.001,20
2026-09-11T17:35:33.756+00:00,153.705,153.706,0.001,20
2026-09-11T17:35:35.678+00:00,153.703,153.706,0.003,20
2026-09-11T17:35:36.084+00:00,153.704,153.705,0.001,20
2026-09-11T17:35:37.264+00:00,153.705,153.706,0.001,20
2026-09-11T17:35:37.469+00:00,153.704,153.705,0.001,20
2026-09-11T17:35:37.667+00:00,153.705,153.706,0.001,20
2026-09-11T17:35:38.006+00:00,153.703,153.704,0.001,20
2026-09-11T17:35:38.207+00:00,153.705,153.706,0.001,20
2026-09-11T17:35:39.594+00:00,153.703,153.704,0.001,20
2026-09-11T17:35:40.483+00:00,153.704,153.705,0.001,20
2026-09-11T17:35:40.685+00:00,153.707,153.708,0.001,20
2026-09-11T17:35:40.888+00:00,153.706,153.709,0.003,20
2026-09-11T17:35:41.088+00:00,153.707,153.71,0.003,20
2026-09-11T17:35:41.286+00:00,153.706,153.709,0.003,20
2026-09-11T17:35:43.095+00:00,153.705,153.708,0.003,20
2026-09-11T17:35:43.297+00:00,153.707,153.708,0.001,20
2026-09-11T17:35:43.503+00:00,153.705,153.708,0.003,20
2026-09-11T17:35:43.903+00:00,153.707,153.71,0.003,20
2026-09-11T17:35:44.106+00:00,153.706,153.709,0.003,20
2026-09-11T17:35:44.710+00:00,153.707,153.708,0.001,20
2026-09-11T17:35:44.912+00:00,153.708,153.709,0.001,20
2026-09-11T17:35:45.114+00:00,153.705,153.706,0.001,20
2026-09-11T17:35:45.963+00:00,153.706,153.707,0.001,20
2026-09-11T17:35:46.161+00:00,153.705,153.706,0.001,20
2026-09-11T17:35:46.763+00:00,153.704,153.705,0.001,21
2026-09-11T17:35:46.969+00:00,153.705,153.706,0.001,21
2026-09-11T17:35:47.172+00:00,153.704,153.707,0.003,21
2026-09-11T17:35:47.379+00:00,153.707,153.708,0.001,21
2026-09-11T17:35:47.576+00:00,153.706,153.707,0.001,21
2026-09-11T17:35:49.356+00:00,153.708,153.709,0.001,21
2026-09-11T17:35:49.562+00:00,153.707,153.71,0.003,21
2026-09-11T17:35:50.563+00:00,153.706,153.709,0.003,21
2026-09-11T17:35:50.964+00:00,153.707,153.708,0.001,21
2026-09-11T17:35:51.362+00:00,153.708,153.709,0.001,21
2026-09-11T17:35:51.946+00:00,153.707,153.708,0.001,21
2026-09-11T17:35:52.148+00:00,153.708,153.709,0.001,21
2026-09-11T17:35:52.406+00:00,153.706,153.709,0.003,21
2026-09-11T17:35:52.602+00:00,153.708,153.709,0.001,21
2026-09-11T17:35:52.801+00:00,153.707,153.71,0.003,21
2026-09-11T17:35:53.003+00:00,153.717,153.718,0.001,21
2026-09-11T17:35:53.206+00:00,153.72,153.722,0.002,21
2026-09-11T17:35:53.415+00:00,153.721,153.723,0.002,21
2026-09-11T17:35:53.621+00:00,153.72,153.722,0.002,21
2026-09-11T17:35:53.812+00:00,153.722,153.724,0.002,21
2026-09-11T17:35:54.020+00:00,153.721,153.724,0.003,21
2026-09-11T17:35:54.217+00:00,153.722,153.725,0.003,21
2026-09-11T17:35:54.421+00:00,153.721,153.724,0.003,21
2026-09-11T17:35:54.625+00:00,153.722,153.725,0.003,21
2026-09-11T17:35:55.023+00:00,153.722,153.723,0.001,21
2026-09-11T17:35:55.223+00:00,153.72,153.723,0.003,21
2026-09-11T17:35:55.831+00:00,153.721,153.724,0.003,21
2026-09-11T17:35:56.447+00:00,153.72,153.723,0.003,21
2026-09-11T17:35:56.654+00:00,153.719,153.722,0.003,21
2026-09-11T17:35:56.849+00:00,153.717,153.72,0.003,21
2026-09-11T17:35:57.048+00:00,153.718,153.719,0.001,21
2026-09-11T17:35:57.449+00:00,153.717,153.721,0.004,21
2026-09-11T17:35:58.060+00:00,153.718,153.722,0.004,21
2026-09-11T17:35:58.260+00:00,153.717,153.721,0.004,21
2026-09-11T17:35:58.660+00:00,153.716,153.719,0.003,21
2026-09-11T17:35:58.860+00:00,153.717,153.718,0.001,21
2026-09-11T17:35:59.060+00:00,153.714,153.717,0.003,21
2026-09-11T17:35:59.260+00:00,153.716,153.717,0.001,21
2026-09-11T17:35:59.462+00:00,153.717,153.717,0.0,21
2026-09-11T17:35:59.664+00:00,153.714,153.717,0.003,21
2026-09-11T17:35:59.864+00:00,153.712,153.715,0.003,21
2026-09-11T17:36:00.063+00:00,153.713,153.716,0.003,21
2026-09-11T17:36:00.633+00:00,153.712,153.715,0.003,21
2026-09-11T17:36:01.030+00:00,153.714,153.715,0.001,21
2026-09-11T17:36:01.235+00:00,153.711,153.714,0.003,21
2026-09-11T17:36:01.741+00:00,153.712,153.715,0.003,21
2026-09-11T17:36:02.032+00:00,153.711,153.714,0.003,21
2026-09-11T17:36:02.431+00:00,153.71,153.713,0.003,21
2026-09-11T17:36:02.632+00:00,153.712,153.713,0.001,21
2026-09-11T17:36:02.831+00:00,153.706,153.709,0.003,21
2026-09-11T17:36:03.046+00:00,153.705,153.708,0.003,21
2026-09-11T17:36:03.237+00:00,153.709,153.711,0.002,21
2026-09-11T17:36:03.447+00:00,153.708,153.711,0.003,21
2026-09-11T17:36:03.639+00:00,153.706,153.711,0.005,21
2026-09-11T17:36:03.845+00:00,153.708,153.711,0.003,21
2026-09-11T17:36:04.049+00:00,153.707,153.71,0.003,21
2026-09-11T17:36:04.652+00:00,153.708,153.711,0.003,21
2026-09-11T17:36:04.854+00:00,153.709,153.712,0.003,21
2026-09-11T17:36:05.064+00:00,153.71,153.713,0.003,21
2026-09-11T17:36:05.855+00:00,153.712,153.713,0.001,21
2026-09-11T17:36:06.055+00:00,153.71,153.713,0.003,21
2026-09-11T17:36:06.458+00:00,153.709,153.712,0.003,21
2026-09-11T17:36:07.058+00:00,153.706,153.709,0.003,21
2026-09-11T17:36:07.259+00:00,153.707,153.709,0.002,21
2026-09-11T17:36:07.459+00:00,153.707,153.71,0.003,21
2026-09-11T17:36:07.661+00:00,153.708,153.709,0.001,21
2026-09-11T17:36:07.859+00:00,153.707,153.708,0.001,21
2026-09-11T17:36:08.059+00:00,153.709,153.71,0.001,21
2026-09-11T17:36:08.262+00:00,153.708,153.709,0.001,21
2026-09-11T17:36:08.663+00:00,153.701,153.704,0.003,21
2026-09-11T17:36:09.064+00:00,153.701,153.702,0.001,21
2026-09-11T17:36:09.673+00:00,153.7,153.703,0.003,21
2026-09-11T17:36:09.869+00:00,153.699,153.702,0.003,21
2026-09-11T17:36:10.068+00:00,153.7,153.704,0.004,21
2026-09-11T17:36:10.347+00:00,153.7,153.703,0.003,21
2026-09-11T17:36:10.548+00:00,153.701,153.704,0.003,21
2026-09-11T17:36:10.749+00:00,153.703,153.704,0.001,21
2026-09-11T17:36:11.364+00:00,153.702,153.703,0.001,21
2026-09-11T17:36:11.553+00:00,153.704,153.707,0.003,21
2026-09-11T17:36:11.750+00:00,153.705,153.708,0.003,22
2026-09-11T17:36:11.953+00:00,153.704,153.707,0.003,22
2026-09-11T17:36:12.157+00:00,153.703,153.706,0.003,22
2026-09-11T17:36:12.358+00:00,153.705,153.706,0.001,22
2026-09-11T17:36:12.759+00:00,153.703,153.706,0.003,22
2026-09-11T17:36:12.971+00:00,153.704,153.707,0.003,22
2026-09-11T17:36:13.163+00:00,153.703,153.706,0.003,22
2026-09-11T17:36:13.363+00:00,153.704,153.707,0.003,22
2026-09-11T17:36:13.565+00:00,153.703,153.706,0.003,22
2026-09-11T17:36:13.980+00:00,153.704,153.707,0.003,22
2026-09-11T17:36:14.777+00:00,153.703,153.706,0.003,22
2026-09-11T17:36:15.181+00:00,153.704,153.707,0.003,22
2026-09-11T17:36:15.389+00:00,153.703,153.706,0.003,22
2026-09-11T17:36:15.784+00:00,153.704,153.705,0.001,22
2026-09-11T17:36:15.985+00:00,153.703,153.706,0.003,22
2026-09-11T17:36:16.788+00:00,153.704,153.705,0.001,22
2026-09-11T17:36:16.988+00:00,153.705,153.706,0.001,22
2026-09-11T17:36:17.189+00:00,153.705,153.708,0.003,22
2026-09-11T17:36:17.592+00:00,153.704,153.707,0.003,22
2026-09-11T17:36:18.196+00:00,153.705,153.708,0.003,22
2026-09-11T17:36:18.397+00:00,153.704,153.707,0.003,22
2026-09-11T17:36:19.601+00:00,153.705,153.708,0.003,22
2026-09-11T17:36:19.801+00:00,153.704,153.707,0.003,22
2026-09-11T17:36:20.404+00:00,153.703,153.706,0.003,22
2026-09-11T17:36:20.805+00:00,153.702,153.705,0.003,22
2026-09-11T17:36:21.410+00:00,153.701,153.704,0.003,22
2026-09-11T17:36:21.610+00:00,153.702,153.705,0.003,22
2026-09-11T17:36:21.810+00:00,153.701,153.704,0.003,22
2026-09-11T17:36:22.010+00:00,153.702,153.705,0.003,22
2026-09-11T17:36:22.614+00:00,153.701,153.704,0.003,22
2026-09-11T17:36:22.814+00:00,153.703,153.706,0.003,22
2026-09-11T17:36:23.013+00:00,153.704,153.707,0.003,22
2026-09-11T17:36:23.826+00:00,153.702,153.705,0.003,22
2026-09-11T17:36:24.018+00:00,153.704,153.707,0.003,22
2026-09-11T17:36:25.063+00:00,153.703,153.706,0.003,22
2026-09-11T17:36:25.259+00:00,153.705,153.706,0.001,22
2026-09-11T17:36:25.461+00:00,153.704,153.707,0.003,22
2026-09-11T17:36:26.060+00:00,153.705,153.708,0.003,22
2026-09-11T17:36:26.261+00:00,153.704,153.707,0.003,22
2026-09-11T17:36:26.462+00:00,153.705,153.706,0.001,22
2026-09-11T17:36:26.863+00:00,153.706,153.708,0.002,22
2026-09-11T17:36:27.077+00:00,153.704,153.707,0.003,22
2026-09-11T17:36:29.091+00:00,153.705,153.706,0.001,22
2026-09-11T17:36:29.290+00:00,153.704,153.707,0.003,22
2026-09-11T17:36:29.495+00:00,153.705,153.708,0.003,22
2026-09-11T17:36:29.993+00:00,153.704,153.707,0.003,22
2026-09-11T17:36:30.640+00:00,153.705,153.708,0.003,22
2026-09-11T17:36:30.842+00:00,153.704,153.707,0.003,22
2026-09-11T17:36:31.041+00:00,153.706,153.707,0.001,22
2026-09-11T17:36:31.241+00:00,153.707,153.708,0.001,22
2026-09-11T17:36:31.445+00:00,153.706,153.707,0.001,22
2026-09-11T17:36:31.737+00:00,153.705,153.706,0.001,22
2026-09-11T17:36:32.286+00:00,153.706,153.707,0.001,22
2026-09-11T17:36:32.489+00:00,153.705,153.706,0.001,22
2026-09-11T17:36:32.691+00:00,153.704,153.707,0.003,22
2026-09-11T17:36:33.092+00:00,153.705,153.706,0.001,22
2026-09-11T17:36:33.296+00:00,153.706,153.707,0.001,22
2026-09-11T17:36:34.634+00:00,153.705,153.706,0.001,22
2026-09-11T17:36:35.438+00:00,153.704,153.707,0.003,22
2026-09-11T17:36:35.640+00:00,153.705,153.706,0.001,22
2026-09-11T17:36:36.713+00:00,153.703,153.706,0.003,23
2026-09-11T17:36:38.207+00:00,153.704,153.707,0.003,23
2026-09-11T17:36:38.609+00:00,153.703,153.704,0.001,23
2026-09-11T17:36:38.812+00:00,153.702,153.705,0.003,23
2026-09-11T17:36:39.215+00:00,153.703,153.706,0.003,23
2026-09-11T17:36:39.417+00:00,153.704,153.705,0.001,23
2026-09-11T17:36:39.619+00:00,153.705,153.708,0.003,23
2026-09-11T17:36:39.819+00:00,153.706,153.707,0.001,23
2026-09-11T17:36:40.017+00:00,153.705,153.708,0.003,23
2026-09-11T17:36:40.420+00:00,153.706,153.709,0.003,23
2026-09-11T17:36:40.621+00:00,153.704,153.706,0.002,23
2026-09-11T17:36:41.507+00:00,153.705,153.708,0.003,23
2026-09-11T17:36:41.707+00:00,153.708,153.711,0.003,23
2026-09-11T17:36:43.959+00:00,153.71,153.712,0.002,23
2026-09-11T17:36:44.159+00:00,153.712,153.715,0.003,23
2026-09-11T17:36:44.366+00:00,153.712,153.718,0.006,23
2026-09-11T17:36:44.761+00:00,153.713,153.716,0.003,23
2026-09-11T17:36:45.083+00:00,153.714,153.715,0.001,23
2026-09-11T17:36:45.485+00:00,153.713,153.714,0.001,23
2026-09-11T17:36:45.890+00:00,153.711,153.714,0.003,23
2026-09-11T17:36:46.088+00:00,153.711,153.712,0.001,23
2026-09-11T17:36:46.289+00:00,153.712,153.713,0.001,23
2026-09-11T17:36:46.903+00:00,153.708,153.713,0.005,23
2026-09-11T17:36:47.096+00:00,153.707,153.712,0.005,23
2026-09-11T17:36:47.295+00:00,153.708,153.713,0.005,23
2026-09-11T17:36:47.496+00:00,153.712,153.715,0.003,23
2026-09-11T17:36:48.099+00:00,153.713,153.716,0.003,23
2026-09-11T17:36:49.387+00:00,153.714,153.715,0.001,23
2026-09-11T17:36:49.588+00:00,153.714,153.717,0.003,23
2026-09-11T17:36:49.791+00:00,153.714,153.718,0.004,23
2026-09-11T17:36:50.100+00:00,153.714,153.717,0.003,23
2026-09-11T17:36:50.348+00:00,153.713,153.716,0.003,23
2026-09-11T17:36:50.610+00:00,153.714,153.717,0.003,23
2026-09-11T17:36:50.810+00:00,153.713,153.715,0.002,23
2026-09-11T17:36:51.607+00:00,153.714,153.717,0.003,23
2026-09-11T17:36:52.012+00:00,153.713,153.716,0.003,23
2026-09-11T17:36:52.214+00:00,153.714,153.717,0.003,23
2026-09-11T17:36:53.595+00:00,153.714,153.718,0.004,23
2026-09-11T17:36:53.992+00:00,153.71,153.713,0.003,23
2026-09-11T17:36:54.194+00:00,153.71,153.711,0.001,23
2026-09-11T17:36:54.395+00:00,153.708,153.711,0.003,23
2026-09-11T17:36:54.996+00:00,153.707,153.708,0.001,23
2026-09-11T17:36:55.201+00:00,153.705,153.708,0.003,23
2026-09-11T17:36:56.004+00:00,153.704,153.707,0.003,23
2026-09-11T17:36:56.205+00:00,153.706,153.707,0.001,23
2026-09-11T17:36:56.407+00:00,153.705,153.708,0.003,23
2026-09-11T17:36:57.410+00:00,153.706,153.707,0.001,23
2026-09-11T17:36:58.408+00:00,153.705,153.708,0.003,23
2026-09-11T17:36:59.419+00:00,153.704,153.707,0.003,23
2026-09-11T17:36:59.623+00:00,153.705,153.708,0.003,23
2026-09-11T17:37:00.023+00:00,153.704,153.706,0.002,23
2026-09-11T17:37:00.221+00:00,153.705,153.708,0.003,23
2026-09-11T17:37:01.426+00:00,153.707,153.71,0.003,23
2026-09-11T17:37:01.624+00:00,153.706,153.709,0.003,23
2026-09-11T17:37:01.827+00:00,153.705,153.708,0.003,23
2026-09-11T17:37:02.030+00:00,153.706,153.707,0.001,24
2026-09-11T17:37:02.230+00:00,153.705,153.708,0.003,24
2026-09-11T17:37:02.430+00:00,153.707,153.708,0.001,24
2026-09-11T17:37:02.637+00:00,153.704,153.707,0.003,24
2026-09-11T17:37:02.838+00:00,153.705,153.708,0.003,24
2026-09-11T17:37:03.045+00:00,153.705,153.706,0.001,24
2026-09-11T17:37:03.443+00:00,153.704,153.707,0.003,24
2026-09-11T17:37:04.248+00:00,153.704,153.706,0.002,24
2026-09-11T17:37:04.454+00:00,153.705,153.706,0.001,24
2026-09-11T17:37:04.839+00:00,153.704,153.707,0.003,24
2026-09-11T17:37:05.042+00:00,153.705,153.706,0.001,24
2026-09-11T17:37:05.246+00:00,153.706,153.707,0.001,24
2026-09-11T17:37:05.444+00:00,153.705,153.706,0.001,24
2026-09-11T17:37:05.649+00:00,153.704,153.707,0.003,24
2026-09-11T17:37:06.045+00:00,153.705,153.708,0.003,24
2026-09-11T17:37:06.249+00:00,153.707,153.708,0.001,24
2026-09-11T17:37:07.054+00:00,153.705,153.707,0.002,24
2026-09-11T17:37:07.254+00:00,153.707,153.708,0.001,24
2026-09-11T17:37:07.857+00:00,153.707,153.71,0.003,24
2026-09-11T17:37:08.057+00:00,153.706,153.709,0.003,24
2026-09-11T17:37:08.261+00:00,153.707,153.71,0.003,24
2026-09-11T17:37:08.461+00:00,153.706,153.709,0.003,24
2026-09-11T17:37:08.864+00:00,153.706,153.708,0.002,24
2026-09-11T17:37:09.065+00:00,153.706,153.709,0.003,24
2026-09-11T17:37:09.265+00:00,153.707,153.71,0.003,24
2026-09-11T17:37:09.667+00:00,153.706,153.709,0.003,24
2026-09-11T17:37:10.066+00:00,153.707,153.708,0.001,24
2026-09-11T17:37:10.268+00:00,153.708,153.709,0.001,24
2026-09-11T17:37:10.472+00:00,153.706,153.707,0.001,24
2026-09-11T17:37:10.871+00:00,153.706,153.709,0.003,24
2026-09-11T17:37:11.073+00:00,153.707,153.708,0.001,24
2026-09-11T17:37:11.276+00:00,153.707,153.71,0.003,24
2026-09-11T17:37:11.475+00:00,153.709,153.71,0.001,24
2026-09-11T17:37:12.079+00:00,153.708,153.711,0.003,24
2026-09-11T17:37:12.888+00:00,153.709,153.71,0.001,24
2026-09-11T17:37:13.088+00:00,153.71,153.711,0.001,24
2026-09-11T17:37:13.741+00:00,153.709,153.712,0.003,24
2026-09-11T17:37:13.941+00:00,153.71,153.711,0.001,24
2026-09-11T17:37:14.764+00:00,153.71,153.712,0.002,24
2026-09-11T17:37:14.964+00:00,153.709,153.712,0.003,24
2026-09-11T17:37:15.165+00:00,153.707,153.71,0.003,24
2026-09-11T17:37:15.367+00:00,153.709,153.71,0.001,24
2026-09-11T17:37:15.567+00:00,153.708,153.709,0.001,24
2026-09-11T17:37:15.767+00:00,153.707,153.708,0.001,24
2026-09-11T17:37:15.966+00:00,153.706,153.709,0.003,24
2026-09-11T17:37:16.169+00:00,153.708,153.713,0.005,24
2026-09-11T17:37:16.570+00:00,153.708,153.709,0.001,24
2026-09-11T17:37:16.772+00:00,153.706,153.707,0.001,24
2026-09-11T17:37:16.973+00:00,153.707,153.708,0.001,24
2026-09-11T17:37:17.579+00:00,153.706,153.707,0.001,24
2026-09-11T17:37:17.781+00:00,153.707,153.708,0.001,24
2026-09-11T17:37:18.384+00:00,153.708,153.711,0.003,24
2026-09-11T17:37:18.583+00:00,153.709,153.712,0.003,24
2026-09-11T17:37:18.785+00:00,153.71,153.713,0.003,24
2026-09-11T17:37:18.984+00:00,153.708,153.711,0.003,24
2026-09-11T17:37:19.186+00:00,153.709,153.712,0.003,24
2026-09-11T17:37:19.387+00:00,153.708,153.711,0.003,24
2026-09-11T17:37:19.641+00:00,153.709,153.712,0.003,24
2026-09-11T17:37:20.243+00:00,153.71,153.711,0.001,24
2026-09-11T17:37:21.488+00:00,153.709,153.712,0.003,24
2026-09-11T17:37:21.688+00:00,153.71,153.713,0.003,24
2026-09-11T17:37:21.889+00:00,153.71,153.711,0.001,24
2026-09-11T17:37:22.090+00:00,153.709,153.71,0.001,24
2026-09-11T17:37:22.695+00:00,153.708,153.709,0.001,24
2026-09-11T17:37:22.896+00:00,153.71,153.711,0.001,24
2026-09-11T17:37:23.098+00:00,153.709,153.71,0.001,24
2026-09-11T17:37:23.303+00:00,153.708,153.709,0.001,24
2026-09-11T17:37:23.703+00:00,153.707,153.71,0.003,24
2026-09-11T17:37:23.897+00:00,153.708,153.709,0.001,24
2026-09-11T17:37:24.107+00:00,153.707,153.71,0.003,24
2026-09-11T17:37:24.298+00:00,153.708,153.709,0.001,24
2026-09-11T17:37:24.500+00:00,153.708,153.71,0.002,24
2026-09-11T17:37:24.701+00:00,153.708,153.709,0.001,24
2026-09-11T17:37:24.899+00:00,153.707,153.709,0.002,24
2026-09-11T17:37:25.106+00:00,153.707,153.708,0.001,24
2026-09-11T17:37:26.364+00:00,153.706,153.708,0.002,24
2026-09-11T17:37:26.564+00:00,153.706,153.709,0.003,24
2026-09-11T17:37:26.766+00:00,153.708,153.709,0.001,24
2026-09-11T17:37:27.915+00:00,153.707,153.708,0.001,25
2026-09-11T17:37:28.112+00:00,153.707,153.71,0.003,25
2026-09-11T17:37:28.513+00:00,153.708,153.709,0.001,25
2026-09-11T17:37:28.918+00:00,153.706,153.708,0.002,25
2026-09-11T17:37:29.119+00:00,153.708,153.709,0.001,25
2026-09-11T17:37:30.125+00:00,153.709,153.71,0.001,25
2026-09-11T17:37:30.956+00:00,153.708,153.709,0.001,25
2026-09-11T17:37:31.158+00:00,153.709,153.71,0.001,25
2026-09-11T17:37:31.561+00:00,153.708,153.709,0.001,25
2026-09-11T17:37:34.148+00:00,153.707,153.71,0.003,25
2026-09-11T17:37:34.505+00:00,153.708,153.709,0.001,25
2026-09-11T17:37:34.709+00:00,153.706,153.709,0.003,25
2026-09-11T17:37:35.313+00:00,153.708,153.711,0.003,25
2026-09-11T17:37:35.509+00:00,153.708,153.712,0.004,25
2026-09-11T17:37:35.709+00:00,153.707,153.711,0.004,25
2026-09-11T17:37:35.911+00:00,153.71,153.712,0.002,25
2026-09-11T17:37:36.110+00:00,153.71,153.713,0.003,25
2026-09-11T17:37:36.311+00:00,153.709,153.712,0.003,25
2026-09-11T17:37:36.512+00:00,153.71,153.711,0.001,25
2026-09-11T17:37:36.715+00:00,153.71,153.713,0.003,25
2026-09-11T17:37:36.922+00:00,153.709,153.71,0.001,25
2026-09-11T17:37:37.117+00:00,153.71,153.711,0.001,25
2026-09-11T17:37:37.320+00:00,153.709,153.712,0.003,25
2026-09-11T17:37:37.721+00:00,153.71,153.711,0.001,25
2026-09-11T17:37:38.125+00:00,153.709,153.712,0.003,25
2026-09-11T17:37:38.324+00:00,153.709,153.713,0.004,25
2026-09-11T17:37:38.525+00:00,153.71,153.713,0.003,25
2026-09-11T17:37:38.726+00:00,153.711,153.714,0.003,25
2026-09-11T17:37:38.926+00:00,153.71,153.713,0.003,25
2026-09-11T17:37:39.127+00:00,153.711,153.714,0.003,25
2026-09-11T17:37:39.529+00:00,153.71,153.713,0.003,25
2026-09-11T17:37:39.932+00:00,153.712,153.713,0.001,25
2026-09-11T17:37:40.334+00:00,153.711,153.712,0.001,25
2026-09-11T17:37:40.734+00:00,153.712,153.713,0.001,25
2026-09-11T17:37:41.627+00:00,153.711,153.712,0.001,25
2026-09-11T17:37:42.084+00:00,153.712,153.713,0.001,25
2026-09-11T17:37:42.884+00:00,153.71,153.713,0.003,25
2026-09-11T17:37:43.143+00:00,153.712,153.713,0.001,25
2026-09-11T17:37:43.348+00:00,153.71,153.713,0.003,25
2026-09-11T17:37:43.948+00:00,153.709,153.71,0.001,25
2026-09-11T17:37:44.147+00:00,153.708,153.711,0.003,25
2026-09-11T17:37:44.349+00:00,153.709,153.712,0.003,25
2026-09-11T17:37:44.547+00:00,153.707,153.71,0.003,25
2026-09-11T17:37:44.949+00:00,153.708,153.711,0.003,25
2026-09-11T17:37:45.152+00:00,153.708,153.709,0.001,25
2026-09-11T17:37:45.752+00:00,153.706,153.707,0.001,25
2026-09-11T17:37:45.952+00:00,153.705,153.708,0.003,25
2026-09-11T17:37:46.356+00:00,153.706,153.707,0.001,25
2026-09-11T17:37:46.556+00:00,153.705,153.708,0.003,25
2026-09-11T17:37:46.758+00:00,153.707,153.708,0.001,25
2026-09-11T17:37:46.957+00:00,153.706,153.709,0.003,25
2026-09-11T17:37:47.157+00:00,153.707,153.71,0.003,25
2026-09-11T17:37:47.559+00:00,153.706,153.709,0.003,25
2026-09-11T17:37:48.628+00:00,153.707,153.71,0.003,25
2026-09-11T17:37:49.031+00:00,153.706,153.709,0.003,25
2026-09-11T17:37:50.437+00:00,153.705,153.708,0.003,25
2026-09-11T17:37:51.236+00:00,153.704,153.707,0.003,25
2026-09-11T17:37:52.638+00:00,153.705,153.708,0.003,26
2026-09-11T17:37:52.839+00:00,153.705,153.706,0.001,26
2026-09-11T17:37:53.242+00:00,153.705,153.708,0.003,26
2026-09-11T17:37:53.441+00:00,153.704,153.707,0.003,26
2026-09-11T17:37:54.673+00:00,153.705,153.708,0.003,26
2026-09-11T17:37:54.873+00:00,153.704,153.707,0.003,26
2026-09-11T17:37:55.273+00:00,153.703,153.706,0.003,26
2026-09-11T17:37:55.875+00:00,153.704,153.707,0.003,26
2026-09-11T17:37:56.076+00:00,153.702,153.705,0.003,26
2026-09-11T17:37:56.478+00:00,153.703,153.704,0.001,26
2026-09-11T17:37:56.677+00:00,153.702,153.705,0.003,26
2026-09-11T17:37:57.080+00:00,153.703,153.704,0.001,26
2026-09-11T17:37:58.124+00:00,153.702,153.705,0.003,26
2026-09-11T17:37:58.523+00:00,153.707,153.71,0.003,26
2026-09-11T17:37:58.724+00:00,153.706,153.709,0.003,26
2026-09-11T17:37:59.342+00:00,153.707,153.71,0.003,26
2026-09-11T17:37:59.955+00:00,153.706,153.709,0.003,26
2026-09-11T17:38:00.454+00:00,153.707,153.71,0.003,26
2026-09-11T17:38:00.652+00:00,153.708,153.711,0.003,26
2026-09-11T17:38:01.854+00:00,153.709,153.71,0.001,26
2026-09-11T17:38:02.054+00:00,153.708,153.709,0.001,26
2026-09-11T17:38:02.256+00:00,153.708,153.711,0.003,26
2026-09-11T17:38:02.857+00:00,153.71,153.711,0.001,26
2026-09-11T17:38:03.586+00:00,153.708,153.711,0.003,26
2026-09-11T17:38:03.989+00:00,153.707,153.71,0.003,26
2026-09-11T17:38:04.191+00:00,153.708,153.709,0.001,26
2026-09-11T17:38:04.389+00:00,153.709,153.71,0.001,26
2026-09-11T17:38:04.790+00:00,153.707,153.71,0.003,26
2026-09-11T17:38:05.396+00:00,153.708,153.709,0.001,26
2026-09-11T17:38:06.474+00:00,153.709,153.71,0.001,26
2026-09-11T17:38:06.879+00:00,153.707,153.71,0.003,26
2026-09-11T17:38:07.076+00:00,153.708,153.711,0.003,26
2026-09-11T17:38:07.884+00:00,153.71,153.711,0.001,26
2026-09-11T17:38:08.084+00:00,153.709,153.712,0.003,26
2026-09-11T17:38:09.088+00:00,153.708,153.711,0.003,26
2026-09-11T17:38:09.288+00:00,153.71,153.716,0.006,26
2026-09-11T17:38:09.492+00:00,153.711,153.715,0.004,26
2026-09-11T17:38:09.894+00:00,153.711,153.714,0.003,26
2026-09-11T17:38:10.115+00:00,153.71,153.713,0.003,26
2026-09-11T17:38:10.315+00:00,153.711,153.714,0.003,26
2026-09-11T17:38:10.514+00:00,153.71,153.714,0.004,26
2026-09-11T17:38:10.717+00:00,153.711,153.714,0.003,26
2026-09-11T17:38:11.117+00:00,153.71,153.713,0.003,26
2026-09-11T17:38:11.317+00:00,153.711,153.714,0.003,26
2026-09-11T17:38:11.517+00:00,153.71,153.713,0.003,26
2026-09-11T17:38:11.717+00:00,153.711,153.714,0.003,26
2026-09-11T17:38:13.126+00:00,153.71,153.713,0.003,26
2026-09-11T17:38:13.334+00:00,153.711,153.714,0.003,26
2026-09-11T17:38:14.123+00:00,153.71,153.713,0.003,26
2026-09-11T17:38:14.321+00:00,153.711,153.714,0.003,26
2026-09-11T17:38:14.720+00:00,153.709,153.712,0.003,26
2026-09-11T17:38:14.923+00:00,153.711,153.712,0.001,26
2026-09-11T17:38:15.324+00:00,153.71,153.711,0.001,26
2026-09-11T17:38:16.960+00:00,153.709,153.71,0.001,26
2026-09-11T17:38:17.157+00:00,153.711,153.714,0.003,27
2026-09-11T17:38:17.559+00:00,153.71,153.713,0.003,27
2026-09-11T17:38:19.162+00:00,153.711,153.714,0.003,27
2026-09-11T17:38:19.363+00:00,153.71,153.713,0.003,27
2026-09-11T17:38:19.768+00:00,153.712,153.713,0.001,27
2026-09-11T17:38:19.970+00:00,153.712,153.714,0.002,27
2026-09-11T17:38:20.172+00:00,153.712,153.715,0.003,27
2026-09-11T17:38:20.768+00:00,153.711,153.714,0.003,27
2026-09-11T17:38:21.172+00:00,153.712,153.715,0.003,27
2026-09-11T17:38:21.774+00:00,153.711,153.714,0.003,27
2026-09-11T17:38:21.980+00:00,153.711,153.713,0.002,27
2026-09-11T17:38:22.178+00:00,153.712,153.715,0.003,27
2026-09-11T17:38:22.379+00:00,153.711,153.714,0.003,27
2026-09-11T17:38:22.580+00:00,153.712,153.715,0.003,27
2026-09-11T17:38:23.096+00:00,153.711,153.714,0.003,27
2026-09-11T17:38:23.297+00:00,153.713,153.716,0.003,27
2026-09-11T17:38:24.033+00:00,153.713,153.718,0.005,27
2026-09-11T17:38:24.233+00:00,153.713,153.716,0.003,27
2026-09-11T17:38:24.633+00:00,153.712,153.715,0.003,27
2026-09-11T17:38:24.835+00:00,153.713,153.716,0.003,27
2026-09-11T17:38:25.278+00:00,153.712,153.715,0.003,27
2026-09-11T17:38:26.182+00:00,153.713,153.716,0.003,27
2026-09-11T17:38:27.485+00:00,153.712,153.715,0.003,27
2026-09-11T17:38:27.886+00:00,153.711,153.714,0.003,27
2026-09-11T17:38:28.085+00:00,153.712,153.715,0.003,27
2026-09-11T17:38:28.822+00:00,153.713,153.714,0.001,27
2026-09-11T17:38:29.023+00:00,153.712,153.715,0.003,27
2026-09-11T17:38:29.626+00:00,153.711,153.714,0.003,27
2026-09-11T17:38:29.828+00:00,153.712,153.715,0.003,27
2026-09-11T17:38:30.229+00:00,153.711,153.714,0.003,27
2026-09-11T17:38:30.954+00:00,153.712,153.713,0.001,27
2026-09-11T17:38:31.159+00:00,153.711,153.714,0.003,27
2026-09-11T17:38:31.354+00:00,153.712,153.715,0.003,27
2026-09-11T17:38:31.558+00:00,153.711,153.713,0.002,27
2026-09-11T17:38:31.760+00:00,153.712,153.715,0.003,27
2026-09-11T17:38:31.965+00:00,153.709,153.712,0.003,27
2026-09-11T17:38:32.365+00:00,153.712,153.715,0.003,27
2026-09-11T17:38:32.972+00:00,153.709,153.714,0.005,27
2026-09-11T17:38:33.344+00:00,153.711,153.714,0.003,27
2026-09-11T17:38:33.749+00:00,153.712,153.713,0.001,27
2026-09-11T17:38:34.147+00:00,153.711,153.714,0.003,27
2026-09-11T17:38:35.371+00:00,153.712,153.715,0.003,27
2026-09-11T17:38:35.573+00:00,153.711,153.714,0.003,27
2026-09-11T17:38:37.638+00:00,153.71,153.713,0.003,27
2026-09-11T17:38:37.831+00:00,153.711,153.714,0.003,27
2026-09-11T17:38:38.032+00:00,153.711,153.715,0.004,27
2026-09-11T17:38:38.433+00:00,153.711,153.714,0.003,27
2026-09-11T17:38:39.035+00:00,153.712,153.715,0.003,27
2026-09-11T17:38:39.689+00:00,153.711,153.715,0.004,27
2026-09-11T17:38:39.889+00:00,153.712,153.715,0.003,27
2026-09-11T17:38:40.693+00:00,153.711,153.714,0.003,27
2026-09-11T17:38:40.894+00:00,153.712,153.716,0.004,27
2026-09-11T17:38:41.094+00:00,153.712,153.715,0.003,27
2026-09-11T17:38:41.923+00:00,153.713,153.716,0.003,27
2026-09-11T17:38:43.343+00:00,153.712,153.715,0.003,28
2026-09-11T17:38:44.552+00:00,153.711,153.715,0.004,28
2026-09-11T17:38:44.749+00:00,153.712,153.715,0.003,28
2026-09-11T17:38:45.090+00:00,153.711,153.714,0.003,28
2026-09-11T17:38:45.628+00:00,153.712,153.715,0.003,28
2026-09-11T17:38:45.830+00:00,153.711,153.714,0.003,28
2026-09-11T17:38:46.031+00:00,153.711,153.712,0.001,28
2026-09-11T17:38:46.230+00:00,153.711,153.714,0.003,28
2026-09-11T17:38:46.432+00:00,153.71,153.713,0.003,28
2026-09-11T17:38:46.835+00:00,153.711,153.714,0.003,28
2026-09-11T17:38:47.237+00:00,153.71,153.713,0.003,28
2026-09-11T17:38:47.884+00:00,153.71,153.714,0.004,28
2026-09-11T17:38:48.086+00:00,153.71,153.713,0.003,28
2026-09-11T17:38:49.094+00:00,153.711,153.712,0.001,28
2026-09-11T17:38:49.296+00:00,153.71,153.711,0.001,28
2026-09-11T17:38:49.498+00:00,153.709,153.712,0.003,28
2026-09-11T17:38:50.706+00:00,153.711,153.714,0.003,28
2026-09-11T17:38:50.910+00:00,153.71,153.713,0.003,28
2026-09-11T17:38:51.526+00:00,153.711,153.714,0.003,28
2026-09-11T17:38:51.731+00:00,153.71,153.713,0.003,28
2026-09-11T17:38:53.276+00:00,153.71,153.712,0.002,28
2026-09-11T17:38:53.477+00:00,153.711,153.712,0.001,28
2026-09-11T17:38:53.679+00:00,153.709,153.712,0.003,28
2026-09-11T17:38:54.279+00:00,153.71,153.713,0.003,28
2026-09-11T17:38:54.680+00:00,153.709,153.712,0.003,28
2026-09-11T17:38:57.326+00:00,153.711,153.712,0.001,28
2026-09-11T17:38:57.514+00:00,153.71,153.713,0.003,28
2026-09-11T17:38:58.175+00:00,153.709,153.712,0.003,28
2026-09-11T17:38:58.375+00:00,153.71,153.713,0.003,28
2026-09-11T17:38:58.573+00:00,153.711,153.714,0.003,28
2026-09-11T17:38:58.778+00:00,153.712,153.715,0.003,28
2026-09-11T17:38:58.978+00:00,153.713,153.714,0.001,28
2026-09-11T17:38:59.178+00:00,153.711,153.714,0.003,28
2026-09-11T17:38:59.737+00:00,153.71,153.713,0.003,28
2026-09-11T17:38:59.977+00:00,153.711,153.714,0.003,28
2026-09-11T17:39:00.180+00:00,153.71,153.713,0.003,28
2026-09-11T17:39:00.388+00:00,153.711,153.714,0.003,28
2026-09-11T17:39:01.333+00:00,153.709,153.711,0.002,28
2026-09-11T17:39:01.533+00:00,153.71,153.713,0.003,28
2026-09-11T17:39:01.735+00:00,153.71,153.711,0.001,28
2026-09-11T17:39:01.937+00:00,153.707,153.71,0.003,28
2026-09-11T17:39:02.338+00:00,153.708,153.711,0.003,28
2026-09-11T17:39:03.608+00:00,153.709,153.71,0.001,28
2026-09-11T17:39:03.805+00:00,153.707,153.708,0.001,28
2026-09-11T17:39:04.005+00:00,153.708,153.709,0.001,28
2026-09-11T17:39:04.207+00:00,153.707,153.708,0.001,28
2026-09-11T17:39:04.409+00:00,153.707,153.71,0.003,28
2026-09-11T17:39:04.610+00:00,153.705,153.708,0.003,28
2026-09-11T17:39:04.812+00:00,153.704,153.707,0.003,28
2026-09-11T17:39:05.011+00:00,153.706,153.708,0.002,28
2026-09-11T17:39:05.412+00:00,153.707,153.71,0.003,28
2026-09-11T17:39:05.610+00:00,153.709,153.712,0.003,28
2026-09-11T17:39:06.015+00:00,153.708,153.711,0.003,28
2026-09-11T17:39:06.415+00:00,153.706,153.709,0.003,28
2026-09-11T17:39:06.614+00:00,153.707,153.71,0.003,28
2026-09-11T17:39:07.015+00:00,153.708,153.709,0.001,28
2026-09-11T17:39:07.216+00:00,153.707,153.71,0.003,29
2026-09-11T17:39:07.820+00:00,153.704,153.71,0.006,29
2026-09-11T17:39:08.021+00:00,153.706,153.71,0.004,29
2026-09-11T17:39:08.423+00:00,153.707,153.71,0.003,29
2026-09-11T17:39:09.258+00:00,153.706,153.709,0.003,29
2026-09-11T17:39:09.457+00:00,153.708,153.709,0.001,29
2026-09-11T17:39:09.662+00:00,153.707,153.71,0.003,29
2026-09-11T17:39:12.634+00:00,153.708,153.709,0.001,29
2026-09-11T17:39:13.049+00:00,153.707,153.709,0.002,29
2026-09-11T17:39:13.255+00:00,153.705,153.708,0.003,29
2026-09-11T17:39:13.439+00:00,153.706,153.707,0.001,29
2026-09-11T17:39:13.841+00:00,153.707,153.708,0.001,29
2026-09-11T17:39:14.040+00:00,153.705,153.707,0.002,29
2026-09-11T17:39:14.243+00:00,153.705,153.708,0.003,29
2026-09-11T17:39:15.085+00:00,153.706,153.709,0.003,29
2026-09-11T17:39:15.275+00:00,153.705,153.708,0.003,29
2026-09-11T17:39:15.477+00:00,153.705,153.706,0.001,29
2026-09-11T17:39:15.676+00:00,153.704,153.707,0.003,29
2026-09-11T17:39:17.630+00:00,153.705,153.708,0.003,29
2026-09-11T17:39:17.831+00:00,153.704,153.707,0.003,29
2026-09-11T17:39:18.031+00:00,153.702,153.704,0.002,29
2026-09-11T17:39:18.434+00:00,153.701,153.704,0.003,29
2026-09-11T17:39:18.636+00:00,153.701,153.702,0.001,29
2026-09-11T17:39:19.242+00:00,153.7,153.701,0.001,29
2026-09-11T17:39:19.736+00:00,153.701,153.702,0.001,29
2026-09-11T17:39:20.125+00:00,153.699,153.702,0.003,29
2026-09-11T17:39:20.726+00:00,153.7,153.703,0.003,29
2026-09-11T17:39:21.728+00:00,153.701,153.702,0.001,29
2026-09-11T17:39:22.209+00:00,153.701,153.703,0.002,29
2026-09-11T17:39:22.410+00:00,153.701,153.702,0.001,29
2026-09-11T17:39:23.099+00:00,153.702,153.703,0.001,29
2026-09-11T17:39:24.098+00:00,153.701,153.702,0.001,29
2026-09-11T17:39:24.700+00:00,153.699,153.702,0.003,29
2026-09-11T17:39:25.712+00:00,153.7,153.701,0.001,29
2026-09-11T17:39:26.162+00:00,153.701,153.703,0.002,29
2026-09-11T17:39:26.364+00:00,153.7,153.701,0.001,29
2026-09-11T17:39:26.562+00:00,153.7,153.703,0.003,29
2026-09-11T17:39:27.375+00:00,153.702,153.703,0.001,29
2026-09-11T17:39:27.599+00:00,153.701,153.702,0.001,29
2026-09-11T17:39:27.800+00:00,153.7,153.703,0.003,29
2026-09-11T17:39:28.408+00:00,153.699,153.702,0.003,29
2026-09-11T17:39:28.605+00:00,153.7,153.703,0.003,29
2026-09-11T17:39:28.806+00:00,153.699,153.702,0.003,29
2026-09-11T17:39:29.005+00:00,153.7,153.702,0.002,29
2026-09-11T17:39:29.207+00:00,153.699,153.702,0.003,29
2026-09-11T17:39:29.412+00:00,153.7,153.701,0.001,29
2026-09-11T17:39:29.610+00:00,153.699,153.701,0.002,29
2026-09-11T17:39:29.810+00:00,153.701,153.702,0.001,29
2026-09-11T17:39:30.011+00:00,153.7,153.701,0.001,29
2026-09-11T17:39:30.217+00:00,153.701,153.703,0.002,29
2026-09-11T17:39:30.419+00:00,153.701,153.702,0.001,29
2026-09-11T17:39:31.021+00:00,153.7,153.701,0.001,29
2026-09-11T17:39:31.427+00:00,153.698,153.7,0.002,29
2026-09-11T17:39:31.830+00:00,153.698,153.701,0.003,29
2026-09-11T17:39:32.033+00:00,153.699,153.7,0.001,29
2026-09-11T17:39:32.230+00:00,153.698,153.701,0.003,30
2026-09-11T17:39:32.439+00:00,153.699,153.7,0.001,30
2026-09-11T17:39:32.842+00:00,153.699,153.701,0.002,30
2026-09-11T17:39:33.043+00:00,153.699,153.7,0.001,30
2026-09-11T17:39:33.289+00:00,153.699,153.701,0.002,30
2026-09-11T17:39:33.488+00:00,153.699,153.7,0.001,30
2026-09-11T17:39:33.689+00:00,153.698,153.701,0.003,30
2026-09-11T17:39:34.897+00:00,153.697,153.7,0.003,30
2026-09-11T17:39:35.098+00:00,153.697,153.698,0.001,30
2026-09-11T17:39:35.298+00:00,153.696,153.699,0.003,30
2026-09-11T17:39:36.809+00:00,153.697,153.698,0.001,30
2026-09-11T17:39:37.417+00:00,153.696,153.699,0.003,30
2026-09-11T17:39:37.820+00:00,153.697,153.7,0.003,30
2026-09-11T17:39:38.018+00:00,153.696,153.699,0.003,30
2026-09-11T17:39:40.029+00:00,153.695,153.698,0.003,30
2026-09-11T17:39:40.428+00:00,153.698,153.699,0.001,30
2026-09-11T17:39:41.030+00:00,153.697,153.7,0.003,30
2026-09-11T17:39:41.434+00:00,153.698,153.699,0.001,30
2026-09-11T17:39:42.044+00:00,153.696,153.699,0.003,30
2026-09-11T17:39:42.445+00:00,153.697,153.698,0.001,30
2026-09-11T17:39:42.846+00:00,153.696,153.699,0.003,30
2026-09-11T17:39:43.524+00:00,153.697,153.698,0.001,30
2026-09-11T17:39:44.370+00:00,153.696,153.699,0.003,30
2026-09-11T17:39:44.771+00:00,153.697,153.698,0.001,30
2026-09-11T17:39:44.979+00:00,153.696,153.699,0.003,30
2026-09-11T17:39:45.582+00:00,153.696,153.697,0.001,30
2026-09-11T17:39:45.781+00:00,153.693,153.696,0.003,30
2026-09-11T17:39:46.189+00:00,153.694,153.695,0.001,30
2026-09-11T17:39:46.587+00:00,153.693,153.695,0.002,30
2026-09-11T17:39:46.788+00:00,153.695,153.698,0.003,30
2026-09-11T17:39:47.194+00:00,153.696,153.697,0.001,30
2026-09-11T17:39:47.397+00:00,153.697,153.698,0.001,30
2026-09-11T17:39:47.590+00:00,153.698,153.7,0.002,30
2026-09-11T17:39:47.793+00:00,153.697,153.698,0.001,30
2026-09-11T17:39:47.991+00:00,153.695,153.698,0.003,30
2026-09-11T17:39:48.198+00:00,153.696,153.699,0.003,30
2026-09-11T17:39:49.196+00:00,153.697,153.7,0.003,30
2026-09-11T17:39:49.399+00:00,153.699,153.7,0.001,30
2026-09-11T17:39:49.598+00:00,153.698,153.701,0.003,30
2026-09-11T17:39:50.003+00:00,153.699,153.702,0.003,30
2026-09-11T17:39:50.210+00:00,153.701,153.702,0.001,30
2026-09-11T17:39:50.614+00:00,153.701,153.701,0.0,30
2026-09-11T17:39:50.814+00:00,153.699,153.702,0.003,30
2026-09-11T17:39:51.016+00:00,153.699,153.7,0.001,30
2026-09-11T17:39:51.215+00:00,153.698,153.701,0.003,30
2026-09-11T17:39:55.945+00:00,153.699,153.702,0.003,30
2026-09-11T17:39:56.147+00:00,153.699,153.7,0.001,30
2026-09-11T17:39:56.355+00:00,153.697,153.7,0.003,30
2026-09-11T17:39:56.546+00:00,153.698,153.699,0.001,30
2026-09-11T17:39:56.747+00:00,153.697,153.7,0.003,30
2026-09-11T17:39:56.947+00:00,153.698,153.699,0.001,30
2026-09-11T17:39:57.148+00:00,153.697,153.7,0.003,30
2026-09-11T17:39:57.749+00:00,153.697,153.703,0.006,31
2026-09-11T17:39:57.954+00:00,153.697,153.702,0.005,31
2026-09-11T17:39:58.154+00:00,153.697,153.703,0.006,31
2026-09-11T17:39:58.353+00:00,153.697,153.7,0.003,31
2026-09-11T17:39:58.553+00:00,153.697,153.698,0.001,31
2026-09-11T17:39:58.757+00:00,153.696,153.699,0.003,31
2026-09-11T17:39:59.154+00:00,153.697,153.7,0.003,31
2026-09-11T17:39:59.557+00:00,153.696,153.699,0.003,31
2026-09-11T17:39:59.758+00:00,153.697,153.7,0.003,31
2026-09-11T17:40:00.760+00:00,153.696,153.699,0.003,31
2026-09-11T17:40:01.162+00:00,153.7,153.701,0.001,31
2026-09-11T17:40:01.364+00:00,153.698,153.701,0.003,31
2026-09-11T17:40:01.763+00:00,153.699,153.702,0.003,31
2026-09-11T17:40:02.665+00:00,153.7,153.703,0.003,31
2026-09-11T17:40:02.866+00:00,153.699,153.702,0.003,31
2026-09-11T17:40:03.280+00:00,153.698,153.701,0.003,31
2026-09-11T17:40:03.480+00:00,153.695,153.698,0.003,31
2026-09-11T17:40:03.682+00:00,153.694,153.695,0.001,31
2026-09-11T17:40:04.090+00:00,153.693,153.696,0.003,31
2026-09-11T17:40:04.484+00:00,153.694,153.695,0.001,31
2026-09-11T17:40:04.691+00:00,153.693,153.696,0.003,31
2026-09-11T17:40:04.890+00:00,153.694,153.695,0.001,31
2026-09-11T17:40:05.289+00:00,153.693,153.696,0.003,31
2026-09-11T17:40:05.686+00:00,153.69,153.695,0.005,31
2026-09-11T17:40:05.888+00:00,153.689,153.696,0.007,31
2026-09-11T17:40:06.088+00:00,153.69,153.694,0.004,31
2026-09-11T17:40:06.289+00:00,153.689,153.696,0.007,31
2026-09-11T17:40:06.693+00:00,153.69,153.695,0.005,31
2026-09-11T17:40:06.891+00:00,153.691,153.695,0.004,31
2026-09-11T17:40:07.093+00:00,153.694,153.695,0.001,31
2026-09-11T17:40:07.774+00:00,153.691,153.694,0.003,31
2026-09-11T17:40:07.975+00:00,153.692,153.693,0.001,31
2026-09-11T17:40:08.173+00:00,153.686,153.688,0.002,31
2026-09-11T17:40:08.377+00:00,153.686,153.689,0.003,31
2026-09-11T17:40:08.777+00:00,153.688,153.689,0.001,31
2026-09-11T17:40:09.188+00:00,153.687,153.69,0.003,31
2026-09-11T17:40:09.377+00:00,153.688,153.689,0.001,31
2026-09-11T17:40:09.578+00:00,153.688,153.69,0.002,31
2026-09-11T17:40:09.778+00:00,153.688,153.691,0.003,31
2026-09-11T17:40:10.379+00:00,153.689,153.69,0.001,31
2026-09-11T17:40:10.789+00:00,153.688,153.691,0.003,31
2026-09-11T17:40:10.982+00:00,153.687,153.69,0.003,31
2026-09-11T17:40:11.182+00:00,153.689,153.69,0.001,31
2026-09-11T17:40:11.384+00:00,153.687,153.69,0.003,31
2026-09-11T17:40:11.587+00:00,153.688,153.689,0.001,31
2026-09-11T17:40:11.787+00:00,153.689,153.69,0.001,31
2026-09-11T17:40:11.991+00:00,153.688,153.691,0.003,31
2026-09-11T17:40:12.192+00:00,153.689,153.69,0.001,31
2026-09-11T17:40:12.394+00:00,153.687,153.69,0.003,31
2026-09-11T17:40:12.596+00:00,153.688,153.689,0.001,31
2026-09-11T17:40:13.095+00:00,153.688,153.691,0.003,31
2026-09-11T17:40:13.298+00:00,153.689,153.69,0.001,31
2026-09-11T17:40:13.701+00:00,153.69,153.69,0.0,31
2026-09-11T17:40:14.101+00:00,153.687,153.69,0.003,31
2026-09-11T17:40:14.308+00:00,153.687,153.688,0.001,31
2026-09-11T17:40:14.517+00:00,153.685,153.688,0.003,31
2026-09-11T17:40:14.711+00:00,153.686,153.687,0.001,31
2026-09-11T17:40:15.113+00:00,153.688,153.689,0.001,31
2026-09-11T17:40:15.314+00:00,153.687,153.688,0.001,31
2026-09-11T17:40:15.515+00:00,153.686,153.687,0.001,31
2026-09-11T17:40:15.715+00:00,153.687,153.688,0.001,31
2026-09-11T17:40:16.214+00:00,153.688,153.689,0.001,31
2026-09-11T17:40:16.723+00:00,153.687,153.688,0.001,31
2026-09-11T17:40:17.128+00:00,153.685,153.688,0.003,31
2026-09-11T17:40:17.325+00:00,153.686,153.689,0.003,31
2026-09-11T17:40:17.526+00:00,153.687,153.688,0.001,31
2026-09-11T17:40:17.727+00:00,153.687,153.69,0.003,31
2026-09-11T17:40:18.734+00:00,153.686,153.688,0.002,31
2026-09-11T17:40:18.931+00:00,153.688,153.689,0.001,31
2026-09-11T17:40:19.740+00:00,153.689,153.691,0.002,31
2026-09-11T17:40:19.941+00:00,153.687,153.688,0.001,31
2026-09-11T17:40:20.140+00:00,153.688,153.689,0.001,31
2026-09-11T17:40:21.622+00:00,153.685,153.687,0.002,31
2026-09-11T17:40:21.822+00:00,153.686,153.687,0.001,31
2026-09-11T17:40:22.028+00:00,153.685,153.686,0.001,31
2026-09-11T17:40:22.680+00:00,153.686,153.687,0.001,32
2026-09-11T17:40:22.880+00:00,153.687,153.69,0.003,32
2026-09-11T17:40:23.080+00:00,153.686,153.689,0.003,32
2026-09-11T17:40:23.681+00:00,153.685,153.688,0.003,32
2026-09-11T17:40:23.882+00:00,153.686,153.689,0.003,32
2026-09-11T17:40:24.282+00:00,153.685,153.688,0.003,32
2026-09-11T17:40:24.487+00:00,153.686,153.689,0.003,32
2026-09-11T17:40:24.979+00:00,153.688,153.689,0.001,32
2026-09-11T17:40:25.179+00:00,153.687,153.688,0.001,32
2026-09-11T17:40:25.380+00:00,153.687,153.691,0.004,32
2026-09-11T17:40:25.780+00:00,153.687,153.69,0.003,32
2026-09-11T17:40:25.982+00:00,153.687,153.689,0.002,32
2026-09-11T17:40:26.181+00:00,153.689,153.69,0.001,32
2026-09-11T17:40:26.787+00:00,153.687,153.69,0.003,32
2026-09-11T17:40:26.989+00:00,153.688,153.691,0.003,32
2026-09-11T17:40:27.422+00:00,153.687,153.691,0.004,32
2026-09-11T17:40:27.625+00:00,153.688,153.691,0.003,32
2026-09-11T17:40:28.227+00:00,153.689,153.69,0.001,32
2026-09-11T17:40:28.427+00:00,153.688,153.691,0.003,32
2026-09-11T17:40:28.837+00:00,153.687,153.69,0.003,32
2026-09-11T17:40:29.031+00:00,153.688,153.691,0.003,32
2026-09-11T17:40:29.231+00:00,153.689,153.692,0.003,32
2026-09-11T17:40:29.432+00:00,153.688,153.691,0.003,32
2026-09-11T17:40:29.634+00:00,153.689,153.692,0.003,32
2026-09-11T17:40:29.834+00:00,153.688,153.691,0.003,32
2026-09-11T17:40:31.014+00:00,153.689,153.691,0.002,32
2026-09-11T17:40:31.215+00:00,153.689,153.692,0.003,32
2026-09-11T17:40:31.417+00:00,153.693,153.694,0.001,32
2026-09-11T17:40:31.620+00:00,153.694,153.695,0.001,32
2026-09-11T17:40:31.818+00:00,153.696,153.699,0.003,32
2026-09-11T17:40:32.020+00:00,153.697,153.7,0.003,32
2026-09-11T17:40:32.823+00:00,153.696,153.7,0.004,32
2026-09-11T17:40:33.024+00:00,153.697,153.7,0.003,32
2026-09-11T17:40:33.223+00:00,153.698,153.699,0.001,32
2026-09-11T17:40:33.964+00:00,153.697,153.7,0.003,32
2026-09-11T17:40:34.168+00:00,153.698,153.701,0.003,32
2026-09-11T17:40:34.793+00:00,153.699,153.7,0.001,32
2026-09-11T17:40:34.996+00:00,153.698,153.701,0.003,32
2026-09-11T17:40:36.060+00:00,153.699,153.702,0.003,32
2026-09-11T17:40:36.264+00:00,153.697,153.7,0.003,32
2026-09-11T17:40:36.463+00:00,153.698,153.701,0.003,32
2026-09-11T17:40:37.271+00:00,153.699,153.702,0.003,32
2026-09-11T17:40:37.470+00:00,153.698,153.701,0.003,32
2026-09-11T17:40:37.671+00:00,153.7,153.703,0.003,32
2026-09-11T17:40:37.872+00:00,153.699,153.702,0.003,32
2026-09-11T17:40:38.074+00:00,153.701,153.704,0.003,32
2026-09-11T17:40:38.815+00:00,153.7,153.703,0.003,32
2026-09-11T17:40:39.016+00:00,153.701,153.704,0.003,32
2026-09-11T17:40:39.620+00:00,153.701,153.703,0.002,32
2026-09-11T17:40:39.819+00:00,153.701,153.702,0.001,32
2026-09-11T17:40:40.022+00:00,153.7,153.703,0.003,32
2026-09-11T17:40:40.224+00:00,153.701,153.704,0.003,32
2026-09-11T17:40:40.424+00:00,153.7,153.703,0.003,32
2026-09-11T17:40:40.824+00:00,153.701,153.704,0.003,32
2026-09-11T17:40:41.029+00:00,153.7,153.703,0.003,32
2026-09-11T17:40:42.428+00:00,153.701,153.704,0.003,32
2026-09-11T17:40:42.830+00:00,153.7,153.702,0.002,32
2026-09-11T17:40:43.242+00:00,153.7,153.703,0.003,32
2026-09-11T17:40:43.438+00:00,153.701,153.704,0.003,32
2026-09-11T17:40:43.639+00:00,153.702,153.703,0.001,32
2026-09-11T17:40:43.837+00:00,153.7,153.704,0.004,32
2026-09-11T17:40:44.037+00:00,153.701,153.705,0.004,32
2026-09-11T17:40:44.243+00:00,153.7,153.702,0.002,32
2026-09-11T17:40:44.441+00:00,153.7,153.701,0.001,32
2026-09-11T17:40:44.640+00:00,153.699,153.7,0.001,32
2026-09-11T17:40:44.844+00:00,153.7,153.701,0.001,32
2026-09-11T17:40:46.428+00:00,153.699,153.702,0.003,32
2026-09-11T17:40:48.636+00:00,153.7,153.701,0.001,33
2026-09-11T17:40:49.238+00:00,153.7,153.702,0.002,33
2026-09-11T17:40:49.453+00:00,153.7,153.701,0.001,33
2026-09-11T17:40:50.355+00:00,153.701,153.702,0.001,33
2026-09-11T17:40:50.736+00:00,153.7,153.701,0.001,33
2026-09-11T17:40:50.958+00:00,153.699,153.702,0.003,33
2026-09-11T17:40:52.645+00:00,153.7,153.701,0.001,33
2026-09-11T17:40:53.001+00:00,153.699,153.7,0.001,33
2026-09-11T17:40:53.198+00:00,153.7,153.701,0.001,33
2026-09-11T17:40:53.600+00:00,153.697,153.7,0.003,33
2026-09-11T17:40:53.802+00:00,153.698,153.701,0.003,33
2026-09-11T17:40:54.456+00:00,153.699,153.7,0.001,33
2026-09-11T17:40:56.968+00:00,153.697,153.7,0.003,33
2026-09-11T17:40:57.170+00:00,153.699,153.7,0.001,33
2026-09-11T17:40:57.383+00:00,153.697,153.698,0.001,33
2026-09-11T17:40:59.150+00:00,153.698,153.701,0.003,33
2026-09-11T17:40:59.354+00:00,153.7,153.701,0.001,33
2026-09-11T17:40:59.551+00:00,153.698,153.701,0.003,33
2026-09-11T17:40:59.751+00:00,153.699,153.7,0.001,33
2026-09-11T17:40:59.952+00:00,153.698,153.701,0.003,33
2026-09-11T17:41:00.152+00:00,153.699,153.701,0.002,33
2026-09-11T17:41:00.354+00:00,153.699,153.7,0.001,33
2026-09-11T17:41:00.554+00:00,153.699,153.701,0.002,33
2026-09-11T17:41:00.959+00:00,153.701,153.703,0.002,33
2026-09-11T17:41:01.163+00:00,153.699,153.701,0.002,33
2026-09-11T17:41:01.362+00:00,153.698,153.7,0.002,33
2026-09-11T17:41:01.564+00:00,153.698,153.699,0.001,33
2026-09-11T17:41:02.042+00:00,153.697,153.7,0.003,33
2026-09-11T17:41:02.244+00:00,153.698,153.701,0.003,33
2026-09-11T17:41:02.445+00:00,153.698,153.699,0.001,33
2026-09-11T17:41:02.847+00:00,153.697,153.698,0.001,33
2026-09-11T17:41:03.049+00:00,153.698,153.7,0.002,33
2026-09-11T17:41:03.451+00:00,153.698,153.699,0.001,33
2026-09-11T17:41:03.855+00:00,153.7,153.703,0.003,33
2026-09-11T17:41:04.255+00:00,153.699,153.702,0.003,33
2026-09-11T17:41:04.454+00:00,153.7,153.703,0.003,33
2026-09-11T17:41:04.655+00:00,153.699,153.703,0.004,33
2026-09-11T17:41:05.058+00:00,153.7,153.703,0.003,33
2026-09-11T17:41:05.532+00:00,153.702,153.704,0.002,33
2026-09-11T17:41:05.769+00:00,153.701,153.702,0.001,33
2026-09-11T17:41:05.935+00:00,153.699,153.702,0.003,33
2026-09-11T17:41:06.339+00:00,153.7,153.701,0.001,33
2026-09-11T17:41:06.537+00:00,153.699,153.702,0.003,33
2026-09-11T17:41:06.739+00:00,153.7,153.701,0.001,33
2026-09-11T17:41:06.940+00:00,153.699,153.702,0.003,33
2026-09-11T17:41:07.140+00:00,153.7,153.701,0.001,33
2026-09-11T17:41:07.343+00:00,153.699,153.702,0.003,33
2026-09-11T17:41:07.543+00:00,153.699,153.7,0.001,33
2026-09-11T17:41:07.744+00:00,153.701,153.702,0.001,33
2026-09-11T17:41:07.943+00:00,153.699,153.702,0.003,33
2026-09-11T17:41:08.747+00:00,153.698,153.7,0.002,33
2026-09-11T17:41:08.947+00:00,153.7,153.701,0.001,33
2026-09-11T17:41:09.346+00:00,153.701,153.702,0.001,33
2026-09-11T17:41:09.772+00:00,153.701,153.703,0.002,33
2026-09-11T17:41:09.978+00:00,153.7,153.703,0.003,33
2026-09-11T17:41:10.587+00:00,153.7,153.704,0.004,33
2026-09-11T17:41:10.790+00:00,153.7,153.703,0.003,33
2026-09-11T17:41:10.994+00:00,153.702,153.703,0.001,33
2026-09-11T17:41:11.191+00:00,153.701,153.702,0.001,33
2026-09-11T17:41:11.994+00:00,153.7,153.703,0.003,33
2026-09-11T17:41:12.629+00:00,153.702,153.703,0.001,33
2026-09-11T17:41:13.030+00:00,153.7,153.703,0.003,34
2026-09-11T17:41:13.231+00:00,153.701,153.704,0.003,34
2026-09-11T17:41:14.708+00:00,153.702,153.705,0.003,34
2026-09-11T17:41:14.910+00:00,153.702,153.703,0.001,34
2026-09-11T17:41:15.914+00:00,153.7,153.703,0.003,34
2026-09-11T17:41:16.111+00:00,153.702,153.704,0.002,34
2026-09-11T17:41:16.310+00:00,153.702,153.703,0.001,34
2026-09-11T17:41:19.594+00:00,153.701,153.702,0.001,34
2026-09-11T17:41:19.798+00:00,153.702,153.703,0.001,34
2026-09-11T17:41:20.400+00:00,153.699,153.702,0.003,34
2026-09-11T17:41:20.801+00:00,153.699,153.7,0.001,34
2026-09-11T17:41:21.001+00:00,153.698,153.701,0.003,34
2026-09-11T17:41:21.203+00:00,153.7,153.701,0.001,34
2026-09-11T17:41:21.402+00:00,153.701,153.702,0.001,34
2026-09-11T17:41:21.602+00:00,153.698,153.701,0.003,34
2026-09-11T17:41:21.803+00:00,153.7,153.701,0.001,34
2026-09-11T17:41:22.005+00:00,153.698,153.701,0.003,34
2026-09-11T17:41:23.642+00:00,153.697,153.701,0.004,34
2026-09-11T17:41:24.045+00:00,153.701,153.703,0.002,34
2026-09-11T17:41:24.246+00:00,153.701,153.702,0.001,34
2026-09-11T17:41:24.848+00:00,153.702,153.704,0.002,34
2026-09-11T17:41:25.049+00:00,153.703,153.704,0.001,34
2026-09-11T17:41:25.253+00:00,153.702,153.705,0.003,34
2026-09-11T17:41:25.736+00:00,153.701,153.704,0.003,34
2026-09-11T17:41:26.054+00:00,153.702,153.703,0.001,34
2026-09-11T17:41:26.861+00:00,153.701,153.704,0.003,34
2026-09-11T17:41:27.065+00:00,153.709,153.711,0.002,34
2026-09-11T17:41:27.263+00:00,153.709,153.716,0.007,34
2026-09-11T17:41:27.670+00:00,153.709,153.714,0.005,34
2026-09-11T17:41:27.864+00:00,153.709,153.712,0.003,34
2026-09-11T17:41:29.072+00:00,153.709,153.71,0.001,34
2026-09-11T17:41:29.270+00:00,153.708,153.711,0.003,34
2026-09-11T17:41:29.473+00:00,153.707,153.71,0.003,34
2026-09-11T17:41:29.674+00:00,153.71,153.711,0.001,34
2026-09-11T17:41:29.885+00:00,153.709,153.71,0.001,34
2026-09-11T17:41:30.079+00:00,153.71,153.711,0.001,34
2026-09-11T17:41:30.486+00:00,153.71,153.713,0.003,34
2026-09-11T17:41:30.682+00:00,153.711,153.712,0.001,34
2026-09-11T17:41:30.883+00:00,153.712,153.713,0.001,34
2026-09-11T17:41:31.289+00:00,153.712,153.714,0.002,34
2026-09-11T17:41:31.489+00:00,153.712,153.713,0.001,34
2026-09-11T17:41:32.096+00:00,153.713,153.714,0.001,34
2026-09-11T17:41:32.299+00:00,153.712,153.715,0.003,34
2026-09-11T17:41:33.100+00:00,153.711,153.714,0.003,34
2026-09-11T17:41:36.102+00:00,153.712,153.715,0.003,34
2026-09-11T17:41:37.842+00:00,153.712,153.713,0.001,35
2026-09-11T17:41:38.045+00:00,153.711,153.712,0.001,35
2026-09-11T17:41:38.445+00:00,153.713,153.714,0.001,35
2026-09-11T17:41:38.646+00:00,153.711,153.712,0.001,35
2026-09-11T17:41:38.846+00:00,153.712,153.713,0.001,35
2026-09-11T17:41:39.046+00:00,153.711,153.712,0.001,35
2026-09-11T17:41:39.664+00:00,153.712,153.713,0.001,35
2026-09-11T17:41:39.867+00:00,153.71,153.712,0.002,35
2026-09-11T17:41:40.063+00:00,153.711,153.712,0.001,35
2026-09-11T17:41:40.261+00:00,153.712,153.713,0.001,35
2026-09-11T17:41:41.614+00:00,153.71,153.712,0.002,35
2026-09-11T17:41:42.015+00:00,153.709,153.712,0.003,35
2026-09-11T17:41:42.217+00:00,153.71,153.711,0.001,35
2026-09-11T17:41:42.617+00:00,153.708,153.711,0.003,35
2026-09-11T17:41:42.820+00:00,153.709,153.712,0.003,35
2026-09-11T17:41:43.623+00:00,153.707,153.712,0.005,35
2026-09-11T17:41:43.824+00:00,153.707,153.711,0.004,35
2026-09-11T17:41:44.024+00:00,153.71,153.711,0.001,35
2026-09-11T17:41:44.626+00:00,153.708,153.71,0.002,35
2026-09-11T17:41:44.827+00:00,153.709,153.712,0.003,35
2026-09-11T17:41:46.035+00:00,153.704,153.711,0.007,35
2026-09-11T17:41:46.236+00:00,153.705,153.712,0.007,35
2026-09-11T17:41:46.439+00:00,153.704,153.711,0.007,35
2026-09-11T17:41:46.841+00:00,153.705,153.712,0.007,35
2026-09-11T17:41:47.047+00:00,153.707,153.712,0.005,35
2026-09-11T17:41:47.244+00:00,153.706,153.713,0.007,35
2026-09-11T17:41:47.445+00:00,153.71,153.713,0.003,35
2026-09-11T17:41:47.646+00:00,153.711,153.714,0.003,35
2026-09-11T17:41:47.845+00:00,153.708,153.711,0.003,35
2026-09-11T17:41:48.047+00:00,153.71,153.713,0.003,35
2026-09-11T17:41:48.248+00:00,153.711,153.714,0.003,35
2026-09-11T17:41:48.451+00:00,153.709,153.713,0.004,35
2026-09-11T17:41:48.649+00:00,153.71,153.714,0.004,35
2026-09-11T17:41:49.049+00:00,153.71,153.713,0.003,35
2026-09-11T17:41:49.252+00:00,153.711,153.714,0.003,35
2026-09-11T17:41:49.748+00:00,153.71,153.713,0.003,35
2026-09-11T17:41:50.112+00:00,153.71,153.712,0.002,35
2026-09-11T17:41:51.590+00:00,153.71,153.713,0.003,35
2026-09-11T17:41:51.789+00:00,153.711,153.714,0.003,35
2026-09-11T17:41:52.429+00:00,153.712,153.715,0.003,35
2026-09-11T17:41:52.628+00:00,153.711,153.714,0.003,35
2026-09-11T17:41:52.827+00:00,153.71,153.713,0.003,35
2026-09-11T17:41:53.033+00:00,153.71,153.712,0.002,35
2026-09-11T17:41:53.231+00:00,153.711,153.714,0.003,35
2026-09-11T17:41:54.236+00:00,153.71,153.713,0.003,35
2026-09-11T17:41:54.641+00:00,153.709,153.712,0.003,35
2026-09-11T17:41:54.847+00:00,153.706,153.71,0.004,35
2026-09-11T17:41:55.039+00:00,153.707,153.71,0.003,35
2026-09-11T17:41:55.241+00:00,153.709,153.71,0.001,35
2026-09-11T17:41:55.442+00:00,153.705,153.708,0.003,35
2026-09-11T17:41:56.171+00:00,153.707,153.709,0.002,35
2026-09-11T17:41:56.374+00:00,153.706,153.709,0.003,35
2026-09-11T17:41:56.581+00:00,153.704,153.707,0.003,35
2026-09-11T17:41:56.775+00:00,153.706,153.707,0.001,35
2026-09-11T17:41:56.975+00:00,153.704,153.705,0.001,35
2026-09-11T17:41:57.176+00:00,153.704,153.706,0.002,35
2026-09-11T17:41:57.378+00:00,153.704,153.705,0.001,35
2026-09-11T17:41:57.579+00:00,153.706,153.707,0.001,35
2026-09-11T17:41:57.780+00:00,153.704,153.705,0.001,35
2026-09-11T17:41:58.347+00:00,153.705,153.706,0.001,35
2026-09-11T17:41:58.733+00:00,153.706,153.707,0.001,35
2026-09-11T17:41:58.933+00:00,153.704,153.706,0.002,35
2026-09-11T17:41:59.132+00:00,153.706,153.707,0.001,35
2026-09-11T17:42:00.282+00:00,153.705,153.706,0.001,35
2026-09-11T17:42:00.488+00:00,153.704,153.705,0.001,35
2026-09-11T17:42:00.688+00:00,153.705,153.706,0.001,35
2026-09-11T17:42:00.896+00:00,153.705,153.707,0.002,35
2026-09-11T17:42:01.092+00:00,153.706,153.709,0.003,35
2026-09-11T17:42:01.291+00:00,153.708,153.711,0.003,35
2026-09-11T17:42:01.491+00:00,153.709,153.711,0.002,35
2026-09-11T17:42:01.692+00:00,153.709,153.71,0.001,35
2026-09-11T17:42:01.893+00:00,153.708,153.71,0.002,35
2026-09-11T17:42:02.096+00:00,153.707,153.709,0.002,35
2026-09-11T17:42:02.296+00:00,153.709,153.712,0.003,35
2026-09-11T17:42:02.700+00:00,153.711,153.714,0.003,35
2026-09-11T17:42:02.903+00:00,153.71,153.713,0.003,36
2026-09-11T17:42:03.503+00:00,153.708,153.713,0.005,36
2026-09-11T17:42:03.903+00:00,153.71,153.713,0.003,36
2026-09-11T17:42:04.102+00:00,153.712,153.715,0.003,36
2026-09-11T17:42:04.301+00:00,153.711,153.714,0.003,36
2026-09-11T17:42:04.703+00:00,153.713,153.716,0.003,36
2026-09-11T17:42:04.904+00:00,153.712,153.715,0.003,36
2026-09-11T17:42:05.105+00:00,153.713,153.716,0.003,36
2026-09-11T17:42:05.305+00:00,153.712,153.715,0.003,36
2026-09-11T17:42:05.706+00:00,153.711,153.715,0.004,36
2026-09-11T17:42:06.123+00:00,153.711,153.714,0.003,36
2026-09-11T17:42:06.513+00:00,153.712,153.713,0.001,36
2026-09-11T17:42:07.318+00:00,153.711,153.714,0.003,36
2026-09-11T17:42:08.128+00:00,153.712,153.715,0.003,36
2026-09-11T17:42:08.739+00:00,153.713,153.716,0.003,36
2026-09-11T17:42:08.939+00:00,153.711,153.713,0.002,36
2026-09-11T17:42:09.250+00:00,153.712,153.715,0.003,36
2026-09-11T17:42:09.450+00:00,153.713,153.714,0.001,36
2026-09-11T17:42:09.650+00:00,153.712,153.715,0.003,36
2026-09-11T17:42:09.869+00:00,153.711,153.713,0.002,36
2026-09-11T17:42:10.721+00:00,153.71,153.713,0.003,36
2026-09-11T17:42:11.120+00:00,153.711,153.714,0.003,36
2026-09-11T17:42:12.091+00:00,153.712,153.715,0.003,36
2026-09-11T17:42:12.689+00:00,153.713,153.716,0.003,36
2026-09-11T17:42:12.893+00:00,153.712,153.715,0.003,36
2026-09-11T17:42:13.296+00:00,153.713,153.714,0.001,36
2026-09-11T17:42:13.900+00:00,153.712,153.715,0.003,36
2026-09-11T17:42:15.108+00:00,153.71,153.713,0.003,36
2026-09-11T17:42:15.309+00:00,153.709,153.712,0.003,36
2026-09-11T17:42:15.511+00:00,153.71,153.713,0.003,36
2026-09-11T17:42:15.913+00:00,153.709,153.712,0.003,36
2026-09-11T17:42:16.729+00:00,153.709,153.713,0.004,36
2026-09-11T17:42:16.927+00:00,153.709,153.712,0.003,36
2026-09-11T17:42:17.331+00:00,153.71,153.711,0.001,36
2026-09-11T17:42:17.939+00:00,153.709,153.71,0.001,36
2026-09-11T17:42:18.824+00:00,153.71,153.711,0.001,36
2026-09-11T17:42:19.109+00:00,153.709,153.71,0.001,36
2026-09-11T17:42:21.076+00:00,153.71,153.711,0.001,36
2026-09-11T17:42:21.478+00:00,153.707,153.71,0.003,36
2026-09-11T17:42:21.680+00:00,153.708,153.709,0.001,36
2026-09-11T17:42:21.967+00:00,153.707,153.708,0.001,36
2026-09-11T17:42:22.166+00:00,153.704,153.707,0.003,36
2026-09-11T17:42:22.571+00:00,153.701,153.708,0.007,36
2026-09-11T17:42:22.773+00:00,153.702,153.709,0.007,36
2026-09-11T17:42:22.974+00:00,153.701,153.708,0.007,36
2026-09-11T17:42:23.776+00:00,153.706,153.711,0.005,36
2026-09-11T17:42:23.976+00:00,153.705,153.71,0.005,36
2026-09-11T17:42:24.178+00:00,153.708,153.709,0.001,36
2026-09-11T17:42:24.379+00:00,153.707,153.71,0.003,36
2026-09-11T17:42:24.579+00:00,153.706,153.709,0.003,36
2026-09-11T17:42:24.982+00:00,153.707,153.71,0.003,36
2026-09-11T17:42:25.380+00:00,153.706,153.709,0.003,36
2026-09-11T17:42:25.582+00:00,153.707,153.71,0.003,36
2026-09-11T17:42:25.783+00:00,153.706,153.709,0.003,36
2026-09-11T17:42:25.982+00:00,153.707,153.71,0.003,36
2026-09-11T17:42:27.428+00:00,153.706,153.709,0.003,36
2026-09-11T17:42:27.630+00:00,153.707,153.71,0.003,36
2026-09-11T17:42:27.829+00:00,153.706,153.709,0.003,36
2026-09-11T17:42:28.136+00:00,153.707,153.708,0.001,37
2026-09-11T17:42:28.337+00:00,153.702,153.703,0.001,37
2026-09-11T17:42:28.536+00:00,153.704,153.707,0.003,37
2026-09-11T17:42:29.140+00:00,153.703,153.706,0.003,37
2026-09-11T17:42:29.551+00:00,153.702,153.704,0.002,37
2026-09-11T17:42:29.753+00:00,153.704,153.707,0.003,37
2026-09-11T17:42:29.954+00:00,153.706,153.708,0.002,37
2026-09-11T17:42:30.358+00:00,153.707,153.71,0.003,37
2026-09-11T17:42:30.558+00:00,153.706,153.706,0.0,37
2026-09-11T17:42:30.758+00:00,153.706,153.707,0.001,37
2026-09-11T17:42:30.959+00:00,153.705,153.706,0.001,37
2026-09-11T17:42:31.158+00:00,153.705,153.708,0.003,37
2026-09-11T17:42:31.358+00:00,153.704,153.707,0.003,37
2026-09-11T17:42:31.559+00:00,153.705,153.708,0.003,37
2026-09-11T17:42:32.573+00:00,153.704,153.707,0.003,37
2026-09-11T17:42:32.974+00:00,153.705,153.708,0.003,37
2026-09-11T17:42:33.200+00:00,153.704,153.707,0.003,37
2026-09-11T17:42:33.600+00:00,153.703,153.706,0.003,37
2026-09-11T17:42:34.001+00:00,153.702,153.705,0.003,37
2026-09-11T17:42:34.202+00:00,153.703,153.706,0.003,37
2026-09-11T17:42:35.208+00:00,153.705,153.706,0.001,37
2026-09-11T17:42:35.612+00:00,153.706,153.707,0.001,37
2026-09-11T17:42:38.007+00:00,153.705,153.708,0.003,37
2026-09-11T17:42:38.408+00:00,153.704,153.707,0.003,37
2026-09-11T17:42:39.209+00:00,153.705,153.708,0.003,37
2026-09-11T17:42:39.410+00:00,153.704,153.707,0.003,37
2026-09-11T17:42:39.611+00:00,153.705,153.708,0.003,37
2026-09-11T17:42:39.812+00:00,153.704,153.707,0.003,37
2026-09-11T17:42:40.242+00:00,153.705,153.708,0.003,37
2026-09-11T17:42:40.443+00:00,153.704,153.707,0.003,37
2026-09-11T17:42:41.050+00:00,153.705,153.706,0.001,37
2026-09-11T17:42:41.454+00:00,153.703,153.705,0.002,37
2026-09-11T17:42:41.656+00:00,153.705,153.706,0.001,37
2026-09-11T17:42:41.859+00:00,153.706,153.708,0.002,37
2026-09-11T17:42:42.059+00:00,153.703,153.704,0.001,37
2026-09-11T17:42:42.261+00:00,153.706,153.707,0.001,37
2026-09-11T17:42:42.461+00:00,153.706,153.709,0.003,37
2026-09-11T17:42:43.065+00:00,153.705,153.708,0.003,37
2026-09-11T17:42:44.393+00:00,153.706,153.708,0.002,37
2026-09-11T17:42:44.592+00:00,153.705,153.706,0.001,37
2026-09-11T17:42:44.795+00:00,153.706,153.707,0.001,37
2026-09-11T17:42:44.998+00:00,153.707,153.708,0.001,37
2026-09-11T17:42:45.197+00:00,153.706,153.707,0.001,37
2026-09-11T17:42:45.397+00:00,153.707,153.708,0.001,37
2026-09-11T17:42:45.600+00:00,153.706,153.709,0.003,37
2026-09-11T17:42:45.800+00:00,153.707,153.71,0.003,37
2026-09-11T17:42:46.003+00:00,153.709,153.71,0.001,37
2026-09-11T17:42:46.651+00:00,153.707,153.709,0.002,37
2026-09-11T17:42:46.853+00:00,153.708,153.709,0.001,37
2026-09-11T17:42:47.055+00:00,153.706,153.709,0.003,37
2026-09-11T17:42:47.858+00:00,153.705,153.708,0.003,37
2026-09-11T17:42:48.053+00:00,153.706,153.709,0.003,37
2026-09-11T17:42:48.305+00:00,153.705,153.708,0.003,37
2026-09-11T17:42:48.901+00:00,153.706,153.707,0.001,37
2026-09-11T17:42:49.132+00:00,153.705,153.708,0.003,37
2026-09-11T17:42:49.335+00:00,153.706,153.707,0.001,37
2026-09-11T17:42:50.543+00:00,153.707,153.709,0.002,37
2026-09-11T17:42:50.745+00:00,153.706,153.707,0.001,37
2026-09-11T17:42:50.945+00:00,153.707,153.708,0.001,37
2026-09-11T17:42:51.367+00:00,153.705,153.707,0.002,37
2026-09-11T17:42:51.573+00:00,153.708,153.709,0.001,37
2026-09-11T17:42:51.780+00:00,153.707,153.71,0.003,37
2026-09-11T17:42:52.183+00:00,153.71,153.711,0.001,37
2026-09-11T17:42:52.382+00:00,153.709,153.711,0.002,37
2026-09-11T17:42:52.583+00:00,153.707,153.709,0.002,37
2026-09-11T17:42:52.784+00:00,153.708,153.71,0.002,37
2026-09-11T17:42:52.986+00:00,153.708,153.709,0.001,38
2026-09-11T17:42:53.187+00:00,153.708,153.711,0.003,38
2026-09-11T17:42:53.589+00:00,153.707,153.71,0.003,38
2026-09-11T17:42:54.594+00:00,153.709,153.71,0.001,38
2026-09-11T17:42:54.795+00:00,153.707,153.71,0.003,38
2026-09-11T17:42:54.995+00:00,153.708,153.711,0.003,38
2026-09-11T17:42:55.400+00:00,153.707,153.71,0.003,38
2026-09-11T17:42:55.765+00:00,153.708,153.711,0.003,38
2026-09-11T17:42:56.368+00:00,153.709,153.71,0.001,38
2026-09-11T17:42:57.213+00:00,153.71,153.712,0.002,38
2026-09-11T17:42:58.124+00:00,153.708,153.709,0.001,38
2026-09-11T17:42:58.325+00:00,153.707,153.71,0.003,38
2026-09-11T17:42:58.527+00:00,153.71,153.713,0.003,38
2026-09-11T17:42:58.728+00:00,153.711,153.714,0.003,38
2026-09-11T17:42:58.929+00:00,153.712,153.713,0.001,38
2026-09-11T17:42:59.131+00:00,153.711,153.714,0.003,38
2026-09-11T17:42:59.331+00:00,153.71,153.713,0.003,38
2026-09-11T17:43:00.006+00:00,153.711,153.712,0.001,38
2026-09-11T17:43:00.781+00:00,153.71,153.713,0.003,38
2026-09-11T17:43:01.781+00:00,153.709,153.712,0.003,38
2026-09-11T17:43:02.187+00:00,153.708,153.711,0.003,38
2026-09-11T17:43:02.390+00:00,153.709,153.712,0.003,38
2026-09-11T17:43:02.937+00:00,153.71,153.713,0.003,38
2026-09-11T17:43:04.086+00:00,153.711,153.714,0.003,38
2026-09-11T17:43:04.844+00:00,153.71,153.713,0.003,38
2026-09-11T17:43:05.046+00:00,153.713,153.714,0.001,38
2026-09-11T17:43:05.849+00:00,153.712,153.713,0.001,38
2026-09-11T17:43:06.251+00:00,153.711,153.714,0.003,38
2026-09-11T17:43:06.649+00:00,153.712,153.713,0.001,38
2026-09-11T17:43:06.849+00:00,153.717,153.72,0.003,38
2026-09-11T17:43:07.052+00:00,153.718,153.721,0.003,38
2026-09-11T17:43:07.254+00:00,153.717,153.719,0.002,38
2026-09-11T17:43:07.480+00:00,153.719,153.721,0.002,38
2026-09-11T17:43:07.682+00:00,153.718,153.718,0.0,38
2026-09-11T17:43:07.882+00:00,153.718,153.719,0.001,38
2026-09-11T17:43:08.322+00:00,153.719,153.719,0.0,38
2026-09-11T17:43:08.725+00:00,153.719,153.72,0.001,38
2026-09-11T17:43:09.929+00:00,153.72,153.721,0.001,38
2026-09-11T17:43:10.132+00:00,153.719,153.72,0.001,38
2026-09-11T17:43:10.329+00:00,153.72,153.721,0.001,38
2026-09-11T17:43:10.531+00:00,153.718,153.72,0.002,38
2026-09-11T17:43:10.735+00:00,153.719,153.72,0.001,38
2026-09-11T17:43:11.135+00:00,153.718,153.721,0.003,38
2026-09-11T17:43:11.338+00:00,153.718,153.719,0.001,38
2026-09-11T17:43:12.139+00:00,153.719,153.72,0.001,38
2026-09-11T17:43:12.340+00:00,153.72,153.721,0.001,38
2026-09-11T17:43:12.542+00:00,153.719,153.72,0.001,38
2026-09-11T17:43:14.780+00:00,153.72,153.722,0.002,38
2026-09-11T17:43:14.983+00:00,153.719,153.72,0.001,38
2026-09-11T17:43:17.117+00:00,153.717,153.719,0.002,38
2026-09-11T17:43:17.317+00:00,153.716,153.719,0.003,38
2026-09-11T17:43:17.515+00:00,153.718,153.719,0.001,38
2026-09-11T17:43:18.131+00:00,153.717,153.72,0.003,39
2026-09-11T17:43:18.737+00:00,153.717,153.718,0.001,39
2026-09-11T17:43:18.940+00:00,153.716,153.718,0.002,39
2026-09-11T17:43:19.137+00:00,153.718,153.72,0.002,39
2026-09-11T17:43:19.339+00:00,153.717,153.718,0.001,39
2026-09-11T17:43:19.940+00:00,153.714,153.721,0.007,39
2026-09-11T17:43:20.142+00:00,153.716,153.722,0.006,39
2026-09-11T17:43:20.548+00:00,153.719,153.722,0.003,39
2026-09-11T17:43:20.954+00:00,153.718,153.721,0.003,39
2026-09-11T17:43:21.155+00:00,153.719,153.722,0.003,39
2026-09-11T17:43:21.356+00:00,153.718,153.721,0.003,39
2026-09-11T17:43:21.557+00:00,153.719,153.721,0.002,39
2026-09-11T17:43:21.960+00:00,153.721,153.722,0.001,39
2026-09-11T17:43:22.160+00:00,153.721,153.724,0.003,39
2026-09-11T17:43:22.768+00:00,153.72,153.722,0.002,39
2026-09-11T17:43:22.971+00:00,153.72,153.723,0.003,39
2026-09-11T17:43:23.170+00:00,153.722,153.725,0.003,39
2026-09-11T17:43:23.370+00:00,153.721,153.724,0.003,39
2026-09-11T17:43:24.194+00:00,153.723,153.726,0.003,39
2026-09-11T17:43:24.400+00:00,153.721,153.723,0.002,39
2026-09-11T17:43:25.075+00:00,153.722,153.725,0.003,39
2026-09-11T17:43:25.277+00:00,153.724,153.727,0.003,39
2026-09-11T17:43:25.478+00:00,153.723,153.726,0.003,39
2026-09-11T17:43:26.214+00:00,153.722,153.725,0.003,39
2026-09-11T17:43:26.414+00:00,153.723,153.726,0.003,39
2026-09-11T17:43:26.817+00:00,153.724,153.727,0.003,39
2026-09-11T17:43:27.020+00:00,153.725,153.726,0.001,39
2026-09-11T17:43:27.623+00:00,153.722,153.723,0.001,39
2026-09-11T17:43:27.821+00:00,153.723,153.726,0.003,39
2026-09-11T17:43:28.021+00:00,153.722,153.725,0.003,39
2026-09-11T17:43:28.423+00:00,153.723,153.726,0.003,39
2026-09-11T17:43:28.623+00:00,153.724,153.727,0.003,39
2026-09-11T17:43:28.824+00:00,153.723,153.726,0.003,39
2026-09-11T17:43:30.769+00:00,153.722,153.724,0.002,39
2026-09-11T17:43:30.972+00:00,153.723,153.725,0.002,39
2026-09-11T17:43:31.713+00:00,153.723,153.726,0.003,39
2026-09-11T17:43:31.918+00:00,153.724,153.725,0.001,39
2026-09-11T17:43:32.118+00:00,153.721,153.723,0.002,39
2026-09-11T17:43:32.318+00:00,153.722,153.725,0.003,39
2026-09-11T17:43:32.520+00:00,153.719,153.722,0.003,39
2026-09-11T17:43:32.720+00:00,153.72,153.724,0.004,39
2026-09-11T17:43:32.919+00:00,153.722,153.725,0.003,39
2026-09-11T17:43:33.530+00:00,153.723,153.726,0.003,39
2026-09-11T17:43:33.731+00:00,153.722,153.725,0.003,39
2026-09-11T17:43:34.954+00:00,153.723,153.724,0.001,39
2026-09-11T17:43:35.602+00:00,153.722,153.723,0.001,39
2026-09-11T17:43:35.804+00:00,153.723,153.724,0.001,39
2026-09-11T17:43:36.005+00:00,153.722,153.723,0.001,39
2026-09-11T17:43:36.208+00:00,153.723,153.724,0.001,39
2026-09-11T17:43:37.159+00:00,153.721,153.723,0.002,39
2026-09-11T17:43:37.359+00:00,153.723,153.724,0.001,39
2026-09-11T17:43:38.053+00:00,153.722,153.725,0.003,39
2026-09-11T17:43:38.254+00:00,153.721,153.724,0.003,39
2026-09-11T17:43:38.459+00:00,153.721,153.723,0.002,39
2026-09-11T17:43:39.057+00:00,153.722,153.725,0.003,39
2026-09-11T17:43:39.367+00:00,153.72,153.723,0.003,39
2026-09-11T17:43:39.780+00:00,153.722,153.725,0.003,39
2026-09-11T17:43:40.746+00:00,153.721,153.723,0.002,39
2026-09-11T17:43:40.949+00:00,153.722,153.724,0.002,39
2026-09-11T17:43:41.616+00:00,153.722,153.725,0.003,39
2026-09-11T17:43:41.819+00:00,153.721,153.724,0.003,39
2026-09-11T17:43:42.023+00:00,153.72,153.723,0.003,39
2026-09-11T17:43:42.219+00:00,153.719,153.722,0.003,39
2026-09-11T17:43:42.625+00:00,153.721,153.723,0.002,39
2026-09-11T17:43:42.826+00:00,153.718,153.721,0.003,39
2026-09-11T17:43:43.292+00:00,153.719,153.722,0.003,40
2026-09-11T17:43:43.497+00:00,153.721,153.722,0.001,40
2026-09-11T17:43:43.699+00:00,153.722,153.723,0.001,40
2026-09-11T17:43:43.897+00:00,153.722,153.725,0.003,40
2026-09-11T17:43:44.304+00:00,153.721,153.724,0.003,40
2026-09-11T17:43:44.506+00:00,153.722,153.725,0.003,40
2026-09-11T17:43:44.707+00:00,153.723,153.726,0.003,40
2026-09-11T17:43:45.316+00:00,153.722,153.725,0.003,40
2026-09-11T17:43:45.714+00:00,153.724,153.725,0.001,40
2026-09-11T17:43:45.929+00:00,153.721,153.724,0.003,40
2026-09-11T17:43:47.397+00:00,153.722,153.725,0.003,40
2026-09-11T17:43:47.597+00:00,153.715,153.718,0.003,40
2026-09-11T17:43:47.798+00:00,153.717,153.72,0.003,40
2026-09-11T17:43:47.997+00:00,153.716,153.72,0.004,40
2026-09-11T17:43:48.405+00:00,153.718,153.72,0.002,40
2026-09-11T17:43:48.798+00:00,153.719,153.721,0.002,40
2026-09-11T17:43:48.999+00:00,153.719,153.722,0.003,40
2026-09-11T17:43:49.644+00:00,153.72,153.721,0.001,40
2026-09-11T17:43:49.844+00:00,153.722,153.723,0.001,40
2026-09-11T17:43:50.447+00:00,153.721,153.722,0.001,40
2026-09-11T17:43:50.846+00:00,153.722,153.723,0.001,40
2026-09-11T17:43:51.249+00:00,153.719,153.722,0.003,40
2026-09-11T17:43:51.651+00:00,153.72,153.721,0.001,40
2026-09-11T17:43:51.851+00:00,153.722,153.723,0.001,40
2026-09-11T17:43:53.066+00:00,153.721,153.722,0.001,40
2026-09-11T17:43:53.476+00:00,153.72,153.721,0.001,40
2026-09-11T17:43:53.673+00:00,153.72,153.724,0.004,40
2026-09-11T17:43:54.081+00:00,153.72,153.721,0.001,40
2026-09-11T17:43:54.283+00:00,153.72,153.722,0.002,40
2026-09-11T17:43:54.483+00:00,153.721,153.722,0.001,40
2026-09-11T17:43:54.686+00:00,153.72,153.721,0.001,40
2026-09-11T17:43:54.885+00:00,153.721,153.722,0.001,40
2026-09-11T17:43:55.091+00:00,153.722,153.723,0.001,40
2026-09-11T17:43:55.491+00:00,153.72,153.722,0.002,40
2026-09-11T17:43:55.691+00:00,153.719,153.721,0.002,40
2026-09-11T17:43:56.544+00:00,153.72,153.721,0.001,40
2026-09-11T17:43:56.702+00:00,153.722,153.723,0.001,40
2026-09-11T17:43:56.899+00:00,153.72,153.723,0.003,40
2026-09-11T17:43:57.099+00:00,153.718,153.721,0.003,40
2026-09-11T17:43:57.299+00:00,153.719,153.722,0.003,40
2026-09-11T17:43:58.043+00:00,153.718,153.721,0.003,40
2026-09-11T17:43:58.241+00:00,153.719,153.722,0.003,40
2026-09-11T17:43:58.439+00:00,153.72,153.721,0.001,40
2026-09-11T17:43:58.648+00:00,153.719,153.72,0.001,40
2026-09-11T17:43:58.841+00:00,153.719,153.722,0.003,40
2026-09-11T17:43:59.382+00:00,153.72,153.721,0.001,40
2026-09-11T17:43:59.788+00:00,153.719,153.722,0.003,40
2026-09-11T17:44:00.990+00:00,153.72,153.721,0.001,40
2026-09-11T17:44:01.191+00:00,153.72,153.723,0.003,40
2026-09-11T17:44:02.003+00:00,153.721,153.724,0.003,40
2026-09-11T17:44:02.197+00:00,153.72,153.723,0.003,40
2026-09-11T17:44:02.400+00:00,153.718,153.721,0.003,40
2026-09-11T17:44:02.595+00:00,153.719,153.722,0.003,40
2026-09-11T17:44:02.998+00:00,153.721,153.722,0.001,40
2026-09-11T17:44:03.202+00:00,153.722,153.723,0.001,40
2026-09-11T17:44:03.397+00:00,153.724,153.725,0.001,40
2026-09-11T17:44:03.596+00:00,153.72,153.722,0.002,40
2026-09-11T17:44:03.811+00:00,153.722,153.725,0.003,40
2026-09-11T17:44:04.003+00:00,153.72,153.722,0.002,40
2026-09-11T17:44:04.210+00:00,153.723,153.726,0.003,40
2026-09-11T17:44:04.405+00:00,153.722,153.723,0.001,40
2026-09-11T17:44:05.411+00:00,153.721,153.724,0.003,40
2026-09-11T17:44:05.611+00:00,153.722,153.723,0.001,40
2026-09-11T17:44:05.811+00:00,153.722,153.724,0.002,40
2026-09-11T17:44:06.011+00:00,153.723,153.726,0.003,40
2026-09-11T17:44:06.227+00:00,153.725,153.726,0.001,40
2026-09-11T17:44:06.417+00:00,153.723,153.726,0.003,40
2026-09-11T17:44:07.017+00:00,153.725,153.726,0.001,40
2026-09-11T17:44:07.223+00:00,153.723,153.725,0.002,40
2026-09-11T17:44:07.422+00:00,153.722,153.725,0.003,40
2026-09-11T17:44:07.620+00:00,153.721,153.724,0.003,40
2026-09-11T17:44:08.223+00:00,153.719,153.722,0.003,40
2026-09-11T17:44:08.425+00:00,153.721,153.724,0.003,41
2026-09-11T17:44:08.735+00:00,153.722,153.725,0.003,41
2026-09-11T17:44:09.028+00:00,153.722,153.724,0.002,41
2026-09-11T17:44:09.228+00:00,153.723,153.724,0.001,41
2026-09-11T17:44:09.428+00:00,153.724,153.726,0.002,41
2026-09-11T17:44:09.631+00:00,153.723,153.724,0.001,41
2026-09-11T17:44:10.040+00:00,153.72,153.723,0.003,41
2026-09-11T17:44:10.434+00:00,153.721,153.724,0.003,41
2026-09-11T17:44:10.835+00:00,153.722,153.725,0.003,41
2026-09-11T17:44:11.245+00:00,153.721,153.724,0.003,41
2026-09-11T17:44:12.752+00:00,153.722,153.725,0.003,41
2026-09-11T17:44:12.955+00:00,153.721,153.724,0.003,41
2026-09-11T17:44:14.256+00:00,153.722,153.725,0.003,41
2026-09-11T17:44:14.658+00:00,153.721,153.724,0.003,41
2026-09-11T17:44:14.860+00:00,153.722,153.723,0.001,41
2026-09-11T17:44:15.062+00:00,153.721,153.724,0.003,41
2026-09-11T17:44:15.460+00:00,153.722,153.725,0.003,41
2026-09-11T17:44:15.662+00:00,153.721,153.724,0.003,41
2026-09-11T17:44:15.861+00:00,153.72,153.722,0.002,41
2026-09-11T17:44:16.067+00:00,153.723,153.724,0.001,41
2026-09-11T17:44:16.264+00:00,153.721,153.724,0.003,41
2026-09-11T17:44:16.465+00:00,153.72,153.723,0.003,41
2026-09-11T17:44:16.666+00:00,153.72,153.722,0.002,41
2026-09-11T17:44:17.069+00:00,153.721,153.724,0.003,41
2026-09-11T17:44:17.469+00:00,153.72,153.722,0.002,41
2026-09-11T17:44:17.670+00:00,153.721,153.724,0.003,41
2026-09-11T17:44:18.778+00:00,153.72,153.723,0.003,41
2026-09-11T17:44:18.978+00:00,153.721,153.724,0.003,41
2026-09-11T17:44:19.186+00:00,153.722,153.725,0.003,41
2026-09-11T17:44:19.389+00:00,153.72,153.723,0.003,41
2026-09-11T17:44:19.802+00:00,153.721,153.724,0.003,41
2026-09-11T17:44:20.602+00:00,153.723,153.724,0.001,41
2026-09-11T17:44:20.801+00:00,153.718,153.719,0.001,41
2026-09-11T17:44:21.602+00:00,153.713,153.714,0.001,41
2026-09-11T17:44:21.805+00:00,153.711,153.712,0.001,41
2026-09-11T17:44:22.007+00:00,153.713,153.713,0.0,41
2026-09-11T17:44:22.206+00:00,153.714,153.715,0.001,41
2026-09-11T17:44:22.608+00:00,153.713,153.714,0.001,41
2026-09-11T17:44:24.975+00:00,153.714,153.715,0.001,41
2026-09-11T17:44:25.180+00:00,153.715,153.715,0.0,41
2026-09-11T17:44:25.383+00:00,153.714,153.715,0.001,41
2026-09-11T17:44:26.661+00:00,153.71,153.714,0.004,41
2026-09-11T17:44:26.862+00:00,153.712,153.716,0.004,41
2026-09-11T17:44:27.063+00:00,153.712,153.719,0.007,41
2026-09-11T17:44:27.264+00:00,153.713,153.72,0.007,41
2026-09-11T17:44:27.466+00:00,153.712,153.719,0.007,41
2026-09-11T17:44:30.169+00:00,153.713,153.72,0.007,41
2026-09-11T17:44:30.365+00:00,153.712,153.719,0.007,41
2026-09-11T17:44:30.578+00:00,153.716,153.723,0.007,41
2026-09-11T17:44:30.780+00:00,153.717,153.724,0.007,41
2026-09-11T17:44:30.967+00:00,153.718,153.725,0.007,41
2026-09-11T17:44:31.172+00:00,153.717,153.724,0.007,41
2026-09-11T17:44:31.374+00:00,153.717,153.722,0.005,41
2026-09-11T17:44:31.976+00:00,153.717,153.72,0.003,41
2026-09-11T17:44:33.143+00:00,153.718,153.721,0.003,41
2026-09-11T17:44:33.549+00:00,153.719,153.722,0.003,41
2026-09-11T17:44:34.347+00:00,153.72,153.723,0.003,42
2026-09-11T17:44:36.172+00:00,153.719,153.722,0.003,42
2026-09-11T17:44:36.373+00:00,153.72,153.723,0.003,42
2026-09-11T17:44:36.581+00:00,153.721,153.724,0.003,42
2026-09-11T17:44:37.180+00:00,153.719,153.722,0.003,42
2026-09-11T17:44:37.380+00:00,153.72,153.723,0.003,42
2026-09-11T17:44:37.782+00:00,153.721,153.724,0.003,42
2026-09-11T17:44:38.584+00:00,153.722,153.725,0.003,42
2026-09-11T17:44:38.784+00:00,153.72,153.723,0.003,42
2026-09-11T17:44:38.984+00:00,153.721,153.724,0.003,42
2026-09-11T17:44:39.592+00:00,153.722,153.725,0.003,42
2026-09-11T17:44:39.988+00:00,153.721,153.724,0.003,42
2026-09-11T17:44:40.391+00:00,153.722,153.725,0.003,42
2026-09-11T17:44:40.592+00:00,153.721,153.724,0.003,42
2026-09-11T17:44:40.997+00:00,153.719,153.722,0.003,42
2026-09-11T17:44:41.194+00:00,153.721,153.724,0.003,42
2026-09-11T17:44:41.413+00:00,153.72,153.723,0.003,42
2026-09-11T17:44:41.595+00:00,153.719,153.722,0.003,42
2026-09-11T17:44:42.000+00:00,153.718,153.721,0.003,42
2026-09-11T17:44:43.207+00:00,153.717,153.72,0.003,42
2026-09-11T17:44:43.406+00:00,153.718,153.721,0.003,42
2026-09-11T17:44:43.607+00:00,153.719,153.722,0.003,42
2026-09-11T17:44:43.813+00:00,153.718,153.721,0.003,42
2026-09-11T17:44:44.007+00:00,153.716,153.722,0.006,42
2026-09-11T17:44:44.411+00:00,153.719,153.722,0.003,42
2026-09-11T17:44:45.016+00:00,153.72,153.723,0.003,42
2026-09-11T17:44:45.620+00:00,153.721,153.724,0.003,42
2026-09-11T17:44:46.424+00:00,153.722,153.725,0.003,42
2026-09-11T17:44:46.634+00:00,153.721,153.724,0.003,42
2026-09-11T17:44:47.027+00:00,153.72,153.723,0.003,42
2026-09-11T17:44:47.229+00:00,153.719,153.722,0.003,42
2026-09-11T17:44:47.428+00:00,153.722,153.725,0.003,42
2026-09-11T17:44:47.629+00:00,153.721,153.724,0.003,42
2026-09-11T17:44:48.632+00:00,153.718,153.724,0.006,42
2026-09-11T17:44:48.832+00:00,153.718,153.723,0.005,42
2026-09-11T17:44:49.036+00:00,153.721,153.724,0.003,42
2026-09-11T17:44:49.237+00:00,153.722,153.725,0.003,42
2026-09-11T17:44:49.436+00:00,153.721,153.724,0.003,42
2026-09-11T17:44:50.242+00:00,153.723,153.726,0.003,42
2026-09-11T17:44:50.439+00:00,153.722,153.725,0.003,42
2026-09-11T17:44:50.641+00:00,153.72,153.723,0.003,42
2026-09-11T17:44:50.844+00:00,153.721,153.724,0.003,42
2026-09-11T17:44:51.648+00:00,153.722,153.725,0.003,42
2026-09-11T17:44:52.049+00:00,153.72,153.722,0.002,42
2026-09-11T17:44:52.251+00:00,153.722,153.725,0.003,42
2026-09-11T17:44:52.453+00:00,153.72,153.723,0.003,42
2026-09-11T17:44:52.653+00:00,153.722,153.725,0.003,42
2026-09-11T17:44:53.057+00:00,153.721,153.723,0.002,42
2026-09-11T17:44:53.262+00:00,153.722,153.725,0.003,42
2026-09-11T17:44:53.664+00:00,153.72,153.722,0.002,42
2026-09-11T17:44:53.864+00:00,153.72,153.723,0.003,42
2026-09-11T17:44:54.072+00:00,153.721,153.723,0.002,42
2026-09-11T17:44:54.274+00:00,153.72,153.722,0.002,42
2026-09-11T17:44:54.679+00:00,153.722,153.725,0.003,42
2026-09-11T17:44:55.285+00:00,153.72,153.722,0.002,42
2026-09-11T17:44:55.487+00:00,153.72,153.723,0.003,42
2026-09-11T17:44:55.688+00:00,153.722,153.725,0.003,42
2026-09-11T17:44:56.301+00:00,153.72,153.722,0.002,42
2026-09-11T17:44:56.499+00:00,153.721,153.722,0.001,42
2026-09-11T17:44:56.700+00:00,153.722,153.723,0.001,42
2026-09-11T17:44:56.902+00:00,153.723,153.724,0.001,42
2026-09-11T17:44:57.100+00:00,153.725,153.726,0.001,42
2026-09-11T17:44:57.502+00:00,153.724,153.725,0.001,42
2026-09-11T17:44:57.912+00:00,153.724,153.724,0.0,42
2026-09-11T17:44:58.113+00:00,153.724,153.725,0.001,42
2026-09-11T17:44:58.313+00:00,153.723,153.724,0.001,42
2026-09-11T17:44:58.516+00:00,153.724,153.725,0.001,42
2026-09-11T17:44:58.719+00:00,153.725,153.726,0.001,43
2026-09-11T17:44:59.524+00:00,153.726,153.727,0.001,43
2026-09-11T17:45:01.291+00:00,153.724,153.724,0.0,43
2026-09-11T17:45:01.490+00:00,153.725,153.726,0.001,43
2026-09-11T17:45:01.892+00:00,153.726,153.727,0.001,43
2026-09-11T17:45:02.098+00:00,153.725,153.726,0.001,43
2026-09-11T17:45:05.026+00:00,153.725,153.725,0.0,43
2026-09-11T17:45:05.227+00:00,153.725,153.726,0.001,43
2026-09-11T17:45:06.321+00:00,153.724,153.724,0.0,43
2026-09-11T17:45:06.524+00:00,153.723,153.724,0.001,43
2026-09-11T17:45:06.926+00:00,153.725,153.726,0.001,43
2026-09-11T17:45:07.527+00:00,153.725,153.727,0.002,43
2026-09-11T17:45:07.729+00:00,153.725,153.726,0.001,43
2026-09-11T17:45:07.933+00:00,153.723,153.727,0.004,43
2026-09-11T17:45:08.131+00:00,153.723,153.724,0.001,43
2026-09-11T17:45:08.334+00:00,153.723,153.725,0.002,43
2026-09-11T17:45:08.533+00:00,153.723,153.724,0.001,43
2026-09-11T17:45:08.735+00:00,153.725,153.725,0.0,43
2026-09-11T17:45:08.935+00:00,153.724,153.725,0.001,43
2026-09-11T17:45:09.760+00:00,153.725,153.726,0.001,43
2026-09-11T17:45:09.959+00:00,153.724,153.725,0.001,43
2026-09-11T17:45:10.360+00:00,153.725,153.726,0.001,43
2026-09-11T17:45:10.961+00:00,153.726,153.726,0.0,43
2026-09-11T17:45:11.162+00:00,153.724,153.725,0.001,43
2026-09-11T17:45:11.817+00:00,153.725,153.725,0.0,43
2026-09-11T17:45:12.216+00:00,153.724,153.725,0.001,43
2026-09-11T17:45:12.411+00:00,153.725,153.725,0.0,43
2026-09-11T17:45:13.714+00:00,153.723,153.724,0.001,43
2026-09-11T17:45:13.921+00:00,153.724,153.725,0.001,43
2026-09-11T17:45:14.774+00:00,153.724,153.728,0.004,43
2026-09-11T17:45:15.247+00:00,153.724,153.725,0.001,43
2026-09-11T17:45:16.081+00:00,153.722,153.724,0.002,43
2026-09-11T17:45:16.321+00:00,153.721,153.724,0.003,43
2026-09-11T17:45:16.958+00:00,153.722,153.723,0.001,43
2026-09-11T17:45:17.301+00:00,153.721,153.722,0.001,43
2026-09-11T17:45:17.510+00:00,153.722,153.723,0.001,43
2026-09-11T17:45:18.262+00:00,153.721,153.722,0.001,43
2026-09-11T17:45:18.941+00:00,153.722,153.723,0.001,43
2026-09-11T17:45:19.820+00:00,153.72,153.723,0.003,43
2026-09-11T17:45:20.023+00:00,153.722,153.723,0.001,43
2026-09-11T17:45:20.625+00:00,153.721,153.722,0.001,43
2026-09-11T17:45:21.023+00:00,153.721,153.724,0.003,43
2026-09-11T17:45:21.225+00:00,153.72,153.723,0.003,43
2026-09-11T17:45:21.827+00:00,153.721,153.724,0.003,43
2026-09-11T17:45:22.426+00:00,153.72,153.723,0.003,43
2026-09-11T17:45:23.031+00:00,153.722,153.725,0.003,43
2026-09-11T17:45:25.106+00:00,153.721,153.724,0.003,44
2026-09-11T17:45:25.307+00:00,153.72,153.723,0.003,44
2026-09-11T17:45:25.708+00:00,153.721,153.724,0.003,44
2026-09-11T17:45:25.912+00:00,153.722,153.725,0.003,44
2026-09-11T17:45:26.114+00:00,153.721,153.724,0.003,44
2026-09-11T17:45:27.347+00:00,153.72,153.724,0.004,44
2026-09-11T17:45:27.550+00:00,153.721,153.724,0.003,44
2026-09-11T17:45:27.964+00:00,153.723,153.726,0.003,44
2026-09-11T17:45:28.165+00:00,153.722,153.725,0.003,44
2026-09-11T17:45:28.559+00:00,153.721,153.724,0.003,44
2026-09-11T17:45:28.753+00:00,153.722,153.725,0.003,44
2026-09-11T17:45:29.479+00:00,153.72,153.723,0.003,44
2026-09-11T17:45:30.171+00:00,153.721,153.724,0.003,44
2026-09-11T17:45:30.371+00:00,153.72,153.723,0.003,44
2026-09-11T17:45:30.572+00:00,153.721,153.724,0.003,44
2026-09-11T17:45:30.771+00:00,153.722,153.725,0.003,44
2026-09-11T17:45:31.374+00:00,153.723,153.726,0.003,44
2026-09-11T17:45:32.175+00:00,153.724,153.727,0.003,44
2026-09-11T17:45:32.983+00:00,153.723,153.726,0.003,44
2026-09-11T17:45:33.382+00:00,153.724,153.727,0.003,44
2026-09-11T17:45:33.787+00:00,153.726,153.729,0.003,44
2026-09-11T17:45:33.987+00:00,153.725,153.728,0.003,44
2026-09-11T17:45:34.390+00:00,153.726,153.729,0.003,44
2026-09-11T17:45:34.590+00:00,153.725,153.728,0.003,44
2026-09-11T17:45:36.946+00:00,153.726,153.729,0.003,44
2026-09-11T17:45:37.150+00:00,153.725,153.728,0.003,44
2026-09-11T17:45:37.550+00:00,153.724,153.727,0.003,44
2026-09-11T17:45:38.366+00:00,153.723,153.726,0.003,44
2026-09-11T17:45:38.567+00:00,153.724,153.727,0.003,44
2026-09-11T17:45:38.768+00:00,153.723,153.725,0.002,44
2026-09-11T17:45:38.972+00:00,153.723,153.726,0.003,44
2026-09-11T17:45:39.170+00:00,153.722,153.725,0.003,44
2026-09-11T17:45:39.370+00:00,153.721,153.724,0.003,44
2026-09-11T17:45:39.575+00:00,153.723,153.726,0.003,44
2026-09-11T17:45:39.976+00:00,153.722,153.725,0.003,44
2026-09-11T17:45:40.982+00:00,153.723,153.726,0.003,44
2026-09-11T17:45:41.584+00:00,153.722,153.725,0.003,44
2026-09-11T17:45:41.786+00:00,153.723,153.726,0.003,44
2026-09-11T17:45:41.988+00:00,153.722,153.725,0.003,44
2026-09-11T17:45:42.587+00:00,153.723,153.726,0.003,44
2026-09-11T17:45:42.988+00:00,153.722,153.725,0.003,44
2026-09-11T17:45:43.961+00:00,153.72,153.723,0.003,44
2026-09-11T17:45:44.360+00:00,153.721,153.724,0.003,44
2026-09-11T17:45:45.922+00:00,153.72,153.722,0.002,44
2026-09-11T17:45:46.122+00:00,153.72,153.723,0.003,44
2026-09-11T17:45:46.726+00:00,153.722,153.725,0.003,44
2026-09-11T17:45:46.929+00:00,153.72,153.722,0.002,44
2026-09-11T17:45:47.352+00:00,153.72,153.723,0.003,44
2026-09-11T17:45:48.148+00:00,153.721,153.724,0.003,44
2026-09-11T17:45:49.237+00:00,153.72,153.722,0.002,45
2026-09-11T17:45:49.438+00:00,153.72,153.723,0.003,45
2026-09-11T17:45:52.585+00:00,153.719,153.721,0.002,45
2026-09-11T17:45:52.785+00:00,153.72,153.723,0.003,45
2026-09-11T17:45:55.221+00:00,153.721,153.724,0.003,45
2026-09-11T17:45:55.417+00:00,153.72,153.723,0.003,45
2026-09-11T17:45:56.821+00:00,153.721,153.724,0.003,45
2026-09-11T17:45:57.428+00:00,153.72,153.723,0.003,45
2026-09-11T17:45:57.621+00:00,153.721,153.724,0.003,45
2026-09-11T17:45:58.225+00:00,153.72,153.723,0.003,45
2026-09-11T17:45:58.427+00:00,153.721,153.724,0.003,45
2026-09-11T17:45:59.896+00:00,153.72,153.723,0.003,45
2026-09-11T17:46:00.097+00:00,153.722,153.725,0.003,45
2026-09-11T17:46:00.298+00:00,153.721,153.724,0.003,45
2026-09-11T17:46:01.597+00:00,153.72,153.722,0.002,45
2026-09-11T17:46:01.799+00:00,153.721,153.724,0.003,45
2026-09-11T17:46:02.413+00:00,153.722,153.725,0.003,45
2026-09-11T17:46:02.613+00:00,153.721,153.724,0.003,45
2026-09-11T17:46:03.017+00:00,153.72,153.722,0.002,45
2026-09-11T17:46:03.618+00:00,153.72,153.724,0.004,45
2026-09-11T17:46:03.819+00:00,153.721,153.724,0.003,45
2026-09-11T17:46:04.821+00:00,153.72,153.723,0.003,45
2026-09-11T17:46:05.024+00:00,153.721,153.724,0.003,45
2026-09-11T17:46:06.982+00:00,153.722,153.725,0.003,45
2026-09-11T17:46:07.182+00:00,153.721,153.724,0.003,45
2026-09-11T17:46:07.787+00:00,153.722,153.725,0.003,45
2026-09-11T17:46:08.188+00:00,153.724,153.726,0.002,45
2026-09-11T17:46:08.390+00:00,153.725,153.728,0.003,45
2026-09-11T17:46:10.600+00:00,153.724,153.727,0.003,45
2026-09-11T17:46:10.803+00:00,153.725,153.728,0.003,45
2026-09-11T17:46:12.008+00:00,153.724,153.728,0.004,45
2026-09-11T17:46:12.213+00:00,153.726,153.729,0.003,45
2026-09-11T17:46:12.815+00:00,153.727,153.73,0.003,45
2026-09-11T17:46:13.015+00:00,153.726,153.729,0.003,45
2026-09-11T17:46:13.216+00:00,153.727,153.73,0.003,45
2026-09-11T17:46:13.415+00:00,153.725,153.728,0.003,45
2026-09-11T17:46:14.018+00:00,153.724,153.727,0.003,45
2026-09-11T17:46:14.432+00:00,153.723,153.726,0.003,46
2026-09-11T17:46:14.634+00:00,153.724,153.727,0.003,46
2026-09-11T17:46:15.037+00:00,153.721,153.727,0.006,46
2026-09-11T17:46:15.436+00:00,153.724,153.727,0.003,46
2026-09-11T17:46:15.839+00:00,153.723,153.726,0.003,46
2026-09-11T17:46:16.040+00:00,153.724,153.727,0.003,46
2026-09-11T17:46:16.242+00:00,153.723,153.726,0.003,46
2026-09-11T17:46:16.442+00:00,153.722,153.725,0.003,46
2026-09-11T17:46:16.642+00:00,153.72,153.723,0.003,46
2026-09-11T17:46:17.648+00:00,153.721,153.724,0.003,46
2026-09-11T17:46:17.849+00:00,153.72,153.723,0.003,46
2026-09-11T17:46:18.055+00:00,153.72,153.724,0.004,46
2026-09-11T17:46:18.453+00:00,153.72,153.723,0.003,46
2026-09-11T17:46:18.653+00:00,153.721,153.724,0.003,46
2026-09-11T17:46:18.852+00:00,153.72,153.723,0.003,46
2026-09-11T17:46:20.295+00:00,153.719,153.722,0.003,46
2026-09-11T17:46:20.698+00:00,153.72,153.723,0.003,46
2026-09-11T17:46:21.575+00:00,153.721,153.727,0.006,46
2026-09-11T17:46:21.977+00:00,153.72,153.723,0.003,46
2026-09-11T17:46:22.381+00:00,153.721,153.724,0.003,46
2026-09-11T17:46:22.779+00:00,153.72,153.723,0.003,46
2026-09-11T17:46:23.183+00:00,153.721,153.724,0.003,46
2026-09-11T17:46:24.386+00:00,153.722,153.725,0.003,46
2026-09-11T17:46:24.587+00:00,153.721,153.724,0.003,46
2026-09-11T17:46:25.987+00:00,153.72,153.723,0.003,46
2026-09-11T17:46:27.595+00:00,153.719,153.722,0.003,46
2026-09-11T17:46:27.996+00:00,153.72,153.723,0.003,46
2026-09-11T17:46:28.204+00:00,153.719,153.722,0.003,46
2026-09-11T17:46:29.371+00:00,153.716,153.719,0.003,46
2026-09-11T17:46:29.571+00:00,153.718,153.721,0.003,46
2026-09-11T17:46:29.773+00:00,153.717,153.72,0.003,46
2026-09-11T17:46:29.974+00:00,153.719,153.722,0.003,46
2026-09-11T17:46:30.376+00:00,153.718,153.721,0.003,46
2026-09-11T17:46:30.978+00:00,153.717,153.72,0.003,46
2026-09-11T17:46:31.178+00:00,153.716,153.72,0.004,46
2026-09-11T17:46:31.379+00:00,153.717,153.721,0.004,46
2026-09-11T17:46:31.581+00:00,153.717,153.72,0.003,46
2026-09-11T17:46:33.898+00:00,153.716,153.719,0.003,46
2026-09-11T17:46:34.237+00:00,153.717,153.72,0.003,46
2026-09-11T17:46:35.241+00:00,153.718,153.721,0.003,46
2026-09-11T17:46:35.441+00:00,153.717,153.72,0.003,46
2026-09-11T17:46:38.371+00:00,153.718,153.721,0.003,46
2026-09-11T17:46:38.571+00:00,153.717,153.72,0.003,46
2026-09-11T17:46:42.432+00:00,153.718,153.719,0.001,47
2026-09-11T17:46:42.835+00:00,153.716,153.718,0.002,47
2026-09-11T17:46:43.036+00:00,153.717,153.718,0.001,47
2026-09-11T17:46:43.743+00:00,153.718,153.719,0.001,47
2026-09-11T17:46:43.946+00:00,153.717,153.718,0.001,47
2026-09-11T17:46:44.147+00:00,153.716,153.719,0.003,47
2026-09-11T17:46:44.633+00:00,153.717,153.718,0.001,47
2026-09-11T17:46:44.835+00:00,153.718,153.721,0.003,47
2026-09-11T17:46:45.037+00:00,153.717,153.718,0.001,47
2026-09-11T17:46:46.029+00:00,153.719,153.721,0.002,47
2026-09-11T17:46:46.229+00:00,153.719,153.72,0.001,47
2026-09-11T17:46:46.432+00:00,153.72,153.723,0.003,47
2026-09-11T17:46:46.835+00:00,153.722,153.725,0.003,47
2026-09-11T17:46:47.643+00:00,153.72,153.726,0.006,47
2026-09-11T17:46:47.841+00:00,153.719,153.725,0.006,47
2026-09-11T17:46:48.048+00:00,153.724,153.727,0.003,47
2026-09-11T17:46:48.247+00:00,153.723,153.726,0.003,47
2026-09-11T17:46:49.250+00:00,153.722,153.725,0.003,47
2026-09-11T17:46:49.851+00:00,153.723,153.726,0.003,47
2026-09-11T17:46:50.088+00:00,153.724,153.727,0.003,47
2026-09-11T17:46:50.291+00:00,153.723,153.726,0.003,47
2026-09-11T17:46:50.491+00:00,153.722,153.725,0.003,47
2026-09-11T17:46:50.691+00:00,153.723,153.726,0.003,47
2026-09-11T17:46:50.891+00:00,153.726,153.729,0.003,47
2026-09-11T17:46:51.896+00:00,153.723,153.726,0.003,47
2026-09-11T17:46:52.300+00:00,153.724,153.727,0.003,47
2026-09-11T17:46:52.496+00:00,153.722,153.725,0.003,47
2026-09-11T17:46:52.700+00:00,153.723,153.726,0.003,47
2026-09-11T17:46:53.105+00:00,153.722,153.725,0.003,47
2026-09-11T17:46:55.973+00:00,153.723,153.726,0.003,47
2026-09-11T17:46:56.379+00:00,153.722,153.725,0.003,47
2026-09-11T17:46:58.302+00:00,153.724,153.727,0.003,47
2026-09-11T17:46:58.504+00:00,153.723,153.726,0.003,47
2026-09-11T17:46:58.704+00:00,153.724,153.727,0.003,47
2026-09-11T17:46:58.905+00:00,153.723,153.726,0.003,47
2026-09-11T17:47:03.068+00:00,153.726,153.729,0.003,47
2026-09-11T17:47:03.263+00:00,153.727,153.73,0.003,47
2026-09-11T17:47:03.463+00:00,153.73,153.733,0.003,47
2026-09-11T17:47:03.667+00:00,153.729,153.732,0.003,47
2026-09-11T17:47:03.866+00:00,153.728,153.731,0.003,47
2026-09-11T17:47:04.268+00:00,153.729,153.732,0.003,47
2026-09-11T17:47:04.467+00:00,153.728,153.731,0.003,48
2026-09-11T17:47:04.667+00:00,153.73,153.733,0.003,48
2026-09-11T17:47:04.867+00:00,153.731,153.734,0.003,48
2026-09-11T17:47:05.272+00:00,153.731,153.736,0.005,48
2026-09-11T17:47:05.473+00:00,153.731,153.734,0.003,48
2026-09-11T17:47:05.873+00:00,153.732,153.735,0.003,48
2026-09-11T17:47:06.073+00:00,153.733,153.736,0.003,48
2026-09-11T17:47:06.273+00:00,153.731,153.734,0.003,48
2026-09-11T17:47:06.679+00:00,153.73,153.733,0.003,48
2026-09-11T17:47:06.879+00:00,153.731,153.734,0.003,48
2026-09-11T17:47:07.294+00:00,153.73,153.733,0.003,48
2026-09-11T17:47:08.084+00:00,153.731,153.734,0.003,48
2026-09-11T17:47:08.485+00:00,153.733,153.736,0.003,48
2026-09-11T17:47:09.085+00:00,153.732,153.735,0.003,48
2026-09-11T17:47:09.285+00:00,153.734,153.737,0.003,48
2026-09-11T17:47:09.486+00:00,153.733,153.736,0.003,48
2026-09-11T17:47:09.687+00:00,153.734,153.737,0.003,48
2026-09-11T17:47:10.088+00:00,153.733,153.736,0.003,48
2026-09-11T17:47:10.286+00:00,153.734,153.737,0.003,48
2026-09-11T17:47:10.494+00:00,153.733,153.736,0.003,48
2026-09-11T17:47:13.565+00:00,153.732,153.735,0.003,48
2026-09-11T17:47:13.767+00:00,153.733,153.736,0.003,48
2026-09-11T17:47:13.967+00:00,153.732,153.735,0.003,48
2026-09-11T17:47:14.367+00:00,153.732,153.738,0.006,48
2026-09-11T17:47:14.569+00:00,153.732,153.735,0.003,48
2026-09-11T17:47:15.488+00:00,153.733,153.736,0.003,48
2026-09-11T17:47:16.091+00:00,153.73,153.733,0.003,48
2026-09-11T17:47:16.489+00:00,153.731,153.734,0.003,48
2026-09-11T17:47:16.692+00:00,153.729,153.732,0.003,48
2026-09-11T17:47:17.095+00:00,153.73,153.733,0.003,48
2026-09-11T17:47:18.099+00:00,153.729,153.732,0.003,48
2026-09-11T17:47:18.301+00:00,153.73,153.733,0.003,48
2026-09-11T17:47:19.392+00:00,153.731,153.734,0.003,48
2026-09-11T17:47:20.199+00:00,153.73,153.733,0.003,48
2026-09-11T17:47:21.374+00:00,153.731,153.734,0.003,48
2026-09-11T17:47:21.574+00:00,153.73,153.733,0.003,48
2026-09-11T17:47:22.175+00:00,153.731,153.734,0.003,48
2026-09-11T17:47:22.376+00:00,153.732,153.735,0.003,48
2026-09-11T17:47:22.783+00:00,153.731,153.734,0.003,48
2026-09-11T17:47:22.980+00:00,153.732,153.735,0.003,48
2026-09-11T17:47:23.984+00:00,153.731,153.734,0.003,48
2026-09-11T17:47:24.388+00:00,153.732,153.735,0.003,48
2026-09-11T17:47:25.655+00:00,153.731,153.734,0.003,48
2026-09-11T17:47:25.860+00:00,153.73,153.733,0.003,48
2026-09-11T17:47:26.258+00:00,153.729,153.732,0.003,48
2026-09-11T17:47:26.460+00:00,153.727,153.732,0.005,48
2026-09-11T17:47:26.660+00:00,153.718,153.723,0.005,48
2026-09-11T17:47:26.860+00:00,153.722,153.725,0.003,48
2026-09-11T17:47:27.261+00:00,153.723,153.726,0.003,48
2026-09-11T17:47:27.464+00:00,153.722,153.725,0.003,48
2026-09-11T17:47:27.665+00:00,153.723,153.726,0.003,48
2026-09-11T17:47:27.865+00:00,153.722,153.725,0.003,48
2026-09-11T17:47:28.066+00:00,153.723,153.726,0.003,48
2026-09-11T17:47:28.269+00:00,153.722,153.725,0.003,48
2026-09-11T17:47:28.876+00:00,153.72,153.726,0.006,48
2026-09-11T17:47:29.677+00:00,153.723,153.726,0.003,49
2026-09-11T17:47:29.876+00:00,153.722,153.725,0.003,49
2026-09-11T17:47:30.276+00:00,153.723,153.726,0.003,49
2026-09-11T17:47:30.480+00:00,153.72,153.723,0.003,49
2026-09-11T17:47:32.370+00:00,153.719,153.722,0.003,49
2026-09-11T17:47:34.961+00:00,153.718,153.721,0.003,49
2026-09-11T17:47:35.161+00:00,153.719,153.722,0.003,49
2026-09-11T17:47:36.165+00:00,153.719,153.723,0.004,49
2026-09-11T17:47:36.366+00:00,153.72,153.724,0.004,49
2026-09-11T17:47:36.565+00:00,153.719,153.723,0.004,49
2026-09-11T17:47:36.769+00:00,153.716,153.722,0.006,49
2026-09-11T17:47:37.168+00:00,153.719,153.722,0.003,49
2026-09-11T17:47:37.852+00:00,153.718,153.721,0.003,49
2026-09-11T17:47:38.854+00:00,153.719,153.72,0.001,49
2026-09-11T17:47:39.054+00:00,153.718,153.721,0.003,49
2026-09-11T17:47:40.443+00:00,153.717,153.719,0.002,49
2026-09-11T17:47:40.844+00:00,153.719,153.722,0.003,49
2026-09-11T17:47:41.450+00:00,153.72,153.723,0.003,49
2026-09-11T17:47:41.650+00:00,153.719,153.722,0.003,49
2026-09-11T17:47:42.603+00:00,153.72,153.723,0.003,49
2026-09-11T17:47:43.008+00:00,153.719,153.722,0.003,49
2026-09-11T17:47:43.208+00:00,153.72,153.723,0.003,49
2026-09-11T17:47:43.410+00:00,153.719,153.721,0.002,49
2026-09-11T17:47:43.899+00:00,153.72,153.723,0.003,49
2026-09-11T17:47:44.810+00:00,153.719,153.722,0.003,49
2026-09-11T17:47:45.373+00:00,153.72,153.723,0.003,49
2026-09-11T17:47:45.573+00:00,153.718,153.721,0.003,49
2026-09-11T17:47:45.976+00:00,153.719,153.722,0.003,49
2026-09-11T17:47:46.175+00:00,153.718,153.721,0.003,49
2026-09-11T17:47:46.778+00:00,153.719,153.72,0.001,49
2026-09-11T17:47:46.979+00:00,153.718,153.721,0.003,49
2026-09-11T17:47:47.479+00:00,153.719,153.722,0.003,49
2026-09-11T17:47:47.681+00:00,153.718,153.721,0.003,49
2026-09-11T17:47:47.883+00:00,153.719,153.72,0.001,49
2026-09-11T17:47:48.086+00:00,153.718,153.721,0.003,49
2026-09-11T17:47:49.218+00:00,153.718,153.719,0.001,49
2026-09-11T17:47:49.422+00:00,153.72,153.723,0.003,49
2026-09-11T17:47:49.622+00:00,153.719,153.722,0.003,49
2026-09-11T17:47:50.376+00:00,153.718,153.721,0.003,49
2026-09-11T17:47:50.780+00:00,153.719,153.722,0.003,49
2026-09-11T17:47:52.195+00:00,153.718,153.721,0.003,49
2026-09-11T17:47:52.403+00:00,153.719,153.722,0.003,49
2026-09-11T17:47:52.603+00:00,153.718,153.721,0.003,49
2026-09-11T17:47:53.005+00:00,153.719,153.722,0.003,49
2026-09-11T17:47:53.810+00:00,153.72,153.723,0.003,49
2026-09-11T17:47:54.210+00:00,153.721,153.724,0.003,49
2026-09-11T17:47:54.415+00:00,153.72,153.723,0.003,49
2026-09-11T17:47:54.618+00:00,153.721,153.724,0.003,49
2026-09-11T17:47:54.823+00:00,153.72,153.723,0.003,50
2026-09-11T17:47:55.480+00:00,153.721,153.724,0.003,50
2026-09-11T17:47:56.090+00:00,153.72,153.723,0.003,50
2026-09-11T17:47:56.492+00:00,153.721,153.724,0.003,50
2026-09-11T17:47:57.478+00:00,153.72,153.723,0.003,50
2026-09-11T17:47:57.993+00:00,153.719,153.722,0.003,50
2026-09-11T17:47:58.196+00:00,153.72,153.723,0.003,50
2026-09-11T17:48:00.134+00:00,153.719,153.722,0.003,50
2026-09-11T17:48:00.337+00:00,153.72,153.723,0.003,50
2026-09-11T17:48:03.725+00:00,153.719,153.722,0.003,50
2026-09-11T17:48:03.928+00:00,153.718,153.721,0.003,50
2026-09-11T17:48:04.126+00:00,153.719,153.722,0.003,50
2026-09-11T17:48:04.327+00:00,153.718,153.721,0.003,50
2026-09-11T17:48:04.528+00:00,153.719,153.722,0.003,50
2026-09-11T17:48:04.727+00:00,153.718,153.721,0.003,50
2026-09-11T17:48:04.928+00:00,153.719,153.722,0.003,50
2026-09-11T17:48:07.626+00:00,153.72,153.723,0.003,50
2026-09-11T17:48:07.819+00:00,153.719,153.722,0.003,50
2026-09-11T17:48:09.350+00:00,153.718,153.721,0.003,50
2026-09-11T17:48:09.551+00:00,153.719,153.722,0.003,50
2026-09-11T17:48:09.752+00:00,153.718,153.721,0.003,50
2026-09-11T17:48:09.955+00:00,153.719,153.722,0.003,50
2026-09-11T17:48:10.557+00:00,153.72,153.723,0.003,50
2026-09-11T17:48:10.759+00:00,153.719,153.722,0.003,50
2026-09-11T17:48:11.158+00:00,153.718,153.721,0.003,50
2026-09-11T17:48:11.362+00:00,153.719,153.722,0.003,50
2026-09-11T17:48:14.825+00:00,153.718,153.721,0.003,50
2026-09-11T17:48:15.024+00:00,153.719,153.72,0.001,50
2026-09-11T17:48:15.426+00:00,153.717,153.721,0.004,50
2026-09-11T17:48:15.629+00:00,153.717,153.719,0.002,50
2026-09-11T17:48:16.231+00:00,153.718,153.719,0.001,50
2026-09-11T17:48:16.432+00:00,153.718,153.721,0.003,50
2026-09-11T17:48:16.634+00:00,153.713,153.715,0.002,50
2026-09-11T17:48:16.836+00:00,153.712,153.715,0.003,50
2026-09-11T17:48:17.436+00:00,153.715,153.718,0.003,50
2026-09-11T17:48:17.636+00:00,153.716,153.719,0.003,50
2026-09-11T17:48:18.442+00:00,153.715,153.717,0.002,50
2026-09-11T17:48:18.643+00:00,153.716,153.719,0.003,50
2026-09-11T17:48:19.245+00:00,153.717,153.72,0.003,50
2026-09-11T17:48:19.445+00:00,153.716,153.719,0.003,50
2026-09-11T17:48:19.648+00:00,153.715,153.718,0.003,50
2026-09-11T17:48:19.847+00:00,153.716,153.719,0.003,51
2026-09-11T17:48:20.049+00:00,153.719,153.722,0.003,51
2026-09-11T17:48:20.250+00:00,153.72,153.723,0.003,51
2026-09-11T17:48:20.449+00:00,153.719,153.721,0.002,51
2026-09-11T17:48:20.658+00:00,153.72,153.723,0.003,51
2026-09-11T17:48:21.303+00:00,153.719,153.722,0.003,51
2026-09-11T17:48:21.503+00:00,153.72,153.723,0.003,51
2026-09-11T17:48:22.929+00:00,153.721,153.724,0.003,51
2026-09-11T17:48:23.129+00:00,153.72,153.723,0.003,51
2026-09-11T17:48:23.333+00:00,153.719,153.722,0.003,51
2026-09-11T17:48:24.339+00:00,153.717,153.72,0.003,51
2026-09-11T17:48:24.541+00:00,153.718,153.721,0.003,51
2026-09-11T17:48:24.739+00:00,153.717,153.72,0.003,51
2026-09-11T17:48:24.940+00:00,153.718,153.721,0.003,51
2026-09-11T17:48:25.143+00:00,153.719,153.722,0.003,51
2026-09-11T17:48:25.343+00:00,153.718,153.721,0.003,51
2026-09-11T17:48:25.546+00:00,153.717,153.719,0.002,51
2026-09-11T17:48:25.745+00:00,153.716,153.719,0.003,51
2026-09-11T17:48:27.557+00:00,153.717,153.72,0.003,51
2026-09-11T17:48:29.222+00:00,153.715,153.716,0.001,51
2026-09-11T17:48:29.423+00:00,153.716,153.719,0.003,51
2026-09-11T17:48:29.825+00:00,153.718,153.721,0.003,51
2026-09-11T17:48:30.234+00:00,153.717,153.72,0.003,51
2026-09-11T17:48:30.632+00:00,153.718,153.721,0.003,51
2026-09-11T17:48:31.035+00:00,153.717,153.72,0.003,51
2026-09-11T17:48:31.432+00:00,153.718,153.721,0.003,51
2026-09-11T17:48:31.632+00:00,153.716,153.719,0.003,51
2026-09-11T17:48:32.234+00:00,153.717,153.72,0.003,51
2026-09-11T17:48:33.040+00:00,153.717,153.721,0.004,51
2026-09-11T17:48:33.439+00:00,153.717,153.72,0.003,51
2026-09-11T17:48:35.806+00:00,153.718,153.721,0.003,51
2026-09-11T17:48:36.007+00:00,153.719,153.722,0.003,51
2026-09-11T17:48:36.208+00:00,153.717,153.72,0.003,51
2026-09-11T17:48:36.609+00:00,153.718,153.721,0.003,51
2026-09-11T17:48:36.813+00:00,153.717,153.72,0.003,51
2026-09-11T17:48:37.014+00:00,153.718,153.721,0.003,51
2026-09-11T17:48:37.414+00:00,153.717,153.72,0.003,51
2026-09-11T17:48:38.016+00:00,153.718,153.721,0.003,51
2026-09-11T17:48:39.461+00:00,153.717,153.719,0.002,51
2026-09-11T17:48:39.660+00:00,153.717,153.72,0.003,51
2026-09-11T17:48:39.861+00:00,153.718,153.721,0.003,51
2026-09-11T17:48:40.264+00:00,153.72,153.723,0.003,51
2026-09-11T17:48:40.869+00:00,153.719,153.722,0.003,51
2026-09-11T17:48:41.068+00:00,153.72,153.723,0.003,51
2026-09-11T17:48:41.270+00:00,153.719,153.722,0.003,51
2026-09-11T17:48:41.472+00:00,153.721,153.724,0.003,51
2026-09-11T17:48:41.669+00:00,153.719,153.722,0.003,51
2026-09-11T17:48:41.877+00:00,153.72,153.723,0.003,51
2026-09-11T17:48:42.078+00:00,153.719,153.722,0.003,51
2026-09-11T17:48:42.686+00:00,153.72,153.723,0.003,51
2026-09-11T17:48:43.488+00:00,153.717,153.72,0.003,51
2026-09-11T17:48:43.890+00:00,153.718,153.721,0.003,51
2026-09-11T17:48:44.696+00:00,153.717,153.72,0.003,52
2026-09-11T17:48:44.906+00:00,153.717,153.719,0.002,52
2026-09-11T17:48:45.098+00:00,153.717,153.72,0.003,52
2026-09-11T17:48:45.298+00:00,153.718,153.721,0.003,52
2026-09-11T17:48:45.498+00:00,153.719,153.722,0.003,52
2026-09-11T17:48:45.704+00:00,153.718,153.721,0.003,52
2026-09-11T17:48:45.901+00:00,153.719,153.722,0.003,52
2026-09-11T17:48:46.303+00:00,153.718,153.721,0.003,52
2026-09-11T17:48:46.505+00:00,153.719,153.722,0.003,52
2026-09-11T17:48:47.505+00:00,153.72,153.723,0.003,52
2026-09-11T17:48:47.705+00:00,153.719,153.722,0.003,52
2026-09-11T17:48:48.309+00:00,153.718,153.721,0.003,52
2026-09-11T17:48:48.509+00:00,153.719,153.722,0.003,52
2026-09-11T17:48:48.711+00:00,153.718,153.721,0.003,52
2026-09-11T17:48:48.912+00:00,153.719,153.722,0.003,52
2026-09-11T17:48:49.392+00:00,153.718,153.721,0.003,52
2026-09-11T17:48:49.588+00:00,153.717,153.72,0.003,52
2026-09-11T17:48:50.394+00:00,153.716,153.719,0.003,52
2026-09-11T17:48:50.596+00:00,153.717,153.72,0.003,52
2026-09-11T17:48:51.199+00:00,153.716,153.718,0.002,52
2026-09-11T17:48:51.602+00:00,153.717,153.719,0.002,52
2026-09-11T17:48:52.207+00:00,153.716,153.719,0.003,52
2026-09-11T17:48:52.608+00:00,153.717,153.72,0.003,52
2026-09-11T17:48:52.810+00:00,153.716,153.719,0.003,52
2026-09-11T17:48:53.011+00:00,153.717,153.72,0.003,52
2026-09-11T17:48:53.211+00:00,153.716,153.719,0.003,52
2026-09-11T17:48:54.221+00:00,153.716,153.718,0.002,52
2026-09-11T17:48:54.418+00:00,153.716,153.719,0.003,52
2026-09-11T17:48:54.821+00:00,153.717,153.72,0.003,52
2026-09-11T17:48:55.640+00:00,153.718,153.719,0.001,52
2026-09-11T17:48:55.840+00:00,153.717,153.72,0.003,52
2026-09-11T17:48:56.242+00:00,153.716,153.719,0.003,52
2026-09-11T17:48:56.444+00:00,153.717,153.72,0.003,52
2026-09-11T17:48:56.642+00:00,153.716,153.719,0.003,52
2026-09-11T17:48:57.249+00:00,153.717,153.72,0.003,52
2026-09-11T17:48:58.511+00:00,153.716,153.719,0.003,52
2026-09-11T17:48:59.320+00:00,153.717,153.72,0.003,52
2026-09-11T17:48:59.724+00:00,153.716,153.719,0.003,52
2026-09-11T17:48:59.928+00:00,153.717,153.72,0.003,52
2026-09-11T17:49:00.127+00:00,153.716,153.719,0.003,52
2026-09-11T17:49:00.328+00:00,153.719,153.721,0.002,52
2026-09-11T17:49:00.528+00:00,153.72,153.723,0.003,52
2026-09-11T17:49:00.929+00:00,153.718,153.721,0.003,52
2026-09-11T17:49:01.130+00:00,153.72,153.723,0.003,52
2026-09-11T17:49:02.342+00:00,153.719,153.722,0.003,52
2026-09-11T17:49:02.541+00:00,153.718,153.721,0.003,52
2026-09-11T17:49:03.960+00:00,153.716,153.719,0.003,52
2026-09-11T17:49:04.363+00:00,153.717,153.72,0.003,52
2026-09-11T17:49:05.366+00:00,153.712,153.715,0.003,52
2026-09-11T17:49:05.567+00:00,153.709,153.715,0.006,52
2026-09-11T17:49:05.969+00:00,153.712,153.715,0.003,52
2026-09-11T17:49:06.170+00:00,153.713,153.716,0.003,52
2026-09-11T17:49:06.569+00:00,153.71,153.718,0.008,52
2026-09-11T17:49:06.773+00:00,153.712,153.717,0.005,52
2026-09-11T17:49:06.973+00:00,153.712,153.715,0.003,52
2026-09-11T17:49:07.173+00:00,153.713,153.716,0.003,52
2026-09-11T17:49:07.374+00:00,153.714,153.717,0.003,52
2026-09-11T17:49:07.577+00:00,153.712,153.715,0.003,52
2026-09-11T17:49:07.977+00:00,153.711,153.714,0.003,52
2026-09-11T17:49:08.178+00:00,153.712,153.715,0.003,52
2026-09-11T17:49:09.182+00:00,153.71,153.713,0.003,52
2026-09-11T17:49:09.385+00:00,153.711,153.715,0.004,52
2026-09-11T17:49:09.783+00:00,153.712,153.715,0.003,52
2026-09-11T17:49:09.985+00:00,153.711,153.714,0.003,53
2026-09-11T17:49:10.386+00:00,153.71,153.713,0.003,53
2026-09-11T17:49:10.585+00:00,153.711,153.714,0.003,53
2026-09-11T17:49:10.790+00:00,153.71,153.713,0.003,53
2026-09-11T17:49:10.991+00:00,153.708,153.711,0.003,53
2026-09-11T17:49:11.193+00:00,153.707,153.71,0.003,53
2026-09-11T17:49:11.393+00:00,153.708,153.711,0.003,53
2026-09-11T17:49:11.594+00:00,153.707,153.71,0.003,53
2026-09-11T17:49:11.794+00:00,153.708,153.711,0.003,53
2026-09-11T17:49:11.996+00:00,153.707,153.71,0.003,53
2026-09-11T17:49:12.597+00:00,153.706,153.709,0.003,53
2026-09-11T17:49:12.796+00:00,153.707,153.71,0.003,53
2026-09-11T17:49:12.997+00:00,153.708,153.71,0.002,53
2026-09-11T17:49:13.199+00:00,153.708,153.711,0.003,53
2026-09-11T17:49:13.808+00:00,153.709,153.712,0.003,53
2026-09-11T17:49:14.615+00:00,153.71,153.713,0.003,53
2026-09-11T17:49:14.812+00:00,153.707,153.71,0.003,53
2026-09-11T17:49:15.014+00:00,153.711,153.713,0.002,53
2026-09-11T17:49:15.418+00:00,153.71,153.712,0.002,53
2026-09-11T17:49:15.620+00:00,153.711,153.713,0.002,53
2026-09-11T17:49:15.820+00:00,153.709,153.712,0.003,53
2026-09-11T17:49:16.022+00:00,153.711,153.714,0.003,53
2026-09-11T17:49:16.224+00:00,153.71,153.713,0.003,53
2026-09-11T17:49:16.424+00:00,153.709,153.712,0.003,53
2026-09-11T17:49:16.825+00:00,153.71,153.713,0.003,53
2026-09-11T17:49:17.025+00:00,153.709,153.712,0.003,53
2026-09-11T17:49:17.225+00:00,153.711,153.714,0.003,53
2026-09-11T17:49:18.822+00:00,153.709,153.712,0.003,53
2026-09-11T17:49:19.023+00:00,153.711,153.714,0.003,53
2026-09-11T17:49:19.225+00:00,153.709,153.712,0.003,53
2026-09-11T17:49:19.425+00:00,153.711,153.714,0.003,53
2026-09-11T17:49:19.624+00:00,153.709,153.712,0.003,53
2026-09-11T17:49:20.028+00:00,153.711,153.714,0.003,53
2026-09-11T17:49:20.632+00:00,153.71,153.712,0.002,53
2026-09-11T17:49:20.832+00:00,153.711,153.714,0.003,53
2026-09-11T17:49:21.033+00:00,153.71,153.712,0.002,53
2026-09-11T17:49:21.233+00:00,153.711,153.714,0.003,53
2026-09-11T17:49:21.433+00:00,153.712,153.715,0.003,53
2026-09-11T17:49:21.635+00:00,153.711,153.714,0.003,53
2026-09-11T17:49:22.675+00:00,153.709,153.712,0.003,53
2026-09-11T17:49:22.881+00:00,153.711,153.714,0.003,53
2026-09-11T17:49:23.079+00:00,153.71,153.713,0.003,53
2026-09-11T17:49:23.282+00:00,153.711,153.714,0.003,53
2026-09-11T17:49:23.484+00:00,153.707,153.712,0.005,53
2026-09-11T17:49:23.683+00:00,153.708,153.714,0.006,53
2026-09-11T17:49:23.887+00:00,153.711,153.714,0.003,53
2026-09-11T17:49:24.245+00:00,153.71,153.713,0.003,53
2026-09-11T17:49:24.445+00:00,153.709,153.712,0.003,53
2026-09-11T17:49:24.645+00:00,153.708,153.711,0.003,53
2026-09-11T17:49:25.047+00:00,153.707,153.71,0.003,53
2026-09-11T17:49:25.249+00:00,153.708,153.711,0.003,53
2026-09-11T17:49:25.653+00:00,153.709,153.712,0.003,53
2026-09-11T17:49:28.319+00:00,153.71,153.713,0.003,53
2026-09-11T17:49:28.720+00:00,153.711,153.714,0.003,53
2026-09-11T17:49:29.120+00:00,153.71,153.713,0.003,53
2026-09-11T17:49:29.524+00:00,153.711,153.714,0.003,53
2026-09-11T17:49:29.926+00:00,153.71,153.712,0.002,53
2026-09-11T17:49:30.327+00:00,153.709,153.712,0.003,53
2026-09-11T17:49:30.527+00:00,153.71,153.713,0.003,53
2026-09-11T17:49:30.729+00:00,153.711,153.714,0.003,53
2026-09-11T17:49:30.931+00:00,153.709,153.712,0.003,53
2026-09-11T17:49:31.333+00:00,153.711,153.714,0.003,53
2026-09-11T17:49:31.530+00:00,153.712,153.715,0.003,53
2026-09-11T17:49:31.734+00:00,153.71,153.712,0.002,53
2026-09-11T17:49:32.237+00:00,153.711,153.714,0.003,53
2026-09-11T17:49:33.168+00:00,153.712,153.715,0.003,53
2026-09-11T17:49:33.369+00:00,153.71,153.712,0.002,53
2026-09-11T17:49:33.568+00:00,153.71,153.713,0.003,53
2026-09-11T17:49:33.767+00:00,153.71,153.712,0.002,53
2026-09-11T17:49:33.969+00:00,153.71,153.713,0.003,53
2026-09-11T17:49:35.512+00:00,153.708,153.711,0.003,54
2026-09-11T17:49:35.713+00:00,153.709,153.712,0.003,54
2026-09-11T17:49:35.914+00:00,153.708,153.711,0.003,54
2026-09-11T17:49:36.115+00:00,153.711,153.714,0.003,54
2026-09-11T17:49:36.926+00:00,153.71,153.713,0.003,54
2026-09-11T17:49:37.235+00:00,153.711,153.714,0.003,54
2026-09-11T17:49:37.441+00:00,153.71,153.713,0.003,54
2026-09-11T17:49:37.844+00:00,153.71,153.714,0.004,54
2026-09-11T17:49:38.041+00:00,153.711,153.714,0.003,54
2026-09-11T17:49:38.243+00:00,153.71,153.713,0.003,54
2026-09-11T17:49:38.552+00:00,153.711,153.714,0.003,54
2026-09-11T17:49:38.751+00:00,153.71,153.713,0.003,54
2026-09-11T17:49:39.166+00:00,153.711,153.714,0.003,54
2026-09-11T17:49:39.363+00:00,153.71,153.713,0.003,54
2026-09-11T17:49:39.561+00:00,153.712,153.715,0.003,54
2026-09-11T17:49:39.762+00:00,153.711,153.714,0.003,54
2026-09-11T17:49:39.965+00:00,153.712,153.715,0.003,54
2026-09-11T17:49:40.164+00:00,153.711,153.714,0.003,54
2026-09-11T17:49:40.364+00:00,153.71,153.713,0.003,54
2026-09-11T17:49:41.382+00:00,153.711,153.714,0.003,54
2026-09-11T17:49:42.372+00:00,153.712,153.715,0.003,54
2026-09-11T17:49:42.524+00:00,153.711,153.714,0.003,54
2026-09-11T17:49:43.324+00:00,153.712,153.715,0.003,54
2026-09-11T17:49:43.522+00:00,153.711,153.714,0.003,54
2026-09-11T17:49:43.791+00:00,153.712,153.715,0.003,54
2026-09-11T17:49:44.194+00:00,153.711,153.714,0.003,54
2026-09-11T17:49:44.727+00:00,153.71,153.712,0.002,54
2026-09-11T17:49:44.930+00:00,153.711,153.714,0.003,54
2026-09-11T17:49:45.997+00:00,153.71,153.713,0.003,54
2026-09-11T17:49:46.913+00:00,153.711,153.714,0.003,54
2026-09-11T17:49:47.538+00:00,153.71,153.713,0.003,54
2026-09-11T17:49:48.314+00:00,153.711,153.714,0.003,54
2026-09-11T17:49:49.919+00:00,153.712,153.715,0.003,54
2026-09-11T17:49:50.119+00:00,153.711,153.714,0.003,54
2026-09-11T17:49:51.126+00:00,153.711,153.716,0.005,54
2026-09-11T17:49:51.526+00:00,153.71,153.713,0.003,54
2026-09-11T17:49:51.726+00:00,153.711,153.714,0.003,54
2026-09-11T17:49:52.937+00:00,153.71,153.713,0.003,54
2026-09-11T17:49:53.135+00:00,153.712,153.715,0.003,54
2026-09-11T17:49:53.336+00:00,153.711,153.714,0.003,54
2026-09-11T17:49:53.560+00:00,153.712,153.715,0.003,54
2026-09-11T17:49:53.761+00:00,153.71,153.713,0.003,54
2026-09-11T17:49:53.961+00:00,153.711,153.714,0.003,54
2026-09-11T17:49:55.100+00:00,153.712,153.715,0.003,54
2026-09-11T17:49:55.300+00:00,153.711,153.714,0.003,54
2026-09-11T17:49:55.903+00:00,153.712,153.715,0.003,54
2026-09-11T17:49:56.506+00:00,153.711,153.714,0.003,54
2026-09-11T17:49:56.707+00:00,153.712,153.715,0.003,54
2026-09-11T17:49:57.321+00:00,153.711,153.714,0.003,54
2026-09-11T17:49:57.919+00:00,153.712,153.715,0.003,54
2026-09-11T17:49:58.319+00:00,153.713,153.716,0.003,54
2026-09-11T17:49:58.525+00:00,153.711,153.714,0.003,54
2026-09-11T17:49:58.724+00:00,153.712,153.715,0.003,54
2026-09-11T17:49:59.127+00:00,153.713,153.716,0.003,54
2026-09-11T17:49:59.327+00:00,153.712,153.715,0.003,54
2026-09-11T17:49:59.529+00:00,153.711,153.713,0.002,54
2026-09-11T17:49:59.730+00:00,153.713,153.716,0.003,54
2026-09-11T17:50:00.433+00:00,153.712,153.715,0.003,55
2026-09-11T17:50:01.548+00:00,153.711,153.713,0.002,55
2026-09-11T17:50:01.748+00:00,153.711,153.714,0.003,55
2026-09-11T17:50:01.951+00:00,153.712,153.715,0.003,55
2026-09-11T17:50:02.154+00:00,153.711,153.714,0.003,55
2026-09-11T17:50:02.555+00:00,153.712,153.715,0.003,55
2026-09-11T17:50:02.751+00:00,153.71,153.713,0.003,55
2026-09-11T17:50:03.090+00:00,153.711,153.714,0.003,55
2026-09-11T17:50:03.503+00:00,153.71,153.714,0.004,55
2026-09-11T17:50:03.905+00:00,153.711,153.714,0.003,55
2026-09-11T17:50:04.197+00:00,153.711,153.715,0.004,55
2026-09-11T17:50:04.397+00:00,153.71,153.714,0.004,55
2026-09-11T17:50:04.732+00:00,153.711,153.714,0.003,55
2026-09-11T17:50:05.291+00:00,153.71,153.713,0.003,55
2026-09-11T17:50:05.492+00:00,153.708,153.713,0.005,55
2026-09-11T17:50:05.692+00:00,153.709,153.714,0.005,55
2026-09-11T17:50:05.894+00:00,153.711,153.714,0.003,55
2026-09-11T17:50:07.688+00:00,153.712,153.715,0.003,55
2026-09-11T17:50:07.890+00:00,153.711,153.714,0.003,55
2026-09-11T17:50:08.493+00:00,153.711,153.713,0.002,55
2026-09-11T17:50:08.692+00:00,153.712,153.715,0.003,55
2026-09-11T17:50:08.898+00:00,153.711,153.714,0.003,55
2026-09-11T17:50:09.829+00:00,153.711,153.713,0.002,55
2026-09-11T17:50:10.033+00:00,153.711,153.714,0.003,55
2026-09-11T17:50:10.231+00:00,153.713,153.716,0.003,55
2026-09-11T17:50:10.433+00:00,153.712,153.715,0.003,55
2026-09-11T17:50:10.865+00:00,153.711,153.713,0.002,55
2026-09-11T17:50:11.067+00:00,153.712,153.715,0.003,55
2026-09-11T17:50:11.266+00:00,153.715,153.718,0.003,55
2026-09-11T17:50:11.467+00:00,153.716,153.719,0.003,55
2026-09-11T17:50:11.671+00:00,153.717,153.72,0.003,55
2026-09-11T17:50:12.070+00:00,153.716,153.719,0.003,55
2026-09-11T17:50:12.477+00:00,153.717,153.72,0.003,55
2026-09-11T17:50:13.283+00:00,153.716,153.721,0.005,55
2026-09-11T17:50:13.686+00:00,153.718,153.723,0.005,55
2026-09-11T17:50:13.885+00:00,153.717,153.72,0.003,55
2026-09-11T17:50:14.689+00:00,153.714,153.717,0.003,55
2026-09-11T17:50:15.489+00:00,153.714,153.718,0.004,55
2026-09-11T17:50:15.689+00:00,153.712,153.718,0.006,55
2026-09-11T17:50:15.890+00:00,153.711,153.718,0.007,55
2026-09-11T17:50:16.099+00:00,153.715,153.72,0.005,55
2026-09-11T17:50:16.292+00:00,153.717,153.72,0.003,55
2026-09-11T17:50:16.494+00:00,153.715,153.718,0.003,55
2026-09-11T17:50:16.695+00:00,153.716,153.719,0.003,55
2026-09-11T17:50:16.895+00:00,153.715,153.718,0.003,55
2026-09-11T17:50:17.107+00:00,153.717,153.72,0.003,55
2026-09-11T17:50:17.299+00:00,153.716,153.719,0.003,55
2026-09-11T17:50:17.499+00:00,153.715,153.718,0.003,55
2026-09-11T17:50:18.702+00:00,153.716,153.719,0.003,55
2026-09-11T17:50:20.556+00:00,153.715,153.718,0.003,55
2026-09-11T17:50:20.757+00:00,153.716,153.719,0.003,55
2026-09-11T17:50:21.216+00:00,153.714,153.716,0.002,55
2026-09-11T17:50:21.407+00:00,153.716,153.719,0.003,55
2026-09-11T17:50:21.610+00:00,153.715,153.718,0.003,55
2026-09-11T17:50:22.411+00:00,153.716,153.719,0.003,55
2026-09-11T17:50:22.818+00:00,153.715,153.718,0.003,55
2026-09-11T17:50:23.017+00:00,153.716,153.719,0.003,55
2026-09-11T17:50:24.661+00:00,153.715,153.718,0.003,55
2026-09-11T17:50:25.263+00:00,153.716,153.719,0.003,56
2026-09-11T17:50:26.671+00:00,153.717,153.72,0.003,56
2026-09-11T17:50:26.870+00:00,153.716,153.719,0.003,56
2026-09-11T17:50:28.074+00:00,153.717,153.72,0.003,56
2026-09-11T17:50:29.093+00:00,153.716,153.719,0.003,56
2026-09-11T17:50:29.501+00:00,153.715,153.718,0.003,56
2026-09-11T17:50:29.899+00:00,153.717,153.72,0.003,56
2026-09-11T17:50:30.471+00:00,153.716,153.718,0.002,56
2026-09-11T17:50:30.667+00:00,153.717,153.72,0.003,56
2026-09-11T17:50:32.087+00:00,153.716,153.719,0.003,56
2026-09-11T17:50:32.486+00:00,153.716,153.72,0.004,56
2026-09-11T17:50:32.687+00:00,153.715,153.719,0.004,56
2026-09-11T17:50:32.885+00:00,153.72,153.721,0.001,56
2026-09-11T17:50:33.088+00:00,153.719,153.722,0.003,56
2026-09-11T17:50:33.288+00:00,153.718,153.72,0.002,56
2026-09-11T17:50:33.496+00:00,153.72,153.721,0.001,56
2026-09-11T17:50:33.893+00:00,153.719,153.722,0.003,56
2026-09-11T17:50:35.099+00:00,153.72,153.721,0.001,56
2026-09-11T17:50:35.297+00:00,153.719,153.722,0.003,56
2026-09-11T17:50:35.500+00:00,153.716,153.719,0.003,56
2026-09-11T17:50:36.102+00:00,153.717,153.72,0.003,56
2026-09-11T17:50:36.707+00:00,153.718,153.721,0.003,56
2026-09-11T17:50:37.590+00:00,153.716,153.719,0.003,56
2026-09-11T17:50:37.794+00:00,153.717,153.72,0.003,56
2026-09-11T17:50:37.994+00:00,153.718,153.719,0.001,56
2026-09-11T17:50:38.196+00:00,153.716,153.719,0.003,56
2026-09-11T17:50:39.805+00:00,153.717,153.72,0.003,56
2026-09-11T17:50:40.008+00:00,153.716,153.719,0.003,56
2026-09-11T17:50:40.216+00:00,153.717,153.72,0.003,56
2026-09-11T17:50:41.018+00:00,153.718,153.721,0.003,56
2026-09-11T17:50:41.621+00:00,153.717,153.72,0.003,56
2026-09-11T17:50:42.544+00:00,153.718,153.721,0.003,56
2026-09-11T17:50:43.060+00:00,153.717,153.72,0.003,56
2026-09-11T17:50:43.463+00:00,153.718,153.721,0.003,56
2026-09-11T17:50:46.017+00:00,153.717,153.721,0.004,56
2026-09-11T17:50:46.431+00:00,153.718,153.721,0.003,56
2026-09-11T17:50:47.310+00:00,153.718,153.724,0.006,56
2026-09-11T17:50:47.779+00:00,153.717,153.72,0.003,56
2026-09-11T17:50:48.183+00:00,153.718,153.721,0.003,56
2026-09-11T17:50:48.586+00:00,153.717,153.72,0.003,56
2026-09-11T17:50:50.008+00:00,153.718,153.721,0.003,56
2026-09-11T17:50:50.207+00:00,153.717,153.72,0.003,57
2026-09-11T17:50:51.818+00:00,153.718,153.721,0.003,57
2026-09-11T17:50:52.015+00:00,153.717,153.72,0.003,57
2026-09-11T17:50:53.940+00:00,153.718,153.721,0.003,57
2026-09-11T17:50:54.205+00:00,153.717,153.72,0.003,57
2026-09-11T17:50:54.408+00:00,153.718,153.721,0.003,57
2026-09-11T17:50:54.606+00:00,153.717,153.72,0.003,57
2026-09-11T17:50:54.806+00:00,153.716,153.719,0.003,57
2026-09-11T17:50:56.812+00:00,153.717,153.72,0.003,57
2026-09-11T17:50:57.017+00:00,153.716,153.719,0.003,57
2026-09-11T17:50:57.416+00:00,153.717,153.72,0.003,57
2026-09-11T17:50:57.762+00:00,153.716,153.719,0.003,57
2026-09-11T17:50:59.639+00:00,153.713,153.716,0.003,57
2026-09-11T17:50:59.840+00:00,153.714,153.717,0.003,57
2026-09-11T17:51:00.044+00:00,153.715,153.718,0.003,57
2026-09-11T17:51:00.243+00:00,153.716,153.719,0.003,57
2026-09-11T17:51:02.058+00:00,153.717,153.72,0.003,57
2026-09-11T17:51:02.254+00:00,153.716,153.719,0.003,57
2026-09-11T17:51:02.861+00:00,153.717,153.72,0.003,57
2026-09-11T17:51:03.783+00:00,153.716,153.719,0.003,57
2026-09-11T17:51:06.400+00:00,153.718,153.721,0.003,57
2026-09-11T17:51:06.599+00:00,153.717,153.72,0.003,57
2026-09-11T17:51:07.005+00:00,153.718,153.721,0.003,57
2026-09-11T17:51:07.203+00:00,153.717,153.72,0.003,57
2026-09-11T17:51:07.607+00:00,153.718,153.721,0.003,57
2026-09-11T17:51:07.810+00:00,153.717,153.72,0.003,57
2026-09-11T17:51:08.012+00:00,153.718,153.721,0.003,57
2026-09-11T17:51:08.215+00:00,153.713,153.716,0.003,57
2026-09-11T17:51:08.422+00:00,153.714,153.717,0.003,57
2026-09-11T17:51:08.620+00:00,153.713,153.716,0.003,57
2026-09-11T17:51:09.518+00:00,153.714,153.717,0.003,57
2026-09-11T17:51:10.982+00:00,153.713,153.716,0.003,57
2026-09-11T17:51:11.385+00:00,153.711,153.714,0.003,57
2026-09-11T17:51:11.586+00:00,153.712,153.713,0.001,57
2026-09-11T17:51:11.786+00:00,153.714,153.717,0.003,57
2026-09-11T17:51:11.987+00:00,153.712,153.715,0.003,57
2026-09-11T17:51:12.188+00:00,153.713,153.716,0.003,57
2026-09-11T17:51:12.388+00:00,153.715,153.718,0.003,57
2026-09-11T17:51:12.588+00:00,153.716,153.719,0.003,57
2026-09-11T17:51:13.190+00:00,153.715,153.718,0.003,57
2026-09-11T17:51:13.392+00:00,153.716,153.719,0.003,57
2026-09-11T17:51:14.416+00:00,153.715,153.718,0.003,57
2026-09-11T17:51:14.723+00:00,153.713,153.715,0.002,57
2026-09-11T17:51:14.924+00:00,153.715,153.718,0.003,57
2026-09-11T17:51:15.326+00:00,153.716,153.719,0.003,58
2026-09-11T17:51:15.525+00:00,153.717,153.72,0.003,58
2026-09-11T17:51:15.726+00:00,153.716,153.719,0.003,58
2026-09-11T17:51:15.927+00:00,153.717,153.72,0.003,58
2026-09-11T17:51:16.127+00:00,153.716,153.719,0.003,58
2026-09-11T17:51:16.327+00:00,153.715,153.718,0.003,58
2026-09-11T17:51:16.527+00:00,153.716,153.717,0.001,58
2026-09-11T17:51:16.731+00:00,153.716,153.719,0.003,58
2026-09-11T17:51:17.129+00:00,153.717,153.718,0.001,58
2026-09-11T17:51:17.331+00:00,153.715,153.716,0.001,58
2026-09-11T17:51:17.544+00:00,153.715,153.717,0.002,58
2026-09-11T17:51:17.731+00:00,153.715,153.718,0.003,58
2026-09-11T17:51:18.546+00:00,153.713,153.714,0.001,58
2026-09-11T17:51:18.939+00:00,153.711,153.713,0.002,58
2026-09-11T17:51:19.343+00:00,153.713,153.714,0.001,58
2026-09-11T17:51:19.545+00:00,153.712,153.715,0.003,58
2026-09-11T17:51:20.701+00:00,153.713,153.716,0.003,58
2026-09-11T17:51:20.900+00:00,153.712,153.715,0.003,58
2026-09-11T17:51:21.303+00:00,153.711,153.714,0.003,58
2026-09-11T17:51:21.504+00:00,153.71,153.713,0.003,58
2026-09-11T17:51:22.542+00:00,153.711,153.714,0.003,58
2026-09-11T17:51:22.947+00:00,153.712,153.713,0.001,58
2026-09-11T17:51:23.144+00:00,153.711,153.714,0.003,58
2026-09-11T17:51:24.754+00:00,153.712,153.713,0.001,58
2026-09-11T17:51:26.735+00:00,153.711,153.712,0.001,58
2026-09-11T17:51:27.138+00:00,153.712,153.713,0.001,58
2026-09-11T17:51:27.337+00:00,153.711,153.712,0.001,58
2026-09-11T17:51:27.549+00:00,153.712,153.714,0.002,58
2026-09-11T17:51:27.747+00:00,153.711,153.713,0.002,58
2026-09-11T17:51:27.949+00:00,153.712,153.715,0.003,58
2026-09-11T17:51:28.149+00:00,153.711,153.714,0.003,58
2026-09-11T17:51:29.160+00:00,153.711,153.713,0.002,58
2026-09-11T17:51:29.359+00:00,153.712,153.714,0.002,58
2026-09-11T17:51:30.249+00:00,153.711,153.713,0.002,58
2026-09-11T17:51:30.453+00:00,153.711,153.714,0.003,58
2026-09-11T17:51:30.656+00:00,153.71,153.713,0.003,58
2026-09-11T17:51:32.083+00:00,153.711,153.714,0.003,58
2026-09-11T17:51:32.561+00:00,153.71,153.713,0.003,58
2026-09-11T17:51:33.324+00:00,153.711,153.714,0.003,58
2026-09-11T17:51:34.222+00:00,153.712,153.715,0.003,58
2026-09-11T17:51:34.423+00:00,153.711,153.714,0.003,58
2026-09-11T17:51:34.626+00:00,153.713,153.716,0.003,58
2026-09-11T17:51:34.827+00:00,153.712,153.715,0.003,58
2026-09-11T17:51:35.613+00:00,153.71,153.713,0.003,58
2026-09-11T17:51:35.814+00:00,153.711,153.712,0.001,58
2026-09-11T17:51:36.014+00:00,153.71,153.713,0.003,58
2026-09-11T17:51:36.214+00:00,153.711,153.712,0.001,58
2026-09-11T17:51:36.414+00:00,153.712,153.713,0.001,58
2026-09-11T17:51:36.615+00:00,153.711,153.712,0.001,58
2026-09-11T17:51:37.418+00:00,153.712,153.713,0.001,58
2026-09-11T17:51:37.620+00:00,153.711,153.714,0.003,58
2026-09-11T17:51:38.734+00:00,153.71,153.713,0.003,58
2026-09-11T17:51:38.935+00:00,153.712,153.713,0.001,58
2026-09-11T17:51:39.136+00:00,153.71,153.713,0.003,58
2026-09-11T17:51:39.338+00:00,153.711,153.712,0.001,58
2026-09-11T17:51:39.538+00:00,153.709,153.712,0.003,58
2026-09-11T17:51:39.941+00:00,153.708,153.711,0.003,58
2026-09-11T17:51:40.888+00:00,153.709,153.712,0.003,59
2026-09-11T17:51:41.090+00:00,153.711,153.714,0.003,59
2026-09-11T17:51:41.291+00:00,153.712,153.715,0.003,59
2026-09-11T17:51:41.689+00:00,153.711,153.714,0.003,59
2026-09-11T17:51:42.293+00:00,153.712,153.715,0.003,59
2026-09-11T17:51:43.355+00:00,153.71,153.713,0.003,59
2026-09-11T17:51:43.553+00:00,153.709,153.712,0.003,59
2026-09-11T17:51:45.157+00:00,153.71,153.711,0.001,59
2026-09-11T17:51:45.345+00:00,153.709,153.712,0.003,59
2026-09-11T17:51:46.354+00:00,153.708,153.711,0.003,59
2026-09-11T17:51:46.557+00:00,153.709,153.712,0.003,59
2026-09-11T17:51:48.171+00:00,153.71,153.713,0.003,59
2026-09-11T17:51:49.266+00:00,153.711,153.714,0.003,59
2026-09-11T17:51:49.466+00:00,153.71,153.713,0.003,59
2026-09-11T17:51:49.958+00:00,153.709,153.712,0.003,59
2026-09-11T17:51:50.160+00:00,153.71,153.713,0.003,59
2026-09-11T17:51:50.362+00:00,153.709,153.712,0.003,59
2026-09-11T17:51:50.562+00:00,153.707,153.711,0.004,59
2026-09-11T17:51:50.763+00:00,153.706,153.71,0.004,59
2026-09-11T17:51:50.963+00:00,153.706,153.709,0.003,59
2026-09-11T17:51:51.364+00:00,153.707,153.71,0.003,59
2026-09-11T17:51:52.404+00:00,153.706,153.709,0.003,59
2026-09-11T17:51:53.618+00:00,153.707,153.71,0.003,59
2026-09-11T17:51:53.817+00:00,153.706,153.709,0.003,59
2026-09-11T17:51:54.017+00:00,153.707,153.71,0.003,59
2026-09-11T17:51:54.235+00:00,153.706,153.709,0.003,59
2026-09-11T17:51:54.432+00:00,153.708,153.711,0.003,59
2026-09-11T17:51:54.632+00:00,153.707,153.71,0.003,59
2026-09-11T17:51:56.441+00:00,153.706,153.71,0.004,59
2026-09-11T17:51:56.843+00:00,153.706,153.711,0.005,59
2026-09-11T17:51:57.447+00:00,153.707,153.711,0.004,59
2026-09-11T17:51:57.649+00:00,153.708,153.711,0.003,59
2026-09-11T17:51:58.656+00:00,153.707,153.71,0.003,59
2026-09-11T17:51:58.854+00:00,153.708,153.711,0.003,59
2026-09-11T17:51:59.656+00:00,153.707,153.71,0.003,59
2026-09-11T17:52:02.554+00:00,153.704,153.71,0.006,59
2026-09-11T17:52:02.957+00:00,153.706,153.71,0.004,59
2026-09-11T17:52:03.355+00:00,153.708,153.711,0.003,59
2026-09-11T17:52:03.956+00:00,153.707,153.71,0.003,59
2026-09-11T17:52:04.159+00:00,153.709,153.712,0.003,59
2026-09-11T17:52:04.365+00:00,153.708,153.711,0.003,59
2026-09-11T17:52:05.162+00:00,153.709,153.714,0.005,59
2026-09-11T17:52:05.363+00:00,153.708,153.713,0.005,60
2026-09-11T17:52:05.564+00:00,153.709,153.712,0.003,60
2026-09-11T17:52:05.765+00:00,153.708,153.711,0.003,60
2026-09-11T17:52:05.967+00:00,153.707,153.71,0.003,60
2026-09-11T17:52:06.167+00:00,153.707,153.712,0.005,60
2026-09-11T17:52:06.368+00:00,153.708,153.713,0.005,60
2026-09-11T17:52:06.575+00:00,153.708,153.711,0.003,60
2026-09-11T17:52:07.175+00:00,153.707,153.71,0.003,60
2026-09-11T17:52:08.178+00:00,153.706,153.709,0.003,60
2026-09-11T17:52:08.423+00:00,153.707,153.71,0.003,60
2026-09-11T17:52:08.621+00:00,153.706,153.709,0.003,60
2026-09-11T17:52:08.821+00:00,153.705,153.708,0.003,60
2026-09-11T17:52:09.227+00:00,153.706,153.709,0.003,60
2026-09-11T17:52:09.743+00:00,153.705,153.708,0.003,60
2026-09-11T17:52:10.095+00:00,153.706,153.709,0.003,60
2026-09-11T17:52:11.305+00:00,153.705,153.708,0.003,60
2026-09-11T17:52:11.508+00:00,153.706,153.709,0.003,60
2026-09-11T17:52:12.296+00:00,153.705,153.709,0.004,60
2026-09-11T17:52:12.804+00:00,153.706,153.709,0.003,60
2026-09-11T17:52:13.005+00:00,153.705,153.708,0.003,60
2026-09-11T17:52:13.205+00:00,153.706,153.709,0.003,60
2026-09-11T17:52:13.406+00:00,153.703,153.709,0.006,60
2026-09-11T17:52:13.605+00:00,153.706,153.709,0.003,60
2026-09-11T17:52:14.616+00:00,153.705,153.708,0.003,60
2026-09-11T17:52:15.218+00:00,153.706,153.709,0.003,60
2026-09-11T17:52:15.418+00:00,153.705,153.708,0.003,60
2026-09-11T17:52:15.618+00:00,153.706,153.709,0.003,60
2026-09-11T17:52:16.029+00:00,153.705,153.708,0.003,60
2026-09-11T17:52:16.230+00:00,153.706,153.709,0.003,60
2026-09-11T17:52:17.036+00:00,153.707,153.71,0.003,60
2026-09-11T17:52:17.436+00:00,153.708,153.711,0.003,60
2026-09-11T17:52:17.637+00:00,153.707,153.71,0.003,60
2026-09-11T17:52:17.841+00:00,153.708,153.711,0.003,60
2026-09-11T17:52:18.041+00:00,153.707,153.71,0.003,60
2026-09-11T17:52:18.241+00:00,153.708,153.711,0.003,60
2026-09-11T17:52:20.111+00:00,153.709,153.712,0.003,60
2026-09-11T17:52:20.916+00:00,153.709,153.716,0.007,60
2026-09-11T17:52:21.120+00:00,153.707,153.714,0.007,60
2026-09-11T17:52:21.318+00:00,153.709,153.716,0.007,60
2026-09-11T17:52:21.519+00:00,153.708,153.714,0.006,60
2026-09-11T17:52:21.720+00:00,153.708,153.711,0.003,60
2026-09-11T17:52:22.044+00:00,153.709,153.712,0.003,60
2026-09-11T17:52:22.465+00:00,153.708,153.711,0.003,60
2026-09-11T17:52:22.667+00:00,153.709,153.712,0.003,60
2026-09-11T17:52:23.068+00:00,153.71,153.713,0.003,60
2026-09-11T17:52:23.472+00:00,153.711,153.712,0.001,60
2026-09-11T17:52:23.670+00:00,153.711,153.714,0.003,60
2026-09-11T17:52:23.868+00:00,153.709,153.712,0.003,60
2026-09-11T17:52:24.070+00:00,153.71,153.713,0.003,60
2026-09-11T17:52:24.271+00:00,153.713,153.716,0.003,60
2026-09-11T17:52:24.475+00:00,153.712,153.715,0.003,60
2026-09-11T17:52:24.673+00:00,153.71,153.713,0.003,60
2026-09-11T17:52:25.074+00:00,153.711,153.714,0.003,60
2026-09-11T17:52:25.608+00:00,153.71,153.713,0.003,60
2026-09-11T17:52:26.324+00:00,153.711,153.714,0.003,60
2026-09-11T17:52:26.526+00:00,153.71,153.713,0.003,60
2026-09-11T17:52:26.727+00:00,153.712,153.713,0.001,60
2026-09-11T17:52:26.929+00:00,153.712,153.715,0.003,60
2026-09-11T17:52:27.330+00:00,153.713,153.716,0.003,60
2026-09-11T17:52:27.535+00:00,153.711,153.714,0.003,60
2026-09-11T17:52:27.733+00:00,153.713,153.716,0.003,60
2026-09-11T17:52:27.933+00:00,153.712,153.715,0.003,60
2026-09-11T17:52:28.738+00:00,153.711,153.714,0.003,60
2026-09-11T17:52:28.941+00:00,153.712,153.714,0.002,60
2026-09-11T17:52:29.142+00:00,153.713,153.716,0.003,60
2026-09-11T17:52:31.486+00:00,153.712,153.716,0.004,61
2026-09-11T17:52:31.689+00:00,153.711,153.715,0.004,61
2026-09-11T17:52:31.889+00:00,153.712,153.715,0.003,61
2026-09-11T17:52:32.691+00:00,153.713,153.717,0.004,61
2026-09-11T17:52:32.893+00:00,153.715,153.718,0.003,61
2026-09-11T17:52:33.102+00:00,153.714,153.717,0.003,61
2026-09-11T17:52:33.294+00:00,153.715,153.718,0.003,61
2026-09-11T17:52:33.495+00:00,153.716,153.719,0.003,61
2026-09-11T17:52:33.694+00:00,153.715,153.718,0.003,61
2026-09-11T17:52:33.897+00:00,153.714,153.717,0.003,61
2026-09-11T17:52:34.698+00:00,153.715,153.716,0.001,61
2026-09-11T17:52:34.898+00:00,153.712,153.715,0.003,61
2026-09-11T17:52:35.300+00:00,153.711,153.715,0.004,61
2026-09-11T17:52:35.706+00:00,153.712,153.715,0.003,61
2026-09-11T17:52:38.012+00:00,153.713,153.715,0.002,61
2026-09-11T17:52:38.459+00:00,153.713,153.718,0.005,61
2026-09-11T17:52:38.862+00:00,153.714,153.72,0.006,61
2026-09-11T17:52:39.062+00:00,153.714,153.717,0.003,61
2026-09-11T17:52:40.759+00:00,153.712,153.715,0.003,61
2026-09-11T17:52:40.958+00:00,153.712,153.716,0.004,61
2026-09-11T17:52:41.558+00:00,153.712,153.715,0.003,61
2026-09-11T17:52:41.962+00:00,153.713,153.716,0.003,61
2026-09-11T17:52:42.168+00:00,153.712,153.715,0.003,61
2026-09-11T17:52:42.766+00:00,153.713,153.716,0.003,61
2026-09-11T17:52:43.170+00:00,153.712,153.715,0.003,61
2026-09-11T17:52:43.375+00:00,153.714,153.715,0.001,61
2026-09-11T17:52:43.775+00:00,153.712,153.715,0.003,61
2026-09-11T17:52:44.178+00:00,153.713,153.716,0.003,61
2026-09-11T17:52:44.519+00:00,153.71,153.713,0.003,61
2026-09-11T17:52:44.924+00:00,153.711,153.714,0.003,61
2026-09-11T17:52:45.736+00:00,153.71,153.712,0.002,61
2026-09-11T17:52:45.936+00:00,153.711,153.714,0.003,61
2026-09-11T17:52:48.940+00:00,153.711,153.713,0.002,61
2026-09-11T17:52:49.143+00:00,153.709,153.712,0.003,61
2026-09-11T17:52:49.340+00:00,153.71,153.713,0.003,61
2026-09-11T17:52:49.949+00:00,153.709,153.712,0.003,61
2026-09-11T17:52:50.190+00:00,153.71,153.713,0.003,61
2026-09-11T17:52:50.775+00:00,153.708,153.711,0.003,61
2026-09-11T17:52:50.974+00:00,153.707,153.71,0.003,61
2026-09-11T17:52:51.175+00:00,153.706,153.707,0.001,61
2026-09-11T17:52:51.379+00:00,153.705,153.708,0.003,61
2026-09-11T17:52:51.791+00:00,153.706,153.709,0.003,61
2026-09-11T17:52:51.985+00:00,153.705,153.708,0.003,61
2026-09-11T17:52:52.186+00:00,153.704,153.708,0.004,61
2026-09-11T17:52:52.386+00:00,153.705,153.708,0.003,61
2026-09-11T17:52:54.213+00:00,153.706,153.709,0.003,61
2026-09-11T17:52:54.621+00:00,153.707,153.71,0.003,61
2026-09-11T17:52:55.654+00:00,153.706,153.709,0.003,61
2026-09-11T17:52:57.093+00:00,153.707,153.708,0.001,62
2026-09-11T17:52:57.732+00:00,153.703,153.705,0.002,62
2026-09-11T17:52:57.933+00:00,153.703,153.704,0.001,62
2026-09-11T17:52:58.336+00:00,153.704,153.705,0.001,62
2026-09-11T17:52:58.540+00:00,153.703,153.704,0.001,62
2026-09-11T17:52:58.938+00:00,153.702,153.704,0.002,62
2026-09-11T17:52:59.139+00:00,153.697,153.701,0.004,62
2026-09-11T17:52:59.340+00:00,153.695,153.7,0.005,62
2026-09-11T17:52:59.541+00:00,153.698,153.701,0.003,62
2026-09-11T17:53:00.547+00:00,153.699,153.7,0.001,62
2026-09-11T17:53:01.351+00:00,153.697,153.7,0.003,62
2026-09-11T17:53:01.752+00:00,153.696,153.699,0.003,62
2026-09-11T17:53:01.956+00:00,153.697,153.7,0.003,62
2026-09-11T17:53:02.556+00:00,153.693,153.696,0.003,62
2026-09-11T17:53:02.760+00:00,153.696,153.697,0.001,62
2026-09-11T17:53:02.959+00:00,153.696,153.699,0.003,62
2026-09-11T17:53:03.160+00:00,153.696,153.7,0.004,62
2026-09-11T17:53:03.360+00:00,153.696,153.699,0.003,62
2026-09-11T17:53:03.567+00:00,153.697,153.698,0.001,62
2026-09-11T17:53:03.763+00:00,153.694,153.696,0.002,62
2026-09-11T17:53:03.978+00:00,153.694,153.698,0.004,62
2026-09-11T17:53:04.381+00:00,153.696,153.699,0.003,62
2026-09-11T17:53:05.029+00:00,153.696,153.7,0.004,62
2026-09-11T17:53:05.235+00:00,153.697,153.701,0.004,62
2026-09-11T17:53:05.436+00:00,153.697,153.7,0.003,62
2026-09-11T17:53:05.832+00:00,153.698,153.701,0.003,62
2026-09-11T17:53:06.025+00:00,153.697,153.7,0.003,62
2026-09-11T17:53:12.060+00:00,153.698,153.701,0.003,62
2026-09-11T17:53:12.259+00:00,153.697,153.7,0.003,62
2026-09-11T17:53:13.457+00:00,153.696,153.698,0.002,62
2026-09-11T17:53:13.735+00:00,153.697,153.7,0.003,62
2026-09-11T17:53:15.437+00:00,153.698,153.701,0.003,62
2026-09-11T17:53:16.039+00:00,153.697,153.7,0.003,62
2026-09-11T17:53:16.241+00:00,153.698,153.701,0.003,62
2026-09-11T17:53:17.517+00:00,153.699,153.702,0.003,62
2026-09-11T17:53:17.720+00:00,153.698,153.701,0.003,62
2026-09-11T17:53:18.375+00:00,153.697,153.7,0.003,62
2026-09-11T17:53:19.536+00:00,153.696,153.699,0.003,62
2026-09-11T17:53:20.204+00:00,153.697,153.7,0.003,62
2026-09-11T17:53:20.611+00:00,153.695,153.698,0.003,62
2026-09-11T17:53:20.809+00:00,153.697,153.7,0.003,63
2026-09-11T17:53:21.010+00:00,153.696,153.699,0.003,63
2026-09-11T17:53:22.629+00:00,153.697,153.7,0.003,63
2026-09-11T17:53:22.834+00:00,153.698,153.701,0.003,63
2026-09-11T17:53:23.834+00:00,153.699,153.702,0.003,63
2026-09-11T17:53:25.438+00:00,153.698,153.701,0.003,63
2026-09-11T17:53:25.640+00:00,153.699,153.702,0.003,63
2026-09-11T17:53:26.643+00:00,153.698,153.701,0.003,63
2026-09-11T17:53:26.850+00:00,153.698,153.7,0.002,63
2026-09-11T17:53:27.275+00:00,153.697,153.7,0.003,63
2026-09-11T17:53:27.446+00:00,153.701,153.704,0.003,63
2026-09-11T17:53:27.674+00:00,153.705,153.708,0.003,63
2026-09-11T17:53:27.868+00:00,153.705,153.706,0.001,63
2026-09-11T17:53:28.060+00:00,153.706,153.709,0.003,63
2026-09-11T17:53:28.263+00:00,153.705,153.708,0.003,63
2026-09-11T17:53:28.736+00:00,153.703,153.706,0.003,63
2026-09-11T17:53:29.048+00:00,153.704,153.707,0.003,63
2026-09-11T17:53:29.651+00:00,153.705,153.708,0.003,63
2026-09-11T17:53:30.253+00:00,153.706,153.709,0.003,63
2026-09-11T17:53:30.456+00:00,153.705,153.708,0.003,63
2026-09-11T17:53:31.461+00:00,153.706,153.709,0.003,63
2026-09-11T17:53:31.661+00:00,153.705,153.708,0.003,63
2026-09-11T17:53:32.869+00:00,153.706,153.709,0.003,63
2026-09-11T17:53:33.069+00:00,153.706,153.707,0.001,63
2026-09-11T17:53:33.267+00:00,153.705,153.708,0.003,63
2026-09-11T17:53:33.676+00:00,153.706,153.709,0.003,63
2026-09-11T17:53:33.876+00:00,153.705,153.708,0.003,63
2026-09-11T17:53:34.882+00:00,153.704,153.707,0.003,63
2026-09-11T17:53:35.718+00:00,153.705,153.708,0.003,63
2026-09-11T17:53:37.327+00:00,153.706,153.709,0.003,63
2026-09-11T17:53:37.528+00:00,153.705,153.708,0.003,63
2026-09-11T17:53:38.740+00:00,153.706,153.709,0.003,63
2026-09-11T17:53:38.939+00:00,153.705,153.708,0.003,63
2026-09-11T17:53:40.356+00:00,153.706,153.709,0.003,63
2026-09-11T17:53:40.758+00:00,153.705,153.708,0.003,63
2026-09-11T17:53:40.960+00:00,153.706,153.709,0.003,63
2026-09-11T17:53:41.166+00:00,153.705,153.708,0.003,63
2026-09-11T17:53:41.366+00:00,153.706,153.709,0.003,63
2026-09-11T17:53:41.569+00:00,153.705,153.708,0.003,63
2026-09-11T17:53:41.770+00:00,153.706,153.709,0.003,63
2026-09-11T17:53:41.973+00:00,153.707,153.71,0.003,63
2026-09-11T17:53:42.175+00:00,153.706,153.709,0.003,63
2026-09-11T17:53:42.579+00:00,153.707,153.708,0.001,63
2026-09-11T17:53:42.777+00:00,153.706,153.709,0.003,63
2026-09-11T17:53:43.172+00:00,153.705,153.709,0.004,63
2026-09-11T17:53:43.351+00:00,153.706,153.709,0.003,63
2026-09-11T17:53:43.628+00:00,153.707,153.71,0.003,63
2026-09-11T17:53:43.827+00:00,153.706,153.709,0.003,63
2026-09-11T17:53:44.830+00:00,153.707,153.71,0.003,63
2026-09-11T17:53:45.639+00:00,153.706,153.709,0.003,63
2026-09-11T17:53:46.445+00:00,153.707,153.71,0.003,63
2026-09-11T17:53:46.849+00:00,153.708,153.711,0.003,64
2026-09-11T17:53:47.060+00:00,153.709,153.712,0.003,64
2026-09-11T17:53:47.261+00:00,153.708,153.711,0.003,64
2026-09-11T17:53:47.667+00:00,153.708,153.712,0.004,64
2026-09-11T17:53:47.872+00:00,153.709,153.712,0.003,64
2026-09-11T17:53:48.074+00:00,153.708,153.71,0.002,64
2026-09-11T17:53:48.266+00:00,153.707,153.709,0.002,64
2026-09-11T17:53:48.468+00:00,153.708,153.711,0.003,64
2026-09-11T17:53:49.151+00:00,153.707,153.709,0.002,64
2026-09-11T17:53:49.353+00:00,153.708,153.711,0.003,64
2026-09-11T17:53:49.752+00:00,153.708,153.71,0.002,64
2026-09-11T17:53:49.953+00:00,153.707,153.71,0.003,64
2026-09-11T17:53:50.153+00:00,153.706,153.709,0.003,64
2026-09-11T17:53:50.559+00:00,153.707,153.71,0.003,64
2026-09-11T17:53:52.908+00:00,153.708,153.711,0.003,64
2026-09-11T17:53:53.113+00:00,153.709,153.712,0.003,64
2026-09-11T17:53:53.923+00:00,153.707,153.71,0.003,64
2026-09-11T17:53:54.332+00:00,153.708,153.711,0.003,64
2026-09-11T17:53:54.535+00:00,153.707,153.71,0.003,64
2026-09-11T17:53:54.737+00:00,153.71,153.713,0.003,64
2026-09-11T17:53:54.941+00:00,153.711,153.714,0.003,64
2026-09-11T17:53:55.148+00:00,153.712,153.715,0.003,64
2026-09-11T17:53:55.957+00:00,153.713,153.714,0.001,64
2026-09-11T17:53:56.146+00:00,153.713,153.716,0.003,64
2026-09-11T17:53:56.351+00:00,153.713,153.714,0.001,64
2026-09-11T17:53:56.549+00:00,153.712,153.715,0.003,64
2026-09-11T17:53:56.747+00:00,153.711,153.712,0.001,64
2026-09-11T17:53:56.948+00:00,153.71,153.713,0.003,64
2026-09-11T17:53:57.149+00:00,153.709,153.712,0.003,64
2026-09-11T17:53:57.356+00:00,153.711,153.714,0.003,64
2026-09-11T17:53:57.557+00:00,153.71,153.713,0.003,64
2026-09-11T17:53:58.358+00:00,153.711,153.714,0.003,64
2026-09-11T17:53:58.762+00:00,153.71,153.713,0.003,64
2026-09-11T17:53:59.166+00:00,153.708,153.711,0.003,64
2026-09-11T17:53:59.770+00:00,153.709,153.711,0.002,64
2026-09-11T17:53:59.968+00:00,153.708,153.711,0.003,64
2026-09-11T17:54:00.169+00:00,153.708,153.71,0.002,64
2026-09-11T17:54:00.371+00:00,153.708,153.711,0.003,64
2026-09-11T17:54:00.776+00:00,153.709,153.712,0.003,64
2026-09-11T17:54:01.378+00:00,153.708,153.711,0.003,64
2026-09-11T17:54:01.579+00:00,153.709,153.712,0.003,64
2026-09-11T17:54:01.980+00:00,153.71,153.713,0.003,64
2026-09-11T17:54:02.183+00:00,153.709,153.712,0.003,64
2026-09-11T17:54:02.384+00:00,153.708,153.711,0.003,64
2026-09-11T17:54:02.584+00:00,153.709,153.712,0.003,64
2026-09-11T17:54:03.190+00:00,153.71,153.713,0.003,64
2026-09-11T17:54:03.392+00:00,153.709,153.712,0.003,64
2026-09-11T17:54:03.997+00:00,153.708,153.711,0.003,64
2026-09-11T17:54:04.197+00:00,153.707,153.71,0.003,64
2026-09-11T17:54:04.602+00:00,153.708,153.711,0.003,64
2026-09-11T17:54:04.805+00:00,153.706,153.709,0.003,64
2026-09-11T17:54:05.003+00:00,153.708,153.711,0.003,64
2026-09-11T17:54:05.804+00:00,153.707,153.709,0.002,64
2026-09-11T17:54:06.007+00:00,153.707,153.71,0.003,64
2026-09-11T17:54:06.209+00:00,153.706,153.709,0.003,64
2026-09-11T17:54:06.608+00:00,153.707,153.71,0.003,64
2026-09-11T17:54:07.215+00:00,153.708,153.711,0.003,64
2026-09-11T17:54:07.415+00:00,153.707,153.71,0.003,64
2026-09-11T17:54:07.623+00:00,153.708,153.711,0.003,64
2026-09-11T17:54:07.862+00:00,153.707,153.71,0.003,64
2026-09-11T17:54:08.026+00:00,153.706,153.709,0.003,64
2026-09-11T17:54:08.229+00:00,153.707,153.71,0.003,64
2026-09-11T17:54:09.113+00:00,153.706,153.709,0.003,64
2026-09-11T17:54:09.314+00:00,153.705,153.708,0.003,64
2026-09-11T17:54:09.925+00:00,153.706,153.709,0.003,64
2026-09-11T17:54:10.291+00:00,153.707,153.71,0.003,64
2026-09-11T17:54:10.492+00:00,153.705,153.708,0.003,64
2026-09-11T17:54:10.891+00:00,153.706,153.709,0.003,64
2026-09-11T17:54:11.091+00:00,153.707,153.71,0.003,64
2026-09-11T17:54:11.492+00:00,153.706,153.709,0.003,64
2026-09-11T17:54:11.695+00:00,153.707,153.71,0.003,65
2026-09-11T17:54:13.402+00:00,153.708,153.711,0.003,65
2026-09-11T17:54:13.602+00:00,153.707,153.71,0.003,65
2026-09-11T17:54:14.004+00:00,153.7,153.703,0.003,65
2026-09-11T17:54:14.406+00:00,153.698,153.701,0.003,65
2026-09-11T17:54:14.608+00:00,153.699,153.702,0.003,65
2026-09-11T17:54:15.412+00:00,153.7,153.703,0.003,65
2026-09-11T17:54:15.615+00:00,153.699,153.702,0.003,65
2026-09-11T17:54:16.216+00:00,153.7,153.703,0.003,65
2026-09-11T17:54:16.732+00:00,153.699,153.702,0.003,65
2026-09-11T17:54:17.019+00:00,153.7,153.703,0.003,65
2026-09-11T17:54:17.219+00:00,153.699,153.702,0.003,65
2026-09-11T17:54:17.421+00:00,153.7,153.703,0.003,65
2026-09-11T17:54:18.507+00:00,153.699,153.702,0.003,65
2026-09-11T17:54:18.745+00:00,153.698,153.701,0.003,65
2026-09-11T17:54:19.113+00:00,153.7,153.703,0.003,65
2026-09-11T17:54:19.723+00:00,153.699,153.702,0.003,65
2026-09-11T17:54:20.118+00:00,153.7,153.703,0.003,65
2026-09-11T17:54:20.320+00:00,153.699,153.702,0.003,65
2026-09-11T17:54:20.719+00:00,153.7,153.703,0.003,65
2026-09-11T17:54:20.926+00:00,153.699,153.702,0.003,65
2026-09-11T17:54:21.125+00:00,153.7,153.703,0.003,65
2026-09-11T17:54:21.325+00:00,153.699,153.702,0.003,65
2026-09-11T17:54:21.528+00:00,153.7,153.703,0.003,65
2026-09-11T17:54:23.090+00:00,153.699,153.702,0.003,65
2026-09-11T17:54:23.294+00:00,153.7,153.703,0.003,65
2026-09-11T17:54:23.491+00:00,153.699,153.702,0.003,65
2026-09-11T17:54:23.894+00:00,153.7,153.703,0.003,65
2026-09-11T17:54:25.051+00:00,153.701,153.704,0.003,65
2026-09-11T17:54:25.252+00:00,153.702,153.705,0.003,65
2026-09-11T17:54:26.129+00:00,153.703,153.706,0.003,65
2026-09-11T17:54:26.327+00:00,153.701,153.704,0.003,65
2026-09-11T17:54:26.530+00:00,153.703,153.706,0.003,65
2026-09-11T17:54:28.571+00:00,153.702,153.705,0.003,65
2026-09-11T17:54:28.771+00:00,153.703,153.706,0.003,65
2026-09-11T17:54:28.972+00:00,153.702,153.705,0.003,65
2026-09-11T17:54:29.175+00:00,153.703,153.706,0.003,65
2026-09-11T17:54:30.585+00:00,153.704,153.707,0.003,65
2026-09-11T17:54:31.992+00:00,153.706,153.709,0.003,65
2026-09-11T17:54:32.391+00:00,153.705,153.707,0.002,65
2026-09-11T17:54:33.394+00:00,153.706,153.709,0.003,65
2026-09-11T17:54:33.802+00:00,153.705,153.708,0.003,65
2026-09-11T17:54:34.213+00:00,153.703,153.706,0.003,65
2026-09-11T17:54:34.404+00:00,153.701,153.704,0.003,65
2026-09-11T17:54:34.807+00:00,153.699,153.702,0.003,65
2026-09-11T17:54:35.611+00:00,153.7,153.703,0.003,65
2026-09-11T17:54:35.813+00:00,153.699,153.702,0.003,65
2026-09-11T17:54:36.226+00:00,153.7,153.703,0.003,65
2026-09-11T17:54:36.425+00:00,153.699,153.702,0.003,65
2026-09-11T17:54:36.643+00:00,153.7,153.703,0.003,65
2026-09-11T17:54:36.833+00:00,153.701,153.704,0.003,66
2026-09-11T17:54:37.033+00:00,153.702,153.705,0.003,66
2026-09-11T17:54:37.235+00:00,153.702,153.708,0.006,66
2026-09-11T17:54:37.437+00:00,153.701,153.705,0.004,66
2026-09-11T17:54:37.638+00:00,153.7,153.704,0.004,66
2026-09-11T17:54:38.041+00:00,153.699,153.702,0.003,66
2026-09-11T17:54:38.440+00:00,153.7,153.703,0.003,66
2026-09-11T17:54:38.841+00:00,153.697,153.7,0.003,66
2026-09-11T17:54:39.043+00:00,153.699,153.702,0.003,66
2026-09-11T17:54:40.045+00:00,153.698,153.701,0.003,66
2026-09-11T17:54:40.948+00:00,153.697,153.7,0.003,66
2026-09-11T17:54:41.150+00:00,153.698,153.701,0.003,66
2026-09-11T17:54:42.740+00:00,153.697,153.699,0.002,66
2026-09-11T17:54:43.654+00:00,153.698,153.701,0.003,66
2026-09-11T17:54:44.669+00:00,153.699,153.702,0.003,66
2026-09-11T17:54:45.073+00:00,153.698,153.701,0.003,66
2026-09-11T17:54:45.274+00:00,153.699,153.702,0.003,66
2026-09-11T17:54:45.480+00:00,153.698,153.701,0.003,66
2026-09-11T17:54:45.681+00:00,153.699,153.702,0.003,66
2026-09-11T17:54:46.350+00:00,153.7,153.703,0.003,66
2026-09-11T17:54:47.918+00:00,153.699,153.702,0.003,66
2026-09-11T17:54:48.160+00:00,153.7,153.703,0.003,66
2026-09-11T17:54:49.929+00:00,153.699,153.702,0.003,66
2026-09-11T17:54:50.133+00:00,153.7,153.703,0.003,66
2026-09-11T17:54:52.443+00:00,153.701,153.704,0.003,66
2026-09-11T17:54:52.644+00:00,153.7,153.703,0.003,66
2026-09-11T17:54:53.653+00:00,153.699,153.702,0.003,66
2026-09-11T17:54:53.853+00:00,153.698,153.701,0.003,66
2026-09-11T17:54:54.488+00:00,153.699,153.702,0.003,66
2026-09-11T17:54:55.299+00:00,153.7,153.703,0.003,66
2026-09-11T17:54:55.497+00:00,153.699,153.702,0.003,66
2026-09-11T17:54:56.507+00:00,153.7,153.701,0.001,66
2026-09-11T17:54:56.708+00:00,153.699,153.702,0.003,66
2026-09-11T17:54:57.134+00:00,153.7,153.703,0.003,66
2026-09-11T17:54:57.332+00:00,153.699,153.702,0.003,66
2026-09-11T17:54:57.992+00:00,153.698,153.701,0.003,66
2026-09-11T17:54:58.395+00:00,153.699,153.702,0.003,66
2026-09-11T17:54:59.657+00:00,153.698,153.701,0.003,66
2026-09-11T17:54:59.858+00:00,153.699,153.702,0.003,66
2026-09-11T17:55:00.996+00:00,153.694,153.697,0.003,66
2026-09-11T17:55:01.598+00:00,153.693,153.696,0.003,66
2026-09-11T17:55:01.998+00:00,153.689,153.692,0.003,67
2026-09-11T17:55:02.399+00:00,153.691,153.694,0.003,67
2026-09-11T17:55:02.599+00:00,153.69,153.693,0.003,67
2026-09-11T17:55:02.799+00:00,153.692,153.695,0.003,67
2026-09-11T17:55:03.802+00:00,153.691,153.694,0.003,67
2026-09-11T17:55:04.007+00:00,153.692,153.695,0.003,67
2026-09-11T17:55:04.628+00:00,153.693,153.696,0.003,67
2026-09-11T17:55:05.416+00:00,153.692,153.695,0.003,67
2026-09-11T17:55:05.815+00:00,153.693,153.696,0.003,67
2026-09-11T17:55:06.015+00:00,153.692,153.695,0.003,67
2026-09-11T17:55:06.216+00:00,153.693,153.696,0.003,67
2026-09-11T17:55:07.423+00:00,153.692,153.695,0.003,67
2026-09-11T17:55:08.425+00:00,153.693,153.696,0.003,67
2026-09-11T17:55:09.229+00:00,153.692,153.695,0.003,67
2026-09-11T17:55:09.901+00:00,153.693,153.696,0.003,67
2026-09-11T17:55:11.788+00:00,153.692,153.695,0.003,67
2026-09-11T17:55:11.992+00:00,153.689,153.692,0.003,67
2026-09-11T17:55:12.592+00:00,153.688,153.691,0.003,67
2026-09-11T17:55:13.608+00:00,153.689,153.69,0.001,67
2026-09-11T17:55:13.808+00:00,153.688,153.689,0.001,67
2026-09-11T17:55:14.007+00:00,153.686,153.688,0.002,67
2026-09-11T17:55:14.211+00:00,153.688,153.689,0.001,67
2026-09-11T17:55:16.919+00:00,153.687,153.688,0.001,67
2026-09-11T17:55:17.120+00:00,153.686,153.689,0.003,67
2026-09-11T17:55:17.632+00:00,153.687,153.69,0.003,67
2026-09-11T17:55:17.833+00:00,153.688,153.691,0.003,67
2026-09-11T17:55:20.167+00:00,153.689,153.692,0.003,67
2026-09-11T17:55:20.769+00:00,153.69,153.693,0.003,67
2026-09-11T17:55:21.169+00:00,153.689,153.692,0.003,67
2026-09-11T17:55:22.040+00:00,153.688,153.691,0.003,67
2026-09-11T17:55:22.843+00:00,153.69,153.693,0.003,67
2026-09-11T17:55:23.067+00:00,153.688,153.691,0.003,67
2026-09-11T17:55:23.444+00:00,153.69,153.693,0.003,67
2026-09-11T17:55:23.649+00:00,153.689,153.692,0.003,67
2026-09-11T17:55:26.017+00:00,153.69,153.693,0.003,67
2026-09-11T17:55:26.218+00:00,153.687,153.69,0.003,67
2026-09-11T17:55:26.620+00:00,153.688,153.691,0.003,67
2026-09-11T17:55:27.825+00:00,153.689,153.692,0.003,68
2026-09-11T17:55:28.227+00:00,153.688,153.691,0.003,68
2026-09-11T17:55:29.658+00:00,153.687,153.69,0.003,68
2026-09-11T17:55:29.856+00:00,153.688,153.691,0.003,68
2026-09-11T17:55:32.598+00:00,153.689,153.692,0.003,68
2026-09-11T17:55:33.003+00:00,153.688,153.691,0.003,68
2026-09-11T17:55:33.608+00:00,153.689,153.692,0.003,68
2026-09-11T17:55:34.015+00:00,153.688,153.691,0.003,68
2026-09-11T17:55:34.232+00:00,153.687,153.69,0.003,68
2026-09-11T17:55:34.436+00:00,153.688,153.691,0.003,68
2026-09-11T17:55:35.843+00:00,153.687,153.69,0.003,68
2026-09-11T17:55:36.046+00:00,153.688,153.691,0.003,68
2026-09-11T17:55:37.432+00:00,153.689,153.692,0.003,68
2026-09-11T17:55:37.635+00:00,153.691,153.691,0.0,68
2026-09-11T17:55:38.035+00:00,153.69,153.693,0.003,68
2026-09-11T17:55:38.237+00:00,153.691,153.694,0.003,68
2026-09-11T17:55:38.438+00:00,153.692,153.696,0.004,68
2026-09-11T17:55:38.640+00:00,153.692,153.695,0.003,68
2026-09-11T17:55:38.842+00:00,153.691,153.694,0.003,68
2026-09-11T17:55:39.244+00:00,153.69,153.694,0.004,68
2026-09-11T17:55:39.444+00:00,153.691,153.694,0.003,68
2026-09-11T17:55:42.642+00:00,153.692,153.695,0.003,68
2026-09-11T17:55:42.817+00:00,153.691,153.694,0.003,68
2026-09-11T17:55:43.185+00:00,153.69,153.693,0.003,68
2026-09-11T17:55:44.192+00:00,153.691,153.694,0.003,68
2026-09-11T17:55:44.393+00:00,153.692,153.693,0.001,68
2026-09-11T17:55:44.593+00:00,153.693,153.696,0.003,68
2026-09-11T17:55:46.000+00:00,153.694,153.697,0.003,68
2026-09-11T17:55:46.614+00:00,153.695,153.698,0.003,68
2026-09-11T17:55:46.824+00:00,153.694,153.697,0.003,68
2026-09-11T17:55:47.216+00:00,153.695,153.698,0.003,68
2026-09-11T17:55:48.223+00:00,153.694,153.697,0.003,68
2026-09-11T17:55:48.423+00:00,153.695,153.698,0.003,68
2026-09-11T17:55:49.365+00:00,153.693,153.696,0.003,68
2026-09-11T17:55:50.172+00:00,153.694,153.697,0.003,68
2026-09-11T17:55:51.699+00:00,153.693,153.696,0.003,68
2026-09-11T17:55:55.301+00:00,153.694,153.695,0.001,69
2026-09-11T17:55:55.497+00:00,153.693,153.696,0.003,69
2026-09-11T17:55:55.918+00:00,153.694,153.697,0.003,69
2026-09-11T17:55:56.135+00:00,153.693,153.696,0.003,69
2026-09-11T17:55:57.108+00:00,153.692,153.695,0.003,69
2026-09-11T17:55:57.315+00:00,153.689,153.692,0.003,69
2026-09-11T17:55:57.515+00:00,153.689,153.695,0.006,69
2026-09-11T17:55:57.716+00:00,153.69,153.696,0.006,69
2026-09-11T17:55:57.916+00:00,153.69,153.694,0.004,69
2026-09-11T17:55:58.119+00:00,153.69,153.693,0.003,69
2026-09-11T17:56:03.498+00:00,153.691,153.694,0.003,69
2026-09-11T17:56:09.221+00:00,153.691,153.696,0.005,69
2026-09-11T17:56:09.420+00:00,153.691,153.698,0.007,69
2026-09-11T17:56:09.620+00:00,153.691,153.696,0.005,69
2026-09-11T17:56:10.604+00:00,153.691,153.694,0.003,69
2026-09-11T17:56:12.433+00:00,153.69,153.694,0.004,69
2026-09-11T17:56:12.632+00:00,153.69,153.697,0.007,69
2026-09-11T17:56:12.839+00:00,153.691,153.695,0.004,69
2026-09-11T17:56:13.150+00:00,153.691,153.694,0.003,69
2026-09-11T17:56:20.646+00:00,153.69,153.693,0.003,70
2026-09-11T17:56:20.852+00:00,153.691,153.694,0.003,70
2026-09-11T17:56:23.667+00:00,153.692,153.695,0.003,70
2026-09-11T17:56:24.070+00:00,153.691,153.694,0.003,70
2026-09-11T17:56:25.885+00:00,153.69,153.693,0.003,70
2026-09-11T17:56:26.088+00:00,153.69,153.694,0.004,70
2026-09-11T17:56:26.498+00:00,153.69,153.693,0.003,70
2026-09-11T17:56:27.576+00:00,153.691,153.694,0.003,70
2026-09-11T17:56:27.978+00:00,153.69,153.693,0.003,70
2026-09-11T17:56:28.182+00:00,153.691,153.694,0.003,70
2026-09-11T17:56:28.391+00:00,153.694,153.697,0.003,70
2026-09-11T17:56:28.580+00:00,153.693,153.696,0.003,70
2026-09-11T17:56:28.983+00:00,153.692,153.695,0.003,70
2026-09-11T17:56:29.384+00:00,153.693,153.696,0.003,70
2026-09-11T17:56:29.987+00:00,153.694,153.697,0.003,70
2026-09-11T17:56:30.188+00:00,153.696,153.699,0.003,70
2026-09-11T17:56:30.389+00:00,153.694,153.697,0.003,70
2026-09-11T17:56:30.589+00:00,153.695,153.698,0.003,70
2026-09-11T17:56:31.400+00:00,153.694,153.697,0.003,70
2026-09-11T17:56:32.608+00:00,153.692,153.695,0.003,70
2026-09-11T17:56:33.013+00:00,153.69,153.693,0.003,70
2026-09-11T17:56:33.815+00:00,153.691,153.694,0.003,70
2026-09-11T17:56:34.698+00:00,153.69,153.693,0.003,70
2026-09-11T17:56:35.303+00:00,153.691,153.694,0.003,70
2026-09-11T17:56:35.914+00:00,153.692,153.695,0.003,70
2026-09-11T17:56:36.723+00:00,153.691,153.695,0.004,70
2026-09-11T17:56:37.119+00:00,153.691,153.694,0.003,70
2026-09-11T17:56:37.721+00:00,153.692,153.695,0.003,70
2026-09-11T17:56:37.924+00:00,153.691,153.694,0.003,70
2026-09-11T17:56:38.327+00:00,153.692,153.695,0.003,70
2026-09-11T17:56:40.329+00:00,153.691,153.694,0.003,70
2026-09-11T17:56:40.542+00:00,153.692,153.695,0.003,70
2026-09-11T17:56:40.933+00:00,153.691,153.694,0.003,70
2026-09-11T17:56:41.502+00:00,153.692,153.695,0.003,70
2026-09-11T17:56:41.704+00:00,153.691,153.694,0.003,70
2026-09-11T17:56:42.131+00:00,153.692,153.695,0.003,70
2026-09-11T17:56:42.337+00:00,153.691,153.694,0.003,70
2026-09-11T17:56:42.530+00:00,153.692,153.695,0.003,70
2026-09-11T17:56:42.732+00:00,153.691,153.694,0.003,71
2026-09-11T17:56:42.933+00:00,153.692,153.695,0.003,71
2026-09-11T17:56:43.135+00:00,153.694,153.697,0.003,71
2026-09-11T17:56:43.935+00:00,153.693,153.696,0.003,71
2026-09-11T17:56:44.736+00:00,153.694,153.697,0.003,71
2026-09-11T17:56:46.989+00:00,153.693,153.696,0.003,71
2026-09-11T17:56:47.190+00:00,153.692,153.695,0.003,71
2026-09-11T17:56:47.591+00:00,153.694,153.697,0.003,71
2026-09-11T17:56:47.992+00:00,153.692,153.695,0.003,71
2026-09-11T17:56:48.195+00:00,153.694,153.697,0.003,71
2026-09-11T17:56:48.395+00:00,153.693,153.696,0.003,71
2026-09-11T17:56:48.795+00:00,153.694,153.697,0.003,71
2026-09-11T17:56:49.607+00:00,153.693,153.696,0.003,71
2026-09-11T17:56:50.514+00:00,153.692,153.695,0.003,71
2026-09-11T17:56:50.719+00:00,153.693,153.696,0.003,71
2026-09-11T17:56:51.903+00:00,153.694,153.697,0.003,71
2026-09-11T17:56:52.302+00:00,153.693,153.696,0.003,71
2026-09-11T17:56:52.702+00:00,153.69,153.696,0.006,71
2026-09-11T17:56:52.902+00:00,153.691,153.695,0.004,71
2026-09-11T17:56:53.305+00:00,153.692,153.695,0.003,71
2026-09-11T17:56:53.514+00:00,153.693,153.696,0.003,71
2026-09-11T17:56:53.714+00:00,153.692,153.695,0.003,71
2026-09-11T17:56:55.068+00:00,153.693,153.696,0.003,71
2026-09-11T17:56:55.469+00:00,153.692,153.695,0.003,71
2026-09-11T17:56:55.670+00:00,153.693,153.696,0.003,71
2026-09-11T17:56:55.869+00:00,153.692,153.695,0.003,71
2026-09-11T17:56:56.071+00:00,153.694,153.697,0.003,71
2026-09-11T17:56:56.274+00:00,153.693,153.696,0.003,71
2026-09-11T17:56:57.126+00:00,153.692,153.695,0.003,71
2026-09-11T17:56:57.320+00:00,153.693,153.696,0.003,71
2026-09-11T17:56:57.857+00:00,153.694,153.697,0.003,71
2026-09-11T17:56:58.056+00:00,153.692,153.695,0.003,71
2026-09-11T17:56:58.258+00:00,153.693,153.696,0.003,71
2026-09-11T17:56:59.260+00:00,153.694,153.697,0.003,71
2026-09-11T17:56:59.460+00:00,153.693,153.696,0.003,71
2026-09-11T17:56:59.663+00:00,153.694,153.697,0.003,71
2026-09-11T17:56:59.862+00:00,153.692,153.695,0.003,71
2026-09-11T17:57:00.066+00:00,153.693,153.696,0.003,71
2026-09-11T17:57:00.463+00:00,153.692,153.695,0.003,71
2026-09-11T17:57:00.663+00:00,153.693,153.696,0.003,71
2026-09-11T17:57:00.865+00:00,153.696,153.699,0.003,71
2026-09-11T17:57:01.064+00:00,153.695,153.698,0.003,71
2026-09-11T17:57:01.267+00:00,153.694,153.697,0.003,71
2026-09-11T17:57:02.257+00:00,153.695,153.698,0.003,71
2026-09-11T17:57:03.464+00:00,153.694,153.697,0.003,71
2026-09-11T17:57:04.466+00:00,153.696,153.698,0.002,71
2026-09-11T17:57:04.668+00:00,153.696,153.697,0.001,71
2026-09-11T17:57:04.868+00:00,153.694,153.697,0.003,71
2026-09-11T17:57:05.066+00:00,153.695,153.698,0.003,71
2026-09-11T17:57:05.478+00:00,153.694,153.697,0.003,71
2026-09-11T17:57:05.679+00:00,153.695,153.698,0.003,71
2026-09-11T17:57:06.759+00:00,153.694,153.697,0.003,71
2026-09-11T17:57:07.164+00:00,153.695,153.698,0.003,71
2026-09-11T17:57:07.586+00:00,153.694,153.697,0.003,71
2026-09-11T17:57:07.789+00:00,153.695,153.698,0.003,72
2026-09-11T17:57:07.991+00:00,153.694,153.697,0.003,72
2026-09-11T17:57:08.192+00:00,153.695,153.698,0.003,72
2026-09-11T17:57:11.911+00:00,153.695,153.697,0.002,72
2026-09-11T17:57:12.113+00:00,153.698,153.701,0.003,72
2026-09-11T17:57:12.312+00:00,153.697,153.7,0.003,72
2026-09-11T17:57:12.512+00:00,153.698,153.701,0.003,72
2026-09-11T17:57:12.915+00:00,153.697,153.7,0.003,72
2026-09-11T17:57:13.117+00:00,153.698,153.701,0.003,72
2026-09-11T17:57:13.320+00:00,153.698,153.702,0.004,72
2026-09-11T17:57:13.519+00:00,153.697,153.701,0.004,72
2026-09-11T17:57:13.720+00:00,153.698,153.701,0.003,72
2026-09-11T17:57:14.128+00:00,153.697,153.7,0.003,72
2026-09-11T17:57:14.328+00:00,153.696,153.699,0.003,72
2026-09-11T17:57:14.529+00:00,153.697,153.7,0.003,72
2026-09-11T17:57:15.330+00:00,153.696,153.699,0.003,72
2026-09-11T17:57:15.532+00:00,153.697,153.7,0.003,72
2026-09-11T17:57:15.733+00:00,153.696,153.699,0.003,72
2026-09-11T17:57:16.549+00:00,153.695,153.698,0.003,72
2026-09-11T17:57:16.752+00:00,153.696,153.699,0.003,72
2026-09-11T17:57:18.476+00:00,153.697,153.7,0.003,72
2026-09-11T17:57:19.889+00:00,153.696,153.699,0.003,72
2026-09-11T17:57:20.746+00:00,153.698,153.7,0.002,72
2026-09-11T17:57:20.944+00:00,153.697,153.7,0.003,72
2026-09-11T17:57:21.148+00:00,153.696,153.699,0.003,72
2026-09-11T17:57:21.755+00:00,153.695,153.698,0.003,72
2026-09-11T17:57:21.961+00:00,153.696,153.702,0.006,72
2026-09-11T17:57:22.158+00:00,153.698,153.704,0.006,72
2026-09-11T17:57:22.358+00:00,153.698,153.702,0.004,72
2026-09-11T17:57:22.558+00:00,153.698,153.701,0.003,72
2026-09-11T17:57:22.758+00:00,153.697,153.7,0.003,72
2026-09-11T17:57:23.498+00:00,153.697,153.703,0.006,72
2026-09-11T17:57:23.697+00:00,153.698,153.704,0.006,72
2026-09-11T17:57:23.898+00:00,153.697,153.701,0.004,72
2026-09-11T17:57:24.100+00:00,153.696,153.7,0.004,72
2026-09-11T17:57:24.500+00:00,153.696,153.699,0.003,72
2026-09-11T17:57:24.702+00:00,153.697,153.701,0.004,72
2026-09-11T17:57:24.900+00:00,153.697,153.7,0.003,72
2026-09-11T17:57:25.552+00:00,153.696,153.699,0.003,72
2026-09-11T17:57:30.122+00:00,153.695,153.698,0.003,72
2026-09-11T17:57:30.327+00:00,153.696,153.699,0.003,72
2026-09-11T17:57:30.730+00:00,153.695,153.699,0.004,72
2026-09-11T17:57:30.931+00:00,153.698,153.701,0.003,72
2026-09-11T17:57:31.133+00:00,153.7,153.703,0.003,72
2026-09-11T17:57:31.330+00:00,153.699,153.702,0.003,72
2026-09-11T17:57:32.335+00:00,153.7,153.703,0.003,72
2026-09-11T17:57:32.539+00:00,153.699,153.702,0.003,72
2026-09-11T17:57:32.938+00:00,153.7,153.703,0.003,73
2026-09-11T17:57:33.143+00:00,153.698,153.701,0.003,73
2026-09-11T17:57:33.340+00:00,153.697,153.7,0.003,73
2026-09-11T17:57:33.539+00:00,153.696,153.699,0.003,73
2026-09-11T17:57:34.034+00:00,153.695,153.698,0.003,73
2026-09-11T17:57:34.237+00:00,153.696,153.699,0.003,73
2026-09-11T17:57:35.046+00:00,153.697,153.7,0.003,73
2026-09-11T17:57:35.646+00:00,153.698,153.701,0.003,73
2026-09-11T17:57:36.062+00:00,153.697,153.7,0.003,73
2026-09-11T17:57:40.162+00:00,153.699,153.702,0.003,73
2026-09-11T17:57:43.118+00:00,153.7,153.703,0.003,73
2026-09-11T17:57:45.910+00:00,153.699,153.702,0.003,73
2026-09-11T17:57:46.816+00:00,153.7,153.703,0.003,73
2026-09-11T17:57:47.018+00:00,153.704,153.705,0.001,73
2026-09-11T17:57:47.216+00:00,153.701,153.705,0.004,73
2026-09-11T17:57:47.816+00:00,153.705,153.711,0.006,73
2026-09-11T17:57:48.017+00:00,153.706,153.712,0.006,73
2026-09-11T17:57:48.233+00:00,153.707,153.713,0.006,73
2026-09-11T17:57:48.420+00:00,153.711,153.714,0.003,73
2026-09-11T17:57:49.024+00:00,153.712,153.715,0.003,73
2026-09-11T17:57:49.628+00:00,153.711,153.714,0.003,73
2026-09-11T17:57:50.110+00:00,153.71,153.713,0.003,73
2026-09-11T17:57:50.913+00:00,153.711,153.714,0.003,73
2026-09-11T17:57:51.114+00:00,153.711,153.716,0.005,73
2026-09-11T17:57:51.314+00:00,153.711,153.714,0.003,73
2026-09-11T17:57:51.715+00:00,153.71,153.713,0.003,73
2026-09-11T17:57:51.916+00:00,153.709,153.712,0.003,73
2026-09-11T17:57:52.117+00:00,153.71,153.713,0.003,73
2026-09-11T17:57:52.528+00:00,153.711,153.714,0.003,73
2026-09-11T17:57:54.059+00:00,153.713,153.716,0.003,73
2026-09-11T17:57:54.258+00:00,153.711,153.714,0.003,73
2026-09-11T17:57:54.459+00:00,153.709,153.712,0.003,73
2026-09-11T17:57:55.403+00:00,153.71,153.713,0.003,73
2026-09-11T17:57:55.557+00:00,153.709,153.712,0.003,73
2026-09-11T17:57:56.998+00:00,153.71,153.713,0.003,73
2026-09-11T17:57:57.198+00:00,153.709,153.712,0.003,73
2026-09-11T17:57:57.399+00:00,153.709,153.713,0.004,73
2026-09-11T17:57:57.599+00:00,153.708,153.712,0.004,73
2026-09-11T17:57:57.858+00:00,153.709,153.712,0.003,73
2026-09-11T17:57:58.205+00:00,153.707,153.71,0.003,74
2026-09-11T17:57:58.404+00:00,153.706,153.709,0.003,74
2026-09-11T17:57:59.959+00:00,153.707,153.71,0.003,74
2026-09-11T17:58:00.968+00:00,153.708,153.711,0.003,74
2026-09-11T17:58:01.167+00:00,153.709,153.712,0.003,74
2026-09-11T17:58:01.368+00:00,153.708,153.711,0.003,74
2026-09-11T17:58:01.979+00:00,153.71,153.713,0.003,74
2026-09-11T17:58:02.981+00:00,153.709,153.712,0.003,74
2026-09-11T17:58:03.180+00:00,153.708,153.711,0.003,74
2026-09-11T17:58:04.182+00:00,153.709,153.712,0.003,74
2026-09-11T17:58:05.183+00:00,153.708,153.711,0.003,74
2026-09-11T17:58:10.120+00:00,153.707,153.71,0.003,74
2026-09-11T17:58:10.322+00:00,153.708,153.711,0.003,74
2026-09-11T17:58:11.915+00:00,153.707,153.71,0.003,74
2026-09-11T17:58:12.577+00:00,153.709,153.711,0.002,74
2026-09-11T17:58:13.898+00:00,153.707,153.71,0.003,74
2026-09-11T17:58:14.111+00:00,153.709,153.712,0.003,74
2026-09-11T17:58:14.726+00:00,153.709,153.711,0.002,74
2026-09-11T17:58:14.931+00:00,153.708,153.711,0.003,74
2026-09-11T17:58:16.198+00:00,153.707,153.71,0.003,74
2026-09-11T17:58:16.780+00:00,153.706,153.709,0.003,74
2026-09-11T17:58:17.812+00:00,153.705,153.708,0.003,74
2026-09-11T17:58:18.014+00:00,153.706,153.709,0.003,74
2026-09-11T17:58:19.929+00:00,153.705,153.708,0.003,74
2026-09-11T17:58:21.478+00:00,153.706,153.709,0.003,74
2026-09-11T17:58:22.783+00:00,153.705,153.708,0.003,74
2026-09-11T17:58:22.984+00:00,153.706,153.709,0.003,75
2026-09-11T17:58:23.313+00:00,153.707,153.71,0.003,75
2026-09-11T17:58:23.716+00:00,153.706,153.709,0.003,75
2026-09-11T17:58:24.706+00:00,153.707,153.71,0.003,75
2026-09-11T17:58:24.911+00:00,153.706,153.709,0.003,75
2026-09-11T17:58:26.088+00:00,153.703,153.709,0.006,75
2026-09-11T17:58:26.288+00:00,153.702,153.708,0.006,75
2026-09-11T17:58:26.499+00:00,153.705,153.709,0.004,75
2026-09-11T17:58:26.699+00:00,153.704,153.708,0.004,75
2026-09-11T17:58:26.900+00:00,153.705,153.708,0.003,75
2026-09-11T17:58:27.100+00:00,153.706,153.709,0.003,75
2026-09-11T17:58:29.328+00:00,153.705,153.708,0.003,75
2026-09-11T17:58:29.728+00:00,153.706,153.709,0.003,75
2026-09-11T17:58:32.884+00:00,153.708,153.711,0.003,75
2026-09-11T17:58:33.487+00:00,153.707,153.71,0.003,75
2026-09-11T17:58:33.686+00:00,153.706,153.709,0.003,75
2026-09-11T17:58:33.885+00:00,153.708,153.711,0.003,75
2026-09-11T17:58:34.089+00:00,153.707,153.71,0.003,75
2026-09-11T17:58:34.289+00:00,153.708,153.711,0.003,75
2026-09-11T17:58:35.767+00:00,153.707,153.71,0.003,75
2026-09-11T17:58:36.462+00:00,153.705,153.708,0.003,75
2026-09-11T17:58:36.664+00:00,153.706,153.709,0.003,75
2026-09-11T17:58:37.472+00:00,153.708,153.71,0.002,75
2026-09-11T17:58:37.681+00:00,153.706,153.709,0.003,75
2026-09-11T17:58:37.880+00:00,153.707,153.71,0.003,75
2026-09-11T17:58:38.081+00:00,153.708,153.711,0.003,75
2026-09-11T17:58:38.689+00:00,153.707,153.71,0.003,75
2026-09-11T17:58:39.694+00:00,153.706,153.709,0.003,75
2026-09-11T17:58:40.296+00:00,153.707,153.71,0.003,75
2026-09-11T17:58:40.703+00:00,153.706,153.709,0.003,75
2026-09-11T17:58:41.031+00:00,153.707,153.71,0.003,75
2026-09-11T17:58:41.232+00:00,153.708,153.711,0.003,75
2026-09-11T17:58:41.432+00:00,153.706,153.709,0.003,75
2026-09-11T17:58:41.836+00:00,153.705,153.708,0.003,75
2026-09-11T17:58:44.708+00:00,153.706,153.709,0.003,75
2026-09-11T17:58:45.109+00:00,153.705,153.708,0.003,75
2026-09-11T17:58:45.564+00:00,153.706,153.709,0.003,75
2026-09-11T17:58:45.766+00:00,153.705,153.708,0.003,75
2026-09-11T17:58:46.167+00:00,153.706,153.709,0.003,75
2026-09-11T17:58:49.713+00:00,153.707,153.71,0.003,76
2026-09-11T17:58:50.721+00:00,153.708,153.711,0.003,76
2026-09-11T17:58:51.181+00:00,153.708,153.715,0.007,76
2026-09-11T17:58:51.181+00:00,153.708,153.714,0.006,76
2026-09-11T17:58:51.530+00:00,153.709,153.71,0.001,76
2026-09-11T17:58:51.731+00:00,153.708,153.71,0.002,76
2026-09-11T17:58:51.931+00:00,153.709,153.71,0.001,76
2026-09-11T17:58:52.963+00:00,153.709,153.709,0.0,76
2026-09-11T17:58:53.127+00:00,153.709,153.71,0.001,76
2026-09-11T17:58:53.976+00:00,153.71,153.712,0.002,76
2026-09-11T17:58:54.175+00:00,153.711,153.713,0.002,76
2026-09-11T17:58:54.578+00:00,153.71,153.711,0.001,76
2026-09-11T17:58:54.778+00:00,153.711,153.712,0.001,76
2026-09-11T17:58:54.980+00:00,153.711,153.713,0.002,76
2026-09-11T17:58:55.179+00:00,153.711,153.712,0.001,76
2026-09-11T17:58:58.734+00:00,153.711,153.715,0.004,76
2026-09-11T17:58:58.937+00:00,153.71,153.712,0.002,76
2026-09-11T17:58:59.139+00:00,153.711,153.713,0.002,76
2026-09-11T17:58:59.538+00:00,153.711,153.712,0.001,76
2026-09-11T17:58:59.940+00:00,153.712,153.713,0.001,76
2026-09-11T17:59:00.746+00:00,153.711,153.712,0.001,76
2026-09-11T17:59:01.347+00:00,153.711,153.713,0.002,76
2026-09-11T17:59:01.746+00:00,153.711,153.712,0.001,76
2026-09-11T17:59:01.946+00:00,153.711,153.711,0.0,76
2026-09-11T17:59:02.145+00:00,153.71,153.711,0.001,76
2026-09-11T17:59:02.346+00:00,153.711,153.711,0.0,76
2026-09-11T17:59:03.270+00:00,153.711,153.712,0.001,76
2026-09-11T17:59:03.674+00:00,153.711,153.711,0.0,76
2026-09-11T17:59:04.074+00:00,153.708,153.709,0.001,76
2026-09-11T17:59:04.275+00:00,153.71,153.711,0.001,76
2026-09-11T17:59:05.282+00:00,153.711,153.712,0.001,76
2026-09-11T17:59:05.484+00:00,153.71,153.711,0.001,76
2026-09-11T17:59:05.881+00:00,153.709,153.71,0.001,76
2026-09-11T17:59:06.483+00:00,153.71,153.711,0.001,76
2026-09-11T17:59:06.887+00:00,153.711,153.712,0.001,76
2026-09-11T17:59:07.546+00:00,153.709,153.71,0.001,76
2026-09-11T17:59:08.147+00:00,153.71,153.711,0.001,76
2026-09-11T17:59:08.551+00:00,153.709,153.71,0.001,76
2026-09-11T17:59:08.952+00:00,153.71,153.711,0.001,76
2026-09-11T17:59:09.748+00:00,153.709,153.71,0.001,76
2026-09-11T17:59:09.949+00:00,153.708,153.709,0.001,76
2026-09-11T17:59:10.554+00:00,153.707,153.71,0.003,76
2026-09-11T17:59:10.753+00:00,153.708,153.709,0.001,76
2026-09-11T17:59:10.956+00:00,153.709,153.71,0.001,76
2026-09-11T17:59:11.154+00:00,153.708,153.709,0.001,76
2026-09-11T17:59:11.353+00:00,153.709,153.71,0.001,76
2026-09-11T17:59:11.554+00:00,153.708,153.709,0.001,76
2026-09-11T17:59:11.957+00:00,153.709,153.71,0.001,76
2026-09-11T17:59:12.158+00:00,153.707,153.708,0.001,76
2026-09-11T17:59:12.558+00:00,153.708,153.709,0.001,76
2026-09-11T17:59:12.759+00:00,153.707,153.708,0.001,76
2026-09-11T17:59:12.964+00:00,153.705,153.706,0.001,76
2026-09-11T17:59:13.161+00:00,153.704,153.705,0.001,76
2026-09-11T17:59:13.969+00:00,153.705,153.706,0.001,77
2026-09-11T17:59:14.778+00:00,153.705,153.705,0.0,77
2026-09-11T17:59:14.980+00:00,153.704,153.705,0.001,77
2026-09-11T17:59:15.780+00:00,153.706,153.706,0.0,77
2026-09-11T17:59:15.983+00:00,153.703,153.704,0.001,77
2026-09-11T17:59:16.382+00:00,153.701,153.702,0.001,77
2026-09-11T17:59:17.189+00:00,153.701,153.701,0.0,77
2026-09-11T17:59:19.958+00:00,153.701,153.702,0.001,77
2026-09-11T17:59:20.162+00:00,153.7,153.701,0.001,77
2026-09-11T17:59:20.365+00:00,153.701,153.702,0.001,77
2026-09-11T17:59:20.762+00:00,153.701,153.701,0.0,77
2026-09-11T17:59:20.965+00:00,153.7,153.701,0.001,77
2026-09-11T17:59:21.568+00:00,153.701,153.702,0.001,77
2026-09-11T17:59:22.735+00:00,153.701,153.701,0.0,77
2026-09-11T17:59:23.141+00:00,153.7,153.701,0.001,77
2026-09-11T17:59:23.346+00:00,153.701,153.702,0.001,77
2026-09-11T17:59:23.564+00:00,153.7,153.701,0.001,77
2026-09-11T17:59:23.747+00:00,153.701,153.701,0.0,77
2026-09-11T17:59:24.849+00:00,153.7,153.7,0.0,77
2026-09-11T17:59:25.252+00:00,153.7,153.701,0.001,77
2026-09-11T17:59:25.854+00:00,153.701,153.702,0.001,77
2026-09-11T17:59:26.657+00:00,153.7,153.701,0.001,77
2026-09-11T17:59:26.858+00:00,153.701,153.702,0.001,77
2026-09-11T17:59:27.059+00:00,153.705,153.706,0.001,77
2026-09-11T17:59:27.674+00:00,153.704,153.705,0.001,77
2026-09-11T17:59:27.863+00:00,153.705,153.706,0.001,77
2026-09-11T17:59:28.069+00:00,153.701,153.705,0.004,77
2026-09-11T17:59:28.471+00:00,153.704,153.705,0.001,77
2026-09-11T17:59:28.666+00:00,153.705,153.706,0.001,77
2026-09-11T17:59:30.544+00:00,153.704,153.705,0.001,77
2026-09-11T17:59:30.746+00:00,153.705,153.705,0.0,77
2026-09-11T17:59:30.948+00:00,153.705,153.706,0.001,77
2026-09-11T17:59:32.014+00:00,153.702,153.703,0.001,77
2026-09-11T17:59:32.217+00:00,153.701,153.702,0.001,77
2026-09-11T17:59:34.228+00:00,153.702,153.702,0.0,77
2026-09-11T17:59:35.567+00:00,153.702,153.703,0.001,77
2026-09-11T17:59:35.769+00:00,153.702,153.702,0.0,77
2026-09-11T17:59:36.171+00:00,153.701,153.702,0.001,77
2026-09-11T17:59:36.779+00:00,153.702,153.703,0.001,77
2026-09-11T17:59:38.389+00:00,153.701,153.704,0.003,77
2026-09-11T17:59:38.588+00:00,153.703,153.704,0.001,78
2026-09-11T17:59:38.990+00:00,153.704,153.705,0.001,78
2026-09-11T17:59:39.191+00:00,153.704,153.707,0.003,78
2026-09-11T17:59:39.391+00:00,153.704,153.705,0.001,78
2026-09-11T17:59:39.809+00:00,153.705,153.706,0.001,78
2026-09-11T17:59:40.200+00:00,153.704,153.705,0.001,78
2026-09-11T17:59:40.601+00:00,153.705,153.706,0.001,78
2026-09-11T17:59:41.006+00:00,153.703,153.706,0.003,78
2026-09-11T17:59:41.736+00:00,153.704,153.707,0.003,78
2026-09-11T17:59:41.941+00:00,153.703,153.706,0.003,78
2026-09-11T17:59:42.958+00:00,153.704,153.705,0.001,78
2026-09-11T17:59:43.160+00:00,153.705,153.706,0.001,78
2026-09-11T17:59:43.364+00:00,153.704,153.705,0.001,78
2026-09-11T17:59:43.746+00:00,153.705,153.705,0.0,78
2026-09-11T17:59:43.947+00:00,153.704,153.705,0.001,78
2026-09-11T17:59:44.148+00:00,153.705,153.705,0.0,78
2026-09-11T17:59:44.558+00:00,153.705,153.706,0.001,78
2026-09-11T17:59:44.761+00:00,153.705,153.705,0.0,78
2026-09-11T17:59:45.212+00:00,153.704,153.705,0.001,78
2026-09-11T17:59:45.416+00:00,153.705,153.705,0.0,78
2026-09-11T17:59:48.338+00:00,153.705,153.706,0.001,78
2026-09-11T17:59:48.538+00:00,153.701,153.702,0.001,78
2026-09-11T17:59:49.827+00:00,153.702,153.703,0.001,78
2026-09-11T17:59:50.287+00:00,153.701,153.702,0.001,78
2026-09-11T17:59:50.486+00:00,153.699,153.7,0.001,78
2026-09-11T17:59:50.687+00:00,153.696,153.699,0.003,78
2026-09-11T17:59:50.892+00:00,153.697,153.698,0.001,78
2026-09-11T17:59:51.088+00:00,153.696,153.699,0.003,78
2026-09-11T17:59:51.593+00:00,153.694,153.697,0.003,78
2026-09-11T17:59:51.796+00:00,153.695,153.696,0.001,78
2026-09-11T17:59:51.999+00:00,153.695,153.698,0.003,78
2026-09-11T17:59:53.660+00:00,153.697,153.698,0.001,78
2026-09-11T17:59:53.861+00:00,153.698,153.699,0.001,78
2026-09-11T17:59:54.064+00:00,153.696,153.699,0.003,78
2026-09-11T17:59:54.263+00:00,153.698,153.699,0.001,78
2026-09-11T17:59:55.175+00:00,153.698,153.7,0.002,78
2026-09-11T17:59:55.373+00:00,153.698,153.699,0.001,78
2026-09-11T17:59:56.356+00:00,153.699,153.7,0.001,78
2026-09-11T17:59:56.954+00:00,153.698,153.699,0.001,78
2026-09-11T17:59:57.558+00:00,153.699,153.7,0.001,78
2026-09-11T17:59:59.637+00:00,153.7,153.701,0.001,78
2026-09-11T18:00:00.439+00:00,153.7,153.7,0.0,78
2026-09-11T18:00:00.642+00:00,153.7,153.701,0.001,78
2026-09-11T18:00:01.452+00:00,153.701,153.702,0.001,78
2026-09-11T18:00:01.652+00:00,153.702,153.702,0.0,78
2026-09-11T18:00:02.256+00:00,153.701,153.702,0.001,78
2026-09-11T18:00:03.060+00:00,153.702,153.702,0.0,78
2026-09-11T18:00:05.243+00:00,153.701,153.701,0.0,79
2026-09-11T18:00:05.647+00:00,153.701,153.702,0.001,79
2026-09-11T18:00:06.737+00:00,153.7,153.703,0.003,79
2026-09-11T18:00:06.935+00:00,153.703,153.704,0.001,79
2026-09-11T18:00:07.137+00:00,153.702,153.705,0.003,79
2026-09-11T18:00:07.447+00:00,153.701,153.704,0.003,79
2026-09-11T18:00:08.518+00:00,153.702,153.705,0.003,79
2026-09-11T18:00:08.778+00:00,153.7,153.703,0.003,79
2026-09-11T18:00:08.926+00:00,153.702,153.705,0.003,79
2026-09-11T18:00:09.545+00:00,153.7,153.703,0.003,79
2026-09-11T18:00:09.950+00:00,153.701,153.704,0.003,79
2026-09-11T18:00:10.353+00:00,153.702,153.705,0.003,79
2026-09-11T18:00:11.464+00:00,153.7,153.703,0.003,79
2026-09-11T18:00:11.871+00:00,153.701,153.704,0.003,79
2026-09-11T18:00:13.775+00:00,153.7,153.703,0.003,79
2026-09-11T18:00:13.976+00:00,153.701,153.704,0.003,79
2026-09-11T18:00:14.916+00:00,153.7,153.703,0.003,79
2026-09-11T18:00:16.601+00:00,153.701,153.704,0.003,79
2026-09-11T18:00:16.803+00:00,153.7,153.703,0.003,79
2026-09-11T18:00:17.204+00:00,153.701,153.704,0.003,79
2026-09-11T18:00:17.527+00:00,153.702,153.703,0.001,79
2026-09-11T18:00:18.502+00:00,153.702,153.704,0.002,79
2026-09-11T18:00:18.836+00:00,153.702,153.703,0.001,79
2026-09-11T18:00:19.770+00:00,153.7,153.701,0.001,79
2026-09-11T18:00:19.971+00:00,153.701,153.702,0.001,79
2026-09-11T18:00:20.171+00:00,153.7,153.703,0.003,79
2026-09-11T18:00:20.575+00:00,153.701,153.704,0.003,79
2026-09-11T18:00:20.831+00:00,153.7,153.703,0.003,79
2026-09-11T18:00:21.034+00:00,153.699,153.702,0.003,79
2026-09-11T18:00:21.231+00:00,153.7,153.703,0.003,79
2026-09-11T18:00:21.631+00:00,153.699,153.702,0.003,79
2026-09-11T18:00:22.234+00:00,153.7,153.703,0.003,79
2026-09-11T18:00:22.433+00:00,153.699,153.702,0.003,79
2026-09-11T18:00:22.639+00:00,153.698,153.701,0.003,79
2026-09-11T18:00:22.842+00:00,153.699,153.702,0.003,79
2026-09-11T18:00:23.939+00:00,153.698,153.701,0.003,79
2026-09-11T18:00:24.541+00:00,153.697,153.7,0.003,79
2026-09-11T18:00:24.741+00:00,153.698,153.701,0.003,79
2026-09-11T18:00:25.144+00:00,153.697,153.7,0.003,79
2026-09-11T18:00:26.794+00:00,153.696,153.699,0.003,79
2026-09-11T18:00:27.254+00:00,153.697,153.7,0.003,79
2026-09-11T18:00:27.455+00:00,153.698,153.7,0.002,79
2026-09-11T18:00:27.656+00:00,153.696,153.699,0.003,79
2026-09-11T18:00:27.856+00:00,153.697,153.7,0.003,79
2026-09-11T18:00:28.060+00:00,153.696,153.699,0.003,79
2026-09-11T18:00:29.400+00:00,153.693,153.699,0.006,80
2026-09-11T18:00:29.600+00:00,153.695,153.701,0.006,80
2026-09-11T18:00:29.800+00:00,153.697,153.701,0.004,80
2026-09-11T18:00:30.001+00:00,153.698,153.701,0.003,80
2026-09-11T18:00:31.281+00:00,153.695,153.701,0.006,80
2026-09-11T18:00:31.481+00:00,153.697,153.701,0.004,80
2026-09-11T18:00:31.883+00:00,153.698,153.701,0.003,80
2026-09-11T18:00:33.929+00:00,153.7,153.701,0.001,80
2026-09-11T18:00:34.129+00:00,153.698,153.701,0.003,80
2026-09-11T18:00:34.329+00:00,153.699,153.702,0.003,80
2026-09-11T18:00:34.736+00:00,153.698,153.701,0.003,80
2026-09-11T18:00:34.934+00:00,153.7,153.702,0.002,80
2026-09-11T18:00:35.135+00:00,153.7,153.701,0.001,80
2026-09-11T18:00:36.542+00:00,153.698,153.699,0.001,80
2026-09-11T18:00:37.229+00:00,153.697,153.698,0.001,80
2026-09-11T18:00:37.796+00:00,153.698,153.699,0.001,80
2026-09-11T18:00:38.671+00:00,153.694,153.699,0.005,80
2026-09-11T18:00:39.189+00:00,153.698,153.699,0.001,80
2026-09-11T18:00:39.546+00:00,153.697,153.698,0.001,80
2026-09-11T18:00:41.641+00:00,153.698,153.7,0.002,80
2026-09-11T18:00:41.901+00:00,153.697,153.699,0.002,80
2026-09-11T18:00:42.101+00:00,153.696,153.699,0.003,80
2026-09-11T18:00:42.644+00:00,153.698,153.7,0.002,80
2026-09-11T18:00:42.845+00:00,153.696,153.699,0.003,80
2026-09-11T18:00:43.825+00:00,153.697,153.7,0.003,80
2026-09-11T18:00:46.427+00:00,153.696,153.7,0.004,80
2026-09-11T18:00:46.867+00:00,153.697,153.7,0.003,80
2026-09-11T18:00:47.068+00:00,153.7,153.701,0.001,80
2026-09-11T18:00:47.268+00:00,153.698,153.701,0.003,80
2026-09-11T18:00:48.018+00:00,153.695,153.698,0.003,80
2026-09-11T18:00:48.217+00:00,153.695,153.699,0.004,80
2026-09-11T18:00:48.421+00:00,153.695,153.698,0.003,80
2026-09-11T18:00:49.079+00:00,153.696,153.699,0.003,80
2026-09-11T18:00:49.353+00:00,153.695,153.698,0.003,80
2026-09-11T18:00:50.161+00:00,153.694,153.697,0.003,80
2026-09-11T18:00:50.362+00:00,153.695,153.698,0.003,80
2026-09-11T18:00:51.357+00:00,153.694,153.697,0.003,80
2026-09-11T18:00:51.558+00:00,153.695,153.698,0.003,80
2026-09-11T18:00:53.198+00:00,153.694,153.697,0.003,80
2026-09-11T18:00:53.526+00:00,153.693,153.696,0.003,80
2026-09-11T18:00:55.488+00:00,153.693,153.697,0.004,81
2026-09-11T18:00:55.687+00:00,153.693,153.696,0.003,81
2026-09-11T18:00:58.075+00:00,153.694,153.697,0.003,81
2026-09-11T18:01:01.006+00:00,153.695,153.698,0.003,81
2026-09-11T18:01:01.208+00:00,153.696,153.699,0.003,81
2026-09-11T18:01:01.610+00:00,153.697,153.7,0.003,81
2026-09-11T18:01:02.016+00:00,153.696,153.699,0.003,81
2026-09-11T18:01:02.233+00:00,153.697,153.7,0.003,81
2026-09-11T18:01:02.436+00:00,153.701,153.701,0.0,81
2026-09-11T18:01:02.635+00:00,153.699,153.701,0.002,81
2026-09-11T18:01:02.845+00:00,153.7,153.701,0.001,81
2026-09-11T18:01:03.040+00:00,153.699,153.702,0.003,81
2026-09-11T18:01:03.243+00:00,153.698,153.701,0.003,81
2026-09-11T18:01:03.439+00:00,153.697,153.7,0.003,81
2026-09-11T18:01:03.640+00:00,153.696,153.699,0.003,81
2026-09-11T18:01:03.839+00:00,153.697,153.7,0.003,81
2026-09-11T18:01:04.442+00:00,153.698,153.701,0.003,81
2026-09-11T18:01:04.642+00:00,153.697,153.7,0.003,81
2026-09-11T18:01:04.843+00:00,153.698,153.701,0.003,81
2026-09-11T18:01:05.042+00:00,153.699,153.701,0.002,81
2026-09-11T18:01:05.244+00:00,153.7,153.701,0.001,81
2026-09-11T18:01:05.444+00:00,153.699,153.7,0.001,81
2026-09-11T18:01:05.645+00:00,153.699,153.702,0.003,81
2026-09-11T18:01:05.846+00:00,153.701,153.702,0.001,81
2026-09-11T18:01:06.046+00:00,153.699,153.702,0.003,81
2026-09-11T18:01:06.448+00:00,153.699,153.705,0.006,81
2026-09-11T18:01:06.647+00:00,153.701,153.703,0.002,81
2026-09-11T18:01:06.848+00:00,153.701,153.702,0.001,81
2026-09-11T18:01:07.050+00:00,153.7,153.702,0.002,81
2026-09-11T18:01:07.250+00:00,153.701,153.702,0.001,81
2026-09-11T18:01:07.450+00:00,153.7,153.702,0.002,81
2026-09-11T18:01:07.651+00:00,153.701,153.702,0.001,81
2026-09-11T18:01:08.051+00:00,153.7,153.701,0.001,81
2026-09-11T18:01:10.526+00:00,153.697,153.7,0.003,81
2026-09-11T18:01:10.725+00:00,153.698,153.701,0.003,81
2026-09-11T18:01:10.927+00:00,153.697,153.7,0.003,81
2026-09-11T18:01:11.326+00:00,153.697,153.702,0.005,81
2026-09-11T18:01:11.529+00:00,153.697,153.7,0.003,81
2026-09-11T18:01:11.730+00:00,153.695,153.698,0.003,81
2026-09-11T18:01:12.730+00:00,153.696,153.697,0.001,81
2026-09-11T18:01:13.512+00:00,153.697,153.699,0.002,81
2026-09-11T18:01:13.726+00:00,153.697,153.698,0.001,81
2026-09-11T18:01:14.115+00:00,153.696,153.699,0.003,81
2026-09-11T18:01:15.722+00:00,153.697,153.698,0.001,81
2026-09-11T18:01:15.923+00:00,153.698,153.699,0.001,81
2026-09-11T18:01:16.125+00:00,153.697,153.7,0.003,81
2026-09-11T18:01:16.526+00:00,153.699,153.7,0.001,81
2026-09-11T18:01:17.329+00:00,153.698,153.7,0.002,81
2026-09-11T18:01:17.530+00:00,153.697,153.7,0.003,81
2026-09-11T18:01:17.730+00:00,153.696,153.698,0.002,81
2026-09-11T18:01:17.932+00:00,153.695,153.698,0.003,81
2026-09-11T18:01:18.132+00:00,153.696,153.699,0.003,81
2026-09-11T18:01:18.334+00:00,153.695,153.698,0.003,81
2026-09-11T18:01:18.934+00:00,153.696,153.699,0.003,81
2026-09-11T18:01:19.135+00:00,153.697,153.698,0.001,82
2026-09-11T18:01:21.746+00:00,153.698,153.699,0.001,82
2026-09-11T18:01:21.947+00:00,153.697,153.698,0.001,82
2026-09-11T18:01:22.347+00:00,153.698,153.7,0.002,82
2026-09-11T18:01:22.546+00:00,153.698,153.699,0.001,82
2026-09-11T18:01:22.747+00:00,153.698,153.701,0.003,82
2026-09-11T18:01:22.959+00:00,153.697,153.7,0.003,82
2026-09-11T18:01:25.168+00:00,153.698,153.701,0.003,82
2026-09-11T18:01:25.568+00:00,153.697,153.7,0.003,82
2026-09-11T18:01:26.172+00:00,153.696,153.699,0.003,82
2026-09-11T18:01:26.573+00:00,153.698,153.699,0.001,82
2026-09-11T18:01:26.774+00:00,153.697,153.7,0.003,82
2026-09-11T18:01:28.986+00:00,153.696,153.699,0.003,82
2026-09-11T18:01:29.794+00:00,153.697,153.7,0.003,82
2026-09-11T18:01:30.998+00:00,153.696,153.699,0.003,82
2026-09-11T18:01:31.405+00:00,153.697,153.7,0.003,82
2026-09-11T18:01:31.606+00:00,153.695,153.698,0.003,82
2026-09-11T18:01:31.805+00:00,153.696,153.699,0.003,82
2026-09-11T18:01:32.206+00:00,153.697,153.7,0.003,82
2026-09-11T18:01:32.406+00:00,153.696,153.699,0.003,82
2026-09-11T18:01:32.609+00:00,153.697,153.7,0.003,82
2026-09-11T18:01:34.222+00:00,153.696,153.699,0.003,82
2026-09-11T18:01:34.625+00:00,153.697,153.7,0.003,82
2026-09-11T18:01:35.424+00:00,153.698,153.701,0.003,82
2026-09-11T18:01:36.025+00:00,153.696,153.699,0.003,82
2026-09-11T18:01:37.392+00:00,153.697,153.7,0.003,82
2026-09-11T18:01:38.999+00:00,153.698,153.701,0.003,82
2026-09-11T18:01:39.206+00:00,153.697,153.7,0.003,82
2026-09-11T18:01:40.406+00:00,153.696,153.699,0.003,82
2026-09-11T18:01:40.607+00:00,153.697,153.7,0.003,82
2026-09-11T18:01:41.813+00:00,153.696,153.7,0.004,82
2026-09-11T18:01:42.216+00:00,153.697,153.7,0.003,82
2026-09-11T18:01:43.622+00:00,153.698,153.701,0.003,82
2026-09-11T18:01:47.209+00:00,153.695,153.698,0.003,83
2026-09-11T18:01:47.411+00:00,153.694,153.697,0.003,83
2026-09-11T18:01:47.650+00:00,153.695,153.698,0.003,83
2026-09-11T18:01:48.054+00:00,153.696,153.699,0.003,83
2026-09-11T18:01:48.252+00:00,153.697,153.7,0.003,83
2026-09-11T18:01:49.135+00:00,153.698,153.701,0.003,83
2026-09-11T18:01:49.337+00:00,153.697,153.7,0.003,83
2026-09-11T18:01:51.654+00:00,153.696,153.699,0.003,83
2026-09-11T18:01:55.195+00:00,153.697,153.7,0.003,83
2026-09-11T18:01:55.628+00:00,153.696,153.699,0.003,83
2026-09-11T18:01:55.831+00:00,153.697,153.7,0.003,83
2026-09-11T18:01:56.945+00:00,153.696,153.699,0.003,83
2026-09-11T18:01:57.143+00:00,153.697,153.7,0.003,83
2026-09-11T18:01:57.555+00:00,153.696,153.699,0.003,83
2026-09-11T18:01:57.747+00:00,153.697,153.7,0.003,83
2026-09-11T18:02:00.954+00:00,153.696,153.699,0.003,83
2026-09-11T18:02:01.154+00:00,153.695,153.698,0.003,83
2026-09-11T18:02:01.556+00:00,153.695,153.697,0.002,83
2026-09-11T18:02:01.757+00:00,153.696,153.699,0.003,83
2026-09-11T18:02:02.906+00:00,153.698,153.699,0.001,83
2026-09-11T18:02:03.106+00:00,153.697,153.698,0.001,83
2026-09-11T18:02:03.705+00:00,153.695,153.698,0.003,83
2026-09-11T18:02:04.108+00:00,153.694,153.697,0.003,83
2026-09-11T18:02:04.308+00:00,153.695,153.698,0.003,83
2026-09-11T18:02:04.508+00:00,153.694,153.697,0.003,83
2026-09-11T18:02:04.708+00:00,153.695,153.696,0.001,83
2026-09-11T18:02:04.912+00:00,153.694,153.697,0.003,83
2026-09-11T18:02:05.108+00:00,153.695,153.698,0.003,83
2026-09-11T18:02:05.911+00:00,153.694,153.696,0.002,83
2026-09-11T18:02:06.112+00:00,153.695,153.696,0.001,83
2026-09-11T18:02:06.312+00:00,153.696,153.697,0.001,83
2026-09-11T18:02:06.715+00:00,153.695,153.698,0.003,83
2026-09-11T18:02:07.118+00:00,153.696,153.699,0.003,83
2026-09-11T18:02:07.315+00:00,153.697,153.698,0.001,83
2026-09-11T18:02:08.393+00:00,153.697,153.7,0.003,83
2026-09-11T18:02:08.797+00:00,153.698,153.701,0.003,83
2026-09-11T18:02:09.000+00:00,153.697,153.7,0.003,83
2026-09-11T18:02:09.420+00:00,153.698,153.699,0.001,84
2026-09-11T18:02:10.419+00:00,153.699,153.7,0.001,84
2026-09-11T18:02:10.619+00:00,153.698,153.699,0.001,84
2026-09-11T18:02:11.542+00:00,153.697,153.7,0.003,84
2026-09-11T18:02:15.388+00:00,153.696,153.699,0.003,84
2026-09-11T18:02:18.526+00:00,153.697,153.7,0.003,84
2026-09-11T18:02:18.926+00:00,153.696,153.699,0.003,84
2026-09-11T18:02:20.754+00:00,153.695,153.698,0.003,84
2026-09-11T18:02:21.280+00:00,153.696,153.699,0.003,84
2026-09-11T18:02:21.878+00:00,153.695,153.698,0.003,84
2026-09-11T18:02:22.137+00:00,153.696,153.699,0.003,84
2026-09-11T18:02:23.325+00:00,153.697,153.7,0.003,84
2026-09-11T18:02:23.958+00:00,153.696,153.699,0.003,84
2026-09-11T18:02:24.159+00:00,153.697,153.7,0.003,84
2026-09-11T18:02:25.350+00:00,153.698,153.701,0.003,84
2026-09-11T18:02:25.550+00:00,153.697,153.7,0.003,84
2026-09-11T18:02:27.647+00:00,153.698,153.701,0.003,84
2026-09-11T18:02:27.835+00:00,153.697,153.703,0.006,84
2026-09-11T18:02:28.439+00:00,153.697,153.7,0.003,84
2026-09-11T18:02:28.839+00:00,153.698,153.701,0.003,84
2026-09-11T18:02:29.243+00:00,153.697,153.7,0.003,84
2026-09-11T18:02:29.443+00:00,153.698,153.701,0.003,84
2026-09-11T18:02:29.644+00:00,153.697,153.7,0.003,84
2026-09-11T18:02:29.846+00:00,153.698,153.701,0.003,84
2026-09-11T18:02:33.597+00:00,153.697,153.7,0.003,84
2026-09-11T18:02:33.793+00:00,153.698,153.701,0.003,84
2026-09-11T18:02:34.197+00:00,153.699,153.7,0.001,84
2026-09-11T18:02:34.395+00:00,153.697,153.7,0.003,85
2026-09-11T18:02:34.798+00:00,153.694,153.696,0.002,85
2026-09-11T18:02:35.009+00:00,153.692,153.695,0.003,85
2026-09-11T18:02:35.198+00:00,153.69,153.693,0.003,85
2026-09-11T18:02:35.640+00:00,153.689,153.692,0.003,85
2026-09-11T18:02:35.838+00:00,153.69,153.693,0.003,85
2026-09-11T18:02:38.594+00:00,153.689,153.692,0.003,85
2026-09-11T18:02:38.999+00:00,153.688,153.691,0.003,85
2026-09-11T18:02:40.342+00:00,153.687,153.69,0.003,85
2026-09-11T18:02:40.543+00:00,153.688,153.691,0.003,85
2026-09-11T18:02:40.941+00:00,153.689,153.692,0.003,85
2026-09-11T18:02:41.344+00:00,153.688,153.691,0.003,85
2026-09-11T18:02:42.132+00:00,153.689,153.692,0.003,85
2026-09-11T18:02:42.333+00:00,153.688,153.691,0.003,85
2026-09-11T18:02:42.534+00:00,153.689,153.692,0.003,85
2026-09-11T18:02:43.555+00:00,153.69,153.693,0.003,85
2026-09-11T18:02:43.756+00:00,153.689,153.692,0.003,85
2026-09-11T18:02:46.310+00:00,153.688,153.692,0.004,85
2026-09-11T18:02:46.711+00:00,153.69,153.693,0.003,85
2026-09-11T18:02:48.507+00:00,153.69,153.694,0.004,85
2026-09-11T18:02:48.956+00:00,153.69,153.693,0.003,85
2026-09-11T18:02:50.343+00:00,153.689,153.692,0.003,85
2026-09-11T18:02:54.559+00:00,153.688,153.691,0.003,85
2026-09-11T18:02:57.207+00:00,153.688,153.689,0.001,85
2026-09-11T18:02:57.406+00:00,153.687,153.69,0.003,85
2026-09-11T18:02:57.609+00:00,153.688,153.691,0.003,85
2026-09-11T18:02:57.815+00:00,153.687,153.69,0.003,85
2026-09-11T18:02:58.016+00:00,153.687,153.689,0.002,85
2026-09-11T18:02:58.281+00:00,153.688,153.691,0.003,85
2026-09-11T18:02:59.329+00:00,153.687,153.69,0.003,85
2026-09-11T18:03:01.031+00:00,153.688,153.691,0.003,86
2026-09-11T18:03:01.228+00:00,153.687,153.69,0.003,86
2026-09-11T18:03:01.430+00:00,153.687,153.691,0.004,86
2026-09-11T18:03:01.812+00:00,153.688,153.692,0.004,86
2026-09-11T18:03:02.012+00:00,153.687,153.69,0.003,86
2026-09-11T18:03:02.215+00:00,153.688,153.691,0.003,86
2026-09-11T18:03:02.471+00:00,153.687,153.69,0.003,86
2026-09-11T18:03:03.965+00:00,153.688,153.691,0.003,86
2026-09-11T18:03:04.366+00:00,153.687,153.689,0.002,86
2026-09-11T18:03:04.768+00:00,153.688,153.691,0.003,86
2026-09-11T18:03:05.172+00:00,153.689,153.692,0.003,86
2026-09-11T18:03:05.374+00:00,153.688,153.691,0.003,86
2026-09-11T18:03:05.573+00:00,153.689,153.692,0.003,86
2026-09-11T18:03:05.774+00:00,153.688,153.691,0.003,86
2026-09-11T18:03:06.377+00:00,153.689,153.69,0.001,86
2026-09-11T18:03:06.589+00:00,153.689,153.691,0.002,86
2026-09-11T18:03:06.778+00:00,153.688,153.691,0.003,86
2026-09-11T18:03:07.381+00:00,153.689,153.692,0.003,86
2026-09-11T18:03:07.583+00:00,153.689,153.691,0.002,86
2026-09-11T18:03:07.982+00:00,153.688,153.69,0.002,86
2026-09-11T18:03:08.184+00:00,153.689,153.691,0.002,86
2026-09-11T18:03:08.385+00:00,153.688,153.691,0.003,86
2026-09-11T18:03:08.785+00:00,153.688,153.692,0.004,86
2026-09-11T18:03:08.987+00:00,153.688,153.691,0.003,86
2026-09-11T18:03:10.905+00:00,153.687,153.69,0.003,86
2026-09-11T18:03:13.206+00:00,153.686,153.689,0.003,86
2026-09-11T18:03:13.407+00:00,153.687,153.69,0.003,86
2026-09-11T18:03:13.608+00:00,153.688,153.691,0.003,86
2026-09-11T18:03:13.806+00:00,153.687,153.69,0.003,86
2026-09-11T18:03:19.958+00:00,153.685,153.688,0.003,86
2026-09-11T18:03:20.155+00:00,153.684,153.687,0.003,86
2026-09-11T18:03:20.356+00:00,153.683,153.686,0.003,86
2026-09-11T18:03:20.757+00:00,153.683,153.685,0.002,86
2026-09-11T18:03:20.957+00:00,153.683,153.686,0.003,86
2026-09-11T18:03:21.157+00:00,153.682,153.685,0.003,86
2026-09-11T18:03:21.356+00:00,153.681,153.684,0.003,86
2026-09-11T18:03:21.557+00:00,153.681,153.683,0.002,86
2026-09-11T18:03:21.756+00:00,153.679,153.682,0.003,86
2026-09-11T18:03:21.958+00:00,153.679,153.681,0.002,86
2026-09-11T18:03:22.364+00:00,153.68,153.682,0.002,86
2026-09-11T18:03:22.560+00:00,153.68,153.681,0.001,86
2026-09-11T18:03:22.761+00:00,153.68,153.682,0.002,86
2026-09-11T18:03:22.962+00:00,153.677,153.679,0.002,86
2026-09-11T18:03:23.160+00:00,153.674,153.677,0.003,86
2026-09-11T18:03:25.299+00:00,153.675,153.678,0.003,87
2026-09-11T18:03:25.500+00:00,153.674,153.677,0.003,87
2026-09-11T18:03:26.614+00:00,153.676,153.679,0.003,87
2026-09-11T18:03:26.816+00:00,153.677,153.679,0.002,87
2026-09-11T18:03:28.093+00:00,153.678,153.681,0.003,87
2026-09-11T18:03:28.292+00:00,153.678,153.68,0.002,87
2026-09-11T18:03:28.696+00:00,153.677,153.68,0.003,87
2026-09-11T18:03:29.701+00:00,153.678,153.681,0.003,87
2026-09-11T18:03:29.899+00:00,153.679,153.682,0.003,87
2026-09-11T18:03:30.101+00:00,153.68,153.682,0.002,87
2026-09-11T18:03:33.513+00:00,153.68,153.683,0.003,87
2026-09-11T18:03:33.714+00:00,153.68,153.682,0.002,87
2026-09-11T18:03:34.372+00:00,153.679,153.682,0.003,87
2026-09-11T18:03:34.573+00:00,153.68,153.681,0.001,87
2026-09-11T18:03:34.774+00:00,153.68,153.682,0.002,87
2026-09-11T18:03:34.981+00:00,153.68,153.681,0.001,87
2026-09-11T18:03:36.213+00:00,153.679,153.68,0.001,87
2026-09-11T18:03:36.742+00:00,153.678,153.681,0.003,87
2026-09-11T18:03:36.943+00:00,153.678,153.68,0.002,87
2026-09-11T18:03:37.143+00:00,153.679,153.681,0.002,87
2026-09-11T18:03:37.439+00:00,153.679,153.682,0.003,87
2026-09-11T18:03:37.644+00:00,153.679,153.681,0.002,87
2026-09-11T18:03:38.248+00:00,153.68,153.681,0.001,87
2026-09-11T18:03:38.448+00:00,153.678,153.681,0.003,87
2026-09-11T18:03:38.648+00:00,153.679,153.68,0.001,87
2026-09-11T18:03:39.188+00:00,153.678,153.681,0.003,87
2026-09-11T18:03:39.391+00:00,153.677,153.679,0.002,87
2026-09-11T18:03:39.590+00:00,153.676,153.679,0.003,87
2026-09-11T18:03:41.197+00:00,153.678,153.679,0.001,87
2026-09-11T18:03:41.398+00:00,153.677,153.68,0.003,87
2026-09-11T18:03:44.785+00:00,153.678,153.679,0.001,87
2026-09-11T18:03:44.987+00:00,153.679,153.68,0.001,87
2026-09-11T18:03:45.908+00:00,153.679,153.681,0.002,87
2026-09-11T18:03:46.108+00:00,153.678,153.681,0.003,87
2026-09-11T18:03:46.513+00:00,153.677,153.68,0.003,87
2026-09-11T18:03:46.713+00:00,153.679,153.68,0.001,87
2026-09-11T18:03:47.116+00:00,153.678,153.681,0.003,87
2026-09-11T18:03:47.316+00:00,153.679,153.68,0.001,87
2026-09-11T18:03:47.717+00:00,153.68,153.681,0.001,87
2026-09-11T18:03:48.117+00:00,153.679,153.68,0.001,87
2026-09-11T18:03:48.323+00:00,153.68,153.681,0.001,87
2026-09-11T18:03:48.519+00:00,153.679,153.682,0.003,87
2026-09-11T18:03:48.720+00:00,153.68,153.683,0.003,87
2026-09-11T18:03:48.919+00:00,153.679,153.682,0.003,87
2026-09-11T18:03:49.320+00:00,153.68,153.681,0.001,87
2026-09-11T18:03:49.724+00:00,153.678,153.681,0.003,88
2026-09-11T18:03:49.925+00:00,153.679,153.682,0.003,88
2026-09-11T18:03:50.126+00:00,153.679,153.68,0.001,88
2026-09-11T18:03:50.728+00:00,153.678,153.681,0.003,88
2026-09-11T18:03:50.928+00:00,153.679,153.68,0.001,88
2026-09-11T18:03:51.334+00:00,153.678,153.681,0.003,88
2026-09-11T18:03:52.134+00:00,153.678,153.679,0.001,88
2026-09-11T18:03:52.333+00:00,153.679,153.68,0.001,88
2026-09-11T18:03:52.734+00:00,153.678,153.681,0.003,88
2026-09-11T18:03:53.339+00:00,153.679,153.68,0.001,88
2026-09-11T18:03:53.940+00:00,153.679,153.681,0.002,88
2026-09-11T18:03:54.340+00:00,153.678,153.68,0.002,88
2026-09-11T18:03:54.539+00:00,153.678,153.681,0.003,88
2026-09-11T18:03:55.144+00:00,153.679,153.68,0.001,88
2026-09-11T18:03:55.345+00:00,153.68,153.681,0.001,88
2026-09-11T18:03:55.545+00:00,153.679,153.68,0.001,88
2026-09-11T18:03:55.746+00:00,153.678,153.679,0.001,88
2026-09-11T18:03:56.247+00:00,153.677,153.68,0.003,88
2026-09-11T18:03:56.649+00:00,153.679,153.68,0.001,88
2026-09-11T18:03:57.560+00:00,153.678,153.681,0.003,88
2026-09-11T18:03:57.769+00:00,153.679,153.68,0.001,88
2026-09-11T18:03:57.968+00:00,153.677,153.68,0.003,88
2026-09-11T18:03:58.420+00:00,153.678,153.681,0.003,88
2026-09-11T18:03:58.572+00:00,153.679,153.68,0.001,88
2026-09-11T18:03:58.971+00:00,153.678,153.681,0.003,88
2026-09-11T18:03:59.374+00:00,153.677,153.68,0.003,88
2026-09-11T18:03:59.574+00:00,153.679,153.68,0.001,88
2026-09-11T18:03:59.774+00:00,153.677,153.68,0.003,88
2026-09-11T18:04:00.377+00:00,153.678,153.681,0.003,88
2026-09-11T18:04:00.781+00:00,153.679,153.68,0.001,88
2026-09-11T18:04:00.980+00:00,153.678,153.679,0.001,88
2026-09-11T18:04:01.180+00:00,153.678,153.681,0.003,88
2026-09-11T18:04:02.205+00:00,153.679,153.68,0.001,88
2026-09-11T18:04:02.606+00:00,153.678,153.681,0.003,88
2026-09-11T18:04:03.409+00:00,153.677,153.68,0.003,88
2026-09-11T18:04:03.610+00:00,153.678,153.681,0.003,88
2026-09-11T18:04:04.107+00:00,153.677,153.68,0.003,88
2026-09-11T18:04:04.321+00:00,153.678,153.681,0.003,88
2026-09-11T18:04:06.092+00:00,153.679,153.68,0.001,88
2026-09-11T18:04:06.293+00:00,153.678,153.681,0.003,88
2026-09-11T18:04:06.699+00:00,153.679,153.681,0.002,88
2026-09-11T18:04:06.895+00:00,153.68,153.681,0.001,88
2026-09-11T18:04:07.096+00:00,153.68,153.685,0.005,88
2026-09-11T18:04:07.296+00:00,153.679,153.685,0.006,88
2026-09-11T18:04:07.701+00:00,153.679,153.682,0.003,88
2026-09-11T18:04:08.103+00:00,153.68,153.681,0.001,88
2026-09-11T18:04:08.313+00:00,153.68,153.683,0.003,88
2026-09-11T18:04:08.503+00:00,153.679,153.681,0.002,88
2026-09-11T18:04:08.703+00:00,153.679,153.682,0.003,88
2026-09-11T18:04:09.108+00:00,153.678,153.681,0.003,88
2026-09-11T18:04:10.318+00:00,153.679,153.68,0.001,88
2026-09-11T18:04:12.023+00:00,153.678,153.681,0.003,88
2026-09-11T18:04:12.577+00:00,153.679,153.68,0.001,88
2026-09-11T18:04:14.060+00:00,153.678,153.68,0.002,88
2026-09-11T18:04:14.259+00:00,153.678,153.681,0.003,88
2026-09-11T18:04:14.663+00:00,153.678,153.679,0.001,88
2026-09-11T18:04:14.870+00:00,153.677,153.68,0.003,89
2026-09-11T18:04:15.066+00:00,153.678,153.679,0.001,89
2026-09-11T18:04:15.267+00:00,153.679,153.68,0.001,89
2026-09-11T18:04:19.969+00:00,153.68,153.681,0.001,89
2026-09-11T18:04:20.170+00:00,153.679,153.68,0.001,89
2026-09-11T18:04:22.077+00:00,153.68,153.681,0.001,89
2026-09-11T18:04:22.276+00:00,153.679,153.68,0.001,89
2026-09-11T18:04:24.325+00:00,153.678,153.68,0.002,89
2026-09-11T18:04:24.526+00:00,153.679,153.68,0.001,89
2026-09-11T18:04:25.140+00:00,153.678,153.68,0.002,89
2026-09-11T18:04:25.340+00:00,153.679,153.68,0.001,89
2026-09-11T18:04:26.670+00:00,153.678,153.679,0.001,89
2026-09-11T18:04:26.868+00:00,153.678,153.681,0.003,89
2026-09-11T18:04:28.079+00:00,153.687,153.688,0.001,89
2026-09-11T18:04:28.479+00:00,153.686,153.689,0.003,89
2026-09-11T18:04:28.679+00:00,153.687,153.69,0.003,89
2026-09-11T18:04:28.879+00:00,153.688,153.689,0.001,89
2026-09-11T18:04:29.993+00:00,153.688,153.69,0.002,89
2026-09-11T18:04:30.194+00:00,153.688,153.689,0.001,89
2026-09-11T18:04:30.394+00:00,153.687,153.69,0.003,89
2026-09-11T18:04:34.304+00:00,153.686,153.689,0.003,89
2026-09-11T18:04:34.506+00:00,153.687,153.69,0.003,89
2026-09-11T18:04:38.063+00:00,153.686,153.689,0.003,89
2026-09-11T18:04:38.267+00:00,153.687,153.69,0.003,89
2026-09-11T18:04:41.993+00:00,153.686,153.689,0.003,90
2026-09-11T18:04:45.772+00:00,153.687,153.69,0.003,90
2026-09-11T18:04:46.020+00:00,153.689,153.692,0.003,90
2026-09-11T18:04:46.773+00:00,153.69,153.693,0.003,90
2026-09-11T18:04:46.773+00:00,153.689,153.692,0.003,90
2026-09-11T18:04:47.383+00:00,153.69,153.691,0.001,90
2026-09-11T18:04:48.411+00:00,153.689,153.69,0.001,90
2026-09-11T18:04:49.529+00:00,153.69,153.691,0.001,90
2026-09-11T18:04:49.729+00:00,153.689,153.692,0.003,90
2026-09-11T18:04:50.131+00:00,153.69,153.691,0.001,90
2026-09-11T18:04:50.949+00:00,153.689,153.692,0.003,90
2026-09-11T18:04:51.139+00:00,153.686,153.689,0.003,90
2026-09-11T18:04:51.336+00:00,153.685,153.686,0.001,90
2026-09-11T18:04:51.536+00:00,153.685,153.688,0.003,90
2026-09-11T18:04:51.739+00:00,153.684,153.687,0.003,90
2026-09-11T18:04:51.939+00:00,153.685,153.688,0.003,90
2026-09-11T18:04:52.142+00:00,153.684,153.687,0.003,90
2026-09-11T18:04:52.342+00:00,153.686,153.689,0.003,90
2026-09-11T18:04:52.944+00:00,153.685,153.688,0.003,90
2026-09-11T18:04:53.144+00:00,153.686,153.689,0.003,90
2026-09-11T18:04:55.447+00:00,153.687,153.69,0.003,90
2026-09-11T18:04:55.847+00:00,153.686,153.689,0.003,90
2026-09-11T18:04:56.502+00:00,153.687,153.688,0.001,90
2026-09-11T18:04:56.702+00:00,153.686,153.689,0.003,90
2026-09-11T18:04:56.908+00:00,153.687,153.688,0.001,90
2026-09-11T18:04:59.626+00:00,153.686,153.689,0.003,90
2026-09-11T18:04:59.827+00:00,153.687,153.69,0.003,90
2026-09-11T18:05:02.282+00:00,153.686,153.689,0.003,90
2026-09-11T18:05:02.482+00:00,153.687,153.69,0.003,90
2026-09-11T18:05:03.620+00:00,153.688,153.691,0.003,90
2026-09-11T18:05:04.655+00:00,153.687,153.69,0.003,90
2026-09-11T18:05:07.761+00:00,153.688,153.689,0.001,91
2026-09-11T18:05:07.963+00:00,153.689,153.69,0.001,91
2026-09-11T18:05:08.160+00:00,153.688,153.691,0.003,91
2026-09-11T18:05:17.776+00:00,153.687,153.69,0.003,91
2026-09-11T18:05:18.192+00:00,153.688,153.691,0.003,91
2026-09-11T18:05:19.380+00:00,153.689,153.69,0.001,91
2026-09-11T18:05:19.579+00:00,153.688,153.691,0.003,91
2026-09-11T18:05:20.157+00:00,153.687,153.69,0.003,91
2026-09-11T18:05:21.089+00:00,153.688,153.691,0.003,91
2026-09-11T18:05:23.773+00:00,153.687,153.69,0.003,91
2026-09-11T18:05:27.358+00:00,153.691,153.692,0.001,91
2026-09-11T18:05:27.963+00:00,153.69,153.691,0.001,91
2026-09-11T18:05:28.160+00:00,153.691,153.692,0.001,91
2026-09-11T18:05:28.370+00:00,153.691,153.696,0.005,91
2026-09-11T18:05:28.972+00:00,153.691,153.692,0.001,91
2026-09-11T18:05:30.952+00:00,153.69,153.693,0.003,92
2026-09-11T18:05:31.160+00:00,153.691,153.692,0.001,92
2026-09-11T18:05:31.964+00:00,153.692,153.693,0.001,92
2026-09-11T18:05:32.163+00:00,153.689,153.691,0.002,92
2026-09-11T18:05:32.363+00:00,153.689,153.692,0.003,92
2026-09-11T18:05:33.742+00:00,153.69,153.693,0.003,92
2026-09-11T18:05:36.411+00:00,153.691,153.692,0.001,92
2026-09-11T18:05:37.401+00:00,153.69,153.693,0.003,92
2026-09-11T18:05:38.202+00:00,153.69,153.691,0.001,92
2026-09-11T18:05:38.404+00:00,153.689,153.692,0.003,92
2026-09-11T18:05:39.280+00:00,153.688,153.691,0.003,92
2026-09-11T18:05:39.683+00:00,153.689,153.692,0.003,92
2026-09-11T18:05:40.424+00:00,153.69,153.693,0.003,92
2026-09-11T18:05:41.266+00:00,153.691,153.692,0.001,92
2026-09-11T18:05:41.655+00:00,153.688,153.692,0.004,92
2026-09-11T18:05:42.004+00:00,153.69,153.693,0.003,92
2026-09-11T18:05:42.205+00:00,153.691,153.692,0.001,92
2026-09-11T18:05:43.005+00:00,153.69,153.693,0.003,92
2026-09-11T18:05:43.921+00:00,153.694,153.696,0.002,92
2026-09-11T18:05:44.120+00:00,153.695,153.698,0.003,92
2026-09-11T18:05:44.322+00:00,153.696,153.699,0.003,92
2026-09-11T18:05:44.521+00:00,153.697,153.7,0.003,92
2026-09-11T18:05:44.721+00:00,153.696,153.7,0.004,92
2026-09-11T18:05:44.920+00:00,153.696,153.701,0.005,92
2026-09-11T18:05:45.322+00:00,153.694,153.698,0.004,92
2026-09-11T18:05:45.521+00:00,153.696,153.699,0.003,92
2026-09-11T18:05:45.722+00:00,153.696,153.7,0.004,92
2026-09-11T18:05:46.123+00:00,153.697,153.7,0.003,92
2026-09-11T18:05:47.139+00:00,153.697,153.701,0.004,92
2026-09-11T18:05:47.342+00:00,153.697,153.7,0.003,92
2026-09-11T18:05:47.741+00:00,153.697,153.698,0.001,92
2026-09-11T18:05:47.942+00:00,153.696,153.699,0.003,92
2026-09-11T18:05:48.145+00:00,153.697,153.7,0.003,92
2026-09-11T18:05:48.545+00:00,153.697,153.701,0.004,92
2026-09-11T18:05:48.949+00:00,153.697,153.7,0.003,92
2026-09-11T18:05:49.488+00:00,153.698,153.701,0.003,92
2026-09-11T18:05:49.690+00:00,153.697,153.7,0.003,92
2026-09-11T18:05:49.889+00:00,153.696,153.699,0.003,92
2026-09-11T18:05:50.089+00:00,153.697,153.698,0.001,92
2026-09-11T18:05:50.289+00:00,153.695,153.698,0.003,92
2026-09-11T18:05:50.696+00:00,153.696,153.699,0.003,92
2026-09-11T18:05:51.092+00:00,153.695,153.698,0.003,92
2026-09-11T18:05:51.693+00:00,153.696,153.699,0.003,92
2026-09-11T18:05:51.894+00:00,153.695,153.698,0.003,92
2026-09-11T18:05:52.297+00:00,153.697,153.698,0.001,92
2026-09-11T18:05:52.496+00:00,153.696,153.699,0.003,92
2026-09-11T18:05:52.896+00:00,153.696,153.697,0.001,92
2026-09-11T18:05:53.099+00:00,153.697,153.698,0.001,92
2026-09-11T18:05:53.500+00:00,153.694,153.697,0.003,92
2026-09-11T18:05:53.701+00:00,153.696,153.699,0.003,92
2026-09-11T18:05:53.900+00:00,153.697,153.7,0.003,92
2026-09-11T18:05:54.100+00:00,153.696,153.699,0.003,92
2026-09-11T18:05:54.301+00:00,153.697,153.698,0.001,92
2026-09-11T18:05:54.705+00:00,153.698,153.699,0.001,92
2026-09-11T18:05:54.905+00:00,153.696,153.699,0.003,92
2026-09-11T18:05:55.105+00:00,153.697,153.7,0.003,92
2026-09-11T18:05:56.108+00:00,153.697,153.698,0.001,93
2026-09-11T18:05:56.712+00:00,153.696,153.699,0.003,93
2026-09-11T18:05:56.912+00:00,153.697,153.7,0.003,93
2026-09-11T18:05:57.112+00:00,153.694,153.7,0.006,93
2026-09-11T18:05:57.333+00:00,153.696,153.7,0.004,93
2026-09-11T18:05:57.533+00:00,153.697,153.703,0.006,93
2026-09-11T18:05:57.934+00:00,153.697,153.701,0.004,93
2026-09-11T18:05:58.337+00:00,153.696,153.699,0.003,93
2026-09-11T18:05:58.738+00:00,153.695,153.698,0.003,93
2026-09-11T18:05:58.939+00:00,153.696,153.697,0.001,93
2026-09-11T18:05:59.140+00:00,153.695,153.698,0.003,93
2026-09-11T18:05:59.744+00:00,153.697,153.698,0.001,93
2026-09-11T18:06:00.950+00:00,153.691,153.692,0.001,93
2026-09-11T18:06:01.149+00:00,153.689,153.692,0.003,93
2026-09-11T18:06:02.854+00:00,153.687,153.692,0.005,93
2026-09-11T18:06:03.265+00:00,153.689,153.692,0.003,93
2026-09-11T18:06:03.659+00:00,153.69,153.691,0.001,93
2026-09-11T18:06:03.858+00:00,153.689,153.691,0.002,93
2026-09-11T18:06:04.272+00:00,153.69,153.691,0.001,93
2026-09-11T18:06:05.151+00:00,153.689,153.692,0.003,93
2026-09-11T18:06:05.547+00:00,153.687,153.688,0.001,93
2026-09-11T18:06:05.865+00:00,153.688,153.689,0.001,93
2026-09-11T18:06:06.371+00:00,153.686,153.687,0.001,93
2026-09-11T18:06:06.570+00:00,153.684,153.687,0.003,93
2026-09-11T18:06:06.772+00:00,153.685,153.686,0.001,93
2026-09-11T18:06:07.203+00:00,153.684,153.687,0.003,93
2026-09-11T18:06:07.404+00:00,153.685,153.686,0.001,93
2026-09-11T18:06:08.008+00:00,153.684,153.687,0.003,93
2026-09-11T18:06:08.208+00:00,153.685,153.688,0.003,93
2026-09-11T18:06:08.409+00:00,153.684,153.687,0.003,93
2026-09-11T18:06:09.214+00:00,153.685,153.688,0.003,93
2026-09-11T18:06:09.613+00:00,153.686,153.689,0.003,93
2026-09-11T18:06:10.263+00:00,153.687,153.69,0.003,93
2026-09-11T18:06:10.464+00:00,153.686,153.689,0.003,93
2026-09-11T18:06:10.784+00:00,153.685,153.688,0.003,93
2026-09-11T18:06:12.079+00:00,153.686,153.689,0.003,93
2026-09-11T18:06:12.509+00:00,153.687,153.69,0.003,93
2026-09-11T18:06:12.705+00:00,153.686,153.689,0.003,93
2026-09-11T18:06:13.209+00:00,153.687,153.69,0.003,93
2026-09-11T18:06:13.608+00:00,153.686,153.689,0.003,93
2026-09-11T18:06:13.809+00:00,153.687,153.69,0.003,93
2026-09-11T18:06:14.007+00:00,153.688,153.691,0.003,93
2026-09-11T18:06:14.683+00:00,153.687,153.69,0.003,93
2026-09-11T18:06:14.884+00:00,153.688,153.691,0.003,93
2026-09-11T18:06:15.889+00:00,153.687,153.69,0.003,93
2026-09-11T18:06:16.729+00:00,153.686,153.689,0.003,93
2026-09-11T18:06:17.724+00:00,153.687,153.69,0.003,93
2026-09-11T18:06:17.973+00:00,153.686,153.689,0.003,93
2026-09-11T18:06:18.444+00:00,153.687,153.69,0.003,93
2026-09-11T18:06:21.003+00:00,153.689,153.692,0.003,93
2026-09-11T18:06:21.403+00:00,153.69,153.693,0.003,94
2026-09-11T18:06:21.608+00:00,153.689,153.691,0.002,94
2026-09-11T18:06:21.806+00:00,153.69,153.693,0.003,94
2026-09-11T18:06:22.208+00:00,153.688,153.691,0.003,94
2026-09-11T18:06:23.076+00:00,153.69,153.693,0.003,94
2026-09-11T18:06:25.076+00:00,153.689,153.691,0.002,94
2026-09-11T18:06:25.478+00:00,153.69,153.693,0.003,94
2026-09-11T18:06:26.506+00:00,153.689,153.692,0.003,94
2026-09-11T18:06:26.709+00:00,153.688,153.691,0.003,94
2026-09-11T18:06:26.909+00:00,153.689,153.692,0.003,94
2026-09-11T18:06:29.120+00:00,153.688,153.691,0.003,94
2026-09-11T18:06:29.326+00:00,153.689,153.692,0.003,94
2026-09-11T18:06:30.187+00:00,153.69,153.693,0.003,94
2026-09-11T18:06:30.836+00:00,153.689,153.692,0.003,94
2026-09-11T18:06:32.825+00:00,153.69,153.693,0.003,94
2026-09-11T18:06:33.225+00:00,153.691,153.694,0.003,94
2026-09-11T18:06:33.426+00:00,153.691,153.692,0.001,94
2026-09-11T18:06:33.829+00:00,153.692,153.693,0.001,94
2026-09-11T18:06:34.030+00:00,153.69,153.693,0.003,94
2026-09-11T18:06:34.436+00:00,153.691,153.694,0.003,94
2026-09-11T18:06:34.945+00:00,153.69,153.693,0.003,94
2026-09-11T18:06:35.546+00:00,153.691,153.694,0.003,94
2026-09-11T18:06:36.157+00:00,153.69,153.692,0.002,94
2026-09-11T18:06:36.356+00:00,153.691,153.694,0.003,94
2026-09-11T18:06:37.155+00:00,153.69,153.692,0.002,94
2026-09-11T18:06:37.361+00:00,153.689,153.691,0.002,94
2026-09-11T18:06:38.122+00:00,153.688,153.69,0.002,94
2026-09-11T18:06:38.322+00:00,153.689,153.692,0.003,94
2026-09-11T18:06:38.524+00:00,153.688,153.69,0.002,94
2026-09-11T18:06:39.347+00:00,153.688,153.691,0.003,94
2026-09-11T18:06:39.553+00:00,153.689,153.692,0.003,94
2026-09-11T18:06:43.822+00:00,153.69,153.693,0.003,94
2026-09-11T18:06:44.024+00:00,153.687,153.689,0.002,94
2026-09-11T18:06:44.427+00:00,153.689,153.692,0.003,94
2026-09-11T18:06:45.023+00:00,153.688,153.69,0.002,94
2026-09-11T18:06:45.533+00:00,153.687,153.69,0.003,94
2026-09-11T18:06:45.785+00:00,153.688,153.692,0.004,94
2026-09-11T18:06:45.986+00:00,153.688,153.691,0.003,94
2026-09-11T18:06:46.197+00:00,153.69,153.693,0.003,94
2026-09-11T18:06:46.390+00:00,153.689,153.692,0.003,94
2026-09-11T18:06:46.587+00:00,153.688,153.691,0.003,95
2026-09-11T18:06:46.790+00:00,153.69,153.693,0.003,95
2026-09-11T18:06:46.989+00:00,153.689,153.692,0.003,95
2026-09-11T18:06:47.190+00:00,153.69,153.693,0.003,95
2026-09-11T18:06:48.354+00:00,153.689,153.692,0.003,95
2026-09-11T18:06:48.761+00:00,153.69,153.693,0.003,95
2026-09-11T18:06:49.242+00:00,153.689,153.692,0.003,95
2026-09-11T18:06:49.444+00:00,153.69,153.693,0.003,95
2026-09-11T18:06:50.625+00:00,153.689,153.692,0.003,95
2026-09-11T18:06:52.627+00:00,153.69,153.693,0.003,95
2026-09-11T18:06:54.222+00:00,153.689,153.692,0.003,95
2026-09-11T18:06:54.670+00:00,153.688,153.691,0.003,95
2026-09-11T18:06:54.871+00:00,153.687,153.69,0.003,95
2026-09-11T18:06:55.076+00:00,153.688,153.691,0.003,95
2026-09-11T18:06:56.029+00:00,153.689,153.692,0.003,95
2026-09-11T18:06:58.291+00:00,153.69,153.693,0.003,95
2026-09-11T18:06:58.492+00:00,153.689,153.692,0.003,95
2026-09-11T18:06:58.896+00:00,153.69,153.693,0.003,95
2026-09-11T18:07:02.692+00:00,153.689,153.692,0.003,95
2026-09-11T18:07:07.005+00:00,153.69,153.693,0.003,95
2026-09-11T18:07:09.065+00:00,153.689,153.692,0.003,95
2026-09-11T18:07:10.118+00:00,153.689,153.693,0.004,95
2026-09-11T18:07:10.522+00:00,153.689,153.692,0.003,95
2026-09-11T18:07:10.924+00:00,153.69,153.693,0.003,95
2026-09-11T18:07:11.528+00:00,153.69,153.694,0.004,95
2026-09-11T18:07:11.731+00:00,153.69,153.693,0.003,96
2026-09-11T18:07:12.182+00:00,153.689,153.692,0.003,96
2026-09-11T18:07:17.943+00:00,153.687,153.689,0.002,96
2026-09-11T18:07:18.144+00:00,153.688,153.691,0.003,96
2026-09-11T18:07:19.348+00:00,153.687,153.69,0.003,96
2026-09-11T18:07:19.547+00:00,153.688,153.691,0.003,96
2026-09-11T18:07:19.746+00:00,153.687,153.69,0.003,96
2026-09-11T18:07:19.946+00:00,153.688,153.691,0.003,96
2026-09-11T18:07:20.147+00:00,153.689,153.692,0.003,96
2026-09-11T18:07:23.919+00:00,153.688,153.69,0.002,96
2026-09-11T18:07:25.818+00:00,153.69,153.693,0.003,96
2026-09-11T18:07:26.221+00:00,153.69,153.692,0.002,96
2026-09-11T18:07:26.422+00:00,153.688,153.691,0.003,96
2026-09-11T18:07:26.625+00:00,153.69,153.692,0.002,96
2026-09-11T18:07:26.824+00:00,153.69,153.693,0.003,96
2026-09-11T18:07:27.026+00:00,153.691,153.694,0.003,96
2026-09-11T18:07:27.828+00:00,153.692,153.693,0.001,96
2026-09-11T18:07:28.428+00:00,153.691,153.694,0.003,96
2026-09-11T18:07:28.641+00:00,153.69,153.693,0.003,96
2026-09-11T18:07:28.842+00:00,153.691,153.692,0.001,96
2026-09-11T18:07:29.043+00:00,153.69,153.693,0.003,96
2026-09-11T18:07:31.063+00:00,153.691,153.692,0.001,96
2026-09-11T18:07:31.666+00:00,153.69,153.693,0.003,96
2026-09-11T18:07:32.696+00:00,153.689,153.693,0.004,96
2026-09-11T18:07:33.129+00:00,153.69,153.693,0.003,96
2026-09-11T18:07:34.293+00:00,153.691,153.694,0.003,96
2026-09-11T18:07:34.496+00:00,153.692,153.693,0.001,96
2026-09-11T18:07:34.722+00:00,153.69,153.692,0.002,96
2026-09-11T18:07:35.098+00:00,153.69,153.694,0.004,96
2026-09-11T18:07:35.296+00:00,153.691,153.694,0.003,96
2026-09-11T18:07:35.499+00:00,153.69,153.693,0.003,96
2026-09-11T18:07:36.340+00:00,153.689,153.693,0.004,96
2026-09-11T18:07:36.938+00:00,153.69,153.693,0.003,97
2026-09-11T18:07:39.343+00:00,153.691,153.692,0.001,97
2026-09-11T18:07:41.746+00:00,153.692,153.693,0.001,97
2026-09-11T18:07:41.946+00:00,153.69,153.693,0.003,97
2026-09-11T18:07:42.147+00:00,153.692,153.693,0.001,97
2026-09-11T18:07:42.548+00:00,153.691,153.694,0.003,97
2026-09-11T18:07:42.949+00:00,153.69,153.693,0.003,97
2026-09-11T18:07:43.149+00:00,153.691,153.694,0.003,97
2026-09-11T18:07:43.638+00:00,153.69,153.693,0.003,97
2026-09-11T18:07:43.836+00:00,153.692,153.693,0.001,97
2026-09-11T18:07:44.037+00:00,153.691,153.694,0.003,97
2026-09-11T18:07:45.371+00:00,153.69,153.693,0.003,97
2026-09-11T18:07:45.572+00:00,153.691,153.694,0.003,97
2026-09-11T18:07:45.779+00:00,153.692,153.693,0.001,97
2026-09-11T18:07:47.227+00:00,153.695,153.698,0.003,97
2026-09-11T18:07:47.428+00:00,153.696,153.697,0.001,97
2026-09-11T18:07:47.627+00:00,153.695,153.698,0.003,97
2026-09-11T18:07:48.029+00:00,153.696,153.697,0.001,97
2026-09-11T18:07:48.230+00:00,153.692,153.693,0.001,97
2026-09-11T18:07:48.433+00:00,153.693,153.696,0.003,97
2026-09-11T18:07:48.633+00:00,153.695,153.696,0.001,97
2026-09-11T18:07:49.441+00:00,153.695,153.697,0.002,97
2026-09-11T18:07:49.764+00:00,153.695,153.696,0.001,97
2026-09-11T18:07:52.509+00:00,153.696,153.697,0.001,97
2026-09-11T18:07:52.922+00:00,153.691,153.694,0.003,97
2026-09-11T18:07:53.110+00:00,153.692,153.693,0.001,97
2026-09-11T18:07:53.916+00:00,153.691,153.692,0.001,97
2026-09-11T18:07:54.404+00:00,153.692,153.695,0.003,97
2026-09-11T18:07:54.605+00:00,153.692,153.693,0.001,97
2026-09-11T18:07:58.381+00:00,153.691,153.693,0.002,97
2026-09-11T18:07:58.582+00:00,153.69,153.694,0.004,97
2026-09-11T18:07:58.994+00:00,153.691,153.694,0.003,97
2026-09-11T18:07:59.389+00:00,153.69,153.693,0.003,97
2026-09-11T18:07:59.589+00:00,153.691,153.694,0.003,97
2026-09-11T18:08:00.016+00:00,153.69,153.693,0.003,97
2026-09-11T18:08:02.726+00:00,153.691,153.694,0.003,98
2026-09-11T18:08:02.984+00:00,153.691,153.692,0.001,98
2026-09-11T18:08:03.384+00:00,153.691,153.695,0.004,98
2026-09-11T18:08:03.586+00:00,153.691,153.692,0.001,98
2026-09-11T18:08:06.162+00:00,153.689,153.69,0.001,98
2026-09-11T18:08:06.564+00:00,153.69,153.691,0.001,98
2026-09-11T18:08:07.166+00:00,153.687,153.69,0.003,98
2026-09-11T18:08:07.367+00:00,153.688,153.688,0.0,98
2026-09-11T18:08:07.568+00:00,153.689,153.69,0.001,98
2026-09-11T18:08:08.169+00:00,153.69,153.691,0.001,98
2026-09-11T18:08:08.772+00:00,153.689,153.691,0.002,98
2026-09-11T18:08:08.976+00:00,153.69,153.691,0.001,98
2026-09-11T18:08:09.351+00:00,153.688,153.69,0.002,98
2026-09-11T18:08:09.552+00:00,153.689,153.692,0.003,98
2026-09-11T18:08:09.755+00:00,153.69,153.693,0.003,98
2026-09-11T18:08:13.867+00:00,153.689,153.691,0.002,98
2026-09-11T18:08:14.067+00:00,153.69,153.692,0.002,98
2026-09-11T18:08:14.616+00:00,153.688,153.691,0.003,98
2026-09-11T18:08:14.816+00:00,153.692,153.693,0.001,98
2026-09-11T18:08:15.219+00:00,153.693,153.696,0.003,98
2026-09-11T18:08:15.419+00:00,153.692,153.695,0.003,98
2026-09-11T18:08:15.624+00:00,153.694,153.696,0.002,98
2026-09-11T18:08:15.822+00:00,153.695,153.698,0.003,98
2026-09-11T18:08:16.020+00:00,153.694,153.696,0.002,98
2026-09-11T18:08:16.222+00:00,153.696,153.699,0.003,98
2026-09-11T18:08:17.423+00:00,153.695,153.698,0.003,98
2026-09-11T18:08:17.827+00:00,153.694,153.697,0.003,98
2026-09-11T18:08:18.029+00:00,153.697,153.698,0.001,98
2026-09-11T18:08:18.227+00:00,153.695,153.698,0.003,98
2026-09-11T18:08:18.431+00:00,153.696,153.699,0.003,98
2026-09-11T18:08:18.831+00:00,153.697,153.698,0.001,98
2026-09-11T18:08:18.832+00:00,153.696,153.698,0.002,98
2026-09-11T18:08:19.029+00:00,153.696,153.699,0.003,98
2026-09-11T18:08:19.231+00:00,153.697,153.698,0.001,98
2026-09-11T18:08:19.639+00:00,153.696,153.699,0.003,98
2026-09-11T18:08:19.841+00:00,153.697,153.698,0.001,98
2026-09-11T18:08:20.439+00:00,153.693,153.696,0.003,98
2026-09-11T18:08:20.642+00:00,153.695,153.698,0.003,98
2026-09-11T18:08:20.842+00:00,153.696,153.697,0.001,98
2026-09-11T18:08:21.041+00:00,153.694,153.697,0.003,98
2026-09-11T18:08:21.243+00:00,153.694,153.698,0.004,98
2026-09-11T18:08:21.448+00:00,153.694,153.697,0.003,98
2026-09-11T18:08:21.845+00:00,153.693,153.696,0.003,98
2026-09-11T18:08:22.046+00:00,153.694,153.697,0.003,98
2026-09-11T18:08:23.854+00:00,153.693,153.696,0.003,98
2026-09-11T18:08:24.056+00:00,153.694,153.697,0.003,98
2026-09-11T18:08:24.458+00:00,153.695,153.696,0.001,98
2026-09-11T18:08:24.658+00:00,153.694,153.697,0.003,98
2026-09-11T18:08:24.856+00:00,153.694,153.695,0.001,98
2026-09-11T18:08:25.057+00:00,153.694,153.697,0.003,98
2026-09-11T18:08:25.259+00:00,153.693,153.696,0.003,98
2026-09-11T18:08:25.459+00:00,153.694,153.695,0.001,98
2026-09-11T18:08:25.660+00:00,153.695,153.696,0.001,98
2026-09-11T18:08:26.064+00:00,153.694,153.697,0.003,98
2026-09-11T18:08:26.267+00:00,153.695,153.696,0.001,98
2026-09-11T18:08:27.067+00:00,153.694,153.697,0.003,99
2026-09-11T18:08:27.471+00:00,153.695,153.697,0.002,99
2026-09-11T18:08:27.672+00:00,153.696,153.697,0.001,99
2026-09-11T18:08:27.871+00:00,153.695,153.697,0.002,99
2026-09-11T18:08:28.071+00:00,153.695,153.698,0.003,99
2026-09-11T18:08:28.473+00:00,153.696,153.699,0.003,99
2026-09-11T18:08:28.673+00:00,153.696,153.7,0.004,99
2026-09-11T18:08:29.075+00:00,153.696,153.698,0.002,99
2026-09-11T18:08:29.280+00:00,153.696,153.697,0.001,99
2026-09-11T18:08:29.479+00:00,153.697,153.698,0.001,99
2026-09-11T18:08:29.678+00:00,153.696,153.699,0.003,99
2026-09-11T18:08:30.684+00:00,153.695,153.698,0.003,99
2026-09-11T18:08:30.886+00:00,153.698,153.698,0.0,99
2026-09-11T18:08:31.087+00:00,153.696,153.699,0.003,99
2026-09-11T18:08:31.893+00:00,153.697,153.698,0.001,99
2026-09-11T18:08:32.093+00:00,153.696,153.699,0.003,99
2026-09-11T18:08:32.694+00:00,153.696,153.697,0.001,99
2026-09-11T18:08:33.094+00:00,153.697,153.698,0.001,99
2026-09-11T18:08:33.296+00:00,153.695,153.698,0.003,99
2026-09-11T18:08:33.498+00:00,153.696,153.699,0.003,99
2026-09-11T18:08:33.897+00:00,153.697,153.7,0.003,99
2026-09-11T18:08:34.100+00:00,153.697,153.698,0.001,99
2026-09-11T18:08:34.301+00:00,153.696,153.699,0.003,99
2026-09-11T18:08:34.502+00:00,153.695,153.698,0.003,99
2026-09-11T18:08:34.701+00:00,153.696,153.699,0.003,99
2026-09-11T18:08:34.903+00:00,153.697,153.698,0.001,99
2026-09-11T18:08:35.308+00:00,153.695,153.698,0.003,99
2026-09-11T18:08:35.508+00:00,153.696,153.699,0.003,99
2026-09-11T18:08:36.915+00:00,153.695,153.698,0.003,99
2026-09-11T18:08:37.112+00:00,153.696,153.699,0.003,99
2026-09-11T18:08:37.717+00:00,153.694,153.697,0.003,99
2026-09-11T18:08:37.920+00:00,153.695,153.697,0.002,99
2026-09-11T18:08:38.120+00:00,153.696,153.699,0.003,99
2026-09-11T18:08:38.320+00:00,153.696,153.698,0.002,99
2026-09-11T18:08:38.723+00:00,153.697,153.7,0.003,99
2026-09-11T18:08:38.926+00:00,153.696,153.7,0.004,99
2026-09-11T18:08:39.332+00:00,153.697,153.7,0.003,99
2026-09-11T18:08:39.936+00:00,153.697,153.699,0.002,99
2026-09-11T18:08:40.136+00:00,153.697,153.7,0.003,99
2026-09-11T18:08:40.337+00:00,153.698,153.699,0.001,99
2026-09-11T18:08:40.536+00:00,153.697,153.698,0.001,99
2026-09-11T18:08:40.737+00:00,153.696,153.699,0.003,99
2026-09-11T18:08:41.138+00:00,153.695,153.698,0.003,99
2026-09-11T18:08:41.341+00:00,153.697,153.698,0.001,99
2026-09-11T18:08:41.540+00:00,153.696,153.697,0.001,99
2026-09-11T18:08:41.741+00:00,153.696,153.699,0.003,99
2026-09-11T18:08:42.345+00:00,153.697,153.7,0.003,99
2026-09-11T18:08:42.544+00:00,153.696,153.699,0.003,99
2026-09-11T18:08:44.563+00:00,153.697,153.7,0.003,99
2026-09-11T18:08:44.963+00:00,153.696,153.699,0.003,99
2026-09-11T18:08:45.164+00:00,153.697,153.7,0.003,99
2026-09-11T18:08:45.365+00:00,153.696,153.699,0.003,99
2026-09-11T18:08:45.772+00:00,153.695,153.697,0.002,99
2026-09-11T18:08:45.971+00:00,153.696,153.699,0.003,99
2026-09-11T18:08:47.283+00:00,153.697,153.698,0.001,99
2026-09-11T18:08:47.480+00:00,153.697,153.7,0.003,99
2026-09-11T18:08:47.680+00:00,153.696,153.699,0.003,99
2026-09-11T18:08:48.494+00:00,153.697,153.7,0.003,99
2026-09-11T18:08:49.306+00:00,153.698,153.701,0.003,99
2026-09-11T18:08:50.398+00:00,153.699,153.702,0.003,99
2026-09-11T18:08:50.599+00:00,153.698,153.701,0.003,99
2026-09-11T18:08:51.606+00:00,153.699,153.702,0.003,99
2026-09-11T18:08:52.662+00:00,153.698,153.701,0.003,100
2026-09-11T18:08:53.140+00:00,153.699,153.702,0.003,100
2026-09-11T18:08:53.543+00:00,153.696,153.698,0.002,100
2026-09-11T18:08:53.770+00:00,153.699,153.702,0.003,100
2026-09-11T18:08:54.372+00:00,153.699,153.703,0.004,100
2026-09-11T18:08:54.976+00:00,153.7,153.701,0.001,100
2026-09-11T18:08:55.180+00:00,153.699,153.702,0.003,100
2026-09-11T18:08:56.003+00:00,153.698,153.7,0.002,100
2026-09-11T18:08:56.207+00:00,153.698,153.701,0.003,100
2026-09-11T18:08:56.823+00:00,153.699,153.702,0.003,100
2026-09-11T18:08:57.023+00:00,153.698,153.7,0.002,100
2026-09-11T18:08:57.632+00:00,153.698,153.701,0.003,100
2026-09-11T18:08:57.830+00:00,153.695,153.698,0.003,100
2026-09-11T18:08:58.033+00:00,153.694,153.697,0.003,100
2026-09-11T18:08:58.233+00:00,153.695,153.698,0.003,100
2026-09-11T18:08:58.437+00:00,153.697,153.698,0.001,100
2026-09-11T18:08:58.637+00:00,153.695,153.698,0.003,100
2026-09-11T18:08:58.838+00:00,153.696,153.697,0.001,100
2026-09-11T18:08:59.438+00:00,153.695,153.698,0.003,100
2026-09-11T18:08:59.839+00:00,153.696,153.699,0.003,100
2026-09-11T18:09:00.442+00:00,153.696,153.697,0.001,100
2026-09-11T18:09:00.641+00:00,153.697,153.698,0.001,100
2026-09-11T18:09:01.042+00:00,153.697,153.7,0.003,100
2026-09-11T18:09:01.445+00:00,153.698,153.699,0.001,100
2026-09-11T18:09:02.652+00:00,153.696,153.699,0.003,100
2026-09-11T18:09:02.851+00:00,153.695,153.696,0.001,100
2026-09-11T18:09:03.054+00:00,153.697,153.698,0.001,100
2026-09-11T18:09:03.252+00:00,153.697,153.7,0.003,100
2026-09-11T18:09:03.453+00:00,153.698,153.701,0.003,100
2026-09-11T18:09:04.256+00:00,153.699,153.7,0.001,100
2026-09-11T18:09:04.456+00:00,153.695,153.698,0.003,100
2026-09-11T18:09:04.656+00:00,153.694,153.697,0.003,100
2026-09-11T18:09:04.864+00:00,153.693,153.694,0.001,100
2026-09-11T18:09:05.256+00:00,153.693,153.696,0.003,100
2026-09-11T18:09:06.464+00:00,153.694,153.695,0.001,100
2026-09-11T18:09:06.666+00:00,153.694,153.697,0.003,100
2026-09-11T18:09:06.866+00:00,153.695,153.698,0.003,100
2026-09-11T18:09:07.067+00:00,153.696,153.697,0.001,100
2026-09-11T18:09:07.270+00:00,153.694,153.697,0.003,100
2026-09-11T18:09:07.470+00:00,153.695,153.698,0.003,100
2026-09-11T18:09:07.672+00:00,153.694,153.697,0.003,100
2026-09-11T18:09:07.873+00:00,153.695,153.698,0.003,100
2026-09-11T18:09:08.884+00:00,153.694,153.696,0.002,100
2026-09-11T18:09:09.085+00:00,153.691,153.694,0.003,100
2026-09-11T18:09:09.288+00:00,153.69,153.692,0.002,100
2026-09-11T18:09:09.684+00:00,153.69,153.693,0.003,100
2026-09-11T18:09:10.384+00:00,153.691,153.692,0.001,100
2026-09-11T18:09:10.630+00:00,153.69,153.693,0.003,100
2026-09-11T18:09:11.433+00:00,153.691,153.692,0.001,100
2026-09-11T18:09:12.304+00:00,153.692,153.693,0.001,100
2026-09-11T18:09:15.758+00:00,153.69,153.693,0.003,100
2026-09-11T18:09:16.360+00:00,153.689,153.692,0.003,100
2026-09-11T18:09:16.561+00:00,153.691,153.692,0.001,100
2026-09-11T18:09:19.222+00:00,153.689,153.691,0.002,101
2026-09-11T18:09:19.423+00:00,153.69,153.691,0.001,101
2026-09-11T18:09:19.624+00:00,153.691,153.692,0.001,101
2026-09-11T18:09:23.740+00:00,153.691,153.694,0.003,101
2026-09-11T18:09:25.324+00:00,153.69,153.693,0.003,101
2026-09-11T18:09:25.726+00:00,153.691,153.692,0.001,101
2026-09-11T18:09:28.362+00:00,153.69,153.693,0.003,101
2026-09-11T18:09:28.566+00:00,153.691,153.692,0.001,101
2026-09-11T18:09:28.954+00:00,153.691,153.693,0.002,101
2026-09-11T18:09:29.155+00:00,153.691,153.694,0.003,101
2026-09-11T18:09:30.578+00:00,153.692,153.695,0.003,101
2026-09-11T18:09:30.776+00:00,153.688,153.697,0.009,101
2026-09-11T18:09:30.976+00:00,153.69,153.695,0.005,101
2026-09-11T18:09:31.333+00:00,153.692,153.695,0.003,101
2026-09-11T18:09:31.617+00:00,153.693,153.694,0.001,101
2026-09-11T18:09:31.822+00:00,153.694,153.694,0.0,101
2026-09-11T18:09:32.022+00:00,153.691,153.694,0.003,101
2026-09-11T18:09:32.220+00:00,153.693,153.694,0.001,101
2026-09-11T18:09:33.021+00:00,153.692,153.695,0.003,101
2026-09-11T18:09:33.220+00:00,153.693,153.694,0.001,101
2026-09-11T18:09:33.623+00:00,153.693,153.695,0.002,101
2026-09-11T18:09:33.821+00:00,153.693,153.694,0.001,101
2026-09-11T18:09:34.800+00:00,153.694,153.695,0.001,101
2026-09-11T18:09:35.002+00:00,153.694,153.694,0.0,101
2026-09-11T18:09:36.009+00:00,153.692,153.695,0.003,101
2026-09-11T18:09:36.364+00:00,153.693,153.694,0.001,101
2026-09-11T18:09:36.766+00:00,153.692,153.694,0.002,101
2026-09-11T18:09:36.966+00:00,153.69,153.693,0.003,101
2026-09-11T18:09:37.167+00:00,153.692,153.693,0.001,101
2026-09-11T18:09:37.770+00:00,153.691,153.694,0.003,101
2026-09-11T18:09:38.243+00:00,153.69,153.694,0.004,101
2026-09-11T18:09:38.740+00:00,153.69,153.693,0.003,101
2026-09-11T18:09:39.141+00:00,153.695,153.698,0.003,101
2026-09-11T18:09:39.340+00:00,153.694,153.696,0.002,101
2026-09-11T18:09:39.542+00:00,153.693,153.695,0.002,101
2026-09-11T18:09:39.743+00:00,153.695,153.698,0.003,101
2026-09-11T18:09:39.945+00:00,153.694,153.697,0.003,101
2026-09-11T18:09:40.381+00:00,153.693,153.696,0.003,101
2026-09-11T18:09:40.583+00:00,153.694,153.697,0.003,101
2026-09-11T18:09:41.184+00:00,153.693,153.696,0.003,101
2026-09-11T18:09:41.789+00:00,153.69,153.693,0.003,101
2026-09-11T18:09:41.987+00:00,153.691,153.694,0.003,101
2026-09-11T18:09:42.390+00:00,153.689,153.692,0.003,102
2026-09-11T18:09:42.590+00:00,153.69,153.693,0.003,102
2026-09-11T18:09:44.703+00:00,153.69,153.694,0.004,102
2026-09-11T18:09:44.906+00:00,153.69,153.693,0.003,102
2026-09-11T18:09:47.009+00:00,153.689,153.693,0.004,102
2026-09-11T18:09:47.410+00:00,153.691,153.694,0.003,102
2026-09-11T18:09:50.411+00:00,153.692,153.695,0.003,102
2026-09-11T18:09:51.006+00:00,153.69,153.693,0.003,102
2026-09-11T18:09:51.208+00:00,153.691,153.694,0.003,102
2026-09-11T18:09:51.917+00:00,153.692,153.696,0.004,102
2026-09-11T18:09:52.281+00:00,153.692,153.694,0.002,102
2026-09-11T18:09:52.826+00:00,153.691,153.694,0.003,102
2026-09-11T18:09:53.527+00:00,153.69,153.693,0.003,102
2026-09-11T18:09:53.779+00:00,153.692,153.694,0.002,102
2026-09-11T18:09:54.200+00:00,153.691,153.694,0.003,102
2026-09-11T18:09:54.393+00:00,153.689,153.693,0.004,102
2026-09-11T18:09:54.595+00:00,153.69,153.693,0.003,102
2026-09-11T18:09:54.974+00:00,153.692,153.694,0.002,102
2026-09-11T18:09:55.375+00:00,153.691,153.694,0.003,102
2026-09-11T18:09:56.084+00:00,153.692,153.695,0.003,102
2026-09-11T18:09:56.285+00:00,153.691,153.694,0.003,102
2026-09-11T18:09:56.685+00:00,153.692,153.695,0.003,102
2026-09-11T18:09:57.290+00:00,153.691,153.694,0.003,102
2026-09-11T18:09:58.297+00:00,153.69,153.693,0.003,102
2026-09-11T18:09:58.570+00:00,153.691,153.694,0.003,102
2026-09-11T18:09:58.770+00:00,153.692,153.695,0.003,102
2026-09-11T18:09:58.978+00:00,153.691,153.694,0.003,102
2026-09-11T18:10:00.659+00:00,153.692,153.695,0.003,102
2026-09-11T18:10:00.859+00:00,153.691,153.694,0.003,102
2026-09-11T18:10:01.062+00:00,153.692,153.695,0.003,102
2026-09-11T18:10:01.416+00:00,153.692,153.696,0.004,102
2026-09-11T18:10:01.823+00:00,153.692,153.695,0.003,102
2026-09-11T18:10:02.020+00:00,153.691,153.694,0.003,102
2026-09-11T18:10:02.561+00:00,153.692,153.695,0.003,102
2026-09-11T18:10:04.725+00:00,153.693,153.696,0.003,102
2026-09-11T18:10:04.924+00:00,153.687,153.688,0.001,102
2026-09-11T18:10:05.125+00:00,153.687,153.69,0.003,102
2026-09-11T18:10:05.325+00:00,153.686,153.689,0.003,102
2026-09-11T18:10:05.525+00:00,153.687,153.69,0.003,102
2026-09-11T18:10:07.165+00:00,153.688,153.691,0.003,102
2026-09-11T18:10:07.555+00:00,153.689,153.692,0.003,103
2026-09-11T18:10:07.755+00:00,153.69,153.693,0.003,103
2026-09-11T18:10:07.958+00:00,153.69,153.691,0.001,103
2026-09-11T18:10:09.251+00:00,153.689,153.691,0.002,103
2026-09-11T18:10:09.452+00:00,153.69,153.691,0.001,103
2026-09-11T18:10:10.685+00:00,153.689,153.69,0.001,103
2026-09-11T18:10:10.886+00:00,153.688,153.69,0.002,103
2026-09-11T18:10:11.085+00:00,153.689,153.69,0.001,103
2026-09-11T18:10:12.364+00:00,153.69,153.69,0.0,103
2026-09-11T18:10:12.565+00:00,153.69,153.693,0.003,103
2026-09-11T18:10:12.764+00:00,153.691,153.694,0.003,103
2026-09-11T18:10:12.964+00:00,153.69,153.693,0.003,103
2026-09-11T18:10:13.166+00:00,153.689,153.692,0.003,103
2026-09-11T18:10:13.570+00:00,153.69,153.693,0.003,103
2026-09-11T18:10:13.770+00:00,153.691,153.692,0.001,103
2026-09-11T18:10:13.971+00:00,153.692,153.693,0.001,103
2026-09-11T18:10:14.173+00:00,153.69,153.691,0.001,103
2026-09-11T18:10:14.376+00:00,153.689,153.691,0.002,103
2026-09-11T18:10:14.578+00:00,153.69,153.691,0.001,103
2026-09-11T18:10:15.208+00:00,153.691,153.692,0.001,103
2026-09-11T18:10:15.607+00:00,153.692,153.693,0.001,103
2026-09-11T18:10:16.389+00:00,153.691,153.692,0.001,103
2026-09-11T18:10:16.791+00:00,153.69,153.693,0.003,103
2026-09-11T18:10:17.191+00:00,153.689,153.692,0.003,103
2026-09-11T18:10:17.401+00:00,153.69,153.693,0.003,103
2026-09-11T18:10:18.560+00:00,153.689,153.692,0.003,103
2026-09-11T18:10:18.763+00:00,153.69,153.693,0.003,103
2026-09-11T18:10:18.964+00:00,153.692,153.692,0.0,103
2026-09-11T18:10:19.632+00:00,153.692,153.693,0.001,103
2026-09-11T18:10:19.836+00:00,153.692,153.692,0.0,103
2026-09-11T18:10:20.034+00:00,153.691,153.692,0.001,103
2026-09-11T18:10:20.235+00:00,153.692,153.692,0.0,103
2026-09-11T18:10:20.539+00:00,153.691,153.692,0.001,103
2026-09-11T18:10:20.939+00:00,153.692,153.692,0.0,103
2026-09-11T18:10:22.333+00:00,153.691,153.692,0.001,103
2026-09-11T18:10:22.535+00:00,153.69,153.693,0.003,103
2026-09-11T18:10:22.736+00:00,153.692,153.693,0.001,103
2026-09-11T18:10:22.938+00:00,153.691,153.692,0.001,103
2026-09-11T18:10:23.343+00:00,153.691,153.693,0.002,103
2026-09-11T18:10:23.540+00:00,153.691,153.692,0.001,103
2026-09-11T18:10:24.100+00:00,153.691,153.691,0.0,103
2026-09-11T18:10:24.301+00:00,153.691,153.692,0.001,103
2026-09-11T18:10:24.705+00:00,153.689,153.691,0.002,103
2026-09-11T18:10:24.911+00:00,153.691,153.692,0.001,103
2026-09-11T18:10:25.370+00:00,153.691,153.691,0.0,103
2026-09-11T18:10:25.371+00:00,153.691,153.692,0.001,103
2026-09-11T18:10:27.350+00:00,153.688,153.69,0.002,103
2026-09-11T18:10:27.551+00:00,153.691,153.692,0.001,103
2026-09-11T18:10:27.750+00:00,153.692,153.693,0.001,103
2026-09-11T18:10:27.952+00:00,153.691,153.692,0.001,103
2026-09-11T18:10:28.412+00:00,153.692,153.694,0.002,103
2026-09-11T18:10:28.619+00:00,153.691,153.692,0.001,103
2026-09-11T18:10:29.215+00:00,153.69,153.693,0.003,103
2026-09-11T18:10:29.417+00:00,153.689,153.692,0.003,103
2026-09-11T18:10:29.617+00:00,153.69,153.693,0.003,103
2026-09-11T18:10:32.747+00:00,153.688,153.693,0.005,104
2026-09-11T18:10:32.948+00:00,153.69,153.693,0.003,104
2026-09-11T18:10:33.892+00:00,153.691,153.692,0.001,104
2026-09-11T18:10:34.092+00:00,153.688,153.691,0.003,104
2026-09-11T18:10:34.290+00:00,153.689,153.692,0.003,104
2026-09-11T18:10:34.492+00:00,153.689,153.69,0.001,104
2026-09-11T18:10:34.693+00:00,153.69,153.691,0.001,104
2026-09-11T18:10:34.895+00:00,153.689,153.69,0.001,104
2026-09-11T18:10:35.295+00:00,153.685,153.69,0.005,104
2026-09-11T18:10:35.501+00:00,153.689,153.69,0.001,104
2026-09-11T18:10:36.569+00:00,153.685,153.69,0.005,104
2026-09-11T18:10:36.768+00:00,153.687,153.69,0.003,104
2026-09-11T18:10:36.969+00:00,153.689,153.69,0.001,104
2026-09-11T18:10:37.973+00:00,153.69,153.691,0.001,104
2026-09-11T18:10:38.576+00:00,153.691,153.692,0.001,104
2026-09-11T18:10:38.879+00:00,153.689,153.691,0.002,104
2026-09-11T18:10:39.080+00:00,153.691,153.692,0.001,104
2026-09-11T18:10:40.548+00:00,153.691,153.693,0.002,104
2026-09-11T18:10:40.812+00:00,153.691,153.692,0.001,104
2026-09-11T18:10:41.468+00:00,153.691,153.693,0.002,104
2026-09-11T18:10:41.667+00:00,153.691,153.692,0.001,104
2026-09-11T18:10:41.869+00:00,153.69,153.693,0.003,104
2026-09-11T18:10:42.071+00:00,153.69,153.691,0.001,104
2026-09-11T18:10:43.513+00:00,153.691,153.693,0.002,104
2026-09-11T18:10:43.715+00:00,153.69,153.691,0.001,104
2026-09-11T18:10:44.116+00:00,153.691,153.692,0.001,104
2026-09-11T18:10:44.319+00:00,153.691,153.693,0.002,104
2026-09-11T18:10:44.718+00:00,153.691,153.692,0.001,104
2026-09-11T18:10:47.031+00:00,153.69,153.691,0.001,104
2026-09-11T18:10:47.230+00:00,153.689,153.691,0.002,104
2026-09-11T18:10:47.430+00:00,153.688,153.691,0.003,104
2026-09-11T18:10:48.036+00:00,153.69,153.691,0.001,104
2026-09-11T18:10:48.879+00:00,153.691,153.693,0.002,104
2026-09-11T18:10:49.080+00:00,153.691,153.692,0.001,104
2026-09-11T18:10:49.734+00:00,153.691,153.695,0.004,104
2026-09-11T18:10:50.085+00:00,153.691,153.692,0.001,104
2026-09-11T18:10:53.049+00:00,153.691,153.693,0.002,104
2026-09-11T18:10:53.248+00:00,153.69,153.691,0.001,104
2026-09-11T18:10:53.836+00:00,153.691,153.692,0.001,104
2026-09-11T18:10:54.511+00:00,153.691,153.693,0.002,104
2026-09-11T18:10:54.708+00:00,153.691,153.692,0.001,104
2026-09-11T18:10:55.598+00:00,153.689,153.691,0.002,104
2026-09-11T18:10:55.797+00:00,153.691,153.693,0.002,104
2026-09-11T18:10:55.999+00:00,153.691,153.692,0.001,104
2026-09-11T18:10:57.204+00:00,153.689,153.691,0.002,104
2026-09-11T18:10:57.397+00:00,153.691,153.692,0.001,105
2026-09-11T18:10:58.880+00:00,153.689,153.691,0.002,105
2026-09-11T18:10:59.080+00:00,153.69,153.691,0.001,105
2026-09-11T18:10:59.594+00:00,153.69,153.692,0.002,105
2026-09-11T18:10:59.795+00:00,153.69,153.691,0.001,105
2026-09-11T18:11:00.000+00:00,153.691,153.692,0.001,105
2026-09-11T18:11:00.733+00:00,153.69,153.693,0.003,105
2026-09-11T18:11:00.933+00:00,153.688,153.689,0.001,105
2026-09-11T18:11:01.334+00:00,153.687,153.688,0.001,105
2026-09-11T18:11:03.779+00:00,153.688,153.689,0.001,105
2026-09-11T18:11:04.183+00:00,153.689,153.69,0.001,105
2026-09-11T18:11:04.384+00:00,153.69,153.691,0.001,105
2026-09-11T18:11:04.787+00:00,153.689,153.69,0.001,105
2026-09-11T18:11:05.655+00:00,153.69,153.691,0.001,105
2026-09-11T18:11:05.853+00:00,153.689,153.692,0.003,105
2026-09-11T18:11:06.659+00:00,153.687,153.688,0.001,105
2026-09-11T18:11:07.060+00:00,153.688,153.689,0.001,105
2026-09-11T18:11:07.662+00:00,153.687,153.69,0.003,105
2026-09-11T18:11:08.969+00:00,153.688,153.691,0.003,105
2026-09-11T18:11:09.167+00:00,153.69,153.69,0.0,105
2026-09-11T18:11:09.367+00:00,153.688,153.691,0.003,105
2026-09-11T18:11:09.572+00:00,153.689,153.69,0.001,105
2026-09-11T18:11:11.473+00:00,153.69,153.69,0.0,105
2026-09-11T18:11:11.676+00:00,153.689,153.69,0.001,105
2026-09-11T18:11:12.804+00:00,153.688,153.691,0.003,105
2026-09-11T18:11:13.009+00:00,153.689,153.691,0.002,105
2026-09-11T18:11:13.208+00:00,153.69,153.691,0.001,105
2026-09-11T18:11:15.122+00:00,153.689,153.69,0.001,105
2026-09-11T18:11:15.326+00:00,153.69,153.691,0.001,105
2026-09-11T18:11:16.222+00:00,153.69,153.692,0.002,105
2026-09-11T18:11:16.622+00:00,153.69,153.691,0.001,105
2026-09-11T18:11:16.824+00:00,153.689,153.69,0.001,105
2026-09-11T18:11:18.464+00:00,153.69,153.691,0.001,105
2026-09-11T18:11:18.671+00:00,153.689,153.69,0.001,105
2026-09-11T18:11:20.199+00:00,153.69,153.691,0.001,105
2026-09-11T18:11:20.398+00:00,153.688,153.69,0.002,105
2026-09-11T18:11:20.599+00:00,153.688,153.689,0.001,105
2026-09-11T18:11:20.799+00:00,153.689,153.69,0.001,105
2026-09-11T18:11:21.198+00:00,153.69,153.691,0.001,105
2026-09-11T18:11:21.634+00:00,153.687,153.689,0.002,105
2026-09-11T18:11:21.842+00:00,153.688,153.691,0.003,105
2026-09-11T18:11:22.890+00:00,153.689,153.69,0.001,106
2026-09-11T18:11:23.294+00:00,153.69,153.693,0.003,106
2026-09-11T18:11:23.494+00:00,153.691,153.694,0.003,106
2026-09-11T18:11:23.695+00:00,153.691,153.692,0.001,106
2026-09-11T18:11:23.894+00:00,153.688,153.691,0.003,106
2026-09-11T18:11:24.710+00:00,153.689,153.692,0.003,106
2026-09-11T18:11:24.898+00:00,153.688,153.691,0.003,106
2026-09-11T18:11:25.978+00:00,153.689,153.692,0.003,106
2026-09-11T18:11:26.183+00:00,153.687,153.69,0.003,106
2026-09-11T18:11:27.790+00:00,153.688,153.691,0.003,106
2026-09-11T18:11:28.594+00:00,153.688,153.692,0.004,106
2026-09-11T18:11:29.196+00:00,153.688,153.691,0.003,106
2026-09-11T18:11:29.605+00:00,153.689,153.69,0.001,106
2026-09-11T18:11:30.027+00:00,153.69,153.692,0.002,106
2026-09-11T18:11:30.227+00:00,153.687,153.69,0.003,106
2026-09-11T18:11:30.628+00:00,153.688,153.689,0.001,106
2026-09-11T18:11:32.123+00:00,153.688,153.691,0.003,106
2026-09-11T18:11:35.566+00:00,153.691,153.692,0.001,106
2026-09-11T18:11:36.169+00:00,153.691,153.694,0.003,106
2026-09-11T18:11:36.369+00:00,153.691,153.692,0.001,106
2026-09-11T18:11:36.570+00:00,153.692,153.693,0.001,106
2026-09-11T18:11:36.770+00:00,153.691,153.692,0.001,106
2026-09-11T18:11:36.971+00:00,153.691,153.694,0.003,106
2026-09-11T18:11:38.379+00:00,153.692,153.693,0.001,106
2026-09-11T18:11:38.580+00:00,153.691,153.692,0.001,106
2026-09-11T18:11:38.789+00:00,153.69,153.691,0.001,106
2026-09-11T18:11:39.787+00:00,153.691,153.692,0.001,106
2026-09-11T18:11:41.304+00:00,153.69,153.691,0.001,106
2026-09-11T18:11:41.504+00:00,153.691,153.692,0.001,106
2026-09-11T18:11:41.705+00:00,153.69,153.691,0.001,106
2026-09-11T18:11:41.907+00:00,153.687,153.69,0.003,106
2026-09-11T18:11:42.107+00:00,153.688,153.689,0.001,106
2026-09-11T18:11:42.509+00:00,153.687,153.69,0.003,106
2026-09-11T18:11:42.709+00:00,153.688,153.689,0.001,106
2026-09-11T18:11:43.113+00:00,153.689,153.69,0.001,106
2026-09-11T18:11:43.918+00:00,153.688,153.689,0.001,106
2026-09-11T18:11:45.000+00:00,153.687,153.689,0.002,106
2026-09-11T18:11:45.201+00:00,153.688,153.689,0.001,106
2026-09-11T18:11:46.829+00:00,153.685,153.689,0.004,106
2026-09-11T18:11:47.349+00:00,153.688,153.689,0.001,106
2026-09-11T18:11:47.951+00:00,153.688,153.691,0.003,106
2026-09-11T18:11:48.150+00:00,153.688,153.689,0.001,107
2026-09-11T18:11:48.353+00:00,153.689,153.69,0.001,107
2026-09-11T18:11:48.554+00:00,153.69,153.69,0.0,107
2026-09-11T18:11:48.955+00:00,153.691,153.693,0.002,107
2026-09-11T18:11:49.156+00:00,153.69,153.691,0.001,107
2026-09-11T18:11:49.357+00:00,153.695,153.697,0.002,107
2026-09-11T18:11:49.557+00:00,153.695,153.698,0.003,107
2026-09-11T18:11:49.959+00:00,153.696,153.699,0.003,107
2026-09-11T18:11:51.788+00:00,153.693,153.696,0.003,107
2026-09-11T18:11:52.396+00:00,153.695,153.698,0.003,107
2026-09-11T18:11:52.796+00:00,153.693,153.696,0.003,107
2026-09-11T18:11:53.000+00:00,153.694,153.697,0.003,107
2026-09-11T18:11:53.204+00:00,153.693,153.696,0.003,107
2026-09-11T18:11:53.604+00:00,153.691,153.692,0.001,107
2026-09-11T18:11:53.805+00:00,153.689,153.692,0.003,107
2026-09-11T18:11:54.006+00:00,153.69,153.691,0.001,107
2026-09-11T18:11:54.408+00:00,153.689,153.691,0.002,107
2026-09-11T18:11:54.608+00:00,153.69,153.691,0.001,107
2026-09-11T18:11:54.810+00:00,153.691,153.691,0.0,107
2026-09-11T18:11:55.012+00:00,153.689,153.69,0.001,107
2026-09-11T18:11:55.212+00:00,153.688,153.691,0.003,107
2026-09-11T18:11:55.421+00:00,153.688,153.69,0.002,107
2026-09-11T18:11:55.612+00:00,153.689,153.69,0.001,107
2026-09-11T18:11:56.015+00:00,153.688,153.691,0.003,107
2026-09-11T18:11:56.215+00:00,153.689,153.692,0.003,107
2026-09-11T18:11:56.621+00:00,153.69,153.691,0.001,107
2026-09-11T18:11:56.817+00:00,153.689,153.692,0.003,107
2026-09-11T18:11:57.017+00:00,153.689,153.69,0.001,107
2026-09-11T18:11:57.218+00:00,153.69,153.691,0.001,107
2026-09-11T18:11:57.621+00:00,153.689,153.69,0.001,107
2026-09-11T18:11:58.048+00:00,153.688,153.691,0.003,107
2026-09-11T18:11:58.449+00:00,153.689,153.692,0.003,107
2026-09-11T18:11:58.663+00:00,153.69,153.691,0.001,107
2026-09-11T18:11:58.850+00:00,153.688,153.691,0.003,107
2026-09-11T18:11:59.050+00:00,153.689,153.692,0.003,107
2026-09-11T18:11:59.252+00:00,153.69,153.691,0.001,107
2026-09-11T18:11:59.652+00:00,153.688,153.691,0.003,107
2026-09-11T18:12:00.056+00:00,153.689,153.692,0.003,107
2026-09-11T18:12:00.661+00:00,153.688,153.691,0.003,107
2026-09-11T18:12:01.061+00:00,153.689,153.691,0.002,107
2026-09-11T18:12:01.265+00:00,153.69,153.691,0.001,107
2026-09-11T18:12:01.463+00:00,153.689,153.69,0.001,107
2026-09-11T18:12:01.665+00:00,153.691,153.691,0.0,107
2026-09-11T18:12:01.867+00:00,153.69,153.691,0.001,107
2026-09-11T18:12:02.065+00:00,153.689,153.692,0.003,107
2026-09-11T18:12:02.266+00:00,153.688,153.691,0.003,107
2026-09-11T18:12:02.467+00:00,153.69,153.691,0.001,107
2026-09-11T18:12:02.869+00:00,153.689,153.69,0.001,107
2026-09-11T18:12:03.470+00:00,153.689,153.692,0.003,107
2026-09-11T18:12:03.673+00:00,153.691,153.692,0.001,107
2026-09-11T18:12:03.881+00:00,153.69,153.691,0.001,107
2026-09-11T18:12:04.074+00:00,153.689,153.692,0.003,107
2026-09-11T18:12:05.077+00:00,153.688,153.691,0.003,107
2026-09-11T18:12:05.479+00:00,153.689,153.69,0.001,107
2026-09-11T18:12:08.182+00:00,153.69,153.692,0.002,107
2026-09-11T18:12:08.381+00:00,153.69,153.691,0.001,107
2026-09-11T18:12:09.207+00:00,153.689,153.692,0.003,107
2026-09-11T18:12:09.410+00:00,153.69,153.693,0.003,107
2026-09-11T18:12:09.617+00:00,153.689,153.692,0.003,107
2026-09-11T18:12:10.214+00:00,153.69,153.691,0.001,107
2026-09-11T18:12:10.821+00:00,153.69,153.694,0.004,107
2026-09-11T18:12:11.024+00:00,153.691,153.692,0.001,107
2026-09-11T18:12:11.424+00:00,153.69,153.691,0.001,107
2026-09-11T18:12:11.624+00:00,153.691,153.692,0.001,107
2026-09-11T18:12:13.017+00:00,153.69,153.691,0.001,107
2026-09-11T18:12:13.221+00:00,153.688,153.689,0.001,108
2026-09-11T18:12:13.624+00:00,153.689,153.691,0.002,108
2026-09-11T18:12:13.825+00:00,153.689,153.69,0.001,108
2026-09-11T18:12:14.025+00:00,153.688,153.689,0.001,108
2026-09-11T18:12:14.628+00:00,153.689,153.69,0.001,108
2026-09-11T18:12:14.831+00:00,153.688,153.689,0.001,108
2026-09-11T18:12:15.032+00:00,153.69,153.69,0.0,108
2026-09-11T18:12:15.434+00:00,153.688,153.689,0.001,108
2026-09-11T18:12:15.843+00:00,153.689,153.69,0.001,108
2026-09-11T18:12:16.034+00:00,153.688,153.689,0.001,108
2026-09-11T18:12:16.437+00:00,153.689,153.69,0.001,108
2026-09-11T18:12:16.638+00:00,153.688,153.689,0.001,108
2026-09-11T18:12:16.840+00:00,153.687,153.689,0.002,108
2026-09-11T18:12:17.042+00:00,153.688,153.69,0.002,108
2026-09-11T18:12:17.243+00:00,153.686,153.689,0.003,108
2026-09-11T18:12:17.446+00:00,153.686,153.688,0.002,108
2026-09-11T18:12:17.645+00:00,153.687,153.688,0.001,108
2026-09-11T18:12:18.056+00:00,153.686,153.689,0.003,108
2026-09-11T18:12:18.261+00:00,153.687,153.69,0.003,108
2026-09-11T18:12:18.849+00:00,153.688,153.691,0.003,108
2026-09-11T18:12:19.053+00:00,153.688,153.689,0.001,108
2026-09-11T18:12:19.918+00:00,153.687,153.688,0.001,108
2026-09-11T18:12:20.613+00:00,153.686,153.688,0.002,108
2026-09-11T18:12:20.813+00:00,153.687,153.688,0.001,108
2026-09-11T18:12:21.091+00:00,153.686,153.689,0.003,108
2026-09-11T18:12:21.301+00:00,153.687,153.69,0.003,108
2026-09-11T18:12:22.040+00:00,153.69,153.691,0.001,108
2026-09-11T18:12:22.241+00:00,153.693,153.694,0.001,108
2026-09-11T18:12:22.441+00:00,153.695,153.698,0.003,108
2026-09-11T18:12:22.644+00:00,153.692,153.695,0.003,108
2026-09-11T18:12:22.845+00:00,153.694,153.697,0.003,108
2026-09-11T18:12:23.046+00:00,153.695,153.696,0.001,108
2026-09-11T18:12:23.246+00:00,153.694,153.695,0.001,108
2026-09-11T18:12:23.446+00:00,153.693,153.696,0.003,108
2026-09-11T18:12:23.647+00:00,153.695,153.696,0.001,108
2026-09-11T18:12:23.847+00:00,153.693,153.696,0.003,108
2026-09-11T18:12:24.047+00:00,153.694,153.695,0.001,108
2026-09-11T18:12:24.248+00:00,153.693,153.696,0.003,108
2026-09-11T18:12:25.254+00:00,153.694,153.695,0.001,108
2026-09-11T18:12:25.856+00:00,153.693,153.696,0.003,108
2026-09-11T18:12:27.211+00:00,153.694,153.697,0.003,108
2026-09-11T18:12:27.411+00:00,153.694,153.695,0.001,108
2026-09-11T18:12:28.561+00:00,153.693,153.694,0.001,108
2026-09-11T18:12:28.760+00:00,153.692,153.693,0.001,108
2026-09-11T18:12:29.167+00:00,153.693,153.694,0.001,108
2026-09-11T18:12:29.371+00:00,153.692,153.695,0.003,108
2026-09-11T18:12:30.640+00:00,153.693,153.696,0.003,108
2026-09-11T18:12:31.041+00:00,153.694,153.695,0.001,108
2026-09-11T18:12:31.242+00:00,153.696,153.697,0.001,108
2026-09-11T18:12:31.644+00:00,153.697,153.698,0.001,108
2026-09-11T18:12:31.846+00:00,153.698,153.698,0.0,108
2026-09-11T18:12:32.045+00:00,153.696,153.699,0.003,108
2026-09-11T18:12:32.250+00:00,153.695,153.698,0.003,108
2026-09-11T18:12:32.446+00:00,153.697,153.698,0.001,108
2026-09-11T18:12:34.397+00:00,153.697,153.699,0.002,108
2026-09-11T18:12:35.001+00:00,153.697,153.698,0.001,108
2026-09-11T18:12:35.202+00:00,153.698,153.698,0.0,108
2026-09-11T18:12:35.406+00:00,153.697,153.698,0.001,108
2026-09-11T18:12:35.605+00:00,153.695,153.698,0.003,108
2026-09-11T18:12:35.806+00:00,153.696,153.699,0.003,108
2026-09-11T18:12:36.206+00:00,153.695,153.698,0.003,108
2026-09-11T18:12:36.406+00:00,153.696,153.699,0.003,108
2026-09-11T18:12:36.608+00:00,153.694,153.695,0.001,108
2026-09-11T18:12:36.808+00:00,153.692,153.695,0.003,108
2026-09-11T18:12:37.007+00:00,153.693,153.697,0.004,108
2026-09-11T18:12:37.211+00:00,153.693,153.696,0.003,108
2026-09-11T18:12:40.059+00:00,153.692,153.696,0.004,109
2026-09-11T18:12:40.258+00:00,153.694,153.697,0.003,109
2026-09-11T18:12:40.916+00:00,153.692,153.695,0.003,109
2026-09-11T18:12:41.425+00:00,153.694,153.697,0.003,109
2026-09-11T18:12:41.626+00:00,153.692,153.695,0.003,109
2026-09-11T18:12:41.830+00:00,153.692,153.694,0.002,109
2026-09-11T18:12:42.230+00:00,153.693,153.696,0.003,109
2026-09-11T18:12:42.429+00:00,153.694,153.697,0.003,109
2026-09-11T18:12:42.836+00:00,153.692,153.694,0.002,109
2026-09-11T18:12:44.222+00:00,153.695,153.698,0.003,109
2026-09-11T18:12:44.422+00:00,153.692,153.695,0.003,109
2026-09-11T18:12:44.623+00:00,153.694,153.697,0.003,109
2026-09-11T18:12:45.538+00:00,153.693,153.697,0.004,109
2026-09-11T18:12:45.816+00:00,153.691,153.695,0.004,109
2026-09-11T18:12:46.019+00:00,153.692,153.695,0.003,109
2026-09-11T18:12:47.110+00:00,153.692,153.694,0.002,109
2026-09-11T18:12:47.311+00:00,153.693,153.696,0.003,109
2026-09-11T18:12:47.715+00:00,153.689,153.696,0.007,109
2026-09-11T18:12:48.115+00:00,153.691,153.696,0.005,109
2026-09-11T18:12:48.516+00:00,153.696,153.697,0.001,109
2026-09-11T18:12:49.231+00:00,153.696,153.698,0.002,109
2026-09-11T18:12:49.423+00:00,153.696,153.697,0.001,109
2026-09-11T18:12:50.460+00:00,153.694,153.697,0.003,109
2026-09-11T18:12:50.864+00:00,153.696,153.697,0.001,109
2026-09-11T18:12:51.735+00:00,153.695,153.696,0.001,109
2026-09-11T18:12:52.475+00:00,153.696,153.697,0.001,109
2026-09-11T18:12:53.492+00:00,153.695,153.696,0.001,109
2026-09-11T18:12:53.694+00:00,153.696,153.697,0.001,109
2026-09-11T18:12:53.899+00:00,153.694,153.695,0.001,109
2026-09-11T18:12:56.030+00:00,153.693,153.695,0.002,109
2026-09-11T18:12:56.432+00:00,153.694,153.697,0.003,109
2026-09-11T18:12:56.633+00:00,153.695,153.696,0.001,109
2026-09-11T18:12:57.036+00:00,153.694,153.695,0.001,109
2026-09-11T18:12:57.446+00:00,153.693,153.696,0.003,109
2026-09-11T18:12:58.802+00:00,153.694,153.695,0.001,109
2026-09-11T18:12:59.004+00:00,153.693,153.696,0.003,109
2026-09-11T18:13:00.540+00:00,153.694,153.695,0.001,109
2026-09-11T18:13:00.740+00:00,153.693,153.696,0.003,109
2026-09-11T18:13:01.958+00:00,153.692,153.695,0.003,109
2026-09-11T18:13:02.160+00:00,153.695,153.696,0.001,109
2026-09-11T18:13:02.360+00:00,153.691,153.694,0.003,109
2026-09-11T18:13:02.564+00:00,153.69,153.691,0.001,109
2026-09-11T18:13:02.765+00:00,153.692,153.693,0.001,109
2026-09-11T18:13:02.963+00:00,153.689,153.692,0.003,109
2026-09-11T18:13:03.163+00:00,153.69,153.691,0.001,109
2026-09-11T18:13:03.363+00:00,153.689,153.692,0.003,109
2026-09-11T18:13:03.776+00:00,153.69,153.691,0.001,110
2026-09-11T18:13:04.272+00:00,153.686,153.691,0.005,110
2026-09-11T18:13:04.565+00:00,153.688,153.691,0.003,110
2026-09-11T18:13:04.769+00:00,153.685,153.69,0.005,110
2026-09-11T18:13:04.965+00:00,153.687,153.69,0.003,110
2026-09-11T18:13:05.294+00:00,153.689,153.69,0.001,110
2026-09-11T18:13:05.495+00:00,153.691,153.692,0.001,110
2026-09-11T18:13:06.298+00:00,153.692,153.695,0.003,110
2026-09-11T18:13:06.499+00:00,153.693,153.696,0.003,110
2026-09-11T18:13:06.701+00:00,153.694,153.695,0.001,110
2026-09-11T18:13:06.902+00:00,153.695,153.696,0.001,110
2026-09-11T18:13:07.105+00:00,153.694,153.695,0.001,110
2026-09-11T18:13:07.306+00:00,153.693,153.695,0.002,110
2026-09-11T18:13:07.507+00:00,153.695,153.696,0.001,110
2026-09-11T18:13:08.311+00:00,153.696,153.698,0.002,110
2026-09-11T18:13:08.516+00:00,153.695,153.696,0.001,110
2026-09-11T18:13:09.354+00:00,153.694,153.696,0.002,110
2026-09-11T18:13:09.955+00:00,153.695,153.696,0.001,110
2026-09-11T18:13:10.494+00:00,153.695,153.697,0.002,110
2026-09-11T18:13:10.692+00:00,153.697,153.699,0.002,110
2026-09-11T18:13:10.893+00:00,153.694,153.697,0.003,110
2026-09-11T18:13:11.093+00:00,153.696,153.699,0.003,110
2026-09-11T18:13:11.293+00:00,153.695,153.698,0.003,110
2026-09-11T18:13:11.498+00:00,153.696,153.699,0.003,110
2026-09-11T18:13:11.902+00:00,153.698,153.699,0.001,110
2026-09-11T18:13:12.967+00:00,153.697,153.698,0.001,110
2026-09-11T18:13:13.169+00:00,153.698,153.699,0.001,110
2026-09-11T18:13:13.370+00:00,153.699,153.7,0.001,110
2026-09-11T18:13:13.574+00:00,153.703,153.706,0.003,110
2026-09-11T18:13:13.775+00:00,153.704,153.705,0.001,110
2026-09-11T18:13:13.974+00:00,153.702,153.705,0.003,110
2026-09-11T18:13:14.183+00:00,153.704,153.705,0.001,110
2026-09-11T18:13:14.384+00:00,153.705,153.706,0.001,110
2026-09-11T18:13:14.585+00:00,153.703,153.704,0.001,110
2026-09-11T18:13:14.785+00:00,153.703,153.706,0.003,110
2026-09-11T18:13:15.390+00:00,153.705,153.705,0.0,110
2026-09-11T18:13:15.792+00:00,153.703,153.706,0.003,110
2026-09-11T18:13:15.993+00:00,153.704,153.704,0.0,110
2026-09-11T18:13:16.195+00:00,153.705,153.705,0.0,110
2026-09-11T18:13:16.394+00:00,153.703,153.704,0.001,110
2026-09-11T18:13:16.799+00:00,153.704,153.705,0.001,110
2026-09-11T18:13:16.997+00:00,153.703,153.706,0.003,110
2026-09-11T18:13:18.543+00:00,153.704,153.705,0.001,110
2026-09-11T18:13:18.744+00:00,153.705,153.707,0.002,110
2026-09-11T18:13:19.144+00:00,153.705,153.705,0.0,110
2026-09-11T18:13:19.348+00:00,153.704,153.707,0.003,110
2026-09-11T18:13:19.548+00:00,153.702,153.704,0.002,110
2026-09-11T18:13:19.749+00:00,153.704,153.707,0.003,110
2026-09-11T18:13:20.150+00:00,153.706,153.707,0.001,110
2026-09-11T18:13:20.350+00:00,153.708,153.709,0.001,110
2026-09-11T18:13:20.551+00:00,153.709,153.71,0.001,110
2026-09-11T18:13:20.953+00:00,153.708,153.711,0.003,110
2026-09-11T18:13:21.154+00:00,153.71,153.71,0.0,110
2026-09-11T18:13:21.555+00:00,153.709,153.71,0.001,110
2026-09-11T18:13:21.957+00:00,153.71,153.71,0.0,110
2026-09-11T18:13:23.066+00:00,153.708,153.711,0.003,110
2026-09-11T18:13:23.267+00:00,153.707,153.71,0.003,110
2026-09-11T18:13:23.467+00:00,153.703,153.706,0.003,110
2026-09-11T18:13:23.669+00:00,153.704,153.707,0.003,110
2026-09-11T18:13:24.072+00:00,153.699,153.701,0.002,110
2026-09-11T18:13:24.275+00:00,153.699,153.702,0.003,110
2026-09-11T18:13:24.474+00:00,153.698,153.702,0.004,110
2026-09-11T18:13:24.673+00:00,153.699,153.703,0.004,110
2026-09-11T18:13:24.876+00:00,153.699,153.704,0.005,110
2026-09-11T18:13:25.074+00:00,153.702,153.705,0.003,110
2026-09-11T18:13:25.476+00:00,153.703,153.706,0.003,110
2026-09-11T18:13:26.079+00:00,153.702,153.705,0.003,110
2026-09-11T18:13:27.492+00:00,153.701,153.704,0.003,110
2026-09-11T18:13:27.692+00:00,153.704,153.707,0.003,110
2026-09-11T18:13:28.494+00:00,153.705,153.708,0.003,111
2026-09-11T18:13:28.751+00:00,153.706,153.707,0.001,111
2026-09-11T18:13:28.901+00:00,153.706,153.709,0.003,111
2026-09-11T18:13:29.097+00:00,153.706,153.71,0.004,111
2026-09-11T18:13:29.297+00:00,153.705,153.708,0.003,111
2026-09-11T18:13:29.499+00:00,153.708,153.709,0.001,111
2026-09-11T18:13:29.700+00:00,153.704,153.707,0.003,111
2026-09-11T18:13:29.899+00:00,153.707,153.708,0.001,111
2026-09-11T18:13:30.300+00:00,153.707,153.71,0.003,111
2026-09-11T18:13:30.501+00:00,153.708,153.709,0.001,111
2026-09-11T18:13:30.701+00:00,153.708,153.711,0.003,111
2026-09-11T18:13:31.327+00:00,153.708,153.709,0.001,111
2026-09-11T18:13:31.519+00:00,153.709,153.71,0.001,111
2026-09-11T18:13:31.906+00:00,153.704,153.705,0.001,111
2026-09-11T18:13:32.107+00:00,153.706,153.707,0.001,111
2026-09-11T18:13:32.307+00:00,153.705,153.706,0.001,111
2026-09-11T18:13:32.509+00:00,153.705,153.708,0.003,111
2026-09-11T18:13:33.111+00:00,153.706,153.707,0.001,111
2026-09-11T18:13:33.311+00:00,153.705,153.708,0.003,111
2026-09-11T18:13:33.714+00:00,153.706,153.709,0.003,111
2026-09-11T18:13:35.117+00:00,153.707,153.711,0.004,111
2026-09-11T18:13:35.318+00:00,153.706,153.709,0.003,111
2026-09-11T18:13:35.718+00:00,153.705,153.706,0.001,111
2026-09-11T18:13:35.918+00:00,153.706,153.707,0.001,111
2026-09-11T18:13:38.540+00:00,153.707,153.708,0.001,111
2026-09-11T18:13:38.945+00:00,153.706,153.709,0.003,111
2026-09-11T18:13:39.144+00:00,153.704,153.707,0.003,111
2026-09-11T18:13:39.347+00:00,153.702,153.705,0.003,111
2026-09-11T18:13:39.549+00:00,153.705,153.706,0.001,111
2026-09-11T18:13:40.153+00:00,153.706,153.707,0.001,111
2026-09-11T18:13:40.352+00:00,153.705,153.706,0.001,111
2026-09-11T18:13:40.552+00:00,153.707,153.712,0.005,111
2026-09-11T18:13:40.751+00:00,153.704,153.711,0.007,111
2026-09-11T18:13:40.956+00:00,153.705,153.71,0.005,111
2026-09-11T18:13:41.159+00:00,153.703,153.707,0.004,111
2026-09-11T18:13:41.359+00:00,153.703,153.706,0.003,111
2026-09-11T18:13:41.560+00:00,153.704,153.707,0.003,111
2026-09-11T18:13:41.761+00:00,153.703,153.706,0.003,111
2026-09-11T18:13:41.962+00:00,153.704,153.707,0.003,111
2026-09-11T18:13:42.165+00:00,153.703,153.706,0.003,111
2026-09-11T18:13:42.387+00:00,153.701,153.704,0.003,111
2026-09-11T18:13:42.721+00:00,153.702,153.703,0.001,111
2026-09-11T18:13:43.171+00:00,153.701,153.704,0.003,111
2026-09-11T18:13:43.570+00:00,153.698,153.699,0.001,111
2026-09-11T18:13:43.774+00:00,153.697,153.7,0.003,111
2026-09-11T18:13:44.174+00:00,153.696,153.699,0.003,111
2026-09-11T18:13:44.374+00:00,153.697,153.698,0.001,111
2026-09-11T18:13:44.577+00:00,153.691,153.692,0.001,111
2026-09-11T18:13:44.778+00:00,153.692,153.693,0.001,111
2026-09-11T18:13:45.789+00:00,153.691,153.694,0.003,111
2026-09-11T18:13:45.984+00:00,153.69,153.693,0.003,111
2026-09-11T18:13:46.185+00:00,153.692,153.692,0.0,111
2026-09-11T18:13:47.265+00:00,153.693,153.693,0.0,111
2026-09-11T18:13:47.465+00:00,153.692,153.695,0.003,111
2026-09-11T18:13:47.664+00:00,153.692,153.693,0.001,111
2026-09-11T18:13:48.488+00:00,153.693,153.694,0.001,111
2026-09-11T18:13:48.689+00:00,153.692,153.693,0.001,111
2026-09-11T18:13:50.384+00:00,153.691,153.694,0.003,111
2026-09-11T18:13:50.588+00:00,153.692,153.695,0.003,111
2026-09-11T18:13:51.192+00:00,153.694,153.695,0.001,111
2026-09-11T18:13:51.598+00:00,153.693,153.696,0.003,111
2026-09-11T18:13:51.803+00:00,153.692,153.695,0.003,111
2026-09-11T18:13:52.008+00:00,153.693,153.696,0.003,111
2026-09-11T18:13:52.204+00:00,153.692,153.695,0.003,111
2026-09-11T18:13:52.407+00:00,153.694,153.695,0.001,111
2026-09-11T18:13:53.009+00:00,153.691,153.695,0.004,111
2026-09-11T18:13:53.209+00:00,153.69,153.694,0.004,111
2026-09-11T18:13:53.409+00:00,153.692,153.693,0.001,111
2026-09-11T18:13:53.610+00:00,153.694,153.698,0.004,112
2026-09-11T18:13:53.809+00:00,153.693,153.695,0.002,112
2026-09-11T18:13:54.012+00:00,153.695,153.699,0.004,112
2026-09-11T18:13:54.415+00:00,153.698,153.702,0.004,112
2026-09-11T18:13:54.616+00:00,153.697,153.7,0.003,112
2026-09-11T18:13:55.019+00:00,153.698,153.699,0.001,112
2026-09-11T18:13:55.219+00:00,153.697,153.7,0.003,112
2026-09-11T18:13:55.625+00:00,153.698,153.701,0.003,112
2026-09-11T18:13:56.678+00:00,153.699,153.702,0.003,112
2026-09-11T18:13:56.879+00:00,153.698,153.701,0.003,112
2026-09-11T18:13:57.718+00:00,153.697,153.7,0.003,112
2026-09-11T18:13:57.919+00:00,153.698,153.701,0.003,112
2026-09-11T18:13:58.120+00:00,153.696,153.701,0.005,112
2026-09-11T18:13:58.322+00:00,153.698,153.701,0.003,112
2026-09-11T18:13:58.724+00:00,153.699,153.7,0.001,112
2026-09-11T18:13:59.325+00:00,153.697,153.698,0.001,112
2026-09-11T18:13:59.526+00:00,153.697,153.7,0.003,112
2026-09-11T18:14:00.126+00:00,153.696,153.7,0.004,112
2026-09-11T18:14:00.330+00:00,153.697,153.7,0.003,112
2026-09-11T18:14:00.529+00:00,153.698,153.701,0.003,112
2026-09-11T18:14:00.931+00:00,153.698,153.699,0.001,112
2026-09-11T18:14:01.330+00:00,153.698,153.7,0.002,112
2026-09-11T18:14:01.530+00:00,153.698,153.699,0.001,112
2026-09-11T18:14:01.731+00:00,153.698,153.7,0.002,112
2026-09-11T18:14:01.931+00:00,153.694,153.701,0.007,112
2026-09-11T18:14:02.134+00:00,153.695,153.701,0.006,112
2026-09-11T18:14:02.336+00:00,153.694,153.701,0.007,112
2026-09-11T18:14:02.934+00:00,153.696,153.701,0.005,112
2026-09-11T18:14:03.309+00:00,153.698,153.701,0.003,112
2026-09-11T18:14:03.781+00:00,153.697,153.7,0.003,112
2026-09-11T18:14:04.182+00:00,153.698,153.699,0.001,112
2026-09-11T18:14:04.382+00:00,153.696,153.699,0.003,112
2026-09-11T18:14:04.583+00:00,153.698,153.701,0.003,112
2026-09-11T18:14:04.790+00:00,153.697,153.7,0.003,112
2026-09-11T18:14:05.183+00:00,153.698,153.699,0.001,112
2026-09-11T18:14:07.162+00:00,153.699,153.7,0.001,112
2026-09-11T18:14:07.361+00:00,153.697,153.7,0.003,112
2026-09-11T18:14:07.764+00:00,153.698,153.701,0.003,112
2026-09-11T18:14:07.963+00:00,153.698,153.703,0.005,112
2026-09-11T18:14:08.164+00:00,153.699,153.707,0.008,112
2026-09-11T18:14:08.366+00:00,153.701,153.708,0.007,112
2026-09-11T18:14:08.644+00:00,153.7,153.706,0.006,112
2026-09-11T18:14:08.843+00:00,153.699,153.707,0.008,112
2026-09-11T18:14:09.047+00:00,153.701,153.708,0.007,112
2026-09-11T18:14:09.245+00:00,153.7,153.707,0.007,112
2026-09-11T18:14:09.448+00:00,153.702,153.709,0.007,112
2026-09-11T18:14:09.845+00:00,153.702,153.705,0.003,112
2026-09-11T18:14:10.247+00:00,153.702,153.707,0.005,112
2026-09-11T18:14:10.851+00:00,153.703,153.707,0.004,112
2026-09-11T18:14:11.054+00:00,153.703,153.704,0.001,112
2026-09-11T18:14:11.254+00:00,153.701,153.702,0.001,112
2026-09-11T18:14:11.665+00:00,153.702,153.707,0.005,112
2026-09-11T18:14:11.857+00:00,153.702,153.703,0.001,112
2026-09-11T18:14:12.059+00:00,153.7,153.704,0.004,112
2026-09-11T18:14:12.260+00:00,153.703,153.704,0.001,112
2026-09-11T18:14:12.463+00:00,153.7,153.704,0.004,112
2026-09-11T18:14:12.866+00:00,153.703,153.704,0.001,112
2026-09-11T18:14:13.888+00:00,153.703,153.705,0.002,112
2026-09-11T18:14:14.071+00:00,153.703,153.704,0.001,112
2026-09-11T18:14:14.470+00:00,153.702,153.703,0.001,112
2026-09-11T18:14:14.672+00:00,153.701,153.702,0.001,112
2026-09-11T18:14:14.875+00:00,153.702,153.703,0.001,112
2026-09-11T18:14:15.072+00:00,153.701,153.705,0.004,112
2026-09-11T18:14:15.273+00:00,153.7,153.702,0.002,112
2026-09-11T18:14:15.474+00:00,153.7,153.703,0.003,112
2026-09-11T18:14:15.675+00:00,153.698,153.703,0.005,112
2026-09-11T18:14:15.875+00:00,153.695,153.702,0.007,112
2026-09-11T18:14:16.076+00:00,153.696,153.701,0.005,112
2026-09-11T18:14:16.480+00:00,153.701,153.702,0.001,112
2026-09-11T18:14:17.087+00:00,153.697,153.701,0.004,112
2026-09-11T18:14:17.334+00:00,153.699,153.701,0.002,112
2026-09-11T18:14:17.786+00:00,153.701,153.702,0.001,112
2026-09-11T18:14:17.988+00:00,153.7,153.701,0.001,112
2026-09-11T18:14:18.189+00:00,153.699,153.701,0.002,112
2026-09-11T18:14:18.391+00:00,153.701,153.702,0.001,112
2026-09-11T18:14:18.793+00:00,153.702,153.703,0.001,113
2026-09-11T18:14:19.592+00:00,153.7,153.702,0.002,113
2026-09-11T18:14:19.795+00:00,153.701,153.702,0.001,113
2026-09-11T18:14:19.994+00:00,153.699,153.702,0.003,113
2026-09-11T18:14:20.396+00:00,153.7,153.703,0.003,113
2026-09-11T18:14:20.600+00:00,153.699,153.704,0.005,113
2026-09-11T18:14:20.829+00:00,153.698,153.703,0.005,113
2026-09-11T18:14:21.001+00:00,153.702,153.703,0.001,113
2026-09-11T18:14:21.401+00:00,153.7,153.703,0.003,113
2026-09-11T18:14:21.603+00:00,153.702,153.703,0.001,113
2026-09-11T18:14:21.800+00:00,153.7,153.703,0.003,113
2026-09-11T18:14:22.000+00:00,153.702,153.703,0.001,113
2026-09-11T18:14:24.164+00:00,153.701,153.703,0.002,113
2026-09-11T18:14:24.366+00:00,153.698,153.701,0.003,113
2026-09-11T18:14:24.567+00:00,153.699,153.702,0.003,113
2026-09-11T18:14:24.766+00:00,153.7,153.701,0.001,113
2026-09-11T18:14:24.968+00:00,153.699,153.702,0.003,113
2026-09-11T18:14:25.168+00:00,153.697,153.702,0.005,113
2026-09-11T18:14:25.369+00:00,153.696,153.703,0.007,113
2026-09-11T18:14:25.571+00:00,153.697,153.702,0.005,113
2026-09-11T18:14:25.773+00:00,153.698,153.703,0.005,113
2026-09-11T18:14:25.972+00:00,153.698,153.702,0.004,113
2026-09-11T18:14:26.174+00:00,153.699,153.703,0.004,113
2026-09-11T18:14:26.393+00:00,153.7,153.703,0.003,113
2026-09-11T18:14:26.596+00:00,153.702,153.703,0.001,113
2026-09-11T18:14:27.221+00:00,153.702,153.704,0.002,113
2026-09-11T18:14:27.419+00:00,153.702,153.703,0.001,113
2026-09-11T18:14:27.621+00:00,153.701,153.702,0.001,113
2026-09-11T18:14:27.830+00:00,153.702,153.703,0.001,113
2026-09-11T18:14:28.228+00:00,153.703,153.703,0.0,113
2026-09-11T18:14:28.631+00:00,153.701,153.704,0.003,113
2026-09-11T18:14:28.832+00:00,153.701,153.703,0.002,113
2026-09-11T18:14:29.034+00:00,153.702,153.703,0.001,113
2026-09-11T18:14:29.434+00:00,153.7,153.707,0.007,113
2026-09-11T18:14:29.632+00:00,153.702,153.707,0.005,113
2026-09-11T18:14:30.231+00:00,153.702,153.703,0.001,113
2026-09-11T18:14:30.632+00:00,153.702,153.704,0.002,113
2026-09-11T18:14:30.833+00:00,153.702,153.703,0.001,113
2026-09-11T18:14:31.034+00:00,153.702,153.704,0.002,113
2026-09-11T18:14:31.234+00:00,153.702,153.703,0.001,113
2026-09-11T18:14:31.866+00:00,153.703,153.705,0.002,113
2026-09-11T18:14:32.068+00:00,153.702,153.703,0.001,113
2026-09-11T18:14:33.183+00:00,153.703,153.704,0.001,113
2026-09-11T18:14:33.785+00:00,153.704,153.705,0.001,113
2026-09-11T18:14:34.390+00:00,153.703,153.705,0.002,113
2026-09-11T18:14:34.592+00:00,153.704,153.705,0.001,113
2026-09-11T18:14:34.794+00:00,153.703,153.704,0.001,113
2026-09-11T18:14:37.718+00:00,153.702,153.704,0.002,113
2026-09-11T18:14:37.908+00:00,153.701,153.704,0.003,113
2026-09-11T18:14:38.111+00:00,153.703,153.706,0.003,113
2026-09-11T18:14:38.510+00:00,153.703,153.704,0.001,113
2026-09-11T18:14:38.911+00:00,153.704,153.705,0.001,113
2026-09-11T18:14:39.113+00:00,153.703,153.704,0.001,113
2026-09-11T18:14:39.311+00:00,153.702,153.705,0.003,113
2026-09-11T18:14:39.925+00:00,153.701,153.705,0.004,113
2026-09-11T18:14:40.124+00:00,153.704,153.705,0.001,113
2026-09-11T18:14:40.518+00:00,153.702,153.705,0.003,113
2026-09-11T18:14:40.715+00:00,153.703,153.704,0.001,113
2026-09-11T18:14:41.763+00:00,153.702,153.704,0.002,113
2026-09-11T18:14:42.176+00:00,153.703,153.704,0.001,113
2026-09-11T18:14:43.786+00:00,153.701,153.704,0.003,114
2026-09-11T18:14:43.982+00:00,153.702,153.705,0.003,114
2026-09-11T18:14:44.383+00:00,153.703,153.704,0.001,114
2026-09-11T18:14:44.786+00:00,153.702,153.703,0.001,114
2026-09-11T18:14:45.636+00:00,153.701,153.702,0.001,114
2026-09-11T18:14:45.838+00:00,153.7,153.703,0.003,114
2026-09-11T18:14:46.563+00:00,153.701,153.704,0.003,114
2026-09-11T18:14:46.763+00:00,153.7,153.701,0.001,114
2026-09-11T18:14:46.967+00:00,153.701,153.702,0.001,114
2026-09-11T18:14:47.371+00:00,153.7,153.703,0.003,114
2026-09-11T18:14:47.570+00:00,153.699,153.702,0.003,114
2026-09-11T18:14:47.972+00:00,153.7,153.701,0.001,114
2026-09-11T18:14:48.174+00:00,153.698,153.701,0.003,114
2026-09-11T18:14:48.377+00:00,153.699,153.7,0.001,114
2026-09-11T18:14:48.778+00:00,153.698,153.701,0.003,114
2026-09-11T18:14:48.978+00:00,153.699,153.701,0.002,114
2026-09-11T18:14:49.180+00:00,153.699,153.7,0.001,114
2026-09-11T18:14:49.585+00:00,153.699,153.702,0.003,114
2026-09-11T18:14:49.780+00:00,153.7,153.701,0.001,114
2026-09-11T18:14:49.980+00:00,153.698,153.701,0.003,114
2026-09-11T18:14:50.181+00:00,153.699,153.7,0.001,114
2026-09-11T18:14:50.582+00:00,153.698,153.701,0.003,114
2026-09-11T18:14:50.783+00:00,153.699,153.7,0.001,114
2026-09-11T18:14:52.618+00:00,153.698,153.7,0.002,114
2026-09-11T18:14:52.820+00:00,153.699,153.701,0.002,114
2026-09-11T18:14:53.018+00:00,153.698,153.701,0.003,114
2026-09-11T18:14:55.256+00:00,153.697,153.7,0.003,114
2026-09-11T18:14:55.457+00:00,153.698,153.699,0.001,114
2026-09-11T18:14:55.859+00:00,153.698,153.701,0.003,114
2026-09-11T18:14:57.067+00:00,153.699,153.7,0.001,114
2026-09-11T18:14:57.467+00:00,153.7,153.7,0.0,114
2026-09-11T18:14:57.668+00:00,153.698,153.699,0.001,114
2026-09-11T18:14:58.069+00:00,153.699,153.7,0.001,114
2026-09-11T18:14:58.274+00:00,153.699,153.701,0.002,114
2026-09-11T18:14:58.469+00:00,153.699,153.7,0.001,114
2026-09-11T18:14:58.879+00:00,153.698,153.7,0.002,114
2026-09-11T18:14:59.330+00:00,153.699,153.7,0.001,114
2026-09-11T18:14:59.535+00:00,153.697,153.7,0.003,114
2026-09-11T18:14:59.736+00:00,153.7,153.701,0.001,114
2026-09-11T18:14:59.937+00:00,153.698,153.701,0.003,114
2026-09-11T18:15:00.352+00:00,153.697,153.7,0.003,114
2026-09-11T18:15:00.555+00:00,153.698,153.701,0.003,114
2026-09-11T18:15:00.755+00:00,153.697,153.7,0.003,114
2026-09-11T18:15:01.356+00:00,153.698,153.699,0.001,114
2026-09-11T18:15:01.556+00:00,153.699,153.7,0.001,114
2026-09-11T18:15:01.961+00:00,153.698,153.7,0.002,114
2026-09-11T18:15:02.160+00:00,153.699,153.7,0.001,114
2026-09-11T18:15:02.360+00:00,153.698,153.701,0.003,114
2026-09-11T18:15:02.962+00:00,153.699,153.702,0.003,114
2026-09-11T18:15:03.165+00:00,153.698,153.7,0.002,114
2026-09-11T18:15:03.562+00:00,153.699,153.702,0.003,114
2026-09-11T18:15:04.366+00:00,153.698,153.701,0.003,114
2026-09-11T18:15:04.569+00:00,153.699,153.702,0.003,114
2026-09-11T18:15:05.336+00:00,153.698,153.7,0.002,114
2026-09-11T18:15:05.536+00:00,153.698,153.701,0.003,114
2026-09-11T18:15:05.735+00:00,153.699,153.702,0.003,114
2026-09-11T18:15:05.937+00:00,153.698,153.702,0.004,114
2026-09-11T18:15:06.136+00:00,153.7,153.704,0.004,114
2026-09-11T18:15:06.340+00:00,153.701,153.704,0.003,114
2026-09-11T18:15:07.764+00:00,153.702,153.705,0.003,114
2026-09-11T18:15:08.165+00:00,153.7,153.703,0.003,114
2026-09-11T18:15:10.812+00:00,153.701,153.702,0.001,115
2026-09-11T18:15:11.212+00:00,153.701,153.704,0.003,115
2026-09-11T18:15:11.413+00:00,153.702,153.703,0.001,115
2026-09-11T18:15:11.612+00:00,153.701,153.704,0.003,115
2026-09-11T18:15:11.812+00:00,153.703,153.703,0.0,115
2026-09-11T18:15:12.251+00:00,153.703,153.707,0.004,115
2026-09-11T18:15:12.754+00:00,153.703,153.703,0.0,115
2026-09-11T18:15:12.962+00:00,153.703,153.704,0.001,115
2026-09-11T18:15:13.156+00:00,153.703,153.703,0.0,115
2026-09-11T18:15:13.359+00:00,153.702,153.703,0.001,115
2026-09-11T18:15:14.589+00:00,153.702,153.704,0.002,115
2026-09-11T18:15:14.792+00:00,153.702,153.703,0.001,115
2026-09-11T18:15:15.054+00:00,153.701,153.704,0.003,115
2026-09-11T18:15:15.256+00:00,153.702,153.703,0.001,115
2026-09-11T18:15:16.059+00:00,153.703,153.704,0.001,115
2026-09-11T18:15:16.658+00:00,153.701,153.704,0.003,115
2026-09-11T18:15:16.859+00:00,153.702,153.703,0.001,115
2026-09-11T18:15:17.059+00:00,153.701,153.702,0.001,115
2026-09-11T18:15:17.259+00:00,153.702,153.703,0.001,115
2026-09-11T18:15:17.698+00:00,153.701,153.704,0.003,115
2026-09-11T18:15:17.900+00:00,153.703,153.704,0.001,115
2026-09-11T18:15:18.102+00:00,153.703,153.705,0.002,115
2026-09-11T18:15:18.306+00:00,153.701,153.703,0.002,115
2026-09-11T18:15:18.504+00:00,153.703,153.703,0.0,115
2026-09-11T18:15:18.705+00:00,153.703,153.704,0.001,115
2026-09-11T18:15:18.907+00:00,153.702,153.703,0.001,115
2026-09-11T18:15:19.520+00:00,153.703,153.703,0.0,115
2026-09-11T18:15:19.722+00:00,153.703,153.704,0.001,115
2026-09-11T18:15:19.922+00:00,153.704,153.705,0.001,115
2026-09-11T18:15:20.735+00:00,153.703,153.705,0.002,115
2026-09-11T18:15:21.135+00:00,153.704,153.705,0.001,115
2026-09-11T18:15:21.728+00:00,153.705,153.706,0.001,115
2026-09-11T18:15:21.935+00:00,153.704,153.705,0.001,115
2026-09-11T18:15:22.130+00:00,153.705,153.706,0.001,115
2026-09-11T18:15:22.328+00:00,153.705,153.708,0.003,115
2026-09-11T18:15:22.531+00:00,153.705,153.706,0.001,115
2026-09-11T18:15:23.226+00:00,153.706,153.708,0.002,115
2026-09-11T18:15:23.429+00:00,153.705,153.706,0.001,115
2026-09-11T18:15:25.035+00:00,153.706,153.707,0.001,115
2026-09-11T18:15:25.636+00:00,153.705,153.708,0.003,115
2026-09-11T18:15:26.440+00:00,153.704,153.707,0.003,115
2026-09-11T18:15:27.044+00:00,153.704,153.705,0.001,115
2026-09-11T18:15:27.244+00:00,153.704,153.707,0.003,115
2026-09-11T18:15:27.453+00:00,153.705,153.706,0.001,115
2026-09-11T18:15:27.645+00:00,153.706,153.707,0.001,115
2026-09-11T18:15:27.845+00:00,153.705,153.706,0.001,115
2026-09-11T18:15:28.045+00:00,153.705,153.708,0.003,115
2026-09-11T18:15:28.246+00:00,153.704,153.707,0.003,115
2026-09-11T18:15:28.650+00:00,153.707,153.708,0.001,115
2026-09-11T18:15:28.851+00:00,153.705,153.707,0.002,115
2026-09-11T18:15:29.057+00:00,153.706,153.708,0.002,115
2026-09-11T18:15:29.258+00:00,153.707,153.708,0.001,115
2026-09-11T18:15:29.457+00:00,153.702,153.707,0.005,115
2026-09-11T18:15:29.659+00:00,153.701,153.707,0.006,115
2026-09-11T18:15:29.859+00:00,153.704,153.708,0.004,115
2026-09-11T18:15:30.060+00:00,153.705,153.708,0.003,115
2026-09-11T18:15:31.532+00:00,153.706,153.709,0.003,115
2026-09-11T18:15:31.933+00:00,153.703,153.71,0.007,115
2026-09-11T18:15:32.940+00:00,153.705,153.711,0.006,115
2026-09-11T18:15:33.140+00:00,153.707,153.711,0.004,115
2026-09-11T18:15:33.341+00:00,153.707,153.71,0.003,115
2026-09-11T18:15:34.951+00:00,153.706,153.709,0.003,116
2026-09-11T18:15:35.731+00:00,153.707,153.71,0.003,116
2026-09-11T18:15:36.250+00:00,153.706,153.709,0.003,116
2026-09-11T18:15:36.451+00:00,153.707,153.708,0.001,116
2026-09-11T18:15:37.058+00:00,153.705,153.708,0.003,116
2026-09-11T18:15:37.258+00:00,153.706,153.707,0.001,116
2026-09-11T18:15:37.659+00:00,153.705,153.707,0.002,116
2026-09-11T18:15:37.859+00:00,153.706,153.707,0.001,116
2026-09-11T18:15:38.260+00:00,153.707,153.708,0.001,116
2026-09-11T18:15:38.462+00:00,153.706,153.709,0.003,116
2026-09-11T18:15:38.867+00:00,153.706,153.706,0.0,116
2026-09-11T18:15:39.266+00:00,153.705,153.708,0.003,116
2026-09-11T18:15:39.668+00:00,153.706,153.71,0.004,116
2026-09-11T18:15:39.870+00:00,153.706,153.708,0.002,116
2026-09-11T18:15:40.076+00:00,153.707,153.711,0.004,116
2026-09-11T18:15:40.269+00:00,153.708,153.713,0.005,116
2026-09-11T18:15:40.671+00:00,153.708,153.711,0.003,116
2026-09-11T18:15:41.969+00:00,153.709,153.712,0.003,116
2026-09-11T18:15:42.171+00:00,153.708,153.711,0.003,116
2026-09-11T18:15:42.574+00:00,153.707,153.709,0.002,116
2026-09-11T18:15:42.975+00:00,153.708,153.711,0.003,116
2026-09-11T18:15:43.239+00:00,153.707,153.709,0.002,116
2026-09-11T18:15:43.643+00:00,153.708,153.711,0.003,116
2026-09-11T18:15:44.449+00:00,153.707,153.71,0.003,116
2026-09-11T18:15:44.852+00:00,153.708,153.711,0.003,116
2026-09-11T18:15:47.110+00:00,153.706,153.708,0.002,116
2026-09-11T18:15:47.312+00:00,153.706,153.707,0.001,116
2026-09-11T18:15:47.511+00:00,153.706,153.712,0.006,116
2026-09-11T18:15:47.710+00:00,153.706,153.711,0.005,116
2026-09-11T18:15:48.111+00:00,153.707,153.71,0.003,116
2026-09-11T18:15:48.512+00:00,153.706,153.708,0.002,116
2026-09-11T18:15:49.213+00:00,153.704,153.707,0.003,116
2026-09-11T18:15:49.419+00:00,153.706,153.709,0.003,116
2026-09-11T18:15:50.627+00:00,153.707,153.71,0.003,116
2026-09-11T18:15:51.228+00:00,153.706,153.709,0.003,116
2026-09-11T18:15:51.429+00:00,153.706,153.708,0.002,116
2026-09-11T18:15:51.629+00:00,153.707,153.708,0.001,116
2026-09-11T18:15:51.832+00:00,153.707,153.709,0.002,116
2026-09-11T18:15:52.034+00:00,153.708,153.709,0.001,116
2026-09-11T18:15:52.634+00:00,153.707,153.71,0.003,116
2026-09-11T18:15:52.836+00:00,153.706,153.709,0.003,116
2026-09-11T18:15:53.842+00:00,153.707,153.71,0.003,116
2026-09-11T18:15:54.828+00:00,153.704,153.706,0.002,116
2026-09-11T18:15:55.031+00:00,153.707,153.71,0.003,116
2026-09-11T18:15:56.420+00:00,153.706,153.71,0.004,116
2026-09-11T18:15:56.621+00:00,153.703,153.707,0.004,116
2026-09-11T18:15:56.820+00:00,153.705,153.708,0.003,116
2026-09-11T18:15:57.021+00:00,153.704,153.707,0.003,116
2026-09-11T18:15:57.222+00:00,153.705,153.706,0.001,116
2026-09-11T18:15:57.429+00:00,153.705,153.708,0.003,116
2026-09-11T18:15:57.638+00:00,153.706,153.709,0.003,116
2026-09-11T18:15:57.827+00:00,153.704,153.705,0.001,116
2026-09-11T18:15:58.028+00:00,153.705,153.708,0.003,116
2026-09-11T18:16:00.638+00:00,153.705,153.709,0.004,117
2026-09-11T18:16:01.042+00:00,153.705,153.707,0.002,117
2026-09-11T18:16:01.608+00:00,153.706,153.709,0.003,117
2026-09-11T18:16:02.012+00:00,153.708,153.711,0.003,117
2026-09-11T18:16:03.216+00:00,153.707,153.709,0.002,117
2026-09-11T18:16:03.417+00:00,153.707,153.708,0.001,117
2026-09-11T18:16:03.616+00:00,153.706,153.708,0.002,117
2026-09-11T18:16:03.816+00:00,153.707,153.707,0.0,117
2026-09-11T18:16:04.017+00:00,153.707,153.708,0.001,117
2026-09-11T18:16:04.220+00:00,153.708,153.709,0.001,117
2026-09-11T18:16:04.618+00:00,153.707,153.709,0.002,117
2026-09-11T18:16:05.020+00:00,153.706,153.709,0.003,117
2026-09-11T18:16:05.218+00:00,153.707,153.71,0.003,117
2026-09-11T18:16:05.620+00:00,153.706,153.71,0.004,117
2026-09-11T18:16:05.821+00:00,153.707,153.71,0.003,117
2026-09-11T18:16:06.222+00:00,153.707,153.708,0.001,117
2026-09-11T18:16:06.638+00:00,153.708,153.709,0.001,117
2026-09-11T18:16:06.840+00:00,153.707,153.708,0.001,117
2026-09-11T18:16:07.240+00:00,153.708,153.711,0.003,117
2026-09-11T18:16:07.441+00:00,153.708,153.709,0.001,117
2026-09-11T18:16:07.646+00:00,153.707,153.708,0.001,117
2026-09-11T18:16:07.843+00:00,153.706,153.708,0.002,117
2026-09-11T18:16:08.045+00:00,153.705,153.708,0.003,117
2026-09-11T18:16:08.242+00:00,153.706,153.709,0.003,117
2026-09-11T18:16:08.444+00:00,153.706,153.707,0.001,117
2026-09-11T18:16:08.644+00:00,153.705,153.708,0.003,117
2026-09-11T18:16:08.845+00:00,153.706,153.709,0.003,117
2026-09-11T18:16:09.258+00:00,153.704,153.708,0.004,117
2026-09-11T18:16:09.459+00:00,153.707,153.708,0.001,117
2026-09-11T18:16:09.853+00:00,153.706,153.707,0.001,117
2026-09-11T18:16:10.053+00:00,153.707,153.708,0.001,117
2026-09-11T18:16:10.854+00:00,153.706,153.707,0.001,117
2026-09-11T18:16:11.055+00:00,153.705,153.708,0.003,117
2026-09-11T18:16:12.017+00:00,153.706,153.709,0.003,117
2026-09-11T18:16:12.419+00:00,153.706,153.708,0.002,117
2026-09-11T18:16:12.628+00:00,153.707,153.71,0.003,117
2026-09-11T18:16:13.222+00:00,153.706,153.709,0.003,117
2026-09-11T18:16:13.734+00:00,153.705,153.707,0.002,117
2026-09-11T18:16:13.946+00:00,153.707,153.71,0.003,117
2026-09-11T18:16:14.536+00:00,153.706,153.709,0.003,117
2026-09-11T18:16:14.737+00:00,153.705,153.707,0.002,117
2026-09-11T18:16:14.937+00:00,153.706,153.709,0.003,117
2026-09-11T18:16:15.247+00:00,153.707,153.71,0.003,117
2026-09-11T18:16:15.449+00:00,153.708,153.711,0.003,117
2026-09-11T18:16:16.464+00:00,153.707,153.709,0.002,117
2026-09-11T18:16:16.663+00:00,153.709,153.712,0.003,117
2026-09-11T18:16:16.865+00:00,153.708,153.711,0.003,117
2026-09-11T18:16:17.268+00:00,153.707,153.71,0.003,117
2026-09-11T18:16:20.724+00:00,153.706,153.708,0.002,117
2026-09-11T18:16:20.923+00:00,153.705,153.708,0.003,117
2026-09-11T18:16:21.951+00:00,153.708,153.711,0.003,117
2026-09-11T18:16:22.900+00:00,153.71,153.713,0.003,117
2026-09-11T18:16:23.100+00:00,153.709,153.712,0.003,117
2026-09-11T18:16:23.302+00:00,153.71,153.713,0.003,117
2026-09-11T18:16:23.501+00:00,153.709,153.712,0.003,117
2026-09-11T18:16:23.904+00:00,153.709,153.713,0.004,117
2026-09-11T18:16:24.105+00:00,153.71,153.713,0.003,117
2026-09-11T18:16:24.306+00:00,153.708,153.711,0.003,117
2026-09-11T18:16:24.509+00:00,153.709,153.713,0.004,118
2026-09-11T18:16:24.708+00:00,153.71,153.713,0.003,118
2026-09-11T18:16:24.911+00:00,153.709,153.712,0.003,118
2026-09-11T18:16:25.464+00:00,153.708,153.71,0.002,118
2026-09-11T18:16:25.677+00:00,153.709,153.712,0.003,118
2026-09-11T18:16:26.069+00:00,153.708,153.711,0.003,118
2026-09-11T18:16:26.270+00:00,153.709,153.712,0.003,118
2026-09-11T18:16:26.499+00:00,153.708,153.71,0.002,118
2026-09-11T18:16:26.705+00:00,153.709,153.712,0.003,118
2026-09-11T18:16:27.727+00:00,153.708,153.71,0.002,118
2026-09-11T18:16:27.928+00:00,153.713,153.716,0.003,118
2026-09-11T18:16:28.729+00:00,153.714,153.715,0.001,118
2026-09-11T18:16:29.140+00:00,153.715,153.716,0.001,118
2026-09-11T18:16:29.344+00:00,153.714,153.715,0.001,118
2026-09-11T18:16:29.546+00:00,153.713,153.716,0.003,118
2026-09-11T18:16:32.301+00:00,153.712,153.715,0.003,118
2026-09-11T18:16:32.502+00:00,153.713,153.716,0.003,118
2026-09-11T18:16:32.904+00:00,153.714,153.717,0.003,118
2026-09-11T18:16:34.170+00:00,153.713,153.716,0.003,118
2026-09-11T18:16:34.373+00:00,153.714,153.717,0.003,118
2026-09-11T18:16:35.203+00:00,153.713,153.716,0.003,118
2026-09-11T18:16:35.403+00:00,153.714,153.717,0.003,118
2026-09-11T18:16:35.934+00:00,153.717,153.72,0.003,118
2026-09-11T18:16:36.133+00:00,153.717,153.718,0.001,118
2026-09-11T18:16:36.337+00:00,153.717,153.72,0.003,118
2026-09-11T18:16:37.284+00:00,153.718,153.721,0.003,118
2026-09-11T18:16:37.485+00:00,153.717,153.72,0.003,118
2026-09-11T18:16:38.592+00:00,153.718,153.721,0.003,118
2026-09-11T18:16:38.792+00:00,153.717,153.72,0.003,118
2026-09-11T18:16:38.992+00:00,153.718,153.721,0.003,118
2026-09-11T18:16:42.402+00:00,153.717,153.72,0.003,118
2026-09-11T18:16:42.802+00:00,153.718,153.719,0.001,118
2026-09-11T18:16:43.206+00:00,153.718,153.721,0.003,118
2026-09-11T18:16:43.405+00:00,153.717,153.719,0.002,118
2026-09-11T18:16:43.606+00:00,153.718,153.719,0.001,118
2026-09-11T18:16:44.208+00:00,153.717,153.72,0.003,118
2026-09-11T18:16:44.407+00:00,153.716,153.719,0.003,118
2026-09-11T18:16:44.608+00:00,153.717,153.72,0.003,118
2026-09-11T18:16:44.810+00:00,153.716,153.719,0.003,118
2026-09-11T18:16:45.011+00:00,153.718,153.721,0.003,118
2026-09-11T18:16:45.212+00:00,153.717,153.72,0.003,118
2026-09-11T18:16:45.413+00:00,153.718,153.721,0.003,118
2026-09-11T18:16:45.815+00:00,153.719,153.722,0.003,118
2026-09-11T18:16:46.018+00:00,153.718,153.721,0.003,118
2026-09-11T18:16:47.629+00:00,153.719,153.72,0.001,118
2026-09-11T18:16:49.121+00:00,153.717,153.72,0.003,118
2026-09-11T18:16:49.321+00:00,153.718,153.721,0.003,118
2026-09-11T18:16:49.521+00:00,153.719,153.72,0.001,119
2026-09-11T18:16:49.722+00:00,153.718,153.721,0.003,119
2026-09-11T18:16:49.923+00:00,153.719,153.72,0.001,119
2026-09-11T18:16:50.533+00:00,153.718,153.721,0.003,119
2026-09-11T18:16:53.012+00:00,153.717,153.72,0.003,119
2026-09-11T18:16:53.211+00:00,153.718,153.721,0.003,119
2026-09-11T18:16:55.749+00:00,153.717,153.719,0.002,119
2026-09-11T18:16:55.953+00:00,153.718,153.724,0.006,119
2026-09-11T18:16:56.153+00:00,153.718,153.725,0.007,119
2026-09-11T18:16:56.353+00:00,153.718,153.724,0.006,119
2026-09-11T18:16:56.556+00:00,153.718,153.721,0.003,119
2026-09-11T18:16:57.889+00:00,153.717,153.72,0.003,119
2026-09-11T18:16:58.987+00:00,153.718,153.721,0.003,119
2026-09-11T18:17:01.013+00:00,153.719,153.722,0.003,119
2026-09-11T18:17:01.213+00:00,153.721,153.722,0.001,119
2026-09-11T18:17:01.413+00:00,153.72,153.721,0.001,119
2026-09-11T18:17:01.614+00:00,153.718,153.719,0.001,119
2026-09-11T18:17:01.813+00:00,153.718,153.721,0.003,119
2026-09-11T18:17:02.415+00:00,153.719,153.72,0.001,119
2026-09-11T18:17:02.849+00:00,153.718,153.721,0.003,119
2026-09-11T18:17:03.055+00:00,153.719,153.722,0.003,119
2026-09-11T18:17:03.260+00:00,153.718,153.721,0.003,119
2026-09-11T18:17:03.450+00:00,153.719,153.72,0.001,119
2026-09-11T18:17:03.657+00:00,153.718,153.721,0.003,119
2026-09-11T18:17:04.061+00:00,153.72,153.723,0.003,119
2026-09-11T18:17:04.456+00:00,153.721,153.724,0.003,119
2026-09-11T18:17:05.927+00:00,153.722,153.725,0.003,119
2026-09-11T18:17:06.128+00:00,153.723,153.724,0.001,119
2026-09-11T18:17:06.330+00:00,153.723,153.726,0.003,119
2026-09-11T18:17:06.534+00:00,153.722,153.725,0.003,119
2026-09-11T18:17:06.936+00:00,153.721,153.724,0.003,119
2026-09-11T18:17:07.137+00:00,153.722,153.725,0.003,119
2026-09-11T18:17:07.741+00:00,153.723,153.726,0.003,119
2026-09-11T18:17:07.939+00:00,153.722,153.725,0.003,119
2026-09-11T18:17:08.413+00:00,153.723,153.724,0.001,119
2026-09-11T18:17:08.618+00:00,153.722,153.725,0.003,119
2026-09-11T18:17:09.016+00:00,153.723,153.726,0.003,119
2026-09-11T18:17:09.217+00:00,153.722,153.725,0.003,119
2026-09-11T18:17:09.416+00:00,153.723,153.726,0.003,119
2026-09-11T18:17:10.256+00:00,153.722,153.725,0.003,119
2026-09-11T18:17:10.464+00:00,153.724,153.727,0.003,119
2026-09-11T18:17:10.668+00:00,153.723,153.726,0.003,119
2026-09-11T18:17:12.536+00:00,153.722,153.724,0.002,119
2026-09-11T18:17:12.737+00:00,153.723,153.726,0.003,119
2026-09-11T18:17:13.549+00:00,153.724,153.727,0.003,119
2026-09-11T18:17:13.747+00:00,153.723,153.726,0.003,119
2026-09-11T18:17:13.948+00:00,153.72,153.723,0.003,119
2026-09-11T18:17:14.552+00:00,153.719,153.722,0.003,120
2026-09-11T18:17:14.752+00:00,153.72,153.721,0.001,120
2026-09-11T18:17:15.557+00:00,153.721,153.722,0.001,120
2026-09-11T18:17:17.941+00:00,153.72,153.721,0.001,120
2026-09-11T18:17:18.341+00:00,153.719,153.722,0.003,120
2026-09-11T18:17:18.746+00:00,153.718,153.721,0.003,120
2026-09-11T18:17:18.948+00:00,153.72,153.723,0.003,120
2026-09-11T18:17:19.149+00:00,153.718,153.721,0.003,120
2026-09-11T18:17:20.723+00:00,153.72,153.722,0.002,120
2026-09-11T18:17:21.124+00:00,153.718,153.721,0.003,120
2026-09-11T18:17:21.326+00:00,153.72,153.722,0.002,120
2026-09-11T18:17:21.525+00:00,153.719,153.722,0.003,120
2026-09-11T18:17:22.339+00:00,153.72,153.721,0.001,120
2026-09-11T18:17:22.743+00:00,153.719,153.722,0.003,120
2026-09-11T18:17:22.942+00:00,153.72,153.721,0.001,120
2026-09-11T18:17:23.143+00:00,153.715,153.721,0.006,120
2026-09-11T18:17:23.343+00:00,153.718,153.722,0.004,120
2026-09-11T18:17:23.543+00:00,153.719,153.723,0.004,120
2026-09-11T18:17:23.945+00:00,153.719,153.722,0.003,120
2026-09-11T18:17:24.148+00:00,153.718,153.721,0.003,120
2026-09-11T18:17:24.351+00:00,153.719,153.722,0.003,120
2026-09-11T18:17:24.552+00:00,153.719,153.72,0.001,120
2026-09-11T18:17:24.752+00:00,153.721,153.722,0.001,120
2026-09-11T18:17:25.154+00:00,153.72,153.721,0.001,120
2026-09-11T18:17:25.355+00:00,153.721,153.722,0.001,120
2026-09-11T18:17:25.555+00:00,153.72,153.723,0.003,120
2026-09-11T18:17:25.757+00:00,153.72,153.721,0.001,120
2026-09-11T18:17:25.958+00:00,153.719,153.72,0.001,120
2026-09-11T18:17:26.516+00:00,153.721,153.722,0.001,120
2026-09-11T18:17:26.942+00:00,153.72,153.721,0.001,120
2026-09-11T18:17:27.123+00:00,153.719,153.72,0.001,120
2026-09-11T18:17:27.325+00:00,153.72,153.721,0.001,120
2026-09-11T18:17:27.726+00:00,153.72,153.723,0.003,120
2026-09-11T18:17:27.931+00:00,153.719,153.722,0.003,120
2026-09-11T18:17:28.139+00:00,153.72,153.721,0.001,120
2026-09-11T18:17:30.979+00:00,153.719,153.722,0.003,120
2026-09-11T18:17:31.381+00:00,153.717,153.72,0.003,120
2026-09-11T18:17:31.587+00:00,153.719,153.722,0.003,120
2026-09-11T18:17:31.781+00:00,153.72,153.723,0.003,120
2026-09-11T18:17:31.982+00:00,153.719,153.722,0.003,120
2026-09-11T18:17:32.382+00:00,153.721,153.724,0.003,120
2026-09-11T18:17:33.622+00:00,153.72,153.723,0.003,120
2026-09-11T18:17:33.821+00:00,153.721,153.722,0.001,120
2026-09-11T18:17:34.222+00:00,153.719,153.722,0.003,120
2026-09-11T18:17:34.423+00:00,153.721,153.723,0.002,120
2026-09-11T18:17:34.626+00:00,153.721,153.722,0.001,120
2026-09-11T18:17:35.429+00:00,153.72,153.723,0.003,120
2026-09-11T18:17:35.632+00:00,153.719,153.722,0.003,120
2026-09-11T18:17:35.831+00:00,153.72,153.723,0.003,120
2026-09-11T18:17:36.033+00:00,153.719,153.722,0.003,120
2026-09-11T18:17:36.234+00:00,153.72,153.723,0.003,120
2026-09-11T18:17:37.618+00:00,153.721,153.724,0.003,120
2026-09-11T18:17:37.820+00:00,153.72,153.723,0.003,120
2026-09-11T18:17:38.023+00:00,153.721,153.724,0.003,120
2026-09-11T18:17:38.221+00:00,153.72,153.723,0.003,120
2026-09-11T18:17:38.421+00:00,153.721,153.722,0.001,120
2026-09-11T18:17:38.622+00:00,153.717,153.722,0.005,120
2026-09-11T18:17:39.778+00:00,153.716,153.723,0.007,121
2026-09-11T18:17:39.985+00:00,153.717,153.722,0.005,121
2026-09-11T18:17:40.379+00:00,153.722,153.725,0.003,121
2026-09-11T18:17:40.781+00:00,153.723,153.725,0.002,121
2026-09-11T18:17:40.982+00:00,153.724,153.726,0.002,121
2026-09-11T18:17:41.185+00:00,153.723,153.725,0.002,121
2026-09-11T18:17:41.597+00:00,153.725,153.726,0.001,121
2026-09-11T18:17:41.798+00:00,153.723,153.726,0.003,121
2026-09-11T18:17:41.999+00:00,153.724,153.727,0.003,121
2026-09-11T18:17:43.619+00:00,153.725,153.726,0.001,121
2026-09-11T18:17:44.434+00:00,153.724,153.727,0.003,121
2026-09-11T18:17:44.634+00:00,153.722,153.725,0.003,121
2026-09-11T18:17:44.835+00:00,153.725,153.726,0.001,121
2026-09-11T18:17:45.045+00:00,153.722,153.725,0.003,121
2026-09-11T18:17:45.244+00:00,153.724,153.727,0.003,121
2026-09-11T18:17:45.447+00:00,153.723,153.726,0.003,121
2026-09-11T18:17:46.265+00:00,153.722,153.725,0.003,121
2026-09-11T18:17:46.468+00:00,153.724,153.727,0.003,121
2026-09-11T18:17:47.478+00:00,153.724,153.725,0.001,121
2026-09-11T18:17:47.872+00:00,153.724,153.727,0.003,121
2026-09-11T18:17:48.802+00:00,153.723,153.726,0.003,121
2026-09-11T18:17:49.013+00:00,153.725,153.726,0.001,121
2026-09-11T18:17:49.202+00:00,153.723,153.726,0.003,121
2026-09-11T18:17:49.415+00:00,153.724,153.727,0.003,121
2026-09-11T18:17:49.614+00:00,153.723,153.726,0.003,121
2026-09-11T18:17:49.808+00:00,153.724,153.725,0.001,121
2026-09-11T18:17:50.010+00:00,153.723,153.726,0.003,121
2026-09-11T18:17:50.695+00:00,153.724,153.727,0.003,121
2026-09-11T18:17:50.895+00:00,153.724,153.725,0.001,121
2026-09-11T18:17:51.500+00:00,153.72,153.723,0.003,121
2026-09-11T18:17:51.697+00:00,153.722,153.725,0.003,121
2026-09-11T18:17:51.897+00:00,153.723,153.726,0.003,121
2026-09-11T18:17:52.105+00:00,153.722,153.725,0.003,121
2026-09-11T18:17:53.021+00:00,153.721,153.724,0.003,121
2026-09-11T18:17:53.424+00:00,153.722,153.725,0.003,121
2026-09-11T18:17:53.625+00:00,153.723,153.726,0.003,121
2026-09-11T18:17:54.029+00:00,153.724,153.725,0.001,121
2026-09-11T18:17:54.634+00:00,153.723,153.726,0.003,121
2026-09-11T18:17:55.035+00:00,153.724,153.727,0.003,121
2026-09-11T18:17:55.240+00:00,153.723,153.726,0.003,121
2026-09-11T18:17:55.724+00:00,153.722,153.724,0.002,121
2026-09-11T18:17:55.923+00:00,153.723,153.726,0.003,121
2026-09-11T18:17:56.949+00:00,153.724,153.727,0.003,121
2026-09-11T18:17:57.150+00:00,153.723,153.726,0.003,121
2026-09-11T18:17:57.948+00:00,153.724,153.727,0.003,121
2026-09-11T18:18:01.528+00:00,153.723,153.726,0.003,121
2026-09-11T18:18:02.786+00:00,153.722,153.725,0.003,121
2026-09-11T18:18:03.587+00:00,153.721,153.724,0.003,121
2026-09-11T18:18:03.989+00:00,153.722,153.725,0.003,121
2026-09-11T18:18:04.905+00:00,153.723,153.726,0.003,122
2026-09-11T18:18:05.109+00:00,153.722,153.725,0.003,122
2026-09-11T18:18:05.310+00:00,153.723,153.724,0.001,122
2026-09-11T18:18:05.726+00:00,153.721,153.724,0.003,122
2026-09-11T18:18:05.914+00:00,153.722,153.725,0.003,122
2026-09-11T18:18:06.321+00:00,153.72,153.723,0.003,122
2026-09-11T18:18:06.520+00:00,153.721,153.724,0.003,122
2026-09-11T18:18:07.724+00:00,153.72,153.723,0.003,122
2026-09-11T18:18:08.730+00:00,153.719,153.722,0.003,122
2026-09-11T18:18:08.932+00:00,153.717,153.72,0.003,122
2026-09-11T18:18:09.136+00:00,153.718,153.719,0.001,122
2026-09-11T18:18:09.942+00:00,153.717,153.72,0.003,122
2026-09-11T18:18:10.543+00:00,153.716,153.719,0.003,122
2026-09-11T18:18:11.546+00:00,153.717,153.72,0.003,122
2026-09-11T18:18:11.749+00:00,153.716,153.719,0.003,122
2026-09-11T18:18:11.946+00:00,153.718,153.719,0.001,122
2026-09-11T18:18:12.146+00:00,153.716,153.719,0.003,122
2026-09-11T18:18:12.346+00:00,153.716,153.72,0.004,122
2026-09-11T18:18:12.547+00:00,153.717,153.721,0.004,122
2026-09-11T18:18:12.748+00:00,153.716,153.72,0.004,122
2026-09-11T18:18:12.952+00:00,153.715,153.718,0.003,122
2026-09-11T18:18:13.154+00:00,153.716,153.719,0.003,122
2026-09-11T18:18:13.362+00:00,153.715,153.718,0.003,122
2026-09-11T18:18:13.753+00:00,153.716,153.719,0.003,122
2026-09-11T18:18:14.157+00:00,153.713,153.716,0.003,122
2026-09-11T18:18:14.760+00:00,153.713,153.72,0.007,122
2026-09-11T18:18:15.556+00:00,153.713,153.719,0.006,122
2026-09-11T18:18:15.954+00:00,153.713,153.716,0.003,122
2026-09-11T18:18:17.170+00:00,153.714,153.717,0.003,122
2026-09-11T18:18:17.370+00:00,153.712,153.715,0.003,122
2026-09-11T18:18:19.784+00:00,153.711,153.714,0.003,122
2026-09-11T18:18:19.984+00:00,153.711,153.712,0.001,122
2026-09-11T18:18:20.187+00:00,153.71,153.713,0.003,122
2026-09-11T18:18:20.789+00:00,153.709,153.712,0.003,122
2026-09-11T18:18:20.987+00:00,153.71,153.713,0.003,122
2026-09-11T18:18:21.191+00:00,153.711,153.714,0.003,122
2026-09-11T18:18:21.401+00:00,153.71,153.713,0.003,122
2026-09-11T18:18:21.596+00:00,153.712,153.713,0.001,122
2026-09-11T18:18:21.994+00:00,153.709,153.712,0.003,122
2026-09-11T18:18:22.209+00:00,153.71,153.713,0.003,122
2026-09-11T18:18:22.564+00:00,153.708,153.711,0.003,122
2026-09-11T18:18:22.760+00:00,153.709,153.712,0.003,122
2026-09-11T18:18:22.961+00:00,153.708,153.711,0.003,122
2026-09-11T18:18:23.164+00:00,153.709,153.712,0.003,122
2026-09-11T18:18:23.564+00:00,153.71,153.713,0.003,122
2026-09-11T18:18:23.763+00:00,153.711,153.714,0.003,122
2026-09-11T18:18:23.963+00:00,153.712,153.715,0.003,122
2026-09-11T18:18:24.566+00:00,153.711,153.714,0.003,122
2026-09-11T18:18:25.021+00:00,153.712,153.715,0.003,122
2026-09-11T18:18:26.575+00:00,153.712,153.716,0.004,122
2026-09-11T18:18:26.979+00:00,153.711,153.714,0.003,122
2026-09-11T18:18:27.180+00:00,153.712,153.715,0.003,122
2026-09-11T18:18:28.328+00:00,153.713,153.714,0.001,122
2026-09-11T18:18:29.164+00:00,153.712,153.715,0.003,122
2026-09-11T18:18:30.178+00:00,153.713,153.714,0.001,123
2026-09-11T18:18:30.663+00:00,153.714,153.715,0.001,123
2026-09-11T18:18:30.894+00:00,153.713,153.714,0.001,123
2026-09-11T18:18:31.467+00:00,153.712,153.715,0.003,123
2026-09-11T18:18:31.893+00:00,153.71,153.713,0.003,123
2026-09-11T18:18:32.098+00:00,153.712,153.713,0.001,123
2026-09-11T18:18:33.451+00:00,153.713,153.714,0.001,123
2026-09-11T18:18:34.371+00:00,153.712,153.715,0.003,123
2026-09-11T18:18:34.775+00:00,153.713,153.716,0.003,123
2026-09-11T18:18:34.994+00:00,153.712,153.715,0.003,123
2026-09-11T18:18:35.175+00:00,153.713,153.716,0.003,123
2026-09-11T18:18:35.375+00:00,153.712,153.715,0.003,123
2026-09-11T18:18:37.504+00:00,153.711,153.714,0.003,123
2026-09-11T18:18:37.708+00:00,153.71,153.712,0.002,123
2026-09-11T18:18:37.908+00:00,153.71,153.713,0.003,123
2026-09-11T18:18:38.311+00:00,153.711,153.714,0.003,123
2026-09-11T18:18:38.513+00:00,153.71,153.713,0.003,123
2026-09-11T18:18:38.715+00:00,153.711,153.714,0.003,123
2026-09-11T18:18:40.499+00:00,153.71,153.713,0.003,123
2026-09-11T18:18:40.702+00:00,153.712,153.713,0.001,123
2026-09-11T18:18:40.899+00:00,153.711,153.714,0.003,123
2026-09-11T18:18:41.099+00:00,153.712,153.715,0.003,123
2026-09-11T18:18:41.301+00:00,153.711,153.714,0.003,123
2026-09-11T18:18:41.502+00:00,153.712,153.715,0.003,123
2026-09-11T18:18:41.701+00:00,153.711,153.714,0.003,123
2026-09-11T18:18:41.903+00:00,153.712,153.715,0.003,123
2026-09-11T18:18:42.625+00:00,153.713,153.716,0.003,123
2026-09-11T18:18:42.835+00:00,153.712,153.715,0.003,123
2026-09-11T18:18:43.037+00:00,153.711,153.714,0.003,123
2026-09-11T18:18:43.239+00:00,153.713,153.716,0.003,123
2026-09-11T18:18:43.441+00:00,153.712,153.714,0.002,123
2026-09-11T18:18:43.643+00:00,153.712,153.715,0.003,123
2026-09-11T18:18:43.842+00:00,153.711,153.714,0.003,123
2026-09-11T18:18:44.043+00:00,153.712,153.713,0.001,123
2026-09-11T18:18:44.243+00:00,153.712,153.715,0.003,123
2026-09-11T18:18:44.445+00:00,153.713,153.716,0.003,123
2026-09-11T18:18:44.647+00:00,153.713,153.714,0.001,123
2026-09-11T18:18:44.855+00:00,153.711,153.714,0.003,123
2026-09-11T18:18:45.052+00:00,153.713,153.714,0.001,123
2026-09-11T18:18:45.252+00:00,153.714,153.715,0.001,123
2026-09-11T18:18:45.653+00:00,153.713,153.714,0.001,123
2026-09-11T18:18:46.140+00:00,153.714,153.715,0.001,123
2026-09-11T18:18:46.346+00:00,153.713,153.714,0.001,123
2026-09-11T18:18:46.544+00:00,153.711,153.713,0.002,123
2026-09-11T18:18:46.747+00:00,153.713,153.714,0.001,123
2026-09-11T18:18:47.272+00:00,153.712,153.715,0.003,123
2026-09-11T18:18:47.473+00:00,153.713,153.716,0.003,123
2026-09-11T18:18:47.681+00:00,153.712,153.715,0.003,123
2026-09-11T18:18:48.195+00:00,153.711,153.714,0.003,123
2026-09-11T18:18:48.403+00:00,153.712,153.715,0.003,123
2026-09-11T18:18:49.002+00:00,153.71,153.713,0.003,123
2026-09-11T18:18:49.205+00:00,153.709,153.712,0.003,123
2026-09-11T18:18:49.605+00:00,153.71,153.713,0.003,123
2026-09-11T18:18:50.214+00:00,153.709,153.712,0.003,123
2026-09-11T18:18:51.077+00:00,153.71,153.713,0.003,123
2026-09-11T18:18:51.282+00:00,153.706,153.709,0.003,123
2026-09-11T18:18:51.482+00:00,153.704,153.707,0.003,123
2026-09-11T18:18:51.679+00:00,153.705,153.706,0.001,123
2026-09-11T18:18:51.883+00:00,153.703,153.71,0.007,123
2026-09-11T18:18:52.081+00:00,153.704,153.709,0.005,123
2026-09-11T18:18:52.284+00:00,153.705,153.711,0.006,123
2026-09-11T18:18:52.482+00:00,153.706,153.713,0.007,123
2026-09-11T18:18:52.971+00:00,153.705,153.712,0.007,123
2026-09-11T18:18:52.971+00:00,153.704,153.711,0.007,123
2026-09-11T18:18:53.086+00:00,153.705,153.712,0.007,123
2026-09-11T18:18:54.491+00:00,153.704,153.711,0.007,123
2026-09-11T18:18:54.692+00:00,153.705,153.712,0.007,123
2026-09-11T18:18:54.894+00:00,153.705,153.708,0.003,123
2026-09-11T18:18:55.097+00:00,153.705,153.706,0.001,124
2026-09-11T18:18:55.293+00:00,153.706,153.707,0.001,124
2026-09-11T18:18:55.499+00:00,153.705,153.706,0.001,124
2026-09-11T18:18:56.238+00:00,153.706,153.707,0.001,124
2026-09-11T18:18:56.443+00:00,153.705,153.708,0.003,124
2026-09-11T18:18:56.850+00:00,153.704,153.707,0.003,124
2026-09-11T18:18:57.048+00:00,153.706,153.709,0.003,124
2026-09-11T18:18:57.246+00:00,153.706,153.707,0.001,124
2026-09-11T18:18:57.448+00:00,153.704,153.707,0.003,124
2026-09-11T18:18:57.650+00:00,153.705,153.708,0.003,124
2026-09-11T18:18:58.053+00:00,153.706,153.707,0.001,124
2026-09-11T18:18:58.252+00:00,153.705,153.708,0.003,124
2026-09-11T18:18:58.453+00:00,153.704,153.707,0.003,124
2026-09-11T18:18:58.655+00:00,153.706,153.709,0.003,124
2026-09-11T18:18:58.881+00:00,153.704,153.707,0.003,124
2026-09-11T18:18:59.998+00:00,153.703,153.706,0.003,124
2026-09-11T18:19:00.197+00:00,153.704,153.707,0.003,124
2026-09-11T18:19:00.612+00:00,153.705,153.706,0.001,124
2026-09-11T18:19:00.812+00:00,153.705,153.708,0.003,124
2026-09-11T18:19:01.014+00:00,153.707,153.71,0.003,124
2026-09-11T18:19:01.615+00:00,153.706,153.709,0.003,124
2026-09-11T18:19:01.815+00:00,153.707,153.71,0.003,124
2026-09-11T18:19:02.621+00:00,153.708,153.709,0.001,124
2026-09-11T18:19:03.227+00:00,153.708,153.711,0.003,124
2026-09-11T18:19:03.431+00:00,153.708,153.709,0.001,124
2026-09-11T18:19:03.630+00:00,153.707,153.71,0.003,124
2026-09-11T18:19:03.833+00:00,153.709,153.71,0.001,124
2026-09-11T18:19:04.031+00:00,153.708,153.709,0.001,124
2026-09-11T18:19:04.637+00:00,153.706,153.709,0.003,124
2026-09-11T18:19:04.837+00:00,153.707,153.708,0.001,124
2026-09-11T18:19:05.238+00:00,153.708,153.709,0.001,124
2026-09-11T18:19:05.441+00:00,153.707,153.708,0.001,124
2026-09-11T18:19:05.840+00:00,153.708,153.709,0.001,124
2026-09-11T18:19:06.379+00:00,153.706,153.708,0.002,124
2026-09-11T18:19:06.581+00:00,153.708,153.709,0.001,124
2026-09-11T18:19:06.786+00:00,153.707,153.71,0.003,124
2026-09-11T18:19:07.182+00:00,153.708,153.709,0.001,124
2026-09-11T18:19:07.386+00:00,153.707,153.71,0.003,124
2026-09-11T18:19:07.592+00:00,153.71,153.711,0.001,124
2026-09-11T18:19:07.792+00:00,153.708,153.711,0.003,124
2026-09-11T18:19:08.395+00:00,153.709,153.712,0.003,124
2026-09-11T18:19:08.798+00:00,153.71,153.713,0.003,124
2026-09-11T18:19:08.996+00:00,153.711,153.714,0.003,124
2026-09-11T18:19:09.209+00:00,153.712,153.715,0.003,124
2026-09-11T18:19:09.396+00:00,153.715,153.716,0.001,124
2026-09-11T18:19:09.598+00:00,153.714,153.717,0.003,124
2026-09-11T18:19:09.799+00:00,153.715,153.717,0.002,124
2026-09-11T18:19:10.001+00:00,153.714,153.716,0.002,124
2026-09-11T18:19:10.402+00:00,153.714,153.717,0.003,124
2026-09-11T18:19:10.605+00:00,153.714,153.716,0.002,124
2026-09-11T18:19:10.804+00:00,153.715,153.718,0.003,124
2026-09-11T18:19:11.207+00:00,153.714,153.717,0.003,124
2026-09-11T18:19:11.406+00:00,153.716,153.719,0.003,124
2026-09-11T18:19:11.607+00:00,153.715,153.718,0.003,124
2026-09-11T18:19:12.610+00:00,153.714,153.717,0.003,124
2026-09-11T18:19:13.021+00:00,153.715,153.718,0.003,124
2026-09-11T18:19:13.424+00:00,153.714,153.717,0.003,124
2026-09-11T18:19:13.616+00:00,153.715,153.718,0.003,124
2026-09-11T18:19:14.143+00:00,153.714,153.717,0.003,124
2026-09-11T18:19:18.226+00:00,153.715,153.718,0.003,124
2026-09-11T18:19:18.432+00:00,153.714,153.717,0.003,124
2026-09-11T18:19:19.234+00:00,153.713,153.716,0.003,124
2026-09-11T18:19:19.435+00:00,153.714,153.717,0.003,124
2026-09-11T18:19:20.034+00:00,153.714,153.715,0.001,124
2026-09-11T18:19:20.236+00:00,153.713,153.716,0.003,125
2026-09-11T18:19:20.436+00:00,153.715,153.716,0.001,125
2026-09-11T18:19:20.842+00:00,153.714,153.715,0.001,125
2026-09-11T18:19:23.188+00:00,153.715,153.718,0.003,125
2026-09-11T18:19:23.405+00:00,153.714,153.717,0.003,125
2026-09-11T18:19:23.786+00:00,153.715,153.718,0.003,125
2026-09-11T18:19:24.631+00:00,153.714,153.716,0.002,125
2026-09-11T18:19:24.836+00:00,153.715,153.718,0.003,125
2026-09-11T18:19:25.038+00:00,153.713,153.716,0.003,125
2026-09-11T18:19:27.245+00:00,153.715,153.718,0.003,125
2026-09-11T18:19:27.439+00:00,153.716,153.719,0.003,125
2026-09-11T18:19:27.840+00:00,153.716,153.718,0.002,125
2026-09-11T18:19:28.444+00:00,153.717,153.719,0.002,125
2026-09-11T18:19:28.642+00:00,153.716,153.719,0.003,125
2026-09-11T18:19:29.250+00:00,153.718,153.721,0.003,125
2026-09-11T18:19:29.451+00:00,153.716,153.718,0.002,125
2026-09-11T18:19:30.323+00:00,153.717,153.719,0.002,125
2026-09-11T18:19:30.609+00:00,153.718,153.721,0.003,125
2026-09-11T18:19:30.817+00:00,153.717,153.72,0.003,125
2026-09-11T18:19:31.024+00:00,153.716,153.719,0.003,125
2026-09-11T18:19:31.217+00:00,153.717,153.72,0.003,125
2026-09-11T18:19:31.624+00:00,153.716,153.719,0.003,125
2026-09-11T18:19:31.818+00:00,153.717,153.72,0.003,125
2026-09-11T18:19:34.736+00:00,153.717,153.718,0.001,125
2026-09-11T18:19:34.938+00:00,153.718,153.719,0.001,125
2026-09-11T18:19:35.291+00:00,153.716,153.718,0.002,125
2026-09-11T18:19:35.490+00:00,153.718,153.719,0.001,125
2026-09-11T18:19:36.091+00:00,153.719,153.72,0.001,125
2026-09-11T18:19:36.292+00:00,153.716,153.719,0.003,125
2026-09-11T18:19:37.535+00:00,153.715,153.718,0.003,125
2026-09-11T18:19:37.935+00:00,153.716,153.719,0.003,125
2026-09-11T18:19:38.250+00:00,153.715,153.718,0.003,125
2026-09-11T18:19:38.453+00:00,153.717,153.718,0.001,125
2026-09-11T18:19:38.855+00:00,153.718,153.719,0.001,125
2026-09-11T18:19:39.061+00:00,153.717,153.718,0.001,125
2026-09-11T18:19:39.258+00:00,153.716,153.719,0.003,125
2026-09-11T18:19:39.459+00:00,153.717,153.72,0.003,125
2026-09-11T18:19:39.864+00:00,153.716,153.718,0.002,125
2026-09-11T18:19:41.462+00:00,153.717,153.72,0.003,125
2026-09-11T18:19:42.055+00:00,153.716,153.719,0.003,125
2026-09-11T18:19:42.253+00:00,153.718,153.721,0.003,125
2026-09-11T18:19:42.454+00:00,153.716,153.719,0.003,125
2026-09-11T18:19:42.854+00:00,153.717,153.72,0.003,125
2026-09-11T18:19:43.261+00:00,153.715,153.718,0.003,125
2026-09-11T18:19:43.459+00:00,153.716,153.719,0.003,125
2026-09-11T18:19:43.664+00:00,153.716,153.717,0.001,125
2026-09-11T18:19:43.990+00:00,153.715,153.718,0.003,125
2026-09-11T18:19:44.060+00:00,153.716,153.719,0.003,125
2026-09-11T18:19:44.461+00:00,153.716,153.718,0.002,125
2026-09-11T18:19:44.693+00:00,153.717,153.718,0.001,125
2026-09-11T18:19:45.066+00:00,153.716,153.719,0.003,125
2026-09-11T18:19:45.471+00:00,153.714,153.717,0.003,126
2026-09-11T18:19:45.664+00:00,153.715,153.718,0.003,126
2026-09-11T18:19:45.864+00:00,153.714,153.717,0.003,126
2026-09-11T18:19:46.068+00:00,153.715,153.718,0.003,126
2026-09-11T18:19:46.266+00:00,153.714,153.717,0.003,126
2026-09-11T18:19:46.667+00:00,153.713,153.716,0.003,126
2026-09-11T18:19:47.273+00:00,153.712,153.715,0.003,126
2026-09-11T18:19:47.882+00:00,153.713,153.714,0.001,126
2026-09-11T18:19:48.070+00:00,153.712,153.715,0.003,126
2026-09-11T18:19:49.961+00:00,153.711,153.713,0.002,126
2026-09-11T18:19:50.175+00:00,153.712,153.715,0.003,126
2026-09-11T18:19:50.367+00:00,153.713,153.714,0.001,126
2026-09-11T18:19:50.566+00:00,153.713,153.716,0.003,126
2026-09-11T18:19:50.791+00:00,153.712,153.715,0.003,126
2026-09-11T18:19:50.969+00:00,153.713,153.714,0.001,126
2026-09-11T18:19:51.167+00:00,153.712,153.715,0.003,126
2026-09-11T18:19:51.773+00:00,153.713,153.716,0.003,126
2026-09-11T18:19:52.018+00:00,153.712,153.715,0.003,126
2026-09-11T18:19:52.183+00:00,153.714,153.717,0.003,126
2026-09-11T18:19:52.373+00:00,153.712,153.715,0.003,126
2026-09-11T18:19:52.974+00:00,153.713,153.716,0.003,126
2026-09-11T18:19:53.179+00:00,153.712,153.715,0.003,126
2026-09-11T18:19:53.579+00:00,153.713,153.716,0.003,126
2026-09-11T18:19:54.291+00:00,153.712,153.715,0.003,126
2026-09-11T18:19:54.497+00:00,153.713,153.716,0.003,126
2026-09-11T18:19:54.696+00:00,153.712,153.715,0.003,126
2026-09-11T18:19:55.740+00:00,153.711,153.713,0.002,126
2026-09-11T18:19:55.944+00:00,153.712,153.715,0.003,126
2026-09-11T18:19:56.145+00:00,153.713,153.714,0.001,126
2026-09-11T18:19:56.347+00:00,153.712,153.713,0.001,126
2026-09-11T18:19:56.950+00:00,153.713,153.714,0.001,126
2026-09-11T18:19:58.536+00:00,153.712,153.715,0.003,126
2026-09-11T18:19:58.936+00:00,153.711,153.713,0.002,126
2026-09-11T18:19:59.336+00:00,153.711,153.714,0.003,126
2026-09-11T18:19:59.537+00:00,153.714,153.717,0.003,126
2026-09-11T18:19:59.737+00:00,153.715,153.716,0.001,126
2026-09-11T18:20:00.139+00:00,153.714,153.716,0.002,126
2026-09-11T18:20:00.340+00:00,153.714,153.717,0.003,126
2026-09-11T18:20:00.740+00:00,153.714,153.716,0.002,126
2026-09-11T18:20:00.940+00:00,153.715,153.718,0.003,126
2026-09-11T18:20:01.542+00:00,153.716,153.719,0.003,126
2026-09-11T18:20:03.000+00:00,153.715,153.718,0.003,126
2026-09-11T18:20:03.381+00:00,153.715,153.717,0.002,126
2026-09-11T18:20:03.580+00:00,153.712,153.715,0.003,126
2026-09-11T18:20:03.992+00:00,153.713,153.714,0.001,126
2026-09-11T18:20:04.591+00:00,153.713,153.716,0.003,126
2026-09-11T18:20:04.785+00:00,153.713,153.714,0.001,126
2026-09-11T18:20:07.034+00:00,153.714,153.716,0.002,126
2026-09-11T18:20:07.433+00:00,153.713,153.714,0.001,126
2026-09-11T18:20:08.311+00:00,153.717,153.72,0.003,126
2026-09-11T18:20:08.507+00:00,153.718,153.721,0.003,126
2026-09-11T18:20:08.712+00:00,153.717,153.72,0.003,126
2026-09-11T18:20:08.909+00:00,153.718,153.721,0.003,126
2026-09-11T18:20:09.108+00:00,153.719,153.725,0.006,126
2026-09-11T18:20:09.308+00:00,153.72,153.722,0.002,126
2026-09-11T18:20:09.508+00:00,153.72,153.721,0.001,126
2026-09-11T18:20:09.712+00:00,153.725,153.728,0.003,126
2026-09-11T18:20:09.909+00:00,153.726,153.733,0.007,126
2026-09-11T18:20:10.109+00:00,153.725,153.728,0.003,126
2026-09-11T18:20:10.309+00:00,153.724,153.727,0.003,127
2026-09-11T18:20:10.711+00:00,153.725,153.727,0.002,127
2026-09-11T18:20:10.912+00:00,153.735,153.737,0.002,127
2026-09-11T18:20:11.118+00:00,153.734,153.74,0.006,127
2026-09-11T18:20:11.511+00:00,153.737,153.743,0.006,127
2026-09-11T18:20:11.712+00:00,153.735,153.738,0.003,127
2026-09-11T18:20:11.918+00:00,153.733,153.736,0.003,127
2026-09-11T18:20:12.116+00:00,153.734,153.735,0.001,127
2026-09-11T18:20:12.912+00:00,153.733,153.736,0.003,127
2026-09-11T18:20:13.112+00:00,153.735,153.737,0.002,127
2026-09-11T18:20:13.312+00:00,153.734,153.735,0.001,127
2026-09-11T18:20:13.511+00:00,153.733,153.736,0.003,127
2026-09-11T18:20:13.715+00:00,153.733,153.735,0.002,127
2026-09-11T18:20:13.914+00:00,153.733,153.737,0.004,127
2026-09-11T18:20:14.113+00:00,153.733,153.735,0.002,127
2026-09-11T18:20:14.314+00:00,153.732,153.735,0.003,127
2026-09-11T18:20:14.516+00:00,153.734,153.735,0.001,127
2026-09-11T18:20:14.718+00:00,153.734,153.736,0.002,127
2026-09-11T18:20:15.318+00:00,153.733,153.736,0.003,127
2026-09-11T18:20:15.515+00:00,153.733,153.735,0.002,127
2026-09-11T18:20:15.716+00:00,153.733,153.736,0.003,127
2026-09-11T18:20:15.916+00:00,153.731,153.734,0.003,127
2026-09-11T18:20:16.116+00:00,153.722,153.726,0.004,127
2026-09-11T18:20:16.317+00:00,153.723,153.725,0.002,127
2026-09-11T18:20:16.517+00:00,153.723,153.726,0.003,127
2026-09-11T18:20:16.718+00:00,153.721,153.725,0.004,127
2026-09-11T18:20:16.917+00:00,153.718,153.722,0.004,127
2026-09-11T18:20:17.118+00:00,153.719,153.723,0.004,127
2026-09-11T18:20:17.316+00:00,153.719,153.722,0.003,127
2026-09-11T18:20:17.519+00:00,153.72,153.723,0.003,127
2026-09-11T18:20:17.718+00:00,153.72,153.722,0.002,127
2026-09-11T18:20:17.917+00:00,153.72,153.723,0.003,127
2026-09-11T18:20:18.117+00:00,153.72,153.721,0.001,127
2026-09-11T18:20:18.321+00:00,153.721,153.723,0.002,127
2026-09-11T18:20:18.520+00:00,153.722,153.723,0.001,127
2026-09-11T18:20:18.723+00:00,153.721,153.724,0.003,127
2026-09-11T18:20:18.919+00:00,153.722,153.723,0.001,127
2026-09-11T18:20:19.123+00:00,153.721,153.724,0.003,127
2026-09-11T18:20:19.519+00:00,153.724,153.725,0.001,127
2026-09-11T18:20:19.721+00:00,153.722,153.725,0.003,127
2026-09-11T18:20:19.925+00:00,153.722,153.724,0.002,127
2026-09-11T18:20:20.124+00:00,153.722,153.725,0.003,127
2026-09-11T18:20:20.323+00:00,153.721,153.724,0.003,127
2026-09-11T18:20:20.726+00:00,153.72,153.723,0.003,127
2026-09-11T18:20:21.126+00:00,153.718,153.72,0.002,127
2026-09-11T18:20:21.525+00:00,153.715,153.721,0.006,127
2026-09-11T18:20:21.728+00:00,153.715,153.722,0.007,127
2026-09-11T18:20:21.927+00:00,153.716,153.722,0.006,127
2026-09-11T18:20:22.132+00:00,153.718,153.725,0.007,127
2026-09-11T18:20:22.326+00:00,153.718,153.723,0.005,127
2026-09-11T18:20:22.529+00:00,153.72,153.723,0.003,127
2026-09-11T18:20:22.727+00:00,153.721,153.723,0.002,127
2026-09-11T18:20:23.128+00:00,153.723,153.725,0.002,127
2026-09-11T18:20:23.528+00:00,153.722,153.726,0.004,127
2026-09-11T18:20:23.736+00:00,153.721,153.724,0.003,127
2026-09-11T18:20:23.933+00:00,153.717,153.724,0.007,127
2026-09-11T18:20:24.340+00:00,153.718,153.725,0.007,127
2026-09-11T18:20:24.539+00:00,153.719,153.726,0.007,127
2026-09-11T18:20:24.739+00:00,153.72,153.726,0.006,127
2026-09-11T18:20:24.939+00:00,153.724,153.725,0.001,127
2026-09-11T18:20:25.142+00:00,153.724,153.726,0.002,127
2026-09-11T18:20:25.344+00:00,153.722,153.726,0.004,127
2026-09-11T18:20:25.741+00:00,153.723,153.727,0.004,127
2026-09-11T18:20:25.945+00:00,153.727,153.73,0.003,127
2026-09-11T18:20:26.141+00:00,153.728,153.732,0.004,127
2026-09-11T18:20:26.544+00:00,153.729,153.732,0.003,127
2026-09-11T18:20:26.743+00:00,153.729,153.73,0.001,127
2026-09-11T18:20:26.944+00:00,153.728,153.73,0.002,127
2026-09-11T18:20:27.144+00:00,153.727,153.728,0.001,127
2026-09-11T18:20:27.346+00:00,153.726,153.728,0.002,127
2026-09-11T18:20:27.548+00:00,153.726,153.729,0.003,127
2026-09-11T18:20:27.747+00:00,153.725,153.729,0.004,127
2026-09-11T18:20:28.235+00:00,153.726,153.728,0.002,127
2026-09-11T18:20:28.598+00:00,153.722,153.725,0.003,127
2026-09-11T18:20:28.770+00:00,153.723,153.725,0.002,127
2026-09-11T18:20:29.261+00:00,153.724,153.728,0.004,127
2026-09-11T18:20:29.555+00:00,153.724,153.727,0.003,127
2026-09-11T18:20:30.357+00:00,153.726,153.728,0.002,127
2026-09-11T18:20:30.558+00:00,153.726,153.727,0.001,127
2026-09-11T18:20:30.757+00:00,153.725,153.728,0.003,127
2026-09-11T18:20:31.358+00:00,153.725,153.726,0.001,127
2026-09-11T18:20:31.559+00:00,153.723,153.726,0.003,127
2026-09-11T18:20:31.759+00:00,153.724,153.727,0.003,127
2026-09-11T18:20:31.960+00:00,153.724,153.726,0.002,127
2026-09-11T18:20:32.160+00:00,153.725,153.726,0.001,127
2026-09-11T18:20:32.361+00:00,153.724,153.726,0.002,127
2026-09-11T18:20:32.966+00:00,153.723,153.726,0.003,127
2026-09-11T18:20:33.169+00:00,153.723,153.724,0.001,127
2026-09-11T18:20:33.367+00:00,153.722,153.725,0.003,127
2026-09-11T18:20:33.569+00:00,153.723,153.726,0.003,127
2026-09-11T18:20:33.768+00:00,153.722,153.724,0.002,127
2026-09-11T18:20:33.970+00:00,153.719,153.722,0.003,127
2026-09-11T18:20:34.170+00:00,153.72,153.722,0.002,127
2026-09-11T18:20:34.371+00:00,153.721,153.723,0.002,127
2026-09-11T18:20:34.572+00:00,153.719,153.722,0.003,127
2026-09-11T18:20:34.774+00:00,153.72,153.722,0.002,127
2026-09-11T18:20:34.974+00:00,153.72,153.723,0.003,127
2026-09-11T18:20:35.174+00:00,153.722,153.723,0.001,127
2026-09-11T18:20:35.377+00:00,153.721,153.724,0.003,128
2026-09-11T18:20:35.982+00:00,153.723,153.725,0.002,128
2026-09-11T18:20:36.181+00:00,153.724,153.725,0.001,128
2026-09-11T18:20:36.382+00:00,153.723,153.726,0.003,128
2026-09-11T18:20:36.984+00:00,153.725,153.726,0.001,128
2026-09-11T18:20:37.186+00:00,153.724,153.725,0.001,128
2026-09-11T18:20:37.597+00:00,153.724,153.726,0.002,128
2026-09-11T18:20:37.787+00:00,153.724,153.728,0.004,128
2026-09-11T18:20:38.189+00:00,153.723,153.726,0.003,128
2026-09-11T18:20:38.790+00:00,153.721,153.724,0.003,128
2026-09-11T18:20:38.989+00:00,153.717,153.72,0.003,128
2026-09-11T18:20:39.193+00:00,153.713,153.714,0.001,128
2026-09-11T18:20:39.393+00:00,153.718,153.721,0.003,128
2026-09-11T18:20:39.591+00:00,153.717,153.721,0.004,128
2026-09-11T18:20:39.792+00:00,153.718,153.722,0.004,128
2026-09-11T18:20:40.000+00:00,153.72,153.722,0.002,128
2026-09-11T18:20:40.194+00:00,153.719,153.722,0.003,128
2026-09-11T18:20:40.393+00:00,153.72,153.722,0.002,128
2026-09-11T18:20:40.597+00:00,153.72,153.723,0.003,128
2026-09-11T18:20:41.002+00:00,153.719,153.723,0.004,128
2026-09-11T18:20:41.399+00:00,153.721,153.722,0.001,128
2026-09-11T18:20:41.600+00:00,153.72,153.723,0.003,128
2026-09-11T18:20:41.801+00:00,153.72,153.724,0.004,128
2026-09-11T18:20:42.002+00:00,153.721,153.723,0.002,128
2026-09-11T18:20:42.204+00:00,153.721,153.725,0.004,128
2026-09-11T18:20:42.402+00:00,153.721,153.724,0.003,128
2026-09-11T18:20:42.604+00:00,153.722,153.725,0.003,128
2026-09-11T18:20:42.803+00:00,153.72,153.723,0.003,128
2026-09-11T18:20:43.009+00:00,153.721,153.724,0.003,128
2026-09-11T18:20:43.405+00:00,153.72,153.723,0.003,128
2026-09-11T18:20:43.606+00:00,153.72,153.722,0.002,128
2026-09-11T18:20:43.807+00:00,153.722,153.723,0.001,128
2026-09-11T18:20:44.008+00:00,153.72,153.723,0.003,128
2026-09-11T18:20:44.212+00:00,153.721,153.722,0.001,128
2026-09-11T18:20:44.812+00:00,153.722,153.725,0.003,128
2026-09-11T18:20:45.415+00:00,153.721,153.724,0.003,128
2026-09-11T18:20:45.616+00:00,153.723,153.724,0.001,128
2026-09-11T18:20:45.816+00:00,153.722,153.725,0.003,128
2026-09-11T18:20:46.216+00:00,153.723,153.724,0.001,128
2026-09-11T18:20:46.421+00:00,153.724,153.725,0.001,128
2026-09-11T18:20:46.619+00:00,153.723,153.724,0.001,128
2026-09-11T18:20:46.822+00:00,153.721,153.724,0.003,128
2026-09-11T18:20:47.022+00:00,153.721,153.723,0.002,128
2026-09-11T18:20:47.223+00:00,153.721,153.724,0.003,128
2026-09-11T18:20:47.423+00:00,153.722,153.725,0.003,128
2026-09-11T18:20:48.231+00:00,153.721,153.723,0.002,128
2026-09-11T18:20:48.432+00:00,153.72,153.723,0.003,128
2026-09-11T18:20:48.832+00:00,153.721,153.722,0.001,128
2026-09-11T18:20:49.031+00:00,153.721,153.724,0.003,128
2026-09-11T18:20:49.233+00:00,153.721,153.722,0.001,128
2026-09-11T18:20:49.634+00:00,153.719,153.722,0.003,128
2026-09-11T18:20:49.834+00:00,153.72,153.723,0.003,128
2026-09-11T18:20:50.033+00:00,153.719,153.72,0.001,128
2026-09-11T18:20:50.234+00:00,153.724,153.726,0.002,128
2026-09-11T18:20:50.436+00:00,153.723,153.726,0.003,128
2026-09-11T18:20:50.634+00:00,153.721,153.723,0.002,128
2026-09-11T18:20:51.035+00:00,153.721,153.724,0.003,128
2026-09-11T18:20:51.238+00:00,153.722,153.724,0.002,128
2026-09-11T18:20:51.435+00:00,153.726,153.727,0.001,128
2026-09-11T18:20:51.838+00:00,153.723,153.727,0.004,128
2026-09-11T18:20:52.039+00:00,153.721,153.726,0.005,128
2026-09-11T18:20:52.244+00:00,153.722,153.727,0.005,128
2026-09-11T18:20:52.444+00:00,153.723,153.726,0.003,128
2026-09-11T18:20:52.643+00:00,153.722,153.725,0.003,128
2026-09-11T18:20:53.046+00:00,153.721,153.723,0.002,128
2026-09-11T18:20:53.245+00:00,153.725,153.726,0.001,128
2026-09-11T18:20:53.447+00:00,153.734,153.736,0.002,128
2026-09-11T18:20:53.846+00:00,153.735,153.738,0.003,128
2026-09-11T18:20:54.049+00:00,153.733,153.736,0.003,128
2026-09-11T18:20:55.049+00:00,153.731,153.735,0.004,128
2026-09-11T18:20:55.248+00:00,153.731,153.734,0.003,128
2026-09-11T18:20:55.653+00:00,153.732,153.735,0.003,128
2026-09-11T18:20:56.253+00:00,153.731,153.734,0.003,128
2026-09-11T18:20:56.654+00:00,153.73,153.735,0.005,128
2026-09-11T18:20:56.854+00:00,153.731,153.734,0.003,128
2026-09-11T18:20:57.255+00:00,153.732,153.735,0.003,128
2026-09-11T18:20:57.656+00:00,153.73,153.733,0.003,128
2026-09-11T18:20:58.455+00:00,153.729,153.732,0.003,128
2026-09-11T18:20:59.458+00:00,153.73,153.733,0.003,128
2026-09-11T18:20:59.859+00:00,153.731,153.734,0.003,128
2026-09-11T18:21:00.665+00:00,153.73,153.733,0.003,129
2026-09-11T18:21:01.464+00:00,153.731,153.734,0.003,129
2026-09-11T18:21:01.664+00:00,153.73,153.733,0.003,129
2026-09-11T18:21:01.866+00:00,153.731,153.734,0.003,129
2026-09-11T18:21:02.067+00:00,153.73,153.733,0.003,129
2026-09-11T18:21:02.466+00:00,153.731,153.734,0.003,129
2026-09-11T18:21:02.873+00:00,153.732,153.733,0.001,129
2026-09-11T18:21:03.069+00:00,153.729,153.732,0.003,129
2026-09-11T18:21:03.268+00:00,153.73,153.731,0.001,129
2026-09-11T18:21:03.470+00:00,153.729,153.73,0.001,129
2026-09-11T18:21:03.669+00:00,153.73,153.731,0.001,129
2026-09-11T18:21:03.872+00:00,153.729,153.73,0.001,129
2026-09-11T18:21:04.069+00:00,153.729,153.732,0.003,129
2026-09-11T18:21:04.471+00:00,153.728,153.731,0.003,129
2026-09-11T18:21:04.671+00:00,153.729,153.732,0.003,129
2026-09-11T18:21:05.071+00:00,153.73,153.731,0.001,129
2026-09-11T18:21:05.275+00:00,153.729,153.732,0.003,129
2026-09-11T18:21:05.475+00:00,153.728,153.731,0.003,129
2026-09-11T18:21:05.874+00:00,153.729,153.732,0.003,129
2026-09-11T18:21:06.076+00:00,153.73,153.733,0.003,129
2026-09-11T18:21:06.276+00:00,153.731,153.734,0.003,129
2026-09-11T18:21:06.478+00:00,153.73,153.733,0.003,129
2026-09-11T18:21:07.482+00:00,153.73,153.732,0.002,129
2026-09-11T18:21:07.681+00:00,153.731,153.734,0.003,129
2026-09-11T18:21:08.083+00:00,153.732,153.735,0.003,129
2026-09-11T18:21:08.282+00:00,153.729,153.732,0.003,129
2026-09-11T18:21:08.482+00:00,153.728,153.73,0.002,129
2026-09-11T18:21:08.684+00:00,153.727,153.731,0.004,129
2026-09-11T18:21:08.894+00:00,153.729,153.733,0.004,129
2026-09-11T18:21:09.086+00:00,153.728,153.73,0.002,129
2026-09-11T18:21:09.287+00:00,153.729,153.732,0.003,129
2026-09-11T18:21:09.486+00:00,153.729,153.73,0.001,129
2026-09-11T18:21:09.687+00:00,153.73,153.731,0.001,129
2026-09-11T18:21:09.887+00:00,153.729,153.732,0.003,129
2026-09-11T18:21:10.287+00:00,153.73,153.733,0.003,129
2026-09-11T18:21:10.492+00:00,153.73,153.731,0.001,129
2026-09-11T18:21:10.690+00:00,153.73,153.732,0.002,129
2026-09-11T18:21:10.890+00:00,153.732,153.735,0.003,129
2026-09-11T18:21:11.293+00:00,153.737,153.738,0.001,129
2026-09-11T18:21:11.690+00:00,153.736,153.739,0.003,129
2026-09-11T18:21:11.892+00:00,153.737,153.74,0.003,129
2026-09-11T18:21:12.090+00:00,153.735,153.738,0.003,129
2026-09-11T18:21:12.291+00:00,153.737,153.74,0.003,129
2026-09-11T18:21:12.692+00:00,153.737,153.738,0.001,129
2026-09-11T18:21:12.894+00:00,153.737,153.74,0.003,129
2026-09-11T18:21:13.298+00:00,153.736,153.739,0.003,129
2026-09-11T18:21:13.504+00:00,153.737,153.74,0.003,129
2026-09-11T18:21:13.699+00:00,153.737,153.738,0.001,129
2026-09-11T18:21:13.897+00:00,153.732,153.735,0.003,129
2026-09-11T18:21:14.099+00:00,153.731,153.734,0.003,129
2026-09-11T18:21:14.901+00:00,153.732,153.735,0.003,129
2026-09-11T18:21:15.100+00:00,153.733,153.736,0.003,129
2026-09-11T18:21:15.301+00:00,153.734,153.735,0.001,129
2026-09-11T18:21:15.502+00:00,153.733,153.736,0.003,129
2026-09-11T18:21:15.703+00:00,153.735,153.738,0.003,129
2026-09-11T18:21:15.913+00:00,153.735,153.736,0.001,129
2026-09-11T18:21:17.105+00:00,153.737,153.738,0.001,129
2026-09-11T18:21:17.306+00:00,153.735,153.738,0.003,129
2026-09-11T18:21:17.505+00:00,153.734,153.737,0.003,129
2026-09-11T18:21:17.906+00:00,153.734,153.736,0.002,129
2026-09-11T18:21:18.310+00:00,153.733,153.736,0.003,129
2026-09-11T18:21:18.564+00:00,153.734,153.736,0.002,129
2026-09-11T18:21:18.966+00:00,153.733,153.736,0.003,129
2026-09-11T18:21:19.744+00:00,153.734,153.737,0.003,129
2026-09-11T18:21:20.475+00:00,153.735,153.738,0.003,129
2026-09-11T18:21:20.877+00:00,153.741,153.742,0.001,129
2026-09-11T18:21:21.076+00:00,153.743,153.746,0.003,129
2026-09-11T18:21:21.277+00:00,153.744,153.746,0.002,129
2026-09-11T18:21:21.478+00:00,153.745,153.748,0.003,129
2026-09-11T18:21:21.680+00:00,153.744,153.746,0.002,129
2026-09-11T18:21:21.881+00:00,153.744,153.747,0.003,129
2026-09-11T18:21:22.078+00:00,153.743,153.746,0.003,129
2026-09-11T18:21:22.479+00:00,153.744,153.745,0.001,129
2026-09-11T18:21:23.282+00:00,153.743,153.745,0.002,129
2026-09-11T18:21:23.482+00:00,153.742,153.745,0.003,129
2026-09-11T18:21:23.882+00:00,153.743,153.746,0.003,129
2026-09-11T18:21:24.083+00:00,153.744,153.747,0.003,129
2026-09-11T18:21:24.283+00:00,153.743,153.746,0.003,129
2026-09-11T18:21:24.686+00:00,153.741,153.744,0.003,129
2026-09-11T18:21:24.892+00:00,153.742,153.745,0.003,129
2026-09-11T18:21:25.090+00:00,153.741,153.744,0.003,129
2026-09-11T18:21:25.293+00:00,153.742,153.745,0.003,129
2026-09-11T18:21:25.490+00:00,153.742,153.743,0.001,130
2026-09-11T18:21:25.689+00:00,153.741,153.744,0.003,130
2026-09-11T18:21:26.495+00:00,153.738,153.741,0.003,130
2026-09-11T18:21:27.095+00:00,153.737,153.74,0.003,130
2026-09-11T18:21:27.298+00:00,153.741,153.744,0.003,130
2026-09-11T18:21:27.494+00:00,153.743,153.746,0.003,130
2026-09-11T18:21:27.695+00:00,153.742,153.745,0.003,130
2026-09-11T18:21:28.097+00:00,153.744,153.745,0.001,130
2026-09-11T18:21:28.500+00:00,153.747,153.747,0.0,130
2026-09-11T18:21:28.703+00:00,153.752,153.753,0.001,130
2026-09-11T18:21:28.902+00:00,153.751,153.752,0.001,130
2026-09-11T18:21:29.501+00:00,153.749,153.752,0.003,130
2026-09-11T18:21:29.702+00:00,153.748,153.751,0.003,130
2026-09-11T18:21:29.902+00:00,153.745,153.748,0.003,130
2026-09-11T18:21:30.105+00:00,153.746,153.747,0.001,130
2026-09-11T18:21:30.307+00:00,153.743,153.745,0.002,130
2026-09-11T18:21:30.716+00:00,153.743,153.746,0.003,130
2026-09-11T18:21:30.908+00:00,153.742,153.745,0.003,130
2026-09-11T18:21:31.107+00:00,153.741,153.744,0.003,130
2026-09-11T18:21:31.310+00:00,153.744,153.745,0.001,130
2026-09-11T18:21:31.711+00:00,153.743,153.745,0.002,130
2026-09-11T18:21:31.912+00:00,153.743,153.746,0.003,130
2026-09-11T18:21:32.914+00:00,153.74,153.743,0.003,130
2026-09-11T18:21:33.115+00:00,153.739,153.742,0.003,130
2026-09-11T18:21:33.514+00:00,153.738,153.741,0.003,130
2026-09-11T18:21:33.715+00:00,153.739,153.742,0.003,130
2026-09-11T18:21:34.320+00:00,153.739,153.741,0.002,130
2026-09-11T18:21:34.517+00:00,153.74,153.743,0.003,130
2026-09-11T18:21:34.717+00:00,153.742,153.743,0.001,130
2026-09-11T18:21:35.117+00:00,153.74,153.743,0.003,130
2026-09-11T18:21:35.318+00:00,153.739,153.742,0.003,130
2026-09-11T18:21:35.520+00:00,153.732,153.734,0.002,130
2026-09-11T18:21:35.721+00:00,153.732,153.735,0.003,130
2026-09-11T18:21:36.324+00:00,153.733,153.736,0.003,130
2026-09-11T18:21:36.523+00:00,153.734,153.737,0.003,130
2026-09-11T18:21:36.728+00:00,153.736,153.737,0.001,130
2026-09-11T18:21:36.926+00:00,153.735,153.738,0.003,130
2026-09-11T18:21:37.134+00:00,153.733,153.736,0.003,130
2026-09-11T18:21:37.326+00:00,153.735,153.738,0.003,130
2026-09-11T18:21:37.527+00:00,153.736,153.739,0.003,130
2026-09-11T18:21:37.928+00:00,153.736,153.738,0.002,130
2026-09-11T18:21:38.130+00:00,153.736,153.739,0.003,130
2026-09-11T18:21:38.331+00:00,153.735,153.738,0.003,130
2026-09-11T18:21:38.532+00:00,153.738,153.74,0.002,130
2026-09-11T18:21:38.968+00:00,153.736,153.739,0.003,130
2026-09-11T18:21:39.134+00:00,153.737,153.74,0.003,130
2026-09-11T18:21:39.333+00:00,153.736,153.739,0.003,130
2026-09-11T18:21:39.534+00:00,153.738,153.74,0.002,130
2026-09-11T18:21:39.737+00:00,153.736,153.739,0.003,130
2026-09-11T18:21:39.940+00:00,153.735,153.738,0.003,130
2026-09-11T18:21:40.134+00:00,153.741,153.742,0.001,130
2026-09-11T18:21:40.340+00:00,153.74,153.742,0.002,130
2026-09-11T18:21:40.539+00:00,153.741,153.742,0.001,130
2026-09-11T18:21:40.740+00:00,153.742,153.743,0.001,130
2026-09-11T18:21:41.343+00:00,153.741,153.742,0.001,130
2026-09-11T18:21:41.545+00:00,153.74,153.743,0.003,130
2026-09-11T18:21:42.352+00:00,153.742,153.743,0.001,130
2026-09-11T18:21:42.549+00:00,153.739,153.743,0.004,130
2026-09-11T18:21:42.750+00:00,153.741,153.742,0.001,130
2026-09-11T18:21:42.949+00:00,153.737,153.74,0.003,130
2026-09-11T18:21:43.148+00:00,153.739,153.74,0.001,130
2026-09-11T18:21:43.550+00:00,153.738,153.739,0.001,130
2026-09-11T18:21:43.954+00:00,153.737,153.737,0.0,130
2026-09-11T18:21:44.150+00:00,153.735,153.738,0.003,130
2026-09-11T18:21:44.349+00:00,153.734,153.737,0.003,130
2026-09-11T18:21:44.552+00:00,153.736,153.737,0.001,130
2026-09-11T18:21:44.757+00:00,153.735,153.738,0.003,130
2026-09-11T18:21:45.152+00:00,153.736,153.739,0.003,130
2026-09-11T18:21:45.754+00:00,153.735,153.738,0.003,130
2026-09-11T18:21:45.955+00:00,153.737,153.738,0.001,130
2026-09-11T18:21:46.156+00:00,153.736,153.739,0.003,130
2026-09-11T18:21:46.356+00:00,153.735,153.738,0.003,130
2026-09-11T18:21:46.559+00:00,153.734,153.736,0.002,130
2026-09-11T18:21:46.759+00:00,153.736,153.737,0.001,130
2026-09-11T18:21:46.960+00:00,153.735,153.738,0.003,130
2026-09-11T18:21:47.161+00:00,153.734,153.737,0.003,130
2026-09-11T18:21:47.367+00:00,153.735,153.738,0.003,130
2026-09-11T18:21:47.767+00:00,153.734,153.736,0.002,130
2026-09-11T18:21:47.966+00:00,153.736,153.737,0.001,130
2026-09-11T18:21:48.168+00:00,153.734,153.736,0.002,130
2026-09-11T18:21:48.369+00:00,153.735,153.738,0.003,130
2026-09-11T18:21:48.570+00:00,153.736,153.737,0.001,130
2026-09-11T18:21:48.769+00:00,153.731,153.734,0.003,130
2026-09-11T18:21:48.970+00:00,153.732,153.735,0.003,130
2026-09-11T18:21:49.774+00:00,153.733,153.736,0.003,130
2026-09-11T18:21:49.974+00:00,153.733,153.74,0.007,130
2026-09-11T18:21:50.405+00:00,153.733,153.739,0.006,130
2026-09-11T18:21:50.808+00:00,153.733,153.736,0.003,131
2026-09-11T18:21:51.010+00:00,153.731,153.734,0.003,131
2026-09-11T18:21:51.638+00:00,153.732,153.735,0.003,131
2026-09-11T18:21:51.811+00:00,153.731,153.735,0.004,131
2026-09-11T18:21:52.214+00:00,153.732,153.735,0.003,131
2026-09-11T18:21:52.417+00:00,153.731,153.732,0.001,131
2026-09-11T18:21:52.614+00:00,153.73,153.733,0.003,131
2026-09-11T18:21:53.018+00:00,153.732,153.734,0.002,131
2026-09-11T18:21:53.218+00:00,153.731,153.734,0.003,131
2026-09-11T18:21:53.621+00:00,153.733,153.734,0.001,131
2026-09-11T18:21:53.821+00:00,153.731,153.734,0.003,131
2026-09-11T18:21:54.230+00:00,153.73,153.733,0.003,131
2026-09-11T18:21:54.625+00:00,153.731,153.733,0.002,131
2026-09-11T18:21:55.581+00:00,153.729,153.732,0.003,131
2026-09-11T18:21:55.784+00:00,153.731,153.734,0.003,131
2026-09-11T18:21:56.383+00:00,153.73,153.733,0.003,131
2026-09-11T18:21:56.583+00:00,153.731,153.734,0.003,131
2026-09-11T18:21:56.984+00:00,153.734,153.736,0.002,131
2026-09-11T18:21:57.184+00:00,153.735,153.736,0.001,131
2026-09-11T18:21:57.384+00:00,153.735,153.738,0.003,131
2026-09-11T18:21:57.785+00:00,153.737,153.738,0.001,131
2026-09-11T18:21:57.986+00:00,153.738,153.739,0.001,131
2026-09-11T18:21:58.185+00:00,153.737,153.74,0.003,131
2026-09-11T18:21:58.788+00:00,153.736,153.738,0.002,131
2026-09-11T18:21:59.188+00:00,153.737,153.74,0.003,131
2026-09-11T18:21:59.390+00:00,153.738,153.741,0.003,131
2026-09-11T18:21:59.595+00:00,153.736,153.739,0.003,131
2026-09-11T18:21:59.794+00:00,153.738,153.739,0.001,131
2026-09-11T18:21:59.995+00:00,153.737,153.738,0.001,131
2026-09-11T18:22:00.195+00:00,153.737,153.74,0.003,131
2026-09-11T18:22:00.397+00:00,153.736,153.739,0.003,131
2026-09-11T18:22:00.799+00:00,153.738,153.741,0.003,131
2026-09-11T18:22:01.203+00:00,153.737,153.74,0.003,131
2026-09-11T18:22:01.407+00:00,153.737,153.738,0.001,131
2026-09-11T18:22:01.602+00:00,153.738,153.739,0.001,131
2026-09-11T18:22:01.805+00:00,153.737,153.74,0.003,131
2026-09-11T18:22:02.002+00:00,153.735,153.738,0.003,131
2026-09-11T18:22:02.206+00:00,153.736,153.739,0.003,131
2026-09-11T18:22:02.406+00:00,153.735,153.738,0.003,131
2026-09-11T18:22:02.806+00:00,153.736,153.739,0.003,131
2026-09-11T18:22:03.010+00:00,153.738,153.739,0.001,131
2026-09-11T18:22:03.210+00:00,153.736,153.739,0.003,131
2026-09-11T18:22:03.410+00:00,153.735,153.736,0.001,131
2026-09-11T18:22:03.611+00:00,153.734,153.737,0.003,131
2026-09-11T18:22:04.227+00:00,153.735,153.736,0.001,131
2026-09-11T18:22:04.411+00:00,153.736,153.736,0.0,131
2026-09-11T18:22:04.612+00:00,153.735,153.738,0.003,131
2026-09-11T18:22:04.813+00:00,153.735,153.737,0.002,131
2026-09-11T18:22:05.013+00:00,153.738,153.739,0.001,131
2026-09-11T18:22:05.213+00:00,153.736,153.738,0.002,131
2026-09-11T18:22:05.413+00:00,153.737,153.74,0.003,131
2026-09-11T18:22:05.620+00:00,153.738,153.741,0.003,131
2026-09-11T18:22:05.819+00:00,153.738,153.739,0.001,131
2026-09-11T18:22:06.024+00:00,153.739,153.74,0.001,131
2026-09-11T18:22:06.226+00:00,153.737,153.74,0.003,131
2026-09-11T18:22:06.426+00:00,153.738,153.741,0.003,131
2026-09-11T18:22:06.625+00:00,153.738,153.739,0.001,131
2026-09-11T18:22:06.827+00:00,153.737,153.74,0.003,131
2026-09-11T18:22:07.629+00:00,153.736,153.739,0.003,131
2026-09-11T18:22:07.834+00:00,153.736,153.737,0.001,131
2026-09-11T18:22:08.033+00:00,153.737,153.74,0.003,131
2026-09-11T18:22:08.233+00:00,153.74,153.741,0.001,131
2026-09-11T18:22:08.434+00:00,153.74,153.743,0.003,131
2026-09-11T18:22:08.634+00:00,153.739,153.74,0.001,131
2026-09-11T18:22:09.034+00:00,153.738,153.739,0.001,131
2026-09-11T18:22:09.235+00:00,153.741,153.742,0.001,131
2026-09-11T18:22:09.439+00:00,153.742,153.743,0.001,131
2026-09-11T18:22:09.838+00:00,153.739,153.74,0.001,131
2026-09-11T18:22:10.039+00:00,153.741,153.742,0.001,131
2026-09-11T18:22:10.873+00:00,153.743,153.745,0.002,131
2026-09-11T18:22:11.042+00:00,153.741,153.744,0.003,131
2026-09-11T18:22:11.241+00:00,153.742,153.743,0.001,131
2026-09-11T18:22:11.842+00:00,153.742,153.745,0.003,131
2026-09-11T18:22:12.044+00:00,153.742,153.743,0.001,131
2026-09-11T18:22:12.267+00:00,153.743,153.744,0.001,131
2026-09-11T18:22:12.451+00:00,153.742,153.743,0.001,131
2026-09-11T18:22:12.883+00:00,153.742,153.745,0.003,131
2026-09-11T18:22:13.053+00:00,153.741,153.742,0.001,131
2026-09-11T18:22:13.254+00:00,153.74,153.743,0.003,131
2026-09-11T18:22:13.497+00:00,153.742,153.743,0.001,131
2026-09-11T18:22:13.661+00:00,153.741,153.742,0.001,131
2026-09-11T18:22:14.280+00:00,153.74,153.74,0.0,131
2026-09-11T18:22:14.877+00:00,153.741,153.742,0.001,131
2026-09-11T18:22:14.879+00:00,153.742,153.743,0.001,131
2026-09-11T18:22:15.079+00:00,153.741,153.744,0.003,131
2026-09-11T18:22:15.281+00:00,153.74,153.743,0.003,131
2026-09-11T18:22:15.492+00:00,153.741,153.742,0.001,131
2026-09-11T18:22:15.694+00:00,153.74,153.743,0.003,132
2026-09-11T18:22:15.895+00:00,153.741,153.744,0.003,132
2026-09-11T18:22:16.095+00:00,153.742,153.743,0.001,132
2026-09-11T18:22:16.295+00:00,153.741,153.742,0.001,132
2026-09-11T18:22:16.701+00:00,153.74,153.743,0.003,132
2026-09-11T18:22:16.896+00:00,153.741,153.741,0.0,132
2026-09-11T18:22:17.104+00:00,153.741,153.742,0.001,132
2026-09-11T18:22:17.302+00:00,153.74,153.741,0.001,132
2026-09-11T18:22:18.168+00:00,153.74,153.74,0.0,132
2026-09-11T18:22:18.572+00:00,153.74,153.741,0.001,132
2026-09-11T18:22:18.772+00:00,153.74,153.74,0.0,132
2026-09-11T18:22:18.972+00:00,153.74,153.741,0.001,132
2026-09-11T18:22:19.174+00:00,153.739,153.74,0.001,132
2026-09-11T18:22:19.374+00:00,153.74,153.741,0.001,132
2026-09-11T18:22:19.778+00:00,153.734,153.735,0.001,132
2026-09-11T18:22:19.977+00:00,153.735,153.738,0.003,132
2026-09-11T18:22:20.179+00:00,153.733,153.735,0.002,132
2026-09-11T18:22:20.577+00:00,153.735,153.736,0.001,132
2026-09-11T18:22:20.781+00:00,153.733,153.734,0.001,132
2026-09-11T18:22:20.980+00:00,153.732,153.733,0.001,132
2026-09-11T18:22:21.184+00:00,153.733,153.736,0.003,132
2026-09-11T18:22:21.382+00:00,153.732,153.735,0.003,132
2026-09-11T18:22:22.186+00:00,153.731,153.734,0.003,132
2026-09-11T18:22:22.390+00:00,153.733,153.736,0.003,132
2026-09-11T18:22:22.589+00:00,153.733,153.734,0.001,132
2026-09-11T18:22:22.790+00:00,153.732,153.735,0.003,132
2026-09-11T18:22:22.991+00:00,153.733,153.735,0.002,132
2026-09-11T18:22:23.193+00:00,153.729,153.732,0.003,132
2026-09-11T18:22:23.391+00:00,153.731,153.733,0.002,132
2026-09-11T18:22:23.592+00:00,153.729,153.732,0.003,132
2026-09-11T18:22:23.793+00:00,153.733,153.734,0.001,132
2026-09-11T18:22:24.001+00:00,153.73,153.733,0.003,132
2026-09-11T18:22:24.205+00:00,153.731,153.732,0.001,132
2026-09-11T18:22:24.831+00:00,153.73,153.733,0.003,132
2026-09-11T18:22:25.035+00:00,153.731,153.734,0.003,132
2026-09-11T18:22:25.230+00:00,153.73,153.733,0.003,132
2026-09-11T18:22:25.431+00:00,153.729,153.732,0.003,132
2026-09-11T18:22:25.638+00:00,153.73,153.731,0.001,132
2026-09-11T18:22:25.834+00:00,153.732,153.734,0.002,132
2026-09-11T18:22:26.034+00:00,153.731,153.733,0.002,132
2026-09-11T18:22:26.235+00:00,153.73,153.731,0.001,132
2026-09-11T18:22:26.434+00:00,153.728,153.731,0.003,132
2026-09-11T18:22:26.638+00:00,153.731,153.733,0.002,132
2026-09-11T18:22:26.843+00:00,153.732,153.734,0.002,132
2026-09-11T18:22:27.044+00:00,153.73,153.731,0.001,132
2026-09-11T18:22:27.244+00:00,153.731,153.732,0.001,132
2026-09-11T18:22:27.446+00:00,153.73,153.731,0.001,132
2026-09-11T18:22:27.845+00:00,153.729,153.732,0.003,132
2026-09-11T18:22:28.050+00:00,153.73,153.733,0.003,132
2026-09-11T18:22:28.247+00:00,153.731,153.734,0.003,132
2026-09-11T18:22:28.448+00:00,153.729,153.732,0.003,132
2026-09-11T18:22:28.650+00:00,153.731,153.734,0.003,132
2026-09-11T18:22:28.852+00:00,153.73,153.733,0.003,132
2026-09-11T18:22:29.053+00:00,153.732,153.733,0.001,132
2026-09-11T18:22:29.289+00:00,153.731,153.734,0.003,132
2026-09-11T18:22:29.455+00:00,153.73,153.733,0.003,132
2026-09-11T18:22:29.657+00:00,153.729,153.732,0.003,132
2026-09-11T18:22:29.864+00:00,153.731,153.734,0.003,132
2026-09-11T18:22:30.087+00:00,153.733,153.734,0.001,132
2026-09-11T18:22:30.465+00:00,153.731,153.734,0.003,132
2026-09-11T18:22:31.272+00:00,153.732,153.734,0.002,132
2026-09-11T18:22:31.471+00:00,153.733,153.736,0.003,132
2026-09-11T18:22:31.670+00:00,153.732,153.735,0.003,132
2026-09-11T18:22:31.880+00:00,153.733,153.736,0.003,132
2026-09-11T18:22:32.081+00:00,153.731,153.734,0.003,132
2026-09-11T18:22:32.279+00:00,153.734,153.735,0.001,132
2026-09-11T18:22:32.482+00:00,153.734,153.737,0.003,132
2026-09-11T18:22:32.883+00:00,153.735,153.736,0.001,132
2026-09-11T18:22:33.081+00:00,153.734,153.737,0.003,132
2026-09-11T18:22:33.284+00:00,153.734,153.735,0.001,132
2026-09-11T18:22:33.518+00:00,153.733,153.736,0.003,132
2026-09-11T18:22:33.720+00:00,153.732,153.735,0.003,132
2026-09-11T18:22:33.923+00:00,153.734,153.735,0.001,132
2026-09-11T18:22:34.121+00:00,153.733,153.734,0.001,132
2026-09-11T18:22:34.327+00:00,153.733,153.736,0.003,132
2026-09-11T18:22:34.719+00:00,153.733,153.734,0.001,132
2026-09-11T18:22:35.034+00:00,153.732,153.735,0.003,132
2026-09-11T18:22:35.435+00:00,153.733,153.736,0.003,132
2026-09-11T18:22:35.638+00:00,153.732,153.735,0.003,132
2026-09-11T18:22:35.839+00:00,153.733,153.736,0.003,132
2026-09-11T18:22:37.117+00:00,153.732,153.735,0.003,132
2026-09-11T18:22:37.318+00:00,153.731,153.734,0.003,132
2026-09-11T18:22:37.519+00:00,153.732,153.735,0.003,132
2026-09-11T18:22:37.922+00:00,153.731,153.734,0.003,132
2026-09-11T18:22:38.125+00:00,153.73,153.733,0.003,132
2026-09-11T18:22:38.928+00:00,153.729,153.732,0.003,132
2026-09-11T18:22:39.531+00:00,153.73,153.731,0.001,132
2026-09-11T18:22:39.731+00:00,153.728,153.731,0.003,132
2026-09-11T18:22:39.931+00:00,153.73,153.732,0.002,132
2026-09-11T18:22:40.132+00:00,153.731,153.733,0.002,132
2026-09-11T18:22:40.332+00:00,153.727,153.73,0.003,132
2026-09-11T18:22:40.533+00:00,153.728,153.731,0.003,132
2026-09-11T18:22:41.134+00:00,153.729,153.732,0.003,133
2026-09-11T18:22:41.339+00:00,153.728,153.731,0.003,133
2026-09-11T18:22:41.535+00:00,153.727,153.73,0.003,133
2026-09-11T18:22:41.735+00:00,153.728,153.731,0.003,133
2026-09-11T18:22:42.667+00:00,153.722,153.725,0.003,133
2026-09-11T18:22:42.854+00:00,153.726,153.727,0.001,133
2026-09-11T18:22:43.054+00:00,153.725,153.728,0.003,133
2026-09-11T18:22:43.455+00:00,153.726,153.729,0.003,133
2026-09-11T18:22:44.457+00:00,153.728,153.731,0.003,133
2026-09-11T18:22:45.458+00:00,153.729,153.732,0.003,133
2026-09-11T18:22:45.658+00:00,153.728,153.731,0.003,133
2026-09-11T18:22:46.662+00:00,153.729,153.732,0.003,133
2026-09-11T18:22:47.695+00:00,153.728,153.73,0.002,133
2026-09-11T18:22:47.905+00:00,153.729,153.732,0.003,133
2026-09-11T18:22:48.499+00:00,153.73,153.731,0.001,133
2026-09-11T18:22:48.698+00:00,153.729,153.732,0.003,133
2026-09-11T18:22:48.900+00:00,153.73,153.733,0.003,133
2026-09-11T18:22:49.101+00:00,153.729,153.732,0.003,133
2026-09-11T18:22:49.500+00:00,153.728,153.732,0.004,133
2026-09-11T18:22:49.699+00:00,153.729,153.732,0.003,133
2026-09-11T18:22:50.701+00:00,153.724,153.727,0.003,133
2026-09-11T18:22:51.904+00:00,153.723,153.724,0.001,133
2026-09-11T18:22:52.104+00:00,153.722,153.725,0.003,133
2026-09-11T18:22:52.307+00:00,153.723,153.726,0.003,133
2026-09-11T18:22:52.707+00:00,153.721,153.723,0.002,133
2026-09-11T18:22:52.907+00:00,153.722,153.725,0.003,133
2026-09-11T18:22:53.112+00:00,153.721,153.724,0.003,133
2026-09-11T18:22:53.308+00:00,153.722,153.725,0.003,133
2026-09-11T18:22:53.508+00:00,153.721,153.724,0.003,133
2026-09-11T18:22:53.717+00:00,153.722,153.725,0.003,133
2026-09-11T18:22:54.113+00:00,153.724,153.725,0.001,133
2026-09-11T18:22:54.322+00:00,153.723,153.726,0.003,133
2026-09-11T18:22:57.127+00:00,153.724,153.725,0.001,133
2026-09-11T18:22:57.328+00:00,153.723,153.726,0.003,133
2026-09-11T18:22:58.228+00:00,153.721,153.724,0.003,133
2026-09-11T18:22:58.427+00:00,153.722,153.725,0.003,133
2026-09-11T18:22:59.029+00:00,153.723,153.726,0.003,133
2026-09-11T18:23:00.436+00:00,153.724,153.725,0.001,133
2026-09-11T18:23:00.845+00:00,153.723,153.726,0.003,133
2026-09-11T18:23:01.845+00:00,153.721,153.724,0.003,133
2026-09-11T18:23:02.047+00:00,153.722,153.725,0.003,133
2026-09-11T18:23:02.448+00:00,153.723,153.726,0.003,133
2026-09-11T18:23:03.735+00:00,153.722,153.725,0.003,133
2026-09-11T18:23:03.949+00:00,153.723,153.726,0.003,133
2026-09-11T18:23:04.150+00:00,153.724,153.725,0.001,133
2026-09-11T18:23:04.550+00:00,153.723,153.724,0.001,133
2026-09-11T18:23:04.749+00:00,153.722,153.725,0.003,133
2026-09-11T18:23:04.950+00:00,153.724,153.725,0.001,133
2026-09-11T18:23:05.154+00:00,153.723,153.726,0.003,133
2026-09-11T18:23:05.551+00:00,153.723,153.724,0.001,133
2026-09-11T18:23:05.750+00:00,153.72,153.723,0.003,134
2026-09-11T18:23:05.951+00:00,153.721,153.722,0.001,134
2026-09-11T18:23:06.152+00:00,153.719,153.723,0.004,134
2026-09-11T18:23:06.354+00:00,153.72,153.724,0.004,134
2026-09-11T18:23:06.555+00:00,153.721,153.723,0.002,134
2026-09-11T18:23:06.757+00:00,153.72,153.723,0.003,134
2026-09-11T18:23:07.360+00:00,153.72,153.722,0.002,134
2026-09-11T18:23:07.563+00:00,153.722,153.723,0.001,134
2026-09-11T18:23:07.965+00:00,153.72,153.723,0.003,134
2026-09-11T18:23:08.168+00:00,153.721,153.724,0.003,134
2026-09-11T18:23:08.368+00:00,153.72,153.723,0.003,134
2026-09-11T18:23:08.567+00:00,153.721,153.722,0.001,134
2026-09-11T18:23:08.768+00:00,153.721,153.723,0.002,134
2026-09-11T18:23:09.168+00:00,153.722,153.724,0.002,134
2026-09-11T18:23:09.448+00:00,153.72,153.723,0.003,134
2026-09-11T18:23:09.648+00:00,153.722,153.724,0.002,134
2026-09-11T18:23:09.848+00:00,153.72,153.723,0.003,134
2026-09-11T18:23:10.052+00:00,153.721,153.724,0.003,134
2026-09-11T18:23:10.250+00:00,153.722,153.725,0.003,134
2026-09-11T18:23:10.453+00:00,153.721,153.723,0.002,134
2026-09-11T18:23:10.854+00:00,153.721,153.724,0.003,134
2026-09-11T18:23:11.056+00:00,153.722,153.725,0.003,134
2026-09-11T18:23:11.263+00:00,153.721,153.724,0.003,134
2026-09-11T18:23:11.664+00:00,153.719,153.723,0.004,134
2026-09-11T18:23:12.067+00:00,153.721,153.724,0.003,134
2026-09-11T18:23:12.269+00:00,153.72,153.723,0.003,134
2026-09-11T18:23:12.524+00:00,153.721,153.724,0.003,134
2026-09-11T18:23:12.727+00:00,153.72,153.723,0.003,134
2026-09-11T18:23:12.928+00:00,153.722,153.725,0.003,134
2026-09-11T18:23:13.127+00:00,153.72,153.723,0.003,134
2026-09-11T18:23:13.328+00:00,153.722,153.725,0.003,134
2026-09-11T18:23:13.528+00:00,153.721,153.724,0.003,134
2026-09-11T18:23:13.938+00:00,153.72,153.722,0.002,134
2026-09-11T18:23:14.153+00:00,153.721,153.724,0.003,134
2026-09-11T18:23:14.332+00:00,153.72,153.722,0.002,134
2026-09-11T18:23:14.571+00:00,153.721,153.724,0.003,134
2026-09-11T18:23:15.152+00:00,153.722,153.725,0.003,134
2026-09-11T18:23:15.559+00:00,153.721,153.724,0.003,134
2026-09-11T18:23:15.764+00:00,153.722,153.723,0.001,134
2026-09-11T18:23:15.970+00:00,153.72,153.723,0.003,134
2026-09-11T18:23:16.174+00:00,153.721,153.725,0.004,134
2026-09-11T18:23:16.379+00:00,153.721,153.724,0.003,134
2026-09-11T18:23:16.585+00:00,153.72,153.723,0.003,134
2026-09-11T18:23:17.403+00:00,153.719,153.722,0.003,134
2026-09-11T18:23:17.609+00:00,153.721,153.722,0.001,134
2026-09-11T18:23:18.019+00:00,153.72,153.721,0.001,134
2026-09-11T18:23:18.631+00:00,153.719,153.721,0.002,134
2026-09-11T18:23:18.833+00:00,153.72,153.721,0.001,134
2026-09-11T18:23:19.791+00:00,153.719,153.721,0.002,134
2026-09-11T18:23:19.993+00:00,153.719,153.722,0.003,134
2026-09-11T18:23:20.403+00:00,153.72,153.721,0.001,134
2026-09-11T18:23:20.605+00:00,153.715,153.718,0.003,134
2026-09-11T18:23:20.810+00:00,153.716,153.719,0.003,134
2026-09-11T18:23:21.304+00:00,153.715,153.718,0.003,134
2026-09-11T18:23:21.610+00:00,153.716,153.719,0.003,134
2026-09-11T18:23:22.213+00:00,153.715,153.718,0.003,134
2026-09-11T18:23:23.618+00:00,153.716,153.719,0.003,134
2026-09-11T18:23:23.818+00:00,153.715,153.718,0.003,134
2026-09-11T18:23:24.787+00:00,153.716,153.717,0.001,134
2026-09-11T18:23:25.003+00:00,153.715,153.718,0.003,134
2026-09-11T18:23:25.201+00:00,153.715,153.716,0.001,134
2026-09-11T18:23:25.802+00:00,153.713,153.716,0.003,134
2026-09-11T18:23:26.004+00:00,153.712,153.717,0.005,134
2026-09-11T18:23:26.206+00:00,153.714,153.717,0.003,134
2026-09-11T18:23:26.407+00:00,153.714,153.72,0.006,134
2026-09-11T18:23:26.860+00:00,153.714,153.717,0.003,134
2026-09-11T18:23:27.104+00:00,153.715,153.718,0.003,134
2026-09-11T18:23:27.270+00:00,153.716,153.717,0.001,134
2026-09-11T18:23:27.892+00:00,153.714,153.717,0.003,134
2026-09-11T18:23:28.093+00:00,153.712,153.715,0.003,134
2026-09-11T18:23:28.293+00:00,153.711,153.714,0.003,134
2026-09-11T18:23:28.500+00:00,153.712,153.715,0.003,134
2026-09-11T18:23:28.904+00:00,153.711,153.713,0.002,134
2026-09-11T18:23:29.103+00:00,153.709,153.712,0.003,134
2026-09-11T18:23:29.316+00:00,153.71,153.712,0.002,134
2026-09-11T18:23:29.507+00:00,153.711,153.712,0.001,134
2026-09-11T18:23:29.711+00:00,153.709,153.712,0.003,134
2026-09-11T18:23:30.360+00:00,153.708,153.711,0.003,134
2026-09-11T18:23:30.555+00:00,153.707,153.71,0.003,134
2026-09-11T18:23:30.956+00:00,153.708,153.709,0.001,135
2026-09-11T18:23:31.157+00:00,153.708,153.711,0.003,135
2026-09-11T18:23:31.356+00:00,153.71,153.713,0.003,135
2026-09-11T18:23:31.758+00:00,153.711,153.714,0.003,135
2026-09-11T18:23:32.561+00:00,153.71,153.712,0.002,135
2026-09-11T18:23:32.763+00:00,153.711,153.714,0.003,135
2026-09-11T18:23:32.963+00:00,153.716,153.717,0.001,135
2026-09-11T18:23:33.163+00:00,153.713,153.714,0.001,135
2026-09-11T18:23:33.366+00:00,153.712,153.715,0.003,135
2026-09-11T18:23:33.765+00:00,153.711,153.714,0.003,135
2026-09-11T18:23:34.170+00:00,153.712,153.715,0.003,135
2026-09-11T18:23:37.138+00:00,153.712,153.716,0.004,135
2026-09-11T18:23:37.541+00:00,153.712,153.715,0.003,135
2026-09-11T18:23:37.958+00:00,153.712,153.714,0.002,135
2026-09-11T18:23:38.142+00:00,153.713,153.716,0.003,135
2026-09-11T18:23:38.347+00:00,153.712,153.715,0.003,135
2026-09-11T18:23:38.544+00:00,153.711,153.714,0.003,135
2026-09-11T18:23:38.944+00:00,153.713,153.715,0.002,135
2026-09-11T18:23:39.143+00:00,153.713,153.716,0.003,135
2026-09-11T18:23:39.747+00:00,153.712,153.715,0.003,135
2026-09-11T18:23:39.948+00:00,153.714,153.716,0.002,135
2026-09-11T18:23:40.149+00:00,153.713,153.716,0.003,135
2026-09-11T18:23:40.350+00:00,153.712,153.715,0.003,135
2026-09-11T18:23:40.551+00:00,153.715,153.718,0.003,135
2026-09-11T18:23:40.748+00:00,153.716,153.717,0.001,135
2026-09-11T18:23:41.355+00:00,153.717,153.718,0.001,135
2026-09-11T18:23:41.556+00:00,153.715,153.717,0.002,135
2026-09-11T18:23:41.957+00:00,153.717,153.718,0.001,135
2026-09-11T18:23:42.156+00:00,153.716,153.719,0.003,135
2026-09-11T18:23:42.899+00:00,153.717,153.718,0.001,135
2026-09-11T18:23:43.303+00:00,153.716,153.717,0.001,135
2026-09-11T18:23:43.702+00:00,153.717,153.718,0.001,135
2026-09-11T18:23:47.301+00:00,153.716,153.719,0.003,135
2026-09-11T18:23:47.501+00:00,153.717,153.718,0.001,135
2026-09-11T18:23:48.615+00:00,153.716,153.719,0.003,135
2026-09-11T18:23:48.818+00:00,153.717,153.718,0.001,135
2026-09-11T18:23:49.016+00:00,153.716,153.719,0.003,135
2026-09-11T18:23:49.932+00:00,153.717,153.718,0.001,135
2026-09-11T18:23:50.133+00:00,153.723,153.726,0.003,135
2026-09-11T18:23:50.334+00:00,153.726,153.727,0.001,135
2026-09-11T18:23:50.579+00:00,153.725,153.728,0.003,135
2026-09-11T18:23:50.813+00:00,153.724,153.727,0.003,135
2026-09-11T18:23:50.968+00:00,153.725,153.728,0.003,135
2026-09-11T18:23:51.164+00:00,153.724,153.727,0.003,135
2026-09-11T18:23:51.537+00:00,153.722,153.725,0.003,135
2026-09-11T18:23:51.738+00:00,153.722,153.724,0.002,135
2026-09-11T18:23:51.942+00:00,153.723,153.726,0.003,135
2026-09-11T18:23:52.561+00:00,153.722,153.725,0.003,135
2026-09-11T18:23:52.754+00:00,153.723,153.726,0.003,135
2026-09-11T18:23:52.946+00:00,153.722,153.725,0.003,135
2026-09-11T18:23:53.147+00:00,153.723,153.726,0.003,135
2026-09-11T18:23:53.347+00:00,153.724,153.727,0.003,135
2026-09-11T18:23:53.749+00:00,153.725,153.728,0.003,135
2026-09-11T18:23:53.950+00:00,153.726,153.727,0.001,135
2026-09-11T18:23:54.353+00:00,153.728,153.729,0.001,135
2026-09-11T18:23:54.550+00:00,153.727,153.728,0.001,135
2026-09-11T18:23:54.951+00:00,153.726,153.727,0.001,135
2026-09-11T18:23:55.752+00:00,153.724,153.727,0.003,135
2026-09-11T18:23:56.161+00:00,153.726,153.727,0.001,136
2026-09-11T18:23:57.161+00:00,153.725,153.728,0.003,136
2026-09-11T18:23:57.768+00:00,153.726,153.727,0.001,136
2026-09-11T18:23:57.967+00:00,153.723,153.726,0.003,136
2026-09-11T18:23:58.370+00:00,153.724,153.727,0.003,136
2026-09-11T18:23:58.716+00:00,153.725,153.726,0.001,136
2026-09-11T18:23:58.972+00:00,153.726,153.727,0.001,136
2026-09-11T18:23:59.171+00:00,153.726,153.728,0.002,136
2026-09-11T18:23:59.372+00:00,153.726,153.727,0.001,136
2026-09-11T18:23:59.572+00:00,153.725,153.728,0.003,136
2026-09-11T18:24:00.488+00:00,153.726,153.727,0.001,136
2026-09-11T18:24:00.720+00:00,153.726,153.728,0.002,136
2026-09-11T18:24:01.088+00:00,153.726,153.727,0.001,136
2026-09-11T18:24:04.155+00:00,153.726,153.726,0.0,136
2026-09-11T18:24:04.355+00:00,153.727,153.727,0.0,136
2026-09-11T18:24:04.556+00:00,153.727,153.728,0.001,136
2026-09-11T18:24:04.959+00:00,153.726,153.727,0.001,136
2026-09-11T18:24:05.160+00:00,153.727,153.727,0.0,136
2026-09-11T18:24:05.933+00:00,153.726,153.726,0.0,136
2026-09-11T18:24:06.137+00:00,153.726,153.727,0.001,136
2026-09-11T18:24:06.736+00:00,153.727,153.727,0.0,136
2026-09-11T18:24:07.137+00:00,153.724,153.725,0.001,136
2026-09-11T18:24:07.338+00:00,153.723,153.724,0.001,136
2026-09-11T18:24:07.538+00:00,153.722,153.724,0.002,136
2026-09-11T18:24:07.739+00:00,153.721,153.724,0.003,136
2026-09-11T18:24:07.940+00:00,153.72,153.723,0.003,136
2026-09-11T18:24:08.140+00:00,153.721,153.724,0.003,136
2026-09-11T18:24:08.341+00:00,153.721,153.723,0.002,136
2026-09-11T18:24:08.769+00:00,153.721,153.724,0.003,136
2026-09-11T18:24:11.345+00:00,153.722,153.725,0.003,136
2026-09-11T18:24:11.891+00:00,153.722,153.724,0.002,136
2026-09-11T18:24:12.094+00:00,153.722,153.725,0.003,136
2026-09-11T18:24:12.524+00:00,153.721,153.724,0.003,136
2026-09-11T18:24:12.722+00:00,153.723,153.724,0.001,136
2026-09-11T18:24:13.214+00:00,153.721,153.724,0.003,136
2026-09-11T18:24:13.413+00:00,153.721,153.728,0.007,136
2026-09-11T18:24:13.815+00:00,153.722,153.728,0.006,136
2026-09-11T18:24:14.016+00:00,153.722,153.724,0.002,136
2026-09-11T18:24:14.215+00:00,153.722,153.723,0.001,136
2026-09-11T18:24:14.956+00:00,153.722,153.725,0.003,136
2026-09-11T18:24:15.225+00:00,153.723,153.724,0.001,136
2026-09-11T18:24:15.422+00:00,153.722,153.725,0.003,136
2026-09-11T18:24:15.825+00:00,153.723,153.726,0.003,136
2026-09-11T18:24:15.825+00:00,153.722,153.725,0.003,136
2026-09-11T18:24:16.227+00:00,153.721,153.723,0.002,136
2026-09-11T18:24:16.432+00:00,153.722,153.725,0.003,136
2026-09-11T18:24:17.030+00:00,153.721,153.723,0.002,136
2026-09-11T18:24:18.114+00:00,153.721,153.724,0.003,136
2026-09-11T18:24:18.719+00:00,153.721,153.723,0.002,136
2026-09-11T18:24:18.918+00:00,153.722,153.723,0.001,136
2026-09-11T18:24:19.118+00:00,153.723,153.724,0.001,136
2026-09-11T18:24:19.524+00:00,153.723,153.726,0.003,136
2026-09-11T18:24:19.925+00:00,153.723,153.724,0.001,136
2026-09-11T18:24:20.125+00:00,153.723,153.726,0.003,136
2026-09-11T18:24:20.326+00:00,153.722,153.725,0.003,136
2026-09-11T18:24:21.936+00:00,153.723,153.726,0.003,137
2026-09-11T18:24:22.138+00:00,153.722,153.724,0.002,137
2026-09-11T18:24:22.449+00:00,153.722,153.725,0.003,137
2026-09-11T18:24:23.657+00:00,153.722,153.723,0.001,137
2026-09-11T18:24:23.858+00:00,153.723,153.724,0.001,137
2026-09-11T18:24:24.259+00:00,153.724,153.725,0.001,137
2026-09-11T18:24:24.693+00:00,153.723,153.726,0.003,137
2026-09-11T18:24:25.305+00:00,153.722,153.724,0.002,137
2026-09-11T18:24:25.498+00:00,153.723,153.726,0.003,137
2026-09-11T18:24:25.698+00:00,153.722,153.725,0.003,137
2026-09-11T18:24:26.773+00:00,153.723,153.726,0.003,137
2026-09-11T18:24:26.954+00:00,153.721,153.724,0.003,137
2026-09-11T18:24:28.894+00:00,153.722,153.725,0.003,137
2026-09-11T18:24:29.095+00:00,153.721,153.724,0.003,137
2026-09-11T18:24:29.495+00:00,153.722,153.725,0.003,137
2026-09-11T18:24:29.901+00:00,153.721,153.724,0.003,137
2026-09-11T18:24:31.347+00:00,153.723,153.726,0.003,137
2026-09-11T18:24:32.065+00:00,153.722,153.724,0.002,137
2026-09-11T18:24:32.738+00:00,153.723,153.726,0.003,137
2026-09-11T18:24:33.187+00:00,153.721,153.724,0.003,137
2026-09-11T18:24:33.388+00:00,153.722,153.725,0.003,137
2026-09-11T18:24:33.793+00:00,153.721,153.724,0.003,137
2026-09-11T18:24:33.992+00:00,153.724,153.727,0.003,137
2026-09-11T18:24:34.436+00:00,153.721,153.723,0.002,137
2026-09-11T18:24:34.634+00:00,153.721,153.724,0.003,137
2026-09-11T18:24:34.833+00:00,153.722,153.725,0.003,137
2026-09-11T18:24:35.037+00:00,153.721,153.724,0.003,137
2026-09-11T18:24:35.237+00:00,153.717,153.718,0.001,137
2026-09-11T18:24:35.440+00:00,153.714,153.717,0.003,137
2026-09-11T18:24:35.636+00:00,153.716,153.717,0.001,137
2026-09-11T18:24:35.838+00:00,153.713,153.716,0.003,137
2026-09-11T18:24:36.239+00:00,153.714,153.717,0.003,137
2026-09-11T18:24:36.640+00:00,153.713,153.716,0.003,137
2026-09-11T18:24:38.050+00:00,153.714,153.717,0.003,137
2026-09-11T18:24:38.458+00:00,153.715,153.718,0.003,137
2026-09-11T18:24:38.657+00:00,153.717,153.718,0.001,137
2026-09-11T18:24:38.855+00:00,153.717,153.72,0.003,137
2026-09-11T18:24:39.461+00:00,153.716,153.717,0.001,137
2026-09-11T18:24:39.739+00:00,153.714,153.717,0.003,137
2026-09-11T18:24:39.936+00:00,153.715,153.718,0.003,137
2026-09-11T18:24:40.554+00:00,153.716,153.719,0.003,137
2026-09-11T18:24:40.756+00:00,153.716,153.717,0.001,137
2026-09-11T18:24:40.962+00:00,153.715,153.718,0.003,137
2026-09-11T18:24:41.371+00:00,153.714,153.717,0.003,137
2026-09-11T18:24:41.671+00:00,153.715,153.718,0.003,137
2026-09-11T18:24:43.947+00:00,153.716,153.717,0.001,137
2026-09-11T18:24:45.149+00:00,153.717,153.719,0.002,137
2026-09-11T18:24:45.347+00:00,153.715,153.718,0.003,137
2026-09-11T18:24:45.549+00:00,153.713,153.716,0.003,137
2026-09-11T18:24:46.163+00:00,153.714,153.717,0.003,137
2026-09-11T18:24:46.564+00:00,153.714,153.716,0.002,138
2026-09-11T18:24:46.760+00:00,153.712,153.715,0.003,138
2026-09-11T18:24:46.960+00:00,153.713,153.716,0.003,138
2026-09-11T18:24:47.167+00:00,153.712,153.715,0.003,138
2026-09-11T18:24:47.370+00:00,153.712,153.713,0.001,138
2026-09-11T18:24:47.571+00:00,153.713,153.714,0.001,138
2026-09-11T18:24:47.773+00:00,153.711,153.714,0.003,138
2026-09-11T18:24:48.176+00:00,153.712,153.715,0.003,138
2026-09-11T18:24:48.977+00:00,153.711,153.714,0.003,138
2026-09-11T18:24:49.178+00:00,153.712,153.715,0.003,138
2026-09-11T18:24:49.381+00:00,153.711,153.714,0.003,138
2026-09-11T18:24:49.781+00:00,153.712,153.715,0.003,138
2026-09-11T18:24:49.990+00:00,153.711,153.714,0.003,138
2026-09-11T18:24:51.269+00:00,153.712,153.713,0.001,138
2026-09-11T18:24:51.470+00:00,153.713,153.714,0.001,138
2026-09-11T18:24:51.671+00:00,153.713,153.716,0.003,138
2026-09-11T18:24:51.872+00:00,153.712,153.715,0.003,138
2026-09-11T18:24:52.869+00:00,153.713,153.716,0.003,138
2026-09-11T18:24:53.191+00:00,153.712,153.715,0.003,138
2026-09-11T18:24:53.392+00:00,153.712,153.716,0.004,138
2026-09-11T18:24:53.799+00:00,153.712,153.715,0.003,138
2026-09-11T18:24:56.825+00:00,153.713,153.716,0.003,138
2026-09-11T18:24:57.226+00:00,153.712,153.714,0.002,138
2026-09-11T18:24:57.430+00:00,153.71,153.713,0.003,138
2026-09-11T18:24:57.626+00:00,153.711,153.714,0.003,138
2026-09-11T18:24:57.827+00:00,153.712,153.715,0.003,138
2026-09-11T18:24:58.243+00:00,153.711,153.714,0.003,138
2026-09-11T18:24:58.243+00:00,153.713,153.716,0.003,138
2026-09-11T18:24:58.831+00:00,153.712,153.715,0.003,138
2026-09-11T18:25:00.850+00:00,153.713,153.716,0.003,138
2026-09-11T18:25:01.050+00:00,153.714,153.717,0.003,138
2026-09-11T18:25:01.247+00:00,153.713,153.716,0.003,138
2026-09-11T18:25:02.377+00:00,153.713,153.715,0.002,138
2026-09-11T18:25:02.576+00:00,153.714,153.715,0.001,138
2026-09-11T18:25:02.779+00:00,153.714,153.717,0.003,138
2026-09-11T18:25:02.978+00:00,153.712,153.714,0.002,138
2026-09-11T18:25:03.180+00:00,153.709,153.712,0.003,138
2026-09-11T18:25:03.379+00:00,153.708,153.71,0.002,138
2026-09-11T18:25:03.581+00:00,153.708,153.711,0.003,138
2026-09-11T18:25:03.780+00:00,153.707,153.71,0.003,138
2026-09-11T18:25:04.382+00:00,153.708,153.71,0.002,138
2026-09-11T18:25:04.960+00:00,153.707,153.71,0.003,138
2026-09-11T18:25:05.280+00:00,153.704,153.707,0.003,138
2026-09-11T18:25:05.646+00:00,153.705,153.708,0.003,138
2026-09-11T18:25:05.847+00:00,153.705,153.707,0.002,138
2026-09-11T18:25:06.048+00:00,153.705,153.708,0.003,138
2026-09-11T18:25:06.449+00:00,153.704,153.707,0.003,138
2026-09-11T18:25:06.649+00:00,153.705,153.707,0.002,138
2026-09-11T18:25:06.852+00:00,153.704,153.707,0.003,138
2026-09-11T18:25:07.052+00:00,153.703,153.707,0.004,138
2026-09-11T18:25:07.251+00:00,153.705,153.708,0.003,138
2026-09-11T18:25:07.464+00:00,153.704,153.711,0.007,138
2026-09-11T18:25:07.658+00:00,153.705,153.711,0.006,138
2026-09-11T18:25:08.259+00:00,153.704,153.71,0.006,138
2026-09-11T18:25:08.459+00:00,153.704,153.707,0.003,138
2026-09-11T18:25:08.659+00:00,153.705,153.707,0.002,138
2026-09-11T18:25:09.062+00:00,153.704,153.707,0.003,138
2026-09-11T18:25:09.264+00:00,153.705,153.708,0.003,138
2026-09-11T18:25:10.269+00:00,153.707,153.71,0.003,138
2026-09-11T18:25:10.671+00:00,153.708,153.711,0.003,138
2026-09-11T18:25:11.073+00:00,153.707,153.71,0.003,138
2026-09-11T18:25:11.674+00:00,153.707,153.709,0.002,139
2026-09-11T18:25:11.876+00:00,153.707,153.71,0.003,139
2026-09-11T18:25:12.882+00:00,153.708,153.71,0.002,139
2026-09-11T18:25:13.102+00:00,153.709,153.71,0.001,139
2026-09-11T18:25:13.278+00:00,153.708,153.709,0.001,139
2026-09-11T18:25:13.683+00:00,153.707,153.71,0.003,139
2026-09-11T18:25:14.488+00:00,153.708,153.709,0.001,139
2026-09-11T18:25:14.690+00:00,153.707,153.71,0.003,139
2026-09-11T18:25:15.290+00:00,153.708,153.71,0.002,139
2026-09-11T18:25:15.492+00:00,153.707,153.71,0.003,139
2026-09-11T18:25:15.694+00:00,153.708,153.71,0.002,139
2026-09-11T18:25:16.257+00:00,153.711,153.714,0.003,139
2026-09-11T18:25:16.456+00:00,153.71,153.713,0.003,139
2026-09-11T18:25:17.059+00:00,153.709,153.712,0.003,139
2026-09-11T18:25:17.259+00:00,153.711,153.714,0.003,139
2026-09-11T18:25:17.459+00:00,153.71,153.713,0.003,139
2026-09-11T18:25:17.861+00:00,153.711,153.712,0.001,139
2026-09-11T18:25:18.061+00:00,153.71,153.713,0.003,139
2026-09-11T18:25:18.265+00:00,153.711,153.712,0.001,139
2026-09-11T18:25:18.465+00:00,153.709,153.712,0.003,139
2026-09-11T18:25:19.070+00:00,153.71,153.713,0.003,139
2026-09-11T18:25:19.270+00:00,153.711,153.714,0.003,139
2026-09-11T18:25:19.470+00:00,153.712,153.715,0.003,139
2026-09-11T18:25:19.671+00:00,153.71,153.713,0.003,139
2026-09-11T18:25:19.871+00:00,153.709,153.712,0.003,139
2026-09-11T18:25:20.073+00:00,153.712,153.715,0.003,139
2026-09-11T18:25:20.277+00:00,153.713,153.716,0.003,139
2026-09-11T18:25:20.876+00:00,153.712,153.715,0.003,139
2026-09-11T18:25:21.077+00:00,153.71,153.713,0.003,139
2026-09-11T18:25:22.082+00:00,153.708,153.711,0.003,139
2026-09-11T18:25:22.285+00:00,153.71,153.713,0.003,139
2026-09-11T18:25:22.485+00:00,153.711,153.714,0.003,139
2026-09-11T18:25:23.092+00:00,153.712,153.715,0.003,139
2026-09-11T18:25:23.292+00:00,153.713,153.716,0.003,139
2026-09-11T18:25:24.095+00:00,153.712,153.715,0.003,139
2026-09-11T18:25:24.296+00:00,153.713,153.716,0.003,139
2026-09-11T18:25:24.902+00:00,153.712,153.715,0.003,139
2026-09-11T18:25:25.107+00:00,153.713,153.716,0.003,139
2026-09-11T18:25:25.308+00:00,153.712,153.715,0.003,139
2026-09-11T18:25:25.506+00:00,153.713,153.716,0.003,139
2026-09-11T18:25:25.983+00:00,153.712,153.715,0.003,139
2026-09-11T18:25:26.192+00:00,153.711,153.714,0.003,139
2026-09-11T18:25:26.794+00:00,153.712,153.715,0.003,139
2026-09-11T18:25:27.803+00:00,153.71,153.713,0.003,139
2026-09-11T18:25:28.206+00:00,153.712,153.713,0.001,139
2026-09-11T18:25:28.403+00:00,153.711,153.714,0.003,139
2026-09-11T18:25:29.815+00:00,153.71,153.713,0.003,139
2026-09-11T18:25:30.015+00:00,153.711,153.714,0.003,139
2026-09-11T18:25:30.317+00:00,153.71,153.713,0.003,139
2026-09-11T18:25:30.625+00:00,153.711,153.714,0.003,139
2026-09-11T18:25:30.625+00:00,153.712,153.715,0.003,139
2026-09-11T18:25:30.851+00:00,153.711,153.714,0.003,139
2026-09-11T18:25:32.297+00:00,153.712,153.713,0.001,139
2026-09-11T18:25:32.496+00:00,153.711,153.714,0.003,139
2026-09-11T18:25:34.195+00:00,153.712,153.715,0.003,139
2026-09-11T18:25:34.398+00:00,153.71,153.712,0.002,139
2026-09-11T18:25:34.597+00:00,153.712,153.714,0.002,139
2026-09-11T18:25:34.998+00:00,153.712,153.715,0.003,139
2026-09-11T18:25:35.857+00:00,153.711,153.714,0.003,139
2026-09-11T18:25:36.609+00:00,153.712,153.715,0.003,140
2026-09-11T18:25:37.633+00:00,153.713,153.715,0.002,140
2026-09-11T18:25:37.836+00:00,153.71,153.713,0.003,140
2026-09-11T18:25:38.612+00:00,153.711,153.714,0.003,140
2026-09-11T18:25:38.813+00:00,153.71,153.713,0.003,140
2026-09-11T18:25:39.221+00:00,153.711,153.714,0.003,140
2026-09-11T18:25:39.417+00:00,153.71,153.713,0.003,140
2026-09-11T18:25:40.018+00:00,153.709,153.712,0.003,140
2026-09-11T18:25:40.420+00:00,153.708,153.711,0.003,140
2026-09-11T18:25:40.620+00:00,153.709,153.712,0.003,140
2026-09-11T18:25:40.820+00:00,153.709,153.71,0.001,140
2026-09-11T18:25:41.020+00:00,153.708,153.711,0.003,140
2026-09-11T18:25:41.427+00:00,153.709,153.712,0.003,140
2026-09-11T18:25:41.836+00:00,153.71,153.713,0.003,140
2026-09-11T18:25:42.036+00:00,153.709,153.712,0.003,140
2026-09-11T18:25:44.925+00:00,153.708,153.711,0.003,140
2026-09-11T18:25:45.126+00:00,153.707,153.713,0.006,140
2026-09-11T18:25:45.326+00:00,153.708,153.712,0.004,140
2026-09-11T18:25:45.979+00:00,153.709,153.712,0.003,140
2026-09-11T18:25:46.585+00:00,153.708,153.711,0.003,140
2026-09-11T18:25:47.292+00:00,153.709,153.712,0.003,140
2026-09-11T18:25:47.493+00:00,153.71,153.713,0.003,140
2026-09-11T18:25:47.693+00:00,153.712,153.715,0.003,140
2026-09-11T18:25:49.103+00:00,153.713,153.714,0.001,140
2026-09-11T18:25:49.375+00:00,153.714,153.715,0.001,140
2026-09-11T18:25:49.567+00:00,153.713,153.715,0.002,140
2026-09-11T18:25:49.767+00:00,153.711,153.712,0.001,140
2026-09-11T18:25:49.970+00:00,153.711,153.713,0.002,140
2026-09-11T18:25:50.171+00:00,153.712,153.715,0.003,140
2026-09-11T18:25:50.372+00:00,153.711,153.714,0.003,140
2026-09-11T18:25:51.720+00:00,153.71,153.712,0.002,140
2026-09-11T18:25:51.922+00:00,153.71,153.713,0.003,140
2026-09-11T18:25:52.122+00:00,153.709,153.712,0.003,140
2026-09-11T18:25:52.523+00:00,153.71,153.713,0.003,140
2026-09-11T18:25:52.722+00:00,153.709,153.712,0.003,140
2026-09-11T18:25:52.924+00:00,153.709,153.711,0.002,140
2026-09-11T18:25:53.123+00:00,153.71,153.713,0.003,140
2026-09-11T18:25:53.524+00:00,153.711,153.714,0.003,140
2026-09-11T18:25:55.530+00:00,153.711,153.713,0.002,140
2026-09-11T18:25:55.932+00:00,153.707,153.711,0.004,140
2026-09-11T18:25:56.133+00:00,153.709,153.713,0.004,140
2026-09-11T18:25:56.336+00:00,153.71,153.713,0.003,140
2026-09-11T18:25:56.742+00:00,153.711,153.714,0.003,140
2026-09-11T18:25:56.944+00:00,153.71,153.713,0.003,140
2026-09-11T18:25:57.343+00:00,153.709,153.712,0.003,140
2026-09-11T18:25:57.540+00:00,153.71,153.713,0.003,140
2026-09-11T18:25:58.318+00:00,153.709,153.712,0.003,140
2026-09-11T18:25:58.520+00:00,153.71,153.713,0.003,140
2026-09-11T18:26:01.327+00:00,153.707,153.71,0.003,140
2026-09-11T18:26:01.526+00:00,153.709,153.71,0.001,140
2026-09-11T18:26:01.928+00:00,153.708,153.711,0.003,141
2026-09-11T18:26:02.530+00:00,153.709,153.71,0.001,141
2026-09-11T18:26:02.732+00:00,153.708,153.709,0.001,141
2026-09-11T18:26:03.174+00:00,153.709,153.71,0.001,141
2026-09-11T18:26:03.843+00:00,153.709,153.712,0.003,141
2026-09-11T18:26:04.043+00:00,153.708,153.711,0.003,141
2026-09-11T18:26:04.245+00:00,153.709,153.712,0.003,141
2026-09-11T18:26:04.444+00:00,153.708,153.709,0.001,141
2026-09-11T18:26:04.646+00:00,153.707,153.71,0.003,141
2026-09-11T18:26:05.045+00:00,153.709,153.712,0.003,141
2026-09-11T18:26:05.245+00:00,153.708,153.711,0.003,141
2026-09-11T18:26:05.447+00:00,153.709,153.712,0.003,141
2026-09-11T18:26:06.050+00:00,153.708,153.711,0.003,141
2026-09-11T18:26:07.725+00:00,153.709,153.711,0.002,141
2026-09-11T18:26:07.928+00:00,153.71,153.712,0.002,141
2026-09-11T18:26:10.168+00:00,153.711,153.713,0.002,141
2026-09-11T18:26:10.366+00:00,153.709,153.712,0.003,141
2026-09-11T18:26:10.569+00:00,153.711,153.714,0.003,141
2026-09-11T18:26:10.769+00:00,153.712,153.715,0.003,141
2026-09-11T18:26:11.372+00:00,153.713,153.714,0.001,141
2026-09-11T18:26:11.577+00:00,153.712,153.715,0.003,141
2026-09-11T18:26:12.980+00:00,153.711,153.714,0.003,141
2026-09-11T18:26:13.189+00:00,153.712,153.715,0.003,141
2026-09-11T18:26:13.398+00:00,153.713,153.714,0.001,141
2026-09-11T18:26:13.587+00:00,153.712,153.715,0.003,141
2026-09-11T18:26:13.786+00:00,153.713,153.716,0.003,141
2026-09-11T18:26:14.272+00:00,153.712,153.715,0.003,141
2026-09-11T18:26:14.476+00:00,153.713,153.716,0.003,141
2026-09-11T18:26:14.680+00:00,153.712,153.715,0.003,141
2026-09-11T18:26:14.965+00:00,153.711,153.714,0.003,141
2026-09-11T18:26:15.169+00:00,153.712,153.715,0.003,141
2026-09-11T18:26:15.462+00:00,153.711,153.714,0.003,141
2026-09-11T18:26:15.497+00:00,153.712,153.715,0.003,141
2026-09-11T18:26:15.712+00:00,153.711,153.713,0.002,141
2026-09-11T18:26:15.880+00:00,153.713,153.716,0.003,141
2026-09-11T18:26:16.081+00:00,153.712,153.715,0.003,141
2026-09-11T18:26:16.281+00:00,153.713,153.716,0.003,141
2026-09-11T18:26:16.483+00:00,153.714,153.717,0.003,141
2026-09-11T18:26:16.681+00:00,153.712,153.715,0.003,141
2026-09-11T18:26:17.086+00:00,153.712,153.714,0.002,141
2026-09-11T18:26:17.287+00:00,153.714,153.716,0.002,141
2026-09-11T18:26:17.487+00:00,153.71,153.713,0.003,141
2026-09-11T18:26:17.689+00:00,153.709,153.712,0.003,141
2026-09-11T18:26:18.489+00:00,153.708,153.711,0.003,141
2026-09-11T18:26:19.092+00:00,153.707,153.71,0.003,141
2026-09-11T18:26:19.694+00:00,153.708,153.711,0.003,141
2026-09-11T18:26:20.095+00:00,153.707,153.71,0.003,141
2026-09-11T18:26:20.295+00:00,153.706,153.709,0.003,141
2026-09-11T18:26:20.699+00:00,153.707,153.71,0.003,141
2026-09-11T18:26:20.899+00:00,153.706,153.709,0.003,141
2026-09-11T18:26:21.655+00:00,153.705,153.708,0.003,141
2026-09-11T18:26:22.457+00:00,153.706,153.709,0.003,141
2026-09-11T18:26:23.460+00:00,153.705,153.708,0.003,141
2026-09-11T18:26:23.662+00:00,153.704,153.707,0.003,141
2026-09-11T18:26:24.064+00:00,153.703,153.706,0.003,141
2026-09-11T18:26:24.265+00:00,153.705,153.706,0.001,141
2026-09-11T18:26:24.467+00:00,153.704,153.707,0.003,141
2026-09-11T18:26:24.669+00:00,153.705,153.708,0.003,141
2026-09-11T18:26:25.469+00:00,153.704,153.707,0.003,141
2026-09-11T18:26:26.271+00:00,153.705,153.708,0.003,141
2026-09-11T18:26:28.220+00:00,153.706,153.709,0.003,142
2026-09-11T18:26:28.421+00:00,153.705,153.708,0.003,142
2026-09-11T18:26:29.024+00:00,153.706,153.709,0.003,142
2026-09-11T18:26:30.235+00:00,153.707,153.71,0.003,142
2026-09-11T18:26:33.119+00:00,153.706,153.709,0.003,142
2026-09-11T18:26:33.527+00:00,153.705,153.708,0.003,142
2026-09-11T18:26:38.197+00:00,153.704,153.707,0.003,142
2026-09-11T18:26:38.599+00:00,153.705,153.708,0.003,142
2026-09-11T18:26:38.800+00:00,153.704,153.707,0.003,142
2026-09-11T18:26:39.006+00:00,153.704,153.706,0.002,142
2026-09-11T18:26:39.204+00:00,153.705,153.708,0.003,142
2026-09-11T18:26:39.671+00:00,153.704,153.707,0.003,142
2026-09-11T18:26:39.870+00:00,153.705,153.708,0.003,142
2026-09-11T18:26:40.071+00:00,153.704,153.707,0.003,142
2026-09-11T18:26:40.271+00:00,153.705,153.708,0.003,142
2026-09-11T18:26:41.013+00:00,153.704,153.707,0.003,142
2026-09-11T18:26:41.887+00:00,153.704,153.708,0.004,142
2026-09-11T18:26:42.088+00:00,153.705,153.709,0.004,142
2026-09-11T18:26:42.487+00:00,153.706,153.709,0.003,142
2026-09-11T18:26:42.689+00:00,153.705,153.708,0.003,142
2026-09-11T18:26:42.891+00:00,153.706,153.709,0.003,142
2026-09-11T18:26:43.294+00:00,153.705,153.708,0.003,142
2026-09-11T18:26:43.496+00:00,153.708,153.711,0.003,142
2026-09-11T18:26:44.842+00:00,153.707,153.71,0.003,142
2026-09-11T18:26:45.041+00:00,153.706,153.709,0.003,142
2026-09-11T18:26:46.052+00:00,153.707,153.71,0.003,142
2026-09-11T18:26:46.250+00:00,153.706,153.709,0.003,142
2026-09-11T18:26:46.453+00:00,153.707,153.71,0.003,142
2026-09-11T18:26:46.655+00:00,153.706,153.709,0.003,142
2026-09-11T18:26:47.456+00:00,153.707,153.71,0.003,142
2026-09-11T18:26:48.263+00:00,153.708,153.711,0.003,142
2026-09-11T18:26:48.667+00:00,153.71,153.712,0.002,142
2026-09-11T18:26:48.882+00:00,153.711,153.714,0.003,142
2026-09-11T18:26:49.266+00:00,153.712,153.715,0.003,142
2026-09-11T18:26:49.465+00:00,153.711,153.714,0.003,142
2026-09-11T18:26:49.668+00:00,153.712,153.715,0.003,142
2026-09-11T18:26:49.869+00:00,153.711,153.714,0.003,142
2026-09-11T18:26:51.905+00:00,153.71,153.713,0.003,143
2026-09-11T18:26:52.100+00:00,153.712,153.715,0.003,143
2026-09-11T18:26:53.304+00:00,153.711,153.714,0.003,143
2026-09-11T18:26:53.503+00:00,153.712,153.715,0.003,143
2026-09-11T18:26:53.704+00:00,153.713,153.714,0.001,143
2026-09-11T18:26:54.106+00:00,153.711,153.714,0.003,143
2026-09-11T18:26:54.307+00:00,153.712,153.715,0.003,143
2026-09-11T18:26:54.508+00:00,153.711,153.714,0.003,143
2026-09-11T18:26:54.709+00:00,153.712,153.715,0.003,143
2026-09-11T18:26:54.910+00:00,153.713,153.716,0.003,143
2026-09-11T18:26:55.314+00:00,153.712,153.715,0.003,143
2026-09-11T18:26:55.709+00:00,153.713,153.715,0.002,143
2026-09-11T18:26:55.911+00:00,153.714,153.717,0.003,143
2026-09-11T18:26:56.111+00:00,153.715,153.718,0.003,143
2026-09-11T18:26:56.311+00:00,153.716,153.719,0.003,143
2026-09-11T18:26:56.510+00:00,153.716,153.72,0.004,143
2026-09-11T18:26:56.712+00:00,153.716,153.719,0.003,143
2026-09-11T18:26:56.912+00:00,153.715,153.718,0.003,143
2026-09-11T18:26:57.912+00:00,153.714,153.718,0.004,143
2026-09-11T18:26:58.112+00:00,153.715,153.718,0.003,143
2026-09-11T18:27:01.935+00:00,153.714,153.717,0.003,143
2026-09-11T18:27:02.136+00:00,153.713,153.716,0.003,143
2026-09-11T18:27:02.722+00:00,153.714,153.717,0.003,143
2026-09-11T18:27:02.939+00:00,153.713,153.716,0.003,143
2026-09-11T18:27:03.140+00:00,153.714,153.715,0.001,143
2026-09-11T18:27:03.342+00:00,153.715,153.716,0.001,143
2026-09-11T18:27:03.541+00:00,153.715,153.718,0.003,143
2026-09-11T18:27:04.480+00:00,153.714,153.717,0.003,143
2026-09-11T18:27:04.664+00:00,153.713,153.716,0.003,143
2026-09-11T18:27:08.323+00:00,153.712,153.715,0.003,143
2026-09-11T18:27:08.523+00:00,153.713,153.716,0.003,143
2026-09-11T18:27:08.724+00:00,153.712,153.715,0.003,143
2026-09-11T18:27:08.925+00:00,153.713,153.716,0.003,143
2026-09-11T18:27:09.126+00:00,153.712,153.715,0.003,143
2026-09-11T18:27:09.529+00:00,153.711,153.714,0.003,143
2026-09-11T18:27:10.805+00:00,153.713,153.714,0.001,143
2026-09-11T18:27:11.207+00:00,153.712,153.715,0.003,143
2026-09-11T18:27:11.720+00:00,153.71,153.713,0.003,143
2026-09-11T18:27:11.921+00:00,153.711,153.714,0.003,143
2026-09-11T18:27:12.320+00:00,153.71,153.713,0.003,143
2026-09-11T18:27:12.521+00:00,153.708,153.711,0.003,143
2026-09-11T18:27:12.926+00:00,153.709,153.71,0.001,143
2026-09-11T18:27:13.129+00:00,153.71,153.711,0.001,143
2026-09-11T18:27:13.324+00:00,153.711,153.714,0.003,143
2026-09-11T18:27:13.524+00:00,153.709,153.711,0.002,143
2026-09-11T18:27:13.724+00:00,153.71,153.713,0.003,143
2026-09-11T18:27:13.924+00:00,153.713,153.716,0.003,143
2026-09-11T18:27:14.125+00:00,153.714,153.717,0.003,143
2026-09-11T18:27:14.327+00:00,153.713,153.716,0.003,143
2026-09-11T18:27:15.531+00:00,153.712,153.715,0.003,143
2026-09-11T18:27:17.634+00:00,153.711,153.714,0.003,144
2026-09-11T18:27:17.839+00:00,153.709,153.712,0.003,144
2026-09-11T18:27:18.043+00:00,153.708,153.711,0.003,144
2026-09-11T18:27:18.356+00:00,153.709,153.712,0.003,144
2026-09-11T18:27:18.555+00:00,153.711,153.712,0.001,144
2026-09-11T18:27:18.757+00:00,153.71,153.713,0.003,144
2026-09-11T18:27:20.163+00:00,153.709,153.712,0.003,144
2026-09-11T18:27:20.363+00:00,153.71,153.713,0.003,144
2026-09-11T18:27:22.268+00:00,153.709,153.712,0.003,144
2026-09-11T18:27:22.670+00:00,153.71,153.713,0.003,144
2026-09-11T18:27:22.872+00:00,153.711,153.714,0.003,144
2026-09-11T18:27:23.071+00:00,153.712,153.715,0.003,144
2026-09-11T18:27:23.675+00:00,153.711,153.714,0.003,144
2026-09-11T18:27:23.883+00:00,153.712,153.715,0.003,144
2026-09-11T18:27:24.275+00:00,153.708,153.711,0.003,144
2026-09-11T18:27:24.475+00:00,153.71,153.713,0.003,144
2026-09-11T18:27:25.289+00:00,153.71,153.714,0.004,144
2026-09-11T18:27:25.479+00:00,153.71,153.713,0.003,144
2026-09-11T18:27:26.083+00:00,153.711,153.714,0.003,144
2026-09-11T18:27:26.280+00:00,153.712,153.715,0.003,144
2026-09-11T18:27:26.481+00:00,153.713,153.716,0.003,144
2026-09-11T18:27:27.759+00:00,153.712,153.715,0.003,144
2026-09-11T18:27:28.159+00:00,153.71,153.713,0.003,144
2026-09-11T18:27:28.760+00:00,153.709,153.712,0.003,144
2026-09-11T18:27:28.960+00:00,153.708,153.711,0.003,144
2026-09-11T18:27:29.565+00:00,153.709,153.712,0.003,144
2026-09-11T18:27:29.965+00:00,153.71,153.713,0.003,144
2026-09-11T18:27:31.801+00:00,153.711,153.714,0.003,144
2026-09-11T18:27:32.000+00:00,153.712,153.715,0.003,144
2026-09-11T18:27:32.201+00:00,153.713,153.716,0.003,144
2026-09-11T18:27:33.051+00:00,153.712,153.715,0.003,144
2026-09-11T18:27:33.252+00:00,153.713,153.716,0.003,144
2026-09-11T18:27:33.655+00:00,153.712,153.715,0.003,144
2026-09-11T18:27:34.457+00:00,153.71,153.713,0.003,144
2026-09-11T18:27:35.262+00:00,153.711,153.714,0.003,144
2026-09-11T18:27:35.662+00:00,153.714,153.717,0.003,144
2026-09-11T18:27:35.863+00:00,153.715,153.718,0.003,144
2026-09-11T18:27:36.069+00:00,153.714,153.717,0.003,144
2026-09-11T18:27:36.464+00:00,153.713,153.716,0.003,144
2026-09-11T18:27:37.067+00:00,153.714,153.717,0.003,144
2026-09-11T18:27:37.671+00:00,153.713,153.716,0.003,144
2026-09-11T18:27:37.869+00:00,153.714,153.717,0.003,144
2026-09-11T18:27:38.072+00:00,153.711,153.714,0.003,144
2026-09-11T18:27:38.472+00:00,153.71,153.713,0.003,144
2026-09-11T18:27:38.874+00:00,153.713,153.716,0.003,144
2026-09-11T18:27:39.675+00:00,153.711,153.714,0.003,144
2026-09-11T18:27:40.476+00:00,153.712,153.715,0.003,144
2026-09-11T18:27:40.675+00:00,153.713,153.716,0.003,144
2026-09-11T18:27:40.877+00:00,153.712,153.715,0.003,144
2026-09-11T18:27:41.982+00:00,153.716,153.719,0.003,144
2026-09-11T18:27:42.182+00:00,153.714,153.717,0.003,144
2026-09-11T18:27:42.986+00:00,153.713,153.716,0.003,145
2026-09-11T18:27:43.586+00:00,153.71,153.713,0.003,145
2026-09-11T18:27:44.787+00:00,153.711,153.714,0.003,145
2026-09-11T18:27:44.988+00:00,153.713,153.716,0.003,145
2026-09-11T18:27:45.589+00:00,153.716,153.719,0.003,145
2026-09-11T18:27:45.990+00:00,153.715,153.718,0.003,145
2026-09-11T18:27:46.190+00:00,153.716,153.719,0.003,145
2026-09-11T18:27:46.600+00:00,153.717,153.718,0.001,145
2026-09-11T18:27:46.995+00:00,153.716,153.719,0.003,145
2026-09-11T18:27:47.195+00:00,153.722,153.725,0.003,145
2026-09-11T18:27:47.395+00:00,153.724,153.727,0.003,145
2026-09-11T18:27:47.996+00:00,153.722,153.725,0.003,145
2026-09-11T18:27:48.396+00:00,153.723,153.725,0.002,145
2026-09-11T18:27:48.596+00:00,153.722,153.725,0.003,145
2026-09-11T18:27:49.198+00:00,153.721,153.724,0.003,145
2026-09-11T18:27:49.402+00:00,153.718,153.719,0.001,145
2026-09-11T18:27:49.598+00:00,153.719,153.722,0.003,145
2026-09-11T18:27:50.001+00:00,153.718,153.721,0.003,145
2026-09-11T18:27:50.201+00:00,153.719,153.722,0.003,145
2026-09-11T18:27:50.400+00:00,153.72,153.723,0.003,145
2026-09-11T18:27:50.714+00:00,153.719,153.722,0.003,145
2026-09-11T18:27:51.001+00:00,153.717,153.72,0.003,145
2026-09-11T18:27:51.604+00:00,153.718,153.721,0.003,145
2026-09-11T18:27:51.805+00:00,153.717,153.72,0.003,145
2026-09-11T18:27:52.408+00:00,153.716,153.719,0.003,145
2026-09-11T18:27:52.610+00:00,153.717,153.72,0.003,145
2026-09-11T18:27:52.812+00:00,153.72,153.723,0.003,145
2026-09-11T18:27:53.611+00:00,153.721,153.724,0.003,145
2026-09-11T18:27:54.016+00:00,153.72,153.723,0.003,145
2026-09-11T18:27:54.218+00:00,153.719,153.722,0.003,145
2026-09-11T18:27:54.419+00:00,153.72,153.723,0.003,145
2026-09-11T18:27:54.619+00:00,153.721,153.724,0.003,145
2026-09-11T18:27:54.823+00:00,153.723,153.726,0.003,145
2026-09-11T18:27:55.520+00:00,153.721,153.724,0.003,145
2026-09-11T18:27:55.623+00:00,153.722,153.725,0.003,145
2026-09-11T18:27:56.623+00:00,153.721,153.724,0.003,145
2026-09-11T18:27:57.025+00:00,153.722,153.725,0.003,145
2026-09-11T18:27:57.626+00:00,153.723,153.726,0.003,145
2026-09-11T18:27:57.827+00:00,153.724,153.727,0.003,145
2026-09-11T18:27:59.432+00:00,153.725,153.728,0.003,145
2026-09-11T18:27:59.898+00:00,153.724,153.727,0.003,145
2026-09-11T18:28:00.435+00:00,153.723,153.726,0.003,145
2026-09-11T18:28:01.036+00:00,153.722,153.725,0.003,145
2026-09-11T18:28:02.441+00:00,153.721,153.724,0.003,145
2026-09-11T18:28:02.638+00:00,153.716,153.719,0.003,145
2026-09-11T18:28:02.839+00:00,153.715,153.718,0.003,145
2026-09-11T18:28:03.041+00:00,153.712,153.714,0.002,145
2026-09-11T18:28:03.242+00:00,153.712,153.715,0.003,145
2026-09-11T18:28:03.440+00:00,153.709,153.712,0.003,145
2026-09-11T18:28:03.643+00:00,153.708,153.711,0.003,145
2026-09-11T18:28:03.842+00:00,153.711,153.714,0.003,145
2026-09-11T18:28:04.245+00:00,153.71,153.713,0.003,145
2026-09-11T18:28:04.443+00:00,153.708,153.712,0.004,145
2026-09-11T18:28:04.842+00:00,153.708,153.713,0.005,145
2026-09-11T18:28:05.445+00:00,153.71,153.713,0.003,145
2026-09-11T18:28:05.645+00:00,153.711,153.714,0.003,145
2026-09-11T18:28:05.846+00:00,153.708,153.711,0.003,145
2026-09-11T18:28:06.045+00:00,153.709,153.712,0.003,145
2026-09-11T18:28:06.246+00:00,153.709,153.713,0.004,145
2026-09-11T18:28:06.449+00:00,153.708,153.712,0.004,145
2026-09-11T18:28:06.650+00:00,153.709,153.712,0.003,145
2026-09-11T18:28:06.849+00:00,153.711,153.714,0.003,145
2026-09-11T18:28:07.051+00:00,153.709,153.712,0.003,145
2026-09-11T18:28:07.653+00:00,153.71,153.713,0.003,146
2026-09-11T18:28:08.052+00:00,153.709,153.712,0.003,146
2026-09-11T18:28:08.253+00:00,153.71,153.713,0.003,146
2026-09-11T18:28:08.460+00:00,153.706,153.709,0.003,146
2026-09-11T18:28:09.458+00:00,153.709,153.712,0.003,146
2026-09-11T18:28:09.658+00:00,153.71,153.713,0.003,146
2026-09-11T18:28:11.062+00:00,153.709,153.712,0.003,146
2026-09-11T18:28:11.262+00:00,153.71,153.713,0.003,146
2026-09-11T18:28:11.464+00:00,153.707,153.71,0.003,146
2026-09-11T18:28:11.665+00:00,153.709,153.712,0.003,146
2026-09-11T18:28:11.866+00:00,153.71,153.713,0.003,146
2026-09-11T18:28:13.390+00:00,153.709,153.712,0.003,146
2026-09-11T18:28:13.592+00:00,153.71,153.713,0.003,146
2026-09-11T18:28:13.992+00:00,153.707,153.713,0.006,146
2026-09-11T18:28:14.392+00:00,153.709,153.713,0.004,146
2026-09-11T18:28:14.592+00:00,153.709,153.712,0.003,146
2026-09-11T18:28:14.793+00:00,153.708,153.711,0.003,146
2026-09-11T18:28:15.319+00:00,153.709,153.712,0.003,146
2026-09-11T18:28:15.721+00:00,153.708,153.711,0.003,146
2026-09-11T18:28:15.922+00:00,153.709,153.712,0.003,146
2026-09-11T18:28:17.942+00:00,153.708,153.711,0.003,146
2026-09-11T18:28:18.748+00:00,153.707,153.71,0.003,146
2026-09-11T18:28:19.149+00:00,153.707,153.711,0.004,146
2026-09-11T18:28:19.350+00:00,153.703,153.707,0.004,146
2026-09-11T18:28:19.549+00:00,153.7,153.703,0.003,146
2026-09-11T18:28:19.756+00:00,153.7,153.704,0.004,146
2026-09-11T18:28:20.152+00:00,153.701,153.704,0.003,146
2026-09-11T18:28:21.156+00:00,153.705,153.708,0.003,146
2026-09-11T18:28:21.755+00:00,153.704,153.707,0.003,146
2026-09-11T18:28:22.560+00:00,153.705,153.708,0.003,146
2026-09-11T18:28:22.760+00:00,153.702,153.705,0.003,146
2026-09-11T18:28:22.961+00:00,153.703,153.706,0.003,146
2026-09-11T18:28:23.969+00:00,153.704,153.707,0.003,146
2026-09-11T18:28:25.656+00:00,153.704,153.708,0.004,146
2026-09-11T18:28:26.081+00:00,153.704,153.707,0.003,146
2026-09-11T18:28:26.743+00:00,153.705,153.708,0.003,146
2026-09-11T18:28:26.946+00:00,153.705,153.707,0.002,146
2026-09-11T18:28:27.146+00:00,153.708,153.709,0.001,146
2026-09-11T18:28:27.744+00:00,153.706,153.708,0.002,146
2026-09-11T18:28:27.967+00:00,153.709,153.71,0.001,146
2026-09-11T18:28:28.548+00:00,153.711,153.712,0.001,146
2026-09-11T18:28:28.746+00:00,153.711,153.713,0.002,146
2026-09-11T18:28:28.946+00:00,153.711,153.714,0.003,146
2026-09-11T18:28:29.147+00:00,153.712,153.715,0.003,146
2026-09-11T18:28:29.347+00:00,153.708,153.711,0.003,146
2026-09-11T18:28:29.749+00:00,153.709,153.712,0.003,146
2026-09-11T18:28:29.949+00:00,153.71,153.713,0.003,146
2026-09-11T18:28:30.751+00:00,153.711,153.714,0.003,146
2026-09-11T18:28:30.950+00:00,153.713,153.714,0.001,146
2026-09-11T18:28:31.151+00:00,153.709,153.712,0.003,146
2026-09-11T18:28:31.551+00:00,153.708,153.711,0.003,146
2026-09-11T18:28:31.752+00:00,153.709,153.712,0.003,146
2026-09-11T18:28:31.953+00:00,153.71,153.713,0.003,146
2026-09-11T18:28:32.153+00:00,153.711,153.714,0.003,146
2026-09-11T18:28:32.556+00:00,153.708,153.711,0.003,147
2026-09-11T18:28:32.756+00:00,153.71,153.713,0.003,147
2026-09-11T18:28:33.161+00:00,153.709,153.712,0.003,147
2026-09-11T18:28:33.359+00:00,153.71,153.713,0.003,147
2026-09-11T18:28:33.760+00:00,153.711,153.713,0.002,147
2026-09-11T18:28:33.962+00:00,153.71,153.713,0.003,147
2026-09-11T18:28:34.162+00:00,153.709,153.712,0.003,147
2026-09-11T18:28:34.563+00:00,153.71,153.713,0.003,147
2026-09-11T18:28:34.765+00:00,153.709,153.712,0.003,147
2026-09-11T18:28:35.431+00:00,153.711,153.714,0.003,147
2026-09-11T18:28:35.634+00:00,153.708,153.711,0.003,147
2026-09-11T18:28:35.832+00:00,153.709,153.712,0.003,147
2026-09-11T18:28:36.034+00:00,153.71,153.713,0.003,147
2026-09-11T18:28:37.035+00:00,153.711,153.714,0.003,147
2026-09-11T18:28:37.838+00:00,153.712,153.715,0.003,147
2026-09-11T18:28:38.037+00:00,153.713,153.716,0.003,147
2026-09-11T18:28:38.440+00:00,153.711,153.714,0.003,147
2026-09-11T18:28:38.640+00:00,153.713,153.716,0.003,147
2026-09-11T18:28:39.041+00:00,153.712,153.715,0.003,147
2026-09-11T18:28:39.442+00:00,153.713,153.716,0.003,147
2026-09-11T18:28:39.641+00:00,153.712,153.715,0.003,147
2026-09-11T18:28:40.067+00:00,153.711,153.714,0.003,147
2026-09-11T18:28:40.266+00:00,153.71,153.713,0.003,147
2026-09-11T18:28:40.670+00:00,153.711,153.714,0.003,147
2026-09-11T18:28:41.071+00:00,153.71,153.713,0.003,147
2026-09-11T18:28:41.476+00:00,153.712,153.715,0.003,147
2026-09-11T18:28:41.756+00:00,153.711,153.714,0.003,147
2026-09-11T18:28:41.957+00:00,153.712,153.715,0.003,147
2026-09-11T18:28:42.160+00:00,153.711,153.714,0.003,147
2026-09-11T18:28:42.360+00:00,153.712,153.715,0.003,147
2026-09-11T18:28:42.961+00:00,153.711,153.714,0.003,147
2026-09-11T18:28:43.363+00:00,153.712,153.715,0.003,147
2026-09-11T18:28:43.564+00:00,153.711,153.714,0.003,147
2026-09-11T18:28:43.772+00:00,153.712,153.715,0.003,147
2026-09-11T18:28:44.166+00:00,153.711,153.714,0.003,147
2026-09-11T18:28:44.368+00:00,153.712,153.715,0.003,147
2026-09-11T18:28:45.473+00:00,153.713,153.716,0.003,147
2026-09-11T18:28:45.875+00:00,153.712,153.715,0.003,147
2026-09-11T18:28:46.075+00:00,153.713,153.716,0.003,147
2026-09-11T18:28:46.281+00:00,153.712,153.715,0.003,147
2026-09-11T18:28:46.475+00:00,153.711,153.714,0.003,147
2026-09-11T18:28:46.877+00:00,153.71,153.713,0.003,147
2026-09-11T18:28:47.477+00:00,153.709,153.712,0.003,147
2026-09-11T18:28:47.677+00:00,153.707,153.709,0.002,147
2026-09-11T18:28:47.878+00:00,153.707,153.71,0.003,147
2026-09-11T18:28:48.078+00:00,153.708,153.71,0.002,147
2026-09-11T18:28:48.282+00:00,153.707,153.71,0.003,147
2026-09-11T18:28:48.479+00:00,153.708,153.711,0.003,147
2026-09-11T18:28:48.679+00:00,153.707,153.71,0.003,147
2026-09-11T18:28:48.882+00:00,153.709,153.712,0.003,147
2026-09-11T18:28:49.084+00:00,153.708,153.71,0.002,147
2026-09-11T18:28:49.483+00:00,153.708,153.711,0.003,147
2026-09-11T18:28:49.683+00:00,153.707,153.71,0.003,147
2026-09-11T18:28:49.883+00:00,153.709,153.712,0.003,147
2026-09-11T18:28:50.087+00:00,153.707,153.71,0.003,147
2026-09-11T18:28:50.293+00:00,153.708,153.711,0.003,147
2026-09-11T18:28:50.894+00:00,153.707,153.71,0.003,147
2026-09-11T18:28:51.105+00:00,153.708,153.711,0.003,147
2026-09-11T18:28:51.290+00:00,153.71,153.713,0.003,147
2026-09-11T18:28:51.491+00:00,153.707,153.709,0.002,147
2026-09-11T18:28:51.691+00:00,153.708,153.711,0.003,147
2026-09-11T18:28:51.898+00:00,153.706,153.708,0.002,147
2026-09-11T18:28:52.093+00:00,153.707,153.71,0.003,147
2026-09-11T18:28:52.295+00:00,153.706,153.709,0.003,147
2026-09-11T18:28:52.495+00:00,153.702,153.705,0.003,147
2026-09-11T18:28:52.697+00:00,153.704,153.706,0.002,147
2026-09-11T18:28:52.895+00:00,153.705,153.708,0.003,147
2026-09-11T18:28:53.496+00:00,153.704,153.707,0.003,147
2026-09-11T18:28:53.698+00:00,153.705,153.708,0.003,147
2026-09-11T18:28:53.896+00:00,153.706,153.709,0.003,147
2026-09-11T18:28:54.298+00:00,153.702,153.705,0.003,147
2026-09-11T18:28:54.499+00:00,153.703,153.706,0.003,147
2026-09-11T18:28:54.699+00:00,153.704,153.706,0.002,147
2026-09-11T18:28:54.898+00:00,153.705,153.708,0.003,147
2026-09-11T18:28:55.098+00:00,153.703,153.706,0.003,147
2026-09-11T18:28:55.708+00:00,153.705,153.708,0.003,147
2026-09-11T18:28:56.111+00:00,153.704,153.706,0.002,147
2026-09-11T18:28:56.313+00:00,153.704,153.707,0.003,147
2026-09-11T18:28:56.715+00:00,153.703,153.706,0.003,147
2026-09-11T18:28:56.911+00:00,153.705,153.708,0.003,147
2026-09-11T18:28:57.513+00:00,153.704,153.706,0.002,147
2026-09-11T18:28:57.717+00:00,153.705,153.708,0.003,148
2026-09-11T18:28:58.517+00:00,153.704,153.706,0.002,148
2026-09-11T18:28:58.720+00:00,153.705,153.708,0.003,148
2026-09-11T18:28:59.125+00:00,153.704,153.707,0.003,148
2026-09-11T18:28:59.325+00:00,153.705,153.708,0.003,148
2026-09-11T18:28:59.525+00:00,153.706,153.709,0.003,148
2026-09-11T18:28:59.727+00:00,153.705,153.708,0.003,148
2026-09-11T18:28:59.927+00:00,153.706,153.709,0.003,148
2026-09-11T18:29:00.128+00:00,153.708,153.711,0.003,148
2026-09-11T18:29:00.330+00:00,153.706,153.708,0.002,148
2026-09-11T18:29:00.529+00:00,153.708,153.711,0.003,148
2026-09-11T18:29:00.729+00:00,153.706,153.709,0.003,148
2026-09-11T18:29:00.931+00:00,153.706,153.708,0.002,148
2026-09-11T18:29:01.337+00:00,153.705,153.708,0.003,148
2026-09-11T18:29:01.531+00:00,153.706,153.709,0.003,148
2026-09-11T18:29:01.791+00:00,153.705,153.708,0.003,148
2026-09-11T18:29:02.188+00:00,153.706,153.709,0.003,148
2026-09-11T18:29:02.389+00:00,153.705,153.708,0.003,148
2026-09-11T18:29:02.594+00:00,153.706,153.709,0.003,148
2026-09-11T18:29:02.794+00:00,153.705,153.708,0.003,148
2026-09-11T18:29:02.996+00:00,153.699,153.706,0.007,148
2026-09-11T18:29:03.196+00:00,153.699,153.705,0.006,148
2026-09-11T18:29:03.394+00:00,153.701,153.708,0.007,148
2026-09-11T18:29:03.596+00:00,153.7,153.707,0.007,148
2026-09-11T18:29:03.795+00:00,153.703,153.71,0.007,148
2026-09-11T18:29:04.001+00:00,153.704,153.71,0.006,148
2026-09-11T18:29:04.212+00:00,153.704,153.706,0.002,148
2026-09-11T18:29:04.399+00:00,153.708,153.711,0.003,148
2026-09-11T18:29:04.826+00:00,153.706,153.709,0.003,148
2026-09-11T18:29:05.204+00:00,153.708,153.711,0.003,148
2026-09-11T18:29:05.404+00:00,153.707,153.71,0.003,148
2026-09-11T18:29:05.604+00:00,153.707,153.709,0.002,148
2026-09-11T18:29:05.805+00:00,153.708,153.711,0.003,148
2026-09-11T18:29:06.479+00:00,153.707,153.71,0.003,148
2026-09-11T18:29:06.680+00:00,153.706,153.709,0.003,148
2026-09-11T18:29:07.081+00:00,153.707,153.71,0.003,148
2026-09-11T18:29:07.284+00:00,153.708,153.711,0.003,148
2026-09-11T18:29:07.483+00:00,153.705,153.708,0.003,148
2026-09-11T18:29:07.685+00:00,153.708,153.711,0.003,148
2026-09-11T18:29:08.475+00:00,153.708,153.712,0.004,148
2026-09-11T18:29:08.829+00:00,153.708,153.711,0.003,148
2026-09-11T18:29:09.372+00:00,153.707,153.709,0.002,148
2026-09-11T18:29:09.772+00:00,153.708,153.711,0.003,148
2026-09-11T18:29:10.172+00:00,153.71,153.713,0.003,148
2026-09-11T18:29:10.374+00:00,153.708,153.711,0.003,148
2026-09-11T18:29:10.573+00:00,153.711,153.714,0.003,148
2026-09-11T18:29:10.977+00:00,153.71,153.713,0.003,148
2026-09-11T18:29:11.781+00:00,153.711,153.714,0.003,148
2026-09-11T18:29:12.069+00:00,153.71,153.713,0.003,148
2026-09-11T18:29:12.269+00:00,153.711,153.714,0.003,148
2026-09-11T18:29:13.628+00:00,153.71,153.713,0.003,148
2026-09-11T18:29:13.831+00:00,153.712,153.715,0.003,148
2026-09-11T18:29:14.030+00:00,153.711,153.714,0.003,148
2026-09-11T18:29:14.232+00:00,153.712,153.715,0.003,148
2026-09-11T18:29:14.431+00:00,153.711,153.713,0.002,148
2026-09-11T18:29:14.637+00:00,153.712,153.715,0.003,148
2026-09-11T18:29:15.309+00:00,153.711,153.713,0.002,148
2026-09-11T18:29:15.508+00:00,153.71,153.713,0.003,148
2026-09-11T18:29:15.824+00:00,153.711,153.713,0.002,148
2026-09-11T18:29:16.025+00:00,153.711,153.714,0.003,148
2026-09-11T18:29:16.227+00:00,153.713,153.716,0.003,148
2026-09-11T18:29:16.707+00:00,153.712,153.715,0.003,148
2026-09-11T18:29:17.659+00:00,153.713,153.716,0.003,148
2026-09-11T18:29:18.264+00:00,153.714,153.717,0.003,148
2026-09-11T18:29:18.466+00:00,153.713,153.716,0.003,148
2026-09-11T18:29:18.869+00:00,153.714,153.717,0.003,148
2026-09-11T18:29:19.687+00:00,153.713,153.716,0.003,148
2026-09-11T18:29:19.890+00:00,153.714,153.717,0.003,148
2026-09-11T18:29:20.288+00:00,153.715,153.718,0.003,148
2026-09-11T18:29:20.890+00:00,153.714,153.717,0.003,148
2026-09-11T18:29:21.094+00:00,153.713,153.716,0.003,148
2026-09-11T18:29:21.293+00:00,153.714,153.717,0.003,148
2026-09-11T18:29:24.191+00:00,153.713,153.716,0.003,149
2026-09-11T18:29:24.392+00:00,153.714,153.717,0.003,149
2026-09-11T18:29:25.195+00:00,153.715,153.718,0.003,149
2026-09-11T18:29:29.838+00:00,153.714,153.717,0.003,149
2026-09-11T18:29:32.381+00:00,153.713,153.716,0.003,149
2026-09-11T18:29:33.020+00:00,153.712,153.715,0.003,149
2026-09-11T18:29:34.129+00:00,153.713,153.714,0.001,149
2026-09-11T18:29:34.328+00:00,153.712,153.715,0.003,149
2026-09-11T18:29:36.209+00:00,153.711,153.714,0.003,149
2026-09-11T18:29:36.414+00:00,153.712,153.715,0.003,149
2026-09-11T18:29:37.417+00:00,153.713,153.716,0.003,149
2026-09-11T18:29:37.655+00:00,153.712,153.715,0.003,149
2026-09-11T18:29:37.857+00:00,153.713,153.716,0.003,149
2026-09-11T18:29:38.462+00:00,153.712,153.715,0.003,149
2026-09-11T18:29:38.665+00:00,153.714,153.718,0.004,149
2026-09-11T18:29:39.065+00:00,153.714,153.719,0.005,149
2026-09-11T18:29:39.271+00:00,153.713,153.716,0.003,149
2026-09-11T18:29:39.466+00:00,153.714,153.717,0.003,149
2026-09-11T18:29:39.665+00:00,153.713,153.716,0.003,149
2026-09-11T18:29:40.267+00:00,153.714,153.717,0.003,149
2026-09-11T18:29:40.868+00:00,153.715,153.718,0.003,149
2026-09-11T18:29:41.891+00:00,153.716,153.717,0.001,149
2026-09-11T18:29:42.073+00:00,153.715,153.718,0.003,149
2026-09-11T18:29:42.474+00:00,153.716,153.719,0.003,149
2026-09-11T18:29:42.674+00:00,153.714,153.716,0.002,149
2026-09-11T18:29:42.875+00:00,153.714,153.717,0.003,149
2026-09-11T18:29:43.077+00:00,153.715,153.718,0.003,149
2026-09-11T18:29:43.478+00:00,153.717,153.72,0.003,149
2026-09-11T18:29:43.877+00:00,153.719,153.722,0.003,149
2026-09-11T18:29:44.281+00:00,153.718,153.721,0.003,149
2026-09-11T18:29:44.958+00:00,153.719,153.722,0.003,149
2026-09-11T18:29:45.151+00:00,153.718,153.721,0.003,149
2026-09-11T18:29:45.351+00:00,153.718,153.72,0.002,149
2026-09-11T18:29:45.751+00:00,153.719,153.722,0.003,149
2026-09-11T18:29:45.953+00:00,153.718,153.721,0.003,149
2026-09-11T18:29:46.154+00:00,153.719,153.722,0.003,149
2026-09-11T18:29:47.272+00:00,153.72,153.721,0.001,149
2026-09-11T18:29:47.472+00:00,153.718,153.721,0.003,149
2026-09-11T18:29:47.673+00:00,153.72,153.723,0.003,149
2026-09-11T18:29:47.874+00:00,153.722,153.725,0.003,149
2026-09-11T18:29:48.075+00:00,153.721,153.724,0.003,150
2026-09-11T18:29:48.275+00:00,153.722,153.725,0.003,150
2026-09-11T18:29:48.480+00:00,153.722,153.724,0.002,150
2026-09-11T18:29:48.879+00:00,153.723,153.726,0.003,150
2026-09-11T18:29:49.086+00:00,153.722,153.725,0.003,150
2026-09-11T18:29:49.286+00:00,153.723,153.726,0.003,150
2026-09-11T18:29:49.892+00:00,153.724,153.727,0.003,150
2026-09-11T18:29:50.093+00:00,153.723,153.726,0.003,150
2026-09-11T18:29:50.694+00:00,153.724,153.727,0.003,150
2026-09-11T18:29:51.097+00:00,153.723,153.726,0.003,150
2026-09-11T18:29:51.499+00:00,153.72,153.723,0.003,150
2026-09-11T18:29:51.698+00:00,153.721,153.724,0.003,150
2026-09-11T18:29:52.300+00:00,153.722,153.725,0.003,150
2026-09-11T18:29:52.502+00:00,153.721,153.724,0.003,150
2026-09-11T18:29:53.105+00:00,153.72,153.723,0.003,150
2026-09-11T18:29:53.706+00:00,153.721,153.724,0.003,150
2026-09-11T18:29:53.910+00:00,153.72,153.723,0.003,150
2026-09-11T18:29:54.112+00:00,153.721,153.724,0.003,150
2026-09-11T18:29:55.926+00:00,153.719,153.722,0.003,150
2026-09-11T18:29:56.730+00:00,153.72,153.723,0.003,150
2026-09-11T18:29:57.938+00:00,153.722,153.725,0.003,150
2026-09-11T18:29:58.138+00:00,153.721,153.724,0.003,150
2026-09-11T18:29:58.336+00:00,153.723,153.726,0.003,150
2026-09-11T18:29:58.742+00:00,153.722,153.725,0.003,150
2026-09-11T18:29:59.142+00:00,153.723,153.726,0.003,150
2026-09-11T18:29:59.346+00:00,153.722,153.725,0.003,150
2026-09-11T18:29:59.545+00:00,153.721,153.724,0.003,150
2026-09-11T18:29:59.746+00:00,153.72,153.723,0.003,150
2026-09-11T18:29:59.947+00:00,153.719,153.722,0.003,150
2026-09-11T18:30:00.347+00:00,153.72,153.723,0.003,150
2026-09-11T18:30:00.748+00:00,153.721,153.724,0.003,150
2026-09-11T18:30:00.948+00:00,153.72,153.725,0.005,150
2026-09-11T18:30:01.149+00:00,153.72,153.724,0.004,150
2026-09-11T18:30:01.352+00:00,153.719,153.724,0.005,150
2026-09-11T18:30:01.557+00:00,153.72,153.723,0.003,150
2026-09-11T18:30:01.759+00:00,153.721,153.724,0.003,150
2026-09-11T18:30:01.970+00:00,153.722,153.723,0.001,150
2026-09-11T18:30:02.154+00:00,153.721,153.724,0.003,150
2026-09-11T18:30:02.557+00:00,153.722,153.725,0.003,150
2026-09-11T18:30:03.370+00:00,153.723,153.726,0.003,150
2026-09-11T18:30:03.970+00:00,153.722,153.725,0.003,150
2026-09-11T18:30:06.151+00:00,153.721,153.724,0.003,150
2026-09-11T18:30:06.554+00:00,153.72,153.723,0.003,150
2026-09-11T18:30:06.757+00:00,153.721,153.724,0.003,150
2026-09-11T18:30:06.956+00:00,153.719,153.722,0.003,150
2026-09-11T18:30:07.155+00:00,153.718,153.721,0.003,150
2026-09-11T18:30:07.358+00:00,153.719,153.722,0.003,150
2026-09-11T18:30:07.557+00:00,153.718,153.72,0.002,150
2026-09-11T18:30:07.758+00:00,153.716,153.719,0.003,150
2026-09-11T18:30:07.958+00:00,153.714,153.717,0.003,150
2026-09-11T18:30:08.161+00:00,153.713,153.716,0.003,150
2026-09-11T18:30:08.361+00:00,153.714,153.717,0.003,150
2026-09-11T18:30:08.561+00:00,153.713,153.716,0.003,150
2026-09-11T18:30:08.763+00:00,153.714,153.717,0.003,150
2026-09-11T18:30:09.162+00:00,153.715,153.717,0.002,150
2026-09-11T18:30:09.366+00:00,153.713,153.716,0.003,150
2026-09-11T18:30:09.566+00:00,153.714,153.717,0.003,150
2026-09-11T18:30:10.168+00:00,153.715,153.718,0.003,150
2026-09-11T18:30:10.569+00:00,153.714,153.717,0.003,150
2026-09-11T18:30:10.970+00:00,153.715,153.716,0.001,150
2026-09-11T18:30:12.093+00:00,153.714,153.717,0.003,150
2026-09-11T18:30:12.490+00:00,153.714,153.715,0.001,150
2026-09-11T18:30:12.693+00:00,153.713,153.714,0.001,150
2026-09-11T18:30:13.097+00:00,153.714,153.716,0.002,151
2026-09-11T18:30:13.302+00:00,153.713,153.714,0.001,151
2026-09-11T18:30:13.508+00:00,153.712,153.714,0.002,151
2026-09-11T18:30:13.710+00:00,153.713,153.714,0.001,151
2026-09-11T18:30:14.922+00:00,153.712,153.713,0.001,151
2026-09-11T18:30:15.329+00:00,153.713,153.714,0.001,151
2026-09-11T18:30:16.126+00:00,153.714,153.715,0.001,151
2026-09-11T18:30:17.234+00:00,153.713,153.714,0.001,151
2026-09-11T18:30:17.434+00:00,153.714,153.715,0.001,151
2026-09-11T18:30:18.034+00:00,153.713,153.714,0.001,151
2026-09-11T18:30:19.747+00:00,153.712,153.713,0.001,151
2026-09-11T18:30:20.726+00:00,153.713,153.714,0.001,151
2026-09-11T18:30:20.928+00:00,153.712,153.713,0.001,151
2026-09-11T18:30:22.719+00:00,153.71,153.712,0.002,151
2026-09-11T18:30:23.486+00:00,153.712,153.713,0.001,151
2026-09-11T18:30:23.885+00:00,153.712,153.715,0.003,151
2026-09-11T18:30:24.086+00:00,153.713,153.714,0.001,151
2026-09-11T18:30:24.487+00:00,153.712,153.715,0.003,151
2026-09-11T18:30:24.686+00:00,153.711,153.714,0.003,151
2026-09-11T18:30:25.090+00:00,153.712,153.715,0.003,151
2026-09-11T18:30:25.291+00:00,153.711,153.714,0.003,151
2026-09-11T18:30:25.766+00:00,153.712,153.715,0.003,151
2026-09-11T18:30:25.969+00:00,153.712,153.713,0.001,151
2026-09-11T18:30:26.167+00:00,153.712,153.715,0.003,151
2026-09-11T18:30:26.794+00:00,153.713,153.716,0.003,151
2026-09-11T18:30:27.396+00:00,153.712,153.715,0.003,151
2026-09-11T18:30:27.596+00:00,153.713,153.716,0.003,151
2026-09-11T18:30:27.801+00:00,153.712,153.715,0.003,151
2026-09-11T18:30:28.004+00:00,153.713,153.716,0.003,151
2026-09-11T18:30:29.401+00:00,153.718,153.721,0.003,151
2026-09-11T18:30:30.203+00:00,153.716,153.719,0.003,151
2026-09-11T18:30:30.515+00:00,153.718,153.721,0.003,151
2026-09-11T18:30:33.159+00:00,153.716,153.719,0.003,151
2026-09-11T18:30:33.359+00:00,153.715,153.718,0.003,151
2026-09-11T18:30:34.563+00:00,153.716,153.719,0.003,151
2026-09-11T18:30:34.764+00:00,153.715,153.718,0.003,151
2026-09-11T18:30:35.165+00:00,153.716,153.719,0.003,151
2026-09-11T18:30:35.973+00:00,153.717,153.72,0.003,151
2026-09-11T18:30:36.175+00:00,153.716,153.719,0.003,151
2026-09-11T18:30:36.377+00:00,153.717,153.72,0.003,151
2026-09-11T18:30:37.009+00:00,153.716,153.719,0.003,151
2026-09-11T18:30:38.542+00:00,153.717,153.72,0.003,152
2026-09-11T18:30:38.742+00:00,153.716,153.718,0.002,152
2026-09-11T18:30:38.948+00:00,153.717,153.72,0.003,152
2026-09-11T18:30:39.145+00:00,153.718,153.721,0.003,152
2026-09-11T18:30:39.746+00:00,153.717,153.72,0.003,152
2026-09-11T18:30:39.947+00:00,153.718,153.721,0.003,152
2026-09-11T18:30:40.347+00:00,153.717,153.72,0.003,152
2026-09-11T18:30:40.746+00:00,153.718,153.721,0.003,152
2026-09-11T18:30:40.948+00:00,153.717,153.72,0.003,152
2026-09-11T18:30:41.752+00:00,153.716,153.719,0.003,152
2026-09-11T18:30:41.953+00:00,153.718,153.721,0.003,152
2026-09-11T18:30:42.595+00:00,153.715,153.718,0.003,152
2026-09-11T18:30:42.997+00:00,153.717,153.72,0.003,152
2026-09-11T18:30:43.195+00:00,153.718,153.721,0.003,152
2026-09-11T18:30:43.798+00:00,153.716,153.718,0.002,152
2026-09-11T18:30:43.999+00:00,153.718,153.721,0.003,152
2026-09-11T18:30:44.599+00:00,153.72,153.723,0.003,152
2026-09-11T18:30:44.798+00:00,153.721,153.724,0.003,152
2026-09-11T18:30:44.999+00:00,153.718,153.721,0.003,152
2026-09-11T18:30:45.200+00:00,153.717,153.72,0.003,152
2026-09-11T18:30:45.603+00:00,153.718,153.721,0.003,152
2026-09-11T18:30:46.205+00:00,153.717,153.72,0.003,152
2026-09-11T18:30:47.054+00:00,153.718,153.721,0.003,152
2026-09-11T18:30:47.859+00:00,153.717,153.72,0.003,152
2026-09-11T18:30:48.258+00:00,153.719,153.723,0.004,152
2026-09-11T18:30:49.062+00:00,153.719,153.722,0.003,152
2026-09-11T18:30:49.265+00:00,153.72,153.723,0.003,152
2026-09-11T18:30:49.464+00:00,153.718,153.72,0.002,152
2026-09-11T18:30:49.667+00:00,153.72,153.723,0.003,152
2026-09-11T18:30:49.866+00:00,153.719,153.722,0.003,152
2026-09-11T18:30:50.469+00:00,153.718,153.721,0.003,152
2026-09-11T18:30:50.669+00:00,153.719,153.722,0.003,152
2026-09-11T18:30:50.872+00:00,153.717,153.72,0.003,152
2026-09-11T18:30:51.470+00:00,153.718,153.721,0.003,152
2026-09-11T18:30:51.671+00:00,153.717,153.72,0.003,152
2026-09-11T18:30:51.874+00:00,153.716,153.719,0.003,152
2026-09-11T18:30:52.077+00:00,153.717,153.72,0.003,152
2026-09-11T18:30:52.536+00:00,153.718,153.721,0.003,152
2026-09-11T18:30:52.741+00:00,153.717,153.72,0.003,152
2026-09-11T18:30:53.143+00:00,153.718,153.721,0.003,152
2026-09-11T18:30:53.741+00:00,153.717,153.719,0.002,152
2026-09-11T18:30:53.947+00:00,153.717,153.72,0.003,152
2026-09-11T18:30:54.152+00:00,153.718,153.721,0.003,152
2026-09-11T18:30:54.760+00:00,153.719,153.722,0.003,152
2026-09-11T18:30:54.953+00:00,153.718,153.721,0.003,152
2026-09-11T18:30:56.737+00:00,153.717,153.72,0.003,152
2026-09-11T18:30:58.212+00:00,153.718,153.721,0.003,152
2026-09-11T18:30:58.614+00:00,153.717,153.72,0.003,152
2026-09-11T18:30:59.017+00:00,153.718,153.721,0.003,152
2026-09-11T18:30:59.901+00:00,153.716,153.718,0.002,152
2026-09-11T18:31:00.106+00:00,153.718,153.721,0.003,152
2026-09-11T18:31:00.505+00:00,153.717,153.72,0.003,152
2026-09-11T18:31:00.704+00:00,153.718,153.721,0.003,152
2026-09-11T18:31:00.907+00:00,153.717,153.719,0.002,152
2026-09-11T18:31:01.106+00:00,153.718,153.721,0.003,152
2026-09-11T18:31:01.306+00:00,153.715,153.718,0.003,152
2026-09-11T18:31:01.509+00:00,153.716,153.719,0.003,152
2026-09-11T18:31:01.709+00:00,153.717,153.72,0.003,152
2026-09-11T18:31:01.908+00:00,153.717,153.718,0.001,152
2026-09-11T18:31:02.310+00:00,153.718,153.719,0.001,152
2026-09-11T18:31:03.145+00:00,153.716,153.718,0.002,152
2026-09-11T18:31:03.344+00:00,153.718,153.719,0.001,152
2026-09-11T18:31:03.745+00:00,153.718,153.721,0.003,153
2026-09-11T18:31:03.951+00:00,153.717,153.72,0.003,153
2026-09-11T18:31:04.155+00:00,153.719,153.722,0.003,153
2026-09-11T18:31:04.352+00:00,153.718,153.72,0.002,153
2026-09-11T18:31:04.552+00:00,153.721,153.722,0.001,153
2026-09-11T18:31:04.955+00:00,153.718,153.72,0.002,153
2026-09-11T18:31:05.156+00:00,153.718,153.721,0.003,153
2026-09-11T18:31:06.569+00:00,153.719,153.722,0.003,153
2026-09-11T18:31:06.770+00:00,153.718,153.721,0.003,153
2026-09-11T18:31:09.020+00:00,153.719,153.722,0.003,153
2026-09-11T18:31:09.626+00:00,153.716,153.72,0.004,153
2026-09-11T18:31:10.029+00:00,153.717,153.72,0.003,153
2026-09-11T18:31:10.436+00:00,153.717,153.718,0.001,153
2026-09-11T18:31:10.631+00:00,153.716,153.719,0.003,153
2026-09-11T18:31:11.839+00:00,153.717,153.72,0.003,153
2026-09-11T18:31:12.245+00:00,153.718,153.721,0.003,153
2026-09-11T18:31:13.246+00:00,153.717,153.72,0.003,153
2026-09-11T18:31:13.848+00:00,153.718,153.721,0.003,153
2026-09-11T18:31:14.652+00:00,153.718,153.723,0.005,153
2026-09-11T18:31:14.856+00:00,153.718,153.721,0.003,153
2026-09-11T18:31:15.053+00:00,153.716,153.718,0.002,153
2026-09-11T18:31:15.453+00:00,153.718,153.721,0.003,153
2026-09-11T18:31:15.658+00:00,153.717,153.72,0.003,153
2026-09-11T18:31:16.264+00:00,153.718,153.721,0.003,153
2026-09-11T18:31:17.073+00:00,153.717,153.72,0.003,153
2026-09-11T18:31:17.273+00:00,153.72,153.723,0.003,153
2026-09-11T18:31:17.999+00:00,153.721,153.724,0.003,153
2026-09-11T18:31:18.201+00:00,153.724,153.727,0.003,153
2026-09-11T18:31:19.003+00:00,153.723,153.726,0.003,153
2026-09-11T18:31:20.384+00:00,153.722,153.725,0.003,153
2026-09-11T18:31:20.588+00:00,153.723,153.726,0.003,153
2026-09-11T18:31:20.789+00:00,153.722,153.725,0.003,153
2026-09-11T18:31:20.988+00:00,153.723,153.726,0.003,153
2026-09-11T18:31:21.190+00:00,153.722,153.725,0.003,153
2026-09-11T18:31:21.388+00:00,153.723,153.726,0.003,153
2026-09-11T18:31:21.595+00:00,153.724,153.727,0.003,153
2026-09-11T18:31:22.682+00:00,153.726,153.727,0.001,153
2026-09-11T18:31:22.883+00:00,153.725,153.728,0.003,153
2026-09-11T18:31:23.087+00:00,153.726,153.727,0.001,153
2026-09-11T18:31:24.114+00:00,153.725,153.728,0.003,153
2026-09-11T18:31:24.314+00:00,153.724,153.727,0.003,153
2026-09-11T18:31:24.564+00:00,153.725,153.728,0.003,153
2026-09-11T18:31:25.488+00:00,153.726,153.729,0.003,153
2026-09-11T18:31:25.701+00:00,153.725,153.728,0.003,153
2026-09-11T18:31:25.898+00:00,153.726,153.729,0.003,153
2026-09-11T18:31:26.297+00:00,153.726,153.731,0.005,153
2026-09-11T18:31:26.498+00:00,153.726,153.729,0.003,153
2026-09-11T18:31:27.017+00:00,153.725,153.728,0.003,153
2026-09-11T18:31:27.215+00:00,153.726,153.729,0.003,153
2026-09-11T18:31:27.612+00:00,153.725,153.729,0.004,153
2026-09-11T18:31:27.812+00:00,153.726,153.729,0.003,153
2026-09-11T18:31:28.420+00:00,153.725,153.728,0.003,153
2026-09-11T18:31:28.621+00:00,153.726,153.729,0.003,154
2026-09-11T18:31:29.623+00:00,153.725,153.728,0.003,154
2026-09-11T18:31:30.026+00:00,153.726,153.729,0.003,154
2026-09-11T18:31:30.228+00:00,153.727,153.728,0.001,154
2026-09-11T18:31:31.601+00:00,153.726,153.729,0.003,154
2026-09-11T18:31:32.606+00:00,153.725,153.728,0.003,154
2026-09-11T18:31:33.438+00:00,153.726,153.729,0.003,154
2026-09-11T18:31:35.176+00:00,153.727,153.728,0.001,154
2026-09-11T18:31:35.377+00:00,153.726,153.729,0.003,154
2026-09-11T18:31:36.347+00:00,153.726,153.73,0.004,154
2026-09-11T18:31:36.548+00:00,153.727,153.73,0.003,154
2026-09-11T18:31:36.750+00:00,153.729,153.73,0.001,154
2026-09-11T18:31:37.302+00:00,153.728,153.731,0.003,154
2026-09-11T18:31:37.502+00:00,153.729,153.73,0.001,154
2026-09-11T18:31:37.703+00:00,153.728,153.729,0.001,154
2026-09-11T18:31:38.162+00:00,153.727,153.73,0.003,154
2026-09-11T18:31:38.363+00:00,153.728,153.729,0.001,154
2026-09-11T18:31:38.561+00:00,153.729,153.73,0.001,154
2026-09-11T18:31:38.765+00:00,153.728,153.731,0.003,154
2026-09-11T18:31:38.967+00:00,153.727,153.73,0.003,154
2026-09-11T18:31:41.584+00:00,153.728,153.729,0.001,154
2026-09-11T18:31:41.784+00:00,153.727,153.73,0.003,154
2026-09-11T18:31:42.189+00:00,153.728,153.729,0.001,154
2026-09-11T18:31:42.388+00:00,153.727,153.73,0.003,154
2026-09-11T18:31:43.195+00:00,153.728,153.729,0.001,154
2026-09-11T18:31:43.795+00:00,153.728,153.73,0.002,154
2026-09-11T18:31:43.996+00:00,153.728,153.729,0.001,154
2026-09-11T18:31:44.197+00:00,153.726,153.73,0.004,154
2026-09-11T18:31:44.397+00:00,153.727,153.728,0.001,154
2026-09-11T18:31:44.598+00:00,153.727,153.729,0.002,154
2026-09-11T18:31:44.799+00:00,153.732,153.734,0.002,154
2026-09-11T18:31:45.000+00:00,153.731,153.734,0.003,154
2026-09-11T18:31:45.201+00:00,153.733,153.734,0.001,154
2026-09-11T18:31:45.628+00:00,153.731,153.733,0.002,154
2026-09-11T18:31:45.828+00:00,153.733,153.734,0.001,154
2026-09-11T18:31:47.086+00:00,153.732,153.735,0.003,154
2026-09-11T18:31:47.288+00:00,153.731,153.732,0.001,154
2026-09-11T18:31:47.894+00:00,153.73,153.733,0.003,154
2026-09-11T18:31:48.095+00:00,153.729,153.732,0.003,154
2026-09-11T18:31:48.494+00:00,153.728,153.731,0.003,154
2026-09-11T18:31:48.696+00:00,153.73,153.732,0.002,154
2026-09-11T18:31:48.897+00:00,153.73,153.731,0.001,154
2026-09-11T18:31:49.701+00:00,153.731,153.732,0.001,154
2026-09-11T18:31:50.504+00:00,153.73,153.733,0.003,154
2026-09-11T18:31:50.704+00:00,153.725,153.728,0.003,154
2026-09-11T18:31:51.308+00:00,153.726,153.727,0.001,154
2026-09-11T18:31:51.511+00:00,153.725,153.728,0.003,154
2026-09-11T18:31:52.111+00:00,153.728,153.731,0.003,154
2026-09-11T18:31:52.513+00:00,153.729,153.732,0.003,154
2026-09-11T18:31:52.714+00:00,153.728,153.731,0.003,154
2026-09-11T18:31:52.918+00:00,153.727,153.73,0.003,154
2026-09-11T18:31:53.116+00:00,153.728,153.731,0.003,154
2026-09-11T18:31:53.317+00:00,153.729,153.73,0.001,154
2026-09-11T18:31:53.812+00:00,153.728,153.731,0.003,155
2026-09-11T18:31:54.012+00:00,153.729,153.732,0.003,155
2026-09-11T18:31:54.213+00:00,153.73,153.733,0.003,155
2026-09-11T18:31:54.415+00:00,153.729,153.732,0.003,155
2026-09-11T18:31:54.615+00:00,153.728,153.731,0.003,155
2026-09-11T18:31:55.622+00:00,153.728,153.732,0.004,155
2026-09-11T18:31:55.822+00:00,153.728,153.731,0.003,155
2026-09-11T18:31:56.223+00:00,153.729,153.732,0.003,155
2026-09-11T18:31:56.425+00:00,153.729,153.73,0.001,155
2026-09-11T18:31:56.623+00:00,153.728,153.731,0.003,155
2026-09-11T18:31:57.225+00:00,153.729,153.731,0.002,155
2026-09-11T18:31:57.427+00:00,153.728,153.731,0.003,155
2026-09-11T18:31:57.632+00:00,153.727,153.73,0.003,155
2026-09-11T18:31:57.833+00:00,153.729,153.732,0.003,155
2026-09-11T18:31:58.033+00:00,153.728,153.731,0.003,155
2026-09-11T18:31:58.443+00:00,153.73,153.731,0.001,155
2026-09-11T18:31:58.635+00:00,153.729,153.732,0.003,155
2026-09-11T18:31:59.035+00:00,153.73,153.731,0.001,155
2026-09-11T18:31:59.237+00:00,153.728,153.731,0.003,155
2026-09-11T18:32:00.039+00:00,153.729,153.73,0.001,155
2026-09-11T18:32:00.241+00:00,153.731,153.734,0.003,155
2026-09-11T18:32:00.442+00:00,153.732,153.735,0.003,155
2026-09-11T18:32:00.640+00:00,153.732,153.733,0.001,155
2026-09-11T18:32:01.651+00:00,153.731,153.734,0.003,155
2026-09-11T18:32:01.860+00:00,153.73,153.731,0.001,155
2026-09-11T18:32:02.050+00:00,153.728,153.731,0.003,155
2026-09-11T18:32:02.251+00:00,153.729,153.732,0.003,155
2026-09-11T18:32:02.454+00:00,153.728,153.731,0.003,155
2026-09-11T18:32:02.653+00:00,153.729,153.732,0.003,155
2026-09-11T18:32:03.776+00:00,153.73,153.731,0.001,155
2026-09-11T18:32:03.976+00:00,153.731,153.732,0.001,155
2026-09-11T18:32:04.176+00:00,153.732,153.733,0.001,155
2026-09-11T18:32:05.196+00:00,153.73,153.732,0.002,155
2026-09-11T18:32:05.397+00:00,153.732,153.733,0.001,155
2026-09-11T18:32:06.206+00:00,153.728,153.733,0.005,155
2026-09-11T18:32:06.406+00:00,153.727,153.731,0.004,155
2026-09-11T18:32:06.608+00:00,153.728,153.731,0.003,155
2026-09-11T18:32:06.808+00:00,153.726,153.729,0.003,155
2026-09-11T18:32:07.010+00:00,153.727,153.73,0.003,155
2026-09-11T18:32:07.410+00:00,153.726,153.729,0.003,155
2026-09-11T18:32:07.614+00:00,153.725,153.728,0.003,155
2026-09-11T18:32:08.417+00:00,153.726,153.729,0.003,155
2026-09-11T18:32:08.619+00:00,153.725,153.728,0.003,155
2026-09-11T18:32:09.018+00:00,153.727,153.728,0.001,155
2026-09-11T18:32:09.218+00:00,153.724,153.727,0.003,155
2026-09-11T18:32:09.419+00:00,153.725,153.726,0.001,155
2026-09-11T18:32:09.618+00:00,153.725,153.728,0.003,155
2026-09-11T18:32:10.425+00:00,153.727,153.728,0.001,155
2026-09-11T18:32:10.825+00:00,153.728,153.729,0.001,155
2026-09-11T18:32:11.825+00:00,153.727,153.728,0.001,155
2026-09-11T18:32:12.628+00:00,153.726,153.729,0.003,155
2026-09-11T18:32:13.030+00:00,153.725,153.728,0.003,155
2026-09-11T18:32:13.232+00:00,153.727,153.728,0.001,155
2026-09-11T18:32:13.434+00:00,153.729,153.732,0.003,155
2026-09-11T18:32:13.632+00:00,153.733,153.734,0.001,155
2026-09-11T18:32:13.834+00:00,153.732,153.735,0.003,155
2026-09-11T18:32:14.236+00:00,153.733,153.734,0.001,155
2026-09-11T18:32:14.437+00:00,153.732,153.735,0.003,155
2026-09-11T18:32:16.448+00:00,153.731,153.734,0.003,155
2026-09-11T18:32:16.649+00:00,153.732,153.735,0.003,155
2026-09-11T18:32:18.193+00:00,153.731,153.734,0.003,155
2026-09-11T18:32:19.198+00:00,153.732,153.735,0.003,156
2026-09-11T18:32:22.378+00:00,153.731,153.734,0.003,156
2026-09-11T18:32:23.179+00:00,153.732,153.735,0.003,156
2026-09-11T18:32:23.378+00:00,153.731,153.734,0.003,156
2026-09-11T18:32:23.983+00:00,153.73,153.733,0.003,156
2026-09-11T18:32:24.183+00:00,153.73,153.731,0.001,156
2026-09-11T18:32:24.382+00:00,153.73,153.735,0.005,156
2026-09-11T18:32:24.584+00:00,153.729,153.731,0.002,156
2026-09-11T18:32:24.985+00:00,153.728,153.73,0.002,156
2026-09-11T18:32:25.186+00:00,153.729,153.73,0.001,156
2026-09-11T18:32:26.709+00:00,153.73,153.731,0.001,156
2026-09-11T18:32:26.909+00:00,153.728,153.731,0.003,156
2026-09-11T18:32:27.110+00:00,153.73,153.733,0.003,156
2026-09-11T18:32:27.513+00:00,153.731,153.732,0.001,156
2026-09-11T18:32:27.715+00:00,153.731,153.734,0.003,156
2026-09-11T18:32:27.914+00:00,153.732,153.735,0.003,156
2026-09-11T18:32:28.114+00:00,153.734,153.735,0.001,156
2026-09-11T18:32:28.716+00:00,153.732,153.733,0.001,156
2026-09-11T18:32:28.916+00:00,153.731,153.734,0.003,156
2026-09-11T18:32:29.719+00:00,153.73,153.731,0.001,156
2026-09-11T18:32:29.926+00:00,153.729,153.731,0.002,156
2026-09-11T18:32:30.125+00:00,153.73,153.731,0.001,156
2026-09-11T18:32:30.726+00:00,153.731,153.732,0.001,156
2026-09-11T18:32:30.927+00:00,153.73,153.731,0.001,156
2026-09-11T18:32:31.153+00:00,153.729,153.731,0.002,156
2026-09-11T18:32:31.330+00:00,153.73,153.731,0.001,156
2026-09-11T18:32:31.532+00:00,153.73,153.732,0.002,156
2026-09-11T18:32:31.738+00:00,153.73,153.733,0.003,156
2026-09-11T18:32:31.934+00:00,153.732,153.733,0.001,156
2026-09-11T18:32:33.201+00:00,153.733,153.734,0.001,156
2026-09-11T18:32:33.414+00:00,153.732,153.733,0.001,156
2026-09-11T18:32:33.940+00:00,153.731,153.733,0.002,156
2026-09-11T18:32:34.146+00:00,153.732,153.733,0.001,156
2026-09-11T18:32:34.346+00:00,153.731,153.734,0.003,156
2026-09-11T18:32:34.548+00:00,153.733,153.734,0.001,156
2026-09-11T18:32:34.747+00:00,153.733,153.736,0.003,156
2026-09-11T18:32:35.351+00:00,153.734,153.735,0.001,156
2026-09-11T18:32:35.755+00:00,153.732,153.735,0.003,156
2026-09-11T18:32:35.969+00:00,153.733,153.736,0.003,156
2026-09-11T18:32:36.161+00:00,153.732,153.735,0.003,156
2026-09-11T18:32:36.766+00:00,153.733,153.736,0.003,156
2026-09-11T18:32:36.969+00:00,153.732,153.735,0.003,156
2026-09-11T18:32:37.168+00:00,153.733,153.736,0.003,156
2026-09-11T18:32:37.568+00:00,153.734,153.735,0.001,156
2026-09-11T18:32:37.972+00:00,153.734,153.736,0.002,156
2026-09-11T18:32:38.172+00:00,153.733,153.734,0.001,156
2026-09-11T18:32:38.373+00:00,153.732,153.735,0.003,156
2026-09-11T18:32:38.574+00:00,153.731,153.734,0.003,156
2026-09-11T18:32:38.990+00:00,153.73,153.733,0.003,156
2026-09-11T18:32:39.176+00:00,153.732,153.733,0.001,156
2026-09-11T18:32:39.382+00:00,153.731,153.732,0.001,156
2026-09-11T18:32:39.776+00:00,153.73,153.731,0.001,156
2026-09-11T18:32:43.065+00:00,153.73,153.732,0.002,156
2026-09-11T18:32:43.266+00:00,153.73,153.731,0.001,156
2026-09-11T18:32:44.118+00:00,153.729,153.732,0.003,156
2026-09-11T18:32:44.319+00:00,153.73,153.731,0.001,157
2026-09-11T18:32:46.134+00:00,153.729,153.732,0.003,157
2026-09-11T18:32:46.983+00:00,153.728,153.731,0.003,157
2026-09-11T18:32:47.185+00:00,153.728,153.729,0.001,157
2026-09-11T18:32:47.385+00:00,153.727,153.73,0.003,157
2026-09-11T18:32:47.585+00:00,153.728,153.729,0.001,157
2026-09-11T18:32:48.223+00:00,153.727,153.73,0.003,157
2026-09-11T18:32:48.450+00:00,153.728,153.729,0.001,157
2026-09-11T18:32:48.651+00:00,153.728,153.731,0.003,157
2026-09-11T18:32:49.454+00:00,153.723,153.726,0.003,157
2026-09-11T18:32:49.655+00:00,153.724,153.727,0.003,157
2026-09-11T18:32:51.067+00:00,153.722,153.725,0.003,157
2026-09-11T18:32:51.476+00:00,153.723,153.724,0.001,157
2026-09-11T18:32:51.870+00:00,153.722,153.725,0.003,157
2026-09-11T18:32:52.707+00:00,153.723,153.726,0.003,157
2026-09-11T18:32:55.378+00:00,153.722,153.725,0.003,157
2026-09-11T18:32:55.779+00:00,153.723,153.726,0.003,157
2026-09-11T18:32:56.780+00:00,153.724,153.727,0.003,157
2026-09-11T18:32:56.983+00:00,153.725,153.728,0.003,157
2026-09-11T18:32:57.183+00:00,153.724,153.727,0.003,157
2026-09-11T18:32:57.384+00:00,153.725,153.726,0.001,157
2026-09-11T18:32:57.587+00:00,153.724,153.727,0.003,157
2026-09-11T18:32:58.687+00:00,153.723,153.726,0.003,157
2026-09-11T18:32:58.888+00:00,153.724,153.727,0.003,157
2026-09-11T18:32:59.732+00:00,153.726,153.729,0.003,157
2026-09-11T18:32:59.932+00:00,153.724,153.727,0.003,157
2026-09-11T18:33:00.132+00:00,153.726,153.729,0.003,157
2026-09-11T18:33:00.334+00:00,153.723,153.726,0.003,157
2026-09-11T18:33:00.531+00:00,153.722,153.725,0.003,157
2026-09-11T18:33:00.731+00:00,153.722,153.723,0.001,157
2026-09-11T18:33:00.932+00:00,153.72,153.722,0.002,157
2026-09-11T18:33:01.132+00:00,153.721,153.722,0.001,157
2026-09-11T18:33:01.541+00:00,153.722,153.723,0.001,157
2026-09-11T18:33:01.733+00:00,153.721,153.724,0.003,157
2026-09-11T18:33:01.933+00:00,153.721,153.722,0.001,157
2026-09-11T18:33:02.162+00:00,153.722,153.723,0.001,157
2026-09-11T18:33:02.364+00:00,153.72,153.723,0.003,157
2026-09-11T18:33:02.563+00:00,153.722,153.725,0.003,157
2026-09-11T18:33:02.765+00:00,153.723,153.726,0.003,157
2026-09-11T18:33:02.967+00:00,153.719,153.726,0.007,157
2026-09-11T18:33:03.169+00:00,153.719,153.725,0.006,157
2026-09-11T18:33:03.370+00:00,153.718,153.725,0.007,157
2026-09-11T18:33:03.770+00:00,153.719,153.725,0.006,157
2026-09-11T18:33:03.972+00:00,153.722,153.725,0.003,157
2026-09-11T18:33:06.097+00:00,153.722,153.724,0.002,157
2026-09-11T18:33:06.300+00:00,153.725,153.726,0.001,157
2026-09-11T18:33:07.668+00:00,153.724,153.727,0.003,157
2026-09-11T18:33:08.586+00:00,153.725,153.726,0.001,157
2026-09-11T18:33:08.786+00:00,153.723,153.724,0.001,157
2026-09-11T18:33:08.987+00:00,153.721,153.724,0.003,157
2026-09-11T18:33:09.186+00:00,153.722,153.725,0.003,158
2026-09-11T18:33:09.588+00:00,153.723,153.724,0.001,158
2026-09-11T18:33:09.996+00:00,153.722,153.723,0.001,158
2026-09-11T18:33:10.279+00:00,153.721,153.723,0.002,158
2026-09-11T18:33:10.479+00:00,153.722,153.723,0.001,158
2026-09-11T18:33:10.881+00:00,153.723,153.724,0.001,158
2026-09-11T18:33:11.346+00:00,153.721,153.723,0.002,158
2026-09-11T18:33:11.547+00:00,153.723,153.724,0.001,158
2026-09-11T18:33:11.753+00:00,153.722,153.723,0.001,158
2026-09-11T18:33:12.353+00:00,153.723,153.724,0.001,158
2026-09-11T18:33:12.553+00:00,153.722,153.723,0.001,158
2026-09-11T18:33:12.954+00:00,153.724,153.725,0.001,158
2026-09-11T18:33:13.224+00:00,153.722,153.723,0.001,158
2026-09-11T18:33:13.371+00:00,153.723,153.724,0.001,158
2026-09-11T18:33:13.557+00:00,153.722,153.723,0.001,158
2026-09-11T18:33:13.989+00:00,153.723,153.724,0.001,158
2026-09-11T18:33:14.193+00:00,153.722,153.725,0.003,158
2026-09-11T18:33:16.208+00:00,153.721,153.724,0.003,158
2026-09-11T18:33:16.418+00:00,153.722,153.723,0.001,158
2026-09-11T18:33:16.617+00:00,153.721,153.724,0.003,158
2026-09-11T18:33:17.018+00:00,153.722,153.725,0.003,158
2026-09-11T18:33:17.218+00:00,153.721,153.724,0.003,158
2026-09-11T18:33:17.620+00:00,153.723,153.724,0.001,158
2026-09-11T18:33:17.819+00:00,153.722,153.723,0.001,158
2026-09-11T18:33:18.022+00:00,153.723,153.724,0.001,158
2026-09-11T18:33:18.223+00:00,153.722,153.723,0.001,158
2026-09-11T18:33:18.622+00:00,153.72,153.723,0.003,158
2026-09-11T18:33:19.027+00:00,153.723,153.724,0.001,158
2026-09-11T18:33:20.269+00:00,153.722,153.723,0.001,158
2026-09-11T18:33:20.474+00:00,153.724,153.725,0.001,158
2026-09-11T18:33:20.676+00:00,153.723,153.724,0.001,158
2026-09-11T18:33:20.903+00:00,153.721,153.723,0.002,158
2026-09-11T18:33:21.751+00:00,153.722,153.723,0.001,158
2026-09-11T18:33:21.958+00:00,153.723,153.724,0.001,158
2026-09-11T18:33:22.373+00:00,153.722,153.723,0.001,158
2026-09-11T18:33:22.573+00:00,153.723,153.724,0.001,158
2026-09-11T18:33:23.023+00:00,153.722,153.725,0.003,158
2026-09-11T18:33:23.226+00:00,153.722,153.723,0.001,158
2026-09-11T18:33:23.704+00:00,153.72,153.722,0.002,158
2026-09-11T18:33:23.905+00:00,153.721,153.722,0.001,158
2026-09-11T18:33:24.718+00:00,153.72,153.723,0.003,158
2026-09-11T18:33:24.977+00:00,153.719,153.721,0.002,158
2026-09-11T18:33:25.128+00:00,153.722,153.727,0.005,158
2026-09-11T18:33:25.311+00:00,153.723,153.728,0.005,158
2026-09-11T18:33:25.711+00:00,153.722,153.724,0.002,158
2026-09-11T18:33:25.912+00:00,153.722,153.723,0.001,158
2026-09-11T18:33:26.511+00:00,153.721,153.724,0.003,158
2026-09-11T18:33:26.907+00:00,153.721,153.722,0.001,158
2026-09-11T18:33:27.309+00:00,153.721,153.724,0.003,158
2026-09-11T18:33:27.511+00:00,153.722,153.723,0.001,158
2026-09-11T18:33:27.740+00:00,153.721,153.722,0.001,158
2026-09-11T18:33:28.526+00:00,153.72,153.721,0.001,158
2026-09-11T18:33:28.968+00:00,153.717,153.719,0.002,158
2026-09-11T18:33:29.134+00:00,153.718,153.719,0.001,158
2026-09-11T18:33:29.325+00:00,153.714,153.716,0.002,158
2026-09-11T18:33:29.747+00:00,153.715,153.718,0.003,158
2026-09-11T18:33:29.929+00:00,153.714,153.717,0.003,158
2026-09-11T18:33:30.130+00:00,153.715,153.716,0.001,158
2026-09-11T18:33:30.732+00:00,153.714,153.717,0.003,158
2026-09-11T18:33:32.139+00:00,153.719,153.72,0.001,158
2026-09-11T18:33:32.742+00:00,153.718,153.721,0.003,158
2026-09-11T18:33:32.989+00:00,153.717,153.72,0.003,158
2026-09-11T18:33:33.143+00:00,153.718,153.721,0.003,158
2026-09-11T18:33:34.147+00:00,153.717,153.72,0.003,158
2026-09-11T18:33:34.954+00:00,153.719,153.722,0.003,158
2026-09-11T18:33:35.154+00:00,153.724,153.725,0.001,159
2026-09-11T18:33:35.555+00:00,153.723,153.724,0.001,159
2026-09-11T18:33:35.754+00:00,153.723,153.726,0.003,159
2026-09-11T18:33:36.357+00:00,153.724,153.727,0.003,159
2026-09-11T18:33:37.384+00:00,153.725,153.726,0.001,159
2026-09-11T18:33:37.585+00:00,153.723,153.724,0.001,159
2026-09-11T18:33:38.642+00:00,153.722,153.723,0.001,159
2026-09-11T18:33:39.032+00:00,153.723,153.724,0.001,159
2026-09-11T18:33:39.952+00:00,153.722,153.725,0.003,159
2026-09-11T18:33:40.150+00:00,153.723,153.726,0.003,159
2026-09-11T18:33:40.753+00:00,153.723,153.727,0.004,159
2026-09-11T18:33:41.354+00:00,153.724,153.727,0.003,159
2026-09-11T18:33:41.592+00:00,153.725,153.728,0.003,159
2026-09-11T18:33:41.792+00:00,153.728,153.731,0.003,159
2026-09-11T18:33:45.424+00:00,153.727,153.73,0.003,159
2026-09-11T18:33:46.728+00:00,153.728,153.731,0.003,159
2026-09-11T18:33:47.331+00:00,153.728,153.73,0.002,159
2026-09-11T18:33:47.531+00:00,153.729,153.731,0.002,159
2026-09-11T18:33:47.731+00:00,153.728,153.729,0.001,159
2026-09-11T18:33:47.933+00:00,153.729,153.73,0.001,159
2026-09-11T18:33:48.134+00:00,153.728,153.729,0.001,159
2026-09-11T18:33:48.335+00:00,153.729,153.73,0.001,159
2026-09-11T18:33:48.538+00:00,153.728,153.729,0.001,159
2026-09-11T18:33:49.138+00:00,153.729,153.73,0.001,159
2026-09-11T18:33:49.543+00:00,153.728,153.731,0.003,159
2026-09-11T18:33:51.094+00:00,153.724,153.725,0.001,159
2026-09-11T18:33:51.293+00:00,153.726,153.729,0.003,159
2026-09-11T18:33:51.494+00:00,153.727,153.728,0.001,159
2026-09-11T18:33:51.693+00:00,153.728,153.729,0.001,159
2026-09-11T18:33:52.783+00:00,153.727,153.728,0.001,159
2026-09-11T18:33:52.986+00:00,153.727,153.73,0.003,159
2026-09-11T18:33:53.188+00:00,153.726,153.729,0.003,159
2026-09-11T18:33:54.797+00:00,153.728,153.729,0.001,159
2026-09-11T18:33:55.001+00:00,153.726,153.729,0.003,159
2026-09-11T18:33:55.473+00:00,153.725,153.728,0.003,159
2026-09-11T18:33:55.877+00:00,153.727,153.73,0.003,159
2026-09-11T18:33:55.881+00:00,153.725,153.727,0.002,159
2026-09-11T18:33:56.079+00:00,153.725,153.728,0.003,159
2026-09-11T18:33:56.514+00:00,153.726,153.729,0.003,159
2026-09-11T18:33:56.682+00:00,153.727,153.73,0.003,159
2026-09-11T18:33:57.085+00:00,153.725,153.726,0.001,159
2026-09-11T18:33:57.485+00:00,153.724,153.727,0.003,159
2026-09-11T18:33:57.688+00:00,153.723,153.726,0.003,159
2026-09-11T18:33:58.298+00:00,153.723,153.724,0.001,159
2026-09-11T18:33:58.501+00:00,153.724,153.727,0.003,159
2026-09-11T18:33:58.708+00:00,153.725,153.726,0.001,159
2026-09-11T18:33:58.911+00:00,153.723,153.725,0.002,159
2026-09-11T18:33:59.112+00:00,153.723,153.726,0.003,159
2026-09-11T18:33:59.772+00:00,153.723,153.725,0.002,159
2026-09-11T18:33:59.975+00:00,153.726,153.729,0.003,159
2026-09-11T18:34:00.175+00:00,153.723,153.726,0.003,160
2026-09-11T18:34:01.492+00:00,153.724,153.725,0.001,160
2026-09-11T18:34:01.692+00:00,153.722,153.725,0.003,160
2026-09-11T18:34:02.656+00:00,153.723,153.726,0.003,160
2026-09-11T18:34:03.860+00:00,153.721,153.724,0.003,160
2026-09-11T18:34:04.253+00:00,153.723,153.724,0.001,160
2026-09-11T18:34:04.462+00:00,153.722,153.725,0.003,160
2026-09-11T18:34:04.662+00:00,153.723,153.724,0.001,160
2026-09-11T18:34:04.862+00:00,153.722,153.725,0.003,160
2026-09-11T18:34:05.880+00:00,153.723,153.724,0.001,160
2026-09-11T18:34:06.080+00:00,153.722,153.725,0.003,160
2026-09-11T18:34:06.688+00:00,153.721,153.724,0.003,160
2026-09-11T18:34:06.887+00:00,153.722,153.725,0.003,160
2026-09-11T18:34:07.927+00:00,153.723,153.724,0.001,160
2026-09-11T18:34:08.133+00:00,153.723,153.726,0.003,160
2026-09-11T18:34:08.531+00:00,153.724,153.727,0.003,160
2026-09-11T18:34:09.131+00:00,153.723,153.726,0.003,160
2026-09-11T18:34:09.331+00:00,153.725,153.728,0.003,160
2026-09-11T18:34:09.532+00:00,153.724,153.727,0.003,160
2026-09-11T18:34:10.745+00:00,153.726,153.727,0.001,160
2026-09-11T18:34:11.347+00:00,153.726,153.726,0.0,160
2026-09-11T18:34:12.195+00:00,153.725,153.726,0.001,160
2026-09-11T18:34:12.594+00:00,153.724,153.725,0.001,160
2026-09-11T18:34:12.995+00:00,153.724,153.727,0.003,160
2026-09-11T18:34:13.195+00:00,153.725,153.726,0.001,160
2026-09-11T18:34:13.397+00:00,153.723,153.726,0.003,160
2026-09-11T18:34:13.601+00:00,153.725,153.726,0.001,160
2026-09-11T18:34:14.004+00:00,153.724,153.727,0.003,160
2026-09-11T18:34:14.403+00:00,153.725,153.726,0.001,160
2026-09-11T18:34:15.329+00:00,153.724,153.725,0.001,160
2026-09-11T18:34:15.530+00:00,153.725,153.726,0.001,160
2026-09-11T18:34:15.734+00:00,153.723,153.726,0.003,160
2026-09-11T18:34:15.929+00:00,153.722,153.725,0.003,160
2026-09-11T18:34:16.806+00:00,153.721,153.724,0.003,160
2026-09-11T18:34:17.006+00:00,153.722,153.725,0.003,160
2026-09-11T18:34:17.411+00:00,153.721,153.724,0.003,160
2026-09-11T18:34:18.134+00:00,153.72,153.723,0.003,160
2026-09-11T18:34:18.333+00:00,153.721,153.724,0.003,160
2026-09-11T18:34:18.531+00:00,153.72,153.723,0.003,160
2026-09-11T18:34:18.733+00:00,153.721,153.724,0.003,160
2026-09-11T18:34:19.160+00:00,153.722,153.725,0.003,160
2026-09-11T18:34:19.359+00:00,153.724,153.725,0.001,160
2026-09-11T18:34:19.564+00:00,153.725,153.726,0.001,160
2026-09-11T18:34:19.765+00:00,153.724,153.725,0.001,160
2026-09-11T18:34:19.966+00:00,153.723,153.726,0.003,160
2026-09-11T18:34:20.624+00:00,153.722,153.725,0.003,160
2026-09-11T18:34:20.826+00:00,153.723,153.726,0.003,160
2026-09-11T18:34:21.820+00:00,153.721,153.723,0.002,160
2026-09-11T18:34:22.021+00:00,153.723,153.726,0.003,160
2026-09-11T18:34:22.222+00:00,153.724,153.725,0.001,160
2026-09-11T18:34:22.431+00:00,153.723,153.726,0.003,160
2026-09-11T18:34:22.828+00:00,153.724,153.725,0.001,160
2026-09-11T18:34:23.031+00:00,153.723,153.726,0.003,160
2026-09-11T18:34:23.231+00:00,153.722,153.725,0.003,160
2026-09-11T18:34:23.436+00:00,153.723,153.724,0.001,160
2026-09-11T18:34:23.633+00:00,153.721,153.722,0.001,160
2026-09-11T18:34:23.833+00:00,153.721,153.724,0.003,160
2026-09-11T18:34:24.236+00:00,153.72,153.722,0.002,160
2026-09-11T18:34:24.440+00:00,153.721,153.724,0.003,160
2026-09-11T18:34:24.639+00:00,153.722,153.725,0.003,160
2026-09-11T18:34:24.840+00:00,153.721,153.724,0.003,160
2026-09-11T18:34:25.043+00:00,153.722,153.723,0.001,160
2026-09-11T18:34:25.241+00:00,153.721,153.724,0.003,161
2026-09-11T18:34:25.441+00:00,153.72,153.723,0.003,161
2026-09-11T18:34:25.841+00:00,153.718,153.719,0.001,161
2026-09-11T18:34:26.044+00:00,153.717,153.718,0.001,161
2026-09-11T18:34:26.444+00:00,153.716,153.718,0.002,161
2026-09-11T18:34:26.712+00:00,153.717,153.72,0.003,161
2026-09-11T18:34:27.043+00:00,153.718,153.719,0.001,161
2026-09-11T18:34:27.242+00:00,153.717,153.72,0.003,161
2026-09-11T18:34:27.651+00:00,153.718,153.719,0.001,161
2026-09-11T18:34:29.055+00:00,153.719,153.72,0.001,161
2026-09-11T18:34:29.257+00:00,153.717,153.719,0.002,161
2026-09-11T18:34:29.458+00:00,153.718,153.719,0.001,161
2026-09-11T18:34:29.660+00:00,153.718,153.721,0.003,161
2026-09-11T18:34:29.865+00:00,153.719,153.722,0.003,161
2026-09-11T18:34:30.841+00:00,153.719,153.72,0.001,161
2026-09-11T18:34:31.041+00:00,153.718,153.721,0.003,161
2026-09-11T18:34:31.241+00:00,153.719,153.72,0.001,161
2026-09-11T18:34:32.246+00:00,153.719,153.722,0.003,161
2026-09-11T18:34:32.444+00:00,153.721,153.724,0.003,161
2026-09-11T18:34:33.247+00:00,153.722,153.725,0.003,161
2026-09-11T18:34:33.450+00:00,153.721,153.724,0.003,161
2026-09-11T18:34:34.123+00:00,153.72,153.723,0.003,161
2026-09-11T18:34:34.324+00:00,153.721,153.722,0.001,161
2026-09-11T18:34:35.127+00:00,153.721,153.724,0.003,161
2026-09-11T18:34:35.333+00:00,153.722,153.723,0.001,161
2026-09-11T18:34:35.728+00:00,153.721,153.724,0.003,161
2026-09-11T18:34:35.931+00:00,153.72,153.724,0.004,161
2026-09-11T18:34:36.131+00:00,153.721,153.724,0.003,161
2026-09-11T18:34:36.531+00:00,153.722,153.725,0.003,161
2026-09-11T18:34:36.933+00:00,153.721,153.724,0.003,161
2026-09-11T18:34:37.429+00:00,153.723,153.726,0.003,161
2026-09-11T18:34:37.628+00:00,153.723,153.724,0.001,161
2026-09-11T18:34:37.828+00:00,153.721,153.723,0.002,161
2026-09-11T18:34:38.030+00:00,153.722,153.725,0.003,161
2026-09-11T18:34:38.234+00:00,153.721,153.723,0.002,161
2026-09-11T18:34:38.636+00:00,153.72,153.723,0.003,161
2026-09-11T18:34:38.837+00:00,153.721,153.723,0.002,161
2026-09-11T18:34:41.860+00:00,153.722,153.725,0.003,161
2026-09-11T18:34:42.062+00:00,153.721,153.723,0.002,161
2026-09-11T18:34:43.261+00:00,153.722,153.725,0.003,161
2026-09-11T18:34:43.463+00:00,153.723,153.726,0.003,161
2026-09-11T18:34:43.670+00:00,153.722,153.725,0.003,161
2026-09-11T18:34:43.868+00:00,153.721,153.724,0.003,161
2026-09-11T18:34:44.069+00:00,153.722,153.725,0.003,161
2026-09-11T18:34:44.272+00:00,153.723,153.726,0.003,161
2026-09-11T18:34:44.676+00:00,153.722,153.725,0.003,161
2026-09-11T18:34:44.872+00:00,153.721,153.723,0.002,161
2026-09-11T18:34:45.273+00:00,153.722,153.725,0.003,161
2026-09-11T18:34:45.473+00:00,153.723,153.724,0.001,161
2026-09-11T18:34:45.675+00:00,153.721,153.722,0.001,161
2026-09-11T18:34:45.875+00:00,153.722,153.725,0.003,161
2026-09-11T18:34:46.078+00:00,153.721,153.722,0.001,161
2026-09-11T18:34:46.278+00:00,153.722,153.725,0.003,161
2026-09-11T18:34:46.687+00:00,153.722,153.723,0.001,161
2026-09-11T18:34:46.883+00:00,153.72,153.723,0.003,161
2026-09-11T18:34:47.088+00:00,153.722,153.725,0.003,161
2026-09-11T18:34:48.111+00:00,153.72,153.723,0.003,161
2026-09-11T18:34:48.311+00:00,153.72,153.722,0.002,161
2026-09-11T18:34:48.714+00:00,153.722,153.725,0.003,161
2026-09-11T18:34:49.105+00:00,153.723,153.724,0.001,161
2026-09-11T18:34:49.305+00:00,153.721,153.724,0.003,161
2026-09-11T18:34:49.709+00:00,153.721,153.722,0.001,161
2026-09-11T18:34:49.913+00:00,153.721,153.724,0.003,161
2026-09-11T18:34:50.310+00:00,153.72,153.722,0.002,162
2026-09-11T18:34:50.512+00:00,153.721,153.724,0.003,162
2026-09-11T18:34:51.112+00:00,153.722,153.725,0.003,162
2026-09-11T18:34:51.716+00:00,153.723,153.726,0.003,162
2026-09-11T18:34:51.916+00:00,153.721,153.723,0.002,162
2026-09-11T18:34:52.118+00:00,153.72,153.723,0.003,162
2026-09-11T18:34:52.320+00:00,153.722,153.725,0.003,162
2026-09-11T18:34:52.723+00:00,153.723,153.726,0.003,162
2026-09-11T18:34:52.926+00:00,153.72,153.723,0.003,162
2026-09-11T18:34:53.124+00:00,153.721,153.724,0.003,162
2026-09-11T18:34:53.936+00:00,153.716,153.718,0.002,162
2026-09-11T18:34:54.136+00:00,153.716,153.717,0.001,162
2026-09-11T18:34:54.338+00:00,153.718,153.719,0.001,162
2026-09-11T18:34:54.539+00:00,153.715,153.718,0.003,162
2026-09-11T18:34:54.738+00:00,153.717,153.72,0.003,162
2026-09-11T18:34:55.139+00:00,153.717,153.719,0.002,162
2026-09-11T18:34:55.746+00:00,153.718,153.719,0.001,162
2026-09-11T18:34:56.353+00:00,153.719,153.719,0.0,162
2026-09-11T18:34:57.557+00:00,153.717,153.72,0.003,162
2026-09-11T18:34:59.137+00:00,153.72,153.72,0.0,162
2026-09-11T18:34:59.347+00:00,153.719,153.722,0.003,162
2026-09-11T18:34:59.545+00:00,153.718,153.721,0.003,162
2026-09-11T18:35:01.394+00:00,153.717,153.72,0.003,162
2026-09-11T18:35:01.597+00:00,153.718,153.721,0.003,162
2026-09-11T18:35:01.796+00:00,153.719,153.72,0.001,162
2026-09-11T18:35:01.998+00:00,153.718,153.721,0.003,162
2026-09-11T18:35:06.545+00:00,153.717,153.72,0.003,162
2026-09-11T18:35:06.745+00:00,153.718,153.721,0.003,162
2026-09-11T18:35:07.148+00:00,153.717,153.72,0.003,162
2026-09-11T18:35:07.355+00:00,153.718,153.721,0.003,162
2026-09-11T18:35:07.563+00:00,153.72,153.721,0.001,162
2026-09-11T18:35:07.755+00:00,153.719,153.72,0.001,162
2026-09-11T18:35:07.956+00:00,153.719,153.722,0.003,162
2026-09-11T18:35:08.156+00:00,153.719,153.72,0.001,162
2026-09-11T18:35:08.358+00:00,153.721,153.722,0.001,162
2026-09-11T18:35:08.590+00:00,153.719,153.721,0.002,162
2026-09-11T18:35:09.922+00:00,153.72,153.721,0.001,162
2026-09-11T18:35:10.517+00:00,153.719,153.721,0.002,162
2026-09-11T18:35:10.719+00:00,153.719,153.72,0.001,162
2026-09-11T18:35:10.921+00:00,153.718,153.72,0.002,162
2026-09-11T18:35:11.332+00:00,153.719,153.72,0.001,162
2026-09-11T18:35:12.184+00:00,153.718,153.721,0.003,162
2026-09-11T18:35:12.383+00:00,153.721,153.722,0.001,162
2026-09-11T18:35:12.585+00:00,153.72,153.722,0.002,162
2026-09-11T18:35:12.786+00:00,153.721,153.724,0.003,162
2026-09-11T18:35:12.987+00:00,153.722,153.724,0.002,162
2026-09-11T18:35:13.189+00:00,153.721,153.724,0.003,162
2026-09-11T18:35:13.391+00:00,153.723,153.726,0.003,162
2026-09-11T18:35:13.793+00:00,153.722,153.725,0.003,162
2026-09-11T18:35:14.193+00:00,153.723,153.724,0.001,162
2026-09-11T18:35:14.394+00:00,153.723,153.726,0.003,162
2026-09-11T18:35:14.595+00:00,153.722,153.725,0.003,162
2026-09-11T18:35:14.862+00:00,153.723,153.726,0.003,162
2026-09-11T18:35:15.203+00:00,153.723,153.724,0.001,162
2026-09-11T18:35:16.842+00:00,153.722,153.724,0.002,163
2026-09-11T18:35:17.043+00:00,153.724,153.725,0.001,163
2026-09-11T18:35:17.718+00:00,153.722,153.724,0.002,163
2026-09-11T18:35:17.922+00:00,153.724,153.725,0.001,163
2026-09-11T18:35:18.119+00:00,153.719,153.721,0.002,163
2026-09-11T18:35:18.323+00:00,153.718,153.721,0.003,163
2026-09-11T18:35:18.521+00:00,153.717,153.719,0.002,163
2026-09-11T18:35:18.723+00:00,153.717,153.72,0.003,163
2026-09-11T18:35:18.923+00:00,153.718,153.721,0.003,163
2026-09-11T18:35:19.123+00:00,153.718,153.724,0.006,163
2026-09-11T18:35:19.524+00:00,153.718,153.722,0.004,163
2026-09-11T18:35:19.925+00:00,153.718,153.721,0.003,163
2026-09-11T18:35:20.127+00:00,153.719,153.722,0.003,163
2026-09-11T18:35:20.328+00:00,153.718,153.721,0.003,163
2026-09-11T18:35:20.614+00:00,153.717,153.72,0.003,163
2026-09-11T18:35:20.818+00:00,153.718,153.721,0.003,163
2026-09-11T18:35:21.781+00:00,153.719,153.72,0.001,163
2026-09-11T18:35:22.399+00:00,153.719,153.722,0.003,163
2026-09-11T18:35:23.001+00:00,153.72,153.721,0.001,163
2026-09-11T18:35:23.204+00:00,153.721,153.722,0.001,163
2026-09-11T18:35:23.404+00:00,153.721,153.724,0.003,163
2026-09-11T18:35:23.603+00:00,153.724,153.725,0.001,163
2026-09-11T18:35:23.802+00:00,153.723,153.724,0.001,163
2026-09-11T18:35:24.674+00:00,153.724,153.725,0.001,163
2026-09-11T18:35:24.876+00:00,153.722,153.725,0.003,163
2026-09-11T18:35:25.078+00:00,153.724,153.727,0.003,163
2026-09-11T18:35:25.279+00:00,153.725,153.726,0.001,163
2026-09-11T18:35:25.697+00:00,153.724,153.725,0.001,163
2026-09-11T18:35:26.302+00:00,153.724,153.727,0.003,163
2026-09-11T18:35:26.511+00:00,153.724,153.725,0.001,163
2026-09-11T18:35:27.378+00:00,153.721,153.724,0.003,163
2026-09-11T18:35:27.580+00:00,153.722,153.723,0.001,163
2026-09-11T18:35:27.998+00:00,153.722,153.725,0.003,163
2026-09-11T18:35:28.385+00:00,153.723,153.724,0.001,163
2026-09-11T18:35:28.584+00:00,153.723,153.726,0.003,163
2026-09-11T18:35:28.787+00:00,153.723,153.724,0.001,163
2026-09-11T18:35:28.988+00:00,153.723,153.726,0.003,163
2026-09-11T18:35:29.188+00:00,153.722,153.725,0.003,163
2026-09-11T18:35:29.389+00:00,153.723,153.726,0.003,163
2026-09-11T18:35:29.792+00:00,153.722,153.725,0.003,163
2026-09-11T18:35:29.996+00:00,153.723,153.726,0.003,163
2026-09-11T18:35:30.398+00:00,153.722,153.725,0.003,163
2026-09-11T18:35:30.595+00:00,153.723,153.726,0.003,163
2026-09-11T18:35:32.488+00:00,153.722,153.725,0.003,163
2026-09-11T18:35:33.355+00:00,153.723,153.726,0.003,163
2026-09-11T18:35:33.756+00:00,153.715,153.718,0.003,163
2026-09-11T18:35:34.967+00:00,153.714,153.717,0.003,163
2026-09-11T18:35:35.169+00:00,153.715,153.718,0.003,163
2026-09-11T18:35:36.156+00:00,153.707,153.71,0.003,163
2026-09-11T18:35:37.566+00:00,153.711,153.714,0.003,163
2026-09-11T18:35:38.975+00:00,153.711,153.715,0.004,163
2026-09-11T18:35:39.381+00:00,153.711,153.714,0.003,163
2026-09-11T18:35:41.280+00:00,153.712,153.713,0.001,164
2026-09-11T18:35:41.650+00:00,153.711,153.714,0.003,164
2026-09-11T18:35:45.036+00:00,153.712,153.715,0.003,164
2026-09-11T18:35:47.716+00:00,153.71,153.713,0.003,164
2026-09-11T18:35:47.917+00:00,153.709,153.713,0.004,164
2026-09-11T18:35:48.118+00:00,153.715,153.718,0.003,164
2026-09-11T18:35:48.319+00:00,153.717,153.718,0.001,164
2026-09-11T18:35:48.519+00:00,153.716,153.719,0.003,164
2026-09-11T18:35:48.719+00:00,153.715,153.718,0.003,164
2026-09-11T18:35:49.121+00:00,153.716,153.719,0.003,164
2026-09-11T18:35:49.722+00:00,153.717,153.718,0.001,164
2026-09-11T18:35:49.923+00:00,153.718,153.719,0.001,164
2026-09-11T18:35:50.126+00:00,153.716,153.717,0.001,164
2026-09-11T18:35:50.327+00:00,153.715,153.718,0.003,164
2026-09-11T18:35:50.732+00:00,153.716,153.719,0.003,164
2026-09-11T18:35:50.931+00:00,153.717,153.718,0.001,164
2026-09-11T18:35:51.534+00:00,153.716,153.719,0.003,164
2026-09-11T18:35:52.342+00:00,153.717,153.72,0.003,164
2026-09-11T18:35:52.948+00:00,153.717,153.718,0.001,164
2026-09-11T18:35:53.153+00:00,153.717,153.72,0.003,164
2026-09-11T18:35:53.351+00:00,153.718,153.721,0.003,164
2026-09-11T18:35:55.162+00:00,153.718,153.719,0.001,164
2026-09-11T18:35:55.359+00:00,153.716,153.719,0.003,164
2026-09-11T18:35:55.563+00:00,153.717,153.72,0.003,164
2026-09-11T18:35:55.963+00:00,153.718,153.721,0.003,164
2026-09-11T18:35:56.164+00:00,153.717,153.72,0.003,164
2026-09-11T18:35:56.767+00:00,153.718,153.721,0.003,164
2026-09-11T18:35:56.968+00:00,153.717,153.72,0.003,164
2026-09-11T18:35:57.171+00:00,153.716,153.718,0.002,164
2026-09-11T18:35:57.379+00:00,153.718,153.721,0.003,164
2026-09-11T18:35:57.680+00:00,153.717,153.72,0.003,164
2026-09-11T18:35:57.878+00:00,153.717,153.719,0.002,164
2026-09-11T18:35:58.080+00:00,153.715,153.718,0.003,164
2026-09-11T18:35:58.280+00:00,153.717,153.719,0.002,164
2026-09-11T18:35:58.683+00:00,153.718,153.721,0.003,164
2026-09-11T18:35:58.885+00:00,153.717,153.72,0.003,164
2026-09-11T18:35:59.284+00:00,153.716,153.719,0.003,164
2026-09-11T18:35:59.487+00:00,153.718,153.721,0.003,164
2026-09-11T18:35:59.892+00:00,153.717,153.72,0.003,164
2026-09-11T18:36:00.693+00:00,153.718,153.721,0.003,164
2026-09-11T18:36:01.496+00:00,153.717,153.72,0.003,164
2026-09-11T18:36:01.900+00:00,153.716,153.718,0.002,164
2026-09-11T18:36:02.100+00:00,153.717,153.72,0.003,164
2026-09-11T18:36:02.303+00:00,153.718,153.721,0.003,164
2026-09-11T18:36:02.505+00:00,153.717,153.72,0.003,164
2026-09-11T18:36:03.024+00:00,153.716,153.719,0.003,164
2026-09-11T18:36:03.227+00:00,153.717,153.72,0.003,164
2026-09-11T18:36:03.430+00:00,153.716,153.719,0.003,164
2026-09-11T18:36:03.630+00:00,153.718,153.721,0.003,164
2026-09-11T18:36:03.831+00:00,153.717,153.72,0.003,164
2026-09-11T18:36:04.232+00:00,153.718,153.721,0.003,164
2026-09-11T18:36:04.432+00:00,153.717,153.72,0.003,164
2026-09-11T18:36:04.632+00:00,153.718,153.721,0.003,164
2026-09-11T18:36:05.034+00:00,153.717,153.72,0.003,164
2026-09-11T18:36:05.996+00:00,153.718,153.721,0.003,165
2026-09-11T18:36:06.225+00:00,153.717,153.72,0.003,165
2026-09-11T18:36:06.825+00:00,153.717,153.723,0.006,165
2026-09-11T18:36:07.027+00:00,153.717,153.721,0.004,165
2026-09-11T18:36:07.430+00:00,153.716,153.72,0.004,165
2026-09-11T18:36:07.631+00:00,153.718,153.721,0.003,165
2026-09-11T18:36:07.864+00:00,153.715,153.718,0.003,165
2026-09-11T18:36:08.138+00:00,153.718,153.721,0.003,165
2026-09-11T18:36:08.454+00:00,153.717,153.72,0.003,165
2026-09-11T18:36:09.453+00:00,153.718,153.721,0.003,165
2026-09-11T18:36:09.666+00:00,153.717,153.72,0.003,165
2026-09-11T18:36:10.065+00:00,153.718,153.721,0.003,165
2026-09-11T18:36:10.264+00:00,153.715,153.718,0.003,165
2026-09-11T18:36:10.469+00:00,153.718,153.721,0.003,165
2026-09-11T18:36:10.667+00:00,153.716,153.718,0.002,165
2026-09-11T18:36:10.865+00:00,153.716,153.719,0.003,165
2026-09-11T18:36:11.066+00:00,153.715,153.717,0.002,165
2026-09-11T18:36:11.266+00:00,153.715,153.718,0.003,165
2026-09-11T18:36:11.468+00:00,153.718,153.721,0.003,165
2026-09-11T18:36:11.674+00:00,153.717,153.72,0.003,165
2026-09-11T18:36:11.872+00:00,153.716,153.719,0.003,165
2026-09-11T18:36:12.074+00:00,153.718,153.721,0.003,165
2026-09-11T18:36:12.276+00:00,153.716,153.719,0.003,165
2026-09-11T18:36:12.477+00:00,153.718,153.721,0.003,165
2026-09-11T18:36:13.080+00:00,153.709,153.712,0.003,165
2026-09-11T18:36:13.689+00:00,153.709,153.711,0.002,165
2026-09-11T18:36:13.884+00:00,153.709,153.712,0.003,165
2026-09-11T18:36:14.918+00:00,153.706,153.712,0.006,165
2026-09-11T18:36:15.320+00:00,153.706,153.711,0.005,165
2026-09-11T18:36:15.724+00:00,153.709,153.712,0.003,165
2026-09-11T18:36:16.328+00:00,153.71,153.711,0.001,165
2026-09-11T18:36:16.527+00:00,153.706,153.711,0.005,165
2026-09-11T18:36:17.754+00:00,153.71,153.711,0.001,165
2026-09-11T18:36:18.125+00:00,153.709,153.712,0.003,165
2026-09-11T18:36:19.623+00:00,153.71,153.713,0.003,165
2026-09-11T18:36:20.924+00:00,153.708,153.711,0.003,165
2026-09-11T18:36:21.721+00:00,153.708,153.71,0.002,165
2026-09-11T18:36:21.924+00:00,153.709,153.711,0.002,165
2026-09-11T18:36:22.499+00:00,153.711,153.714,0.003,165
2026-09-11T18:36:23.304+00:00,153.708,153.711,0.003,165
2026-09-11T18:36:23.506+00:00,153.71,153.713,0.003,165
2026-09-11T18:36:23.706+00:00,153.709,153.712,0.003,165
2026-09-11T18:36:23.908+00:00,153.71,153.711,0.001,165
2026-09-11T18:36:24.310+00:00,153.711,153.712,0.001,165
2026-09-11T18:36:24.509+00:00,153.71,153.711,0.001,165
2026-09-11T18:36:24.911+00:00,153.71,153.713,0.003,165
2026-09-11T18:36:25.122+00:00,153.709,153.711,0.002,165
2026-09-11T18:36:25.314+00:00,153.71,153.713,0.003,165
2026-09-11T18:36:25.518+00:00,153.708,153.714,0.006,165
2026-09-11T18:36:25.720+00:00,153.705,153.711,0.006,165
2026-09-11T18:36:25.921+00:00,153.709,153.713,0.004,165
2026-09-11T18:36:26.123+00:00,153.71,153.713,0.003,165
2026-09-11T18:36:26.526+00:00,153.711,153.714,0.003,165
2026-09-11T18:36:26.729+00:00,153.711,153.713,0.002,165
2026-09-11T18:36:26.927+00:00,153.711,153.714,0.003,165
2026-09-11T18:36:27.127+00:00,153.712,153.715,0.003,165
2026-09-11T18:36:27.882+00:00,153.711,153.713,0.002,165
2026-09-11T18:36:28.079+00:00,153.712,153.715,0.003,165
2026-09-11T18:36:28.489+00:00,153.713,153.716,0.003,165
2026-09-11T18:36:28.689+00:00,153.712,153.715,0.003,165
2026-09-11T18:36:29.094+00:00,153.712,153.713,0.001,165
2026-09-11T18:36:29.293+00:00,153.712,153.715,0.003,165
2026-09-11T18:36:30.404+00:00,153.713,153.716,0.003,165
2026-09-11T18:36:31.509+00:00,153.711,153.714,0.003,166
2026-09-11T18:36:31.709+00:00,153.713,153.716,0.003,166
2026-09-11T18:36:33.074+00:00,153.711,153.713,0.002,166
2026-09-11T18:36:33.464+00:00,153.711,153.714,0.003,166
2026-09-11T18:36:34.069+00:00,153.71,153.713,0.003,166
2026-09-11T18:36:34.272+00:00,153.711,153.714,0.003,166
2026-09-11T18:36:35.073+00:00,153.71,153.713,0.003,166
2026-09-11T18:36:35.272+00:00,153.711,153.714,0.003,166
2026-09-11T18:36:35.474+00:00,153.71,153.713,0.003,166
2026-09-11T18:36:35.673+00:00,153.711,153.712,0.001,166
2026-09-11T18:36:35.879+00:00,153.712,153.713,0.001,166
2026-09-11T18:36:36.078+00:00,153.711,153.712,0.001,166
2026-09-11T18:36:36.959+00:00,153.71,153.713,0.003,166
2026-09-11T18:36:37.364+00:00,153.71,153.712,0.002,166
2026-09-11T18:36:37.583+00:00,153.71,153.713,0.003,166
2026-09-11T18:36:38.225+00:00,153.711,153.714,0.003,166
2026-09-11T18:36:38.427+00:00,153.71,153.712,0.002,166
2026-09-11T18:36:39.034+00:00,153.709,153.711,0.002,166
2026-09-11T18:36:39.234+00:00,153.71,153.713,0.003,166
2026-09-11T18:36:40.782+00:00,153.711,153.714,0.003,166
2026-09-11T18:36:41.989+00:00,153.71,153.712,0.002,166
2026-09-11T18:36:42.189+00:00,153.711,153.714,0.003,166
2026-09-11T18:36:42.391+00:00,153.71,153.713,0.003,166
2026-09-11T18:36:42.593+00:00,153.708,153.711,0.003,166
2026-09-11T18:36:42.793+00:00,153.709,153.711,0.002,166
2026-09-11T18:36:42.992+00:00,153.71,153.713,0.003,166
2026-09-11T18:36:43.395+00:00,153.712,153.715,0.003,166
2026-09-11T18:36:43.597+00:00,153.711,153.714,0.003,166
2026-09-11T18:36:43.795+00:00,153.71,153.713,0.003,166
2026-09-11T18:36:44.198+00:00,153.712,153.715,0.003,166
2026-09-11T18:36:44.420+00:00,153.713,153.716,0.003,166
2026-09-11T18:36:44.804+00:00,153.71,153.713,0.003,166
2026-09-11T18:36:45.559+00:00,153.711,153.713,0.002,166
2026-09-11T18:36:45.970+00:00,153.712,153.715,0.003,166
2026-09-11T18:36:47.720+00:00,153.711,153.713,0.002,166
2026-09-11T18:36:50.855+00:00,153.711,153.714,0.003,166
2026-09-11T18:36:51.056+00:00,153.711,153.713,0.002,166
2026-09-11T18:36:51.457+00:00,153.708,153.712,0.004,166
2026-09-11T18:36:51.656+00:00,153.71,153.714,0.004,166
2026-09-11T18:36:51.857+00:00,153.709,153.712,0.003,166
2026-09-11T18:36:52.059+00:00,153.71,153.713,0.003,166
2026-09-11T18:36:52.260+00:00,153.71,153.714,0.004,166
2026-09-11T18:36:52.862+00:00,153.709,153.712,0.003,166
2026-09-11T18:36:53.263+00:00,153.711,153.714,0.003,166
2026-09-11T18:36:53.464+00:00,153.71,153.714,0.004,166
2026-09-11T18:36:53.665+00:00,153.71,153.713,0.003,166
2026-09-11T18:36:53.866+00:00,153.711,153.715,0.004,166
2026-09-11T18:36:54.067+00:00,153.711,153.714,0.003,166
2026-09-11T18:36:54.268+00:00,153.712,153.715,0.003,166
2026-09-11T18:36:54.872+00:00,153.711,153.714,0.003,166
2026-09-11T18:36:56.430+00:00,153.71,153.713,0.003,166
2026-09-11T18:36:56.630+00:00,153.71,153.711,0.001,167
2026-09-11T18:36:56.835+00:00,153.71,153.713,0.003,167
2026-09-11T18:36:57.734+00:00,153.709,153.712,0.003,167
2026-09-11T18:36:59.330+00:00,153.709,153.711,0.002,167
2026-09-11T18:36:59.578+00:00,153.71,153.713,0.003,167
2026-09-11T18:36:59.779+00:00,153.709,153.712,0.003,167
2026-09-11T18:36:59.982+00:00,153.708,153.713,0.005,167
2026-09-11T18:37:00.184+00:00,153.708,153.714,0.006,167
2026-09-11T18:37:00.384+00:00,153.71,153.713,0.003,167
2026-09-11T18:37:01.268+00:00,153.709,153.711,0.002,167
2026-09-11T18:37:01.467+00:00,153.711,153.714,0.003,167
2026-09-11T18:37:01.856+00:00,153.71,153.712,0.002,167
2026-09-11T18:37:02.258+00:00,153.711,153.714,0.003,167
2026-09-11T18:37:02.459+00:00,153.71,153.712,0.002,167
2026-09-11T18:37:02.663+00:00,153.711,153.714,0.003,167
2026-09-11T18:37:03.525+00:00,153.709,153.712,0.003,167
2026-09-11T18:37:03.725+00:00,153.71,153.713,0.003,167
2026-09-11T18:37:03.924+00:00,153.71,153.712,0.002,167
2026-09-11T18:37:04.126+00:00,153.713,153.716,0.003,167
2026-09-11T18:37:04.332+00:00,153.712,153.715,0.003,167
2026-09-11T18:37:04.529+00:00,153.713,153.716,0.003,167
2026-09-11T18:37:04.731+00:00,153.711,153.714,0.003,167
2026-09-11T18:37:05.292+00:00,153.71,153.713,0.003,167
2026-09-11T18:37:05.696+00:00,153.712,153.715,0.003,167
2026-09-11T18:37:06.386+00:00,153.711,153.713,0.002,167
2026-09-11T18:37:07.179+00:00,153.712,153.715,0.003,167
2026-09-11T18:37:07.583+00:00,153.711,153.713,0.002,167
2026-09-11T18:37:08.224+00:00,153.71,153.713,0.003,167
2026-09-11T18:37:08.426+00:00,153.711,153.714,0.003,167
2026-09-11T18:37:08.628+00:00,153.712,153.715,0.003,167
2026-09-11T18:37:09.027+00:00,153.711,153.713,0.002,167
2026-09-11T18:37:09.229+00:00,153.712,153.715,0.003,167
2026-09-11T18:37:09.430+00:00,153.717,153.718,0.001,167
2026-09-11T18:37:10.233+00:00,153.718,153.721,0.003,167
2026-09-11T18:37:10.433+00:00,153.72,153.723,0.003,167
2026-09-11T18:37:11.034+00:00,153.719,153.722,0.003,167
2026-09-11T18:37:11.234+00:00,153.717,153.72,0.003,167
2026-09-11T18:37:11.435+00:00,153.718,153.721,0.003,167
2026-09-11T18:37:13.042+00:00,153.717,153.72,0.003,167
2026-09-11T18:37:13.429+00:00,153.718,153.721,0.003,167
2026-09-11T18:37:13.628+00:00,153.72,153.723,0.003,167
2026-09-11T18:37:13.828+00:00,153.719,153.722,0.003,167
2026-09-11T18:37:14.229+00:00,153.721,153.724,0.003,167
2026-09-11T18:37:14.435+00:00,153.719,153.722,0.003,167
2026-09-11T18:37:14.630+00:00,153.72,153.723,0.003,167
2026-09-11T18:37:15.956+00:00,153.721,153.724,0.003,167
2026-09-11T18:37:16.147+00:00,153.72,153.723,0.003,167
2026-09-11T18:37:18.721+00:00,153.719,153.722,0.003,167
2026-09-11T18:37:18.923+00:00,153.719,153.723,0.004,167
2026-09-11T18:37:19.123+00:00,153.72,153.724,0.004,167
2026-09-11T18:37:19.325+00:00,153.719,153.722,0.003,167
2026-09-11T18:37:19.965+00:00,153.72,153.723,0.003,167
2026-09-11T18:37:21.769+00:00,153.719,153.722,0.003,168
2026-09-11T18:37:22.182+00:00,153.72,153.723,0.003,168
2026-09-11T18:37:22.719+00:00,153.718,153.721,0.003,168
2026-09-11T18:37:22.917+00:00,153.719,153.722,0.003,168
2026-09-11T18:37:23.506+00:00,153.721,153.724,0.003,168
2026-09-11T18:37:23.757+00:00,153.719,153.722,0.003,168
2026-09-11T18:37:25.462+00:00,153.721,153.724,0.003,168
2026-09-11T18:37:25.664+00:00,153.724,153.727,0.003,168
2026-09-11T18:37:26.973+00:00,153.723,153.726,0.003,168
2026-09-11T18:37:27.591+00:00,153.724,153.727,0.003,168
2026-09-11T18:37:27.805+00:00,153.721,153.724,0.003,168
2026-09-11T18:37:27.995+00:00,153.724,153.727,0.003,168
2026-09-11T18:37:28.395+00:00,153.721,153.724,0.003,168
2026-09-11T18:37:28.599+00:00,153.723,153.726,0.003,168
2026-09-11T18:37:28.796+00:00,153.721,153.724,0.003,168
2026-09-11T18:37:29.201+00:00,153.723,153.726,0.003,168
2026-09-11T18:37:29.403+00:00,153.724,153.727,0.003,168
2026-09-11T18:37:31.421+00:00,153.723,153.726,0.003,168
2026-09-11T18:37:31.824+00:00,153.721,153.724,0.003,168
2026-09-11T18:37:32.020+00:00,153.723,153.726,0.003,168
2026-09-11T18:37:32.220+00:00,153.721,153.724,0.003,168
2026-09-11T18:37:32.423+00:00,153.724,153.727,0.003,168
2026-09-11T18:37:33.422+00:00,153.724,153.726,0.002,168
2026-09-11T18:37:33.623+00:00,153.723,153.726,0.003,168
2026-09-11T18:37:33.823+00:00,153.724,153.727,0.003,168
2026-09-11T18:37:34.239+00:00,153.723,153.726,0.003,168
2026-09-11T18:37:34.443+00:00,153.725,153.726,0.001,168
2026-09-11T18:37:34.650+00:00,153.726,153.727,0.001,168
2026-09-11T18:37:34.926+00:00,153.723,153.726,0.003,168
2026-09-11T18:37:35.161+00:00,153.722,153.723,0.001,168
2026-09-11T18:37:35.251+00:00,153.723,153.724,0.001,168
2026-09-11T18:37:35.451+00:00,153.719,153.721,0.002,168
2026-09-11T18:37:35.655+00:00,153.72,153.723,0.003,168
2026-09-11T18:37:35.876+00:00,153.719,153.722,0.003,168
2026-09-11T18:37:39.165+00:00,153.72,153.723,0.003,168
2026-09-11T18:37:39.975+00:00,153.72,153.724,0.004,168
2026-09-11T18:37:40.372+00:00,153.719,153.723,0.004,168
2026-09-11T18:37:40.777+00:00,153.72,153.726,0.006,168
2026-09-11T18:37:40.976+00:00,153.72,153.724,0.004,168
2026-09-11T18:37:41.382+00:00,153.72,153.723,0.003,168
2026-09-11T18:37:43.425+00:00,153.718,153.72,0.002,168
2026-09-11T18:37:43.626+00:00,153.719,153.722,0.003,168
2026-09-11T18:37:44.026+00:00,153.718,153.721,0.003,168
2026-09-11T18:37:45.181+00:00,153.719,153.722,0.003,168
2026-09-11T18:37:45.583+00:00,153.718,153.72,0.002,168
2026-09-11T18:37:45.785+00:00,153.72,153.722,0.002,168
2026-09-11T18:37:45.985+00:00,153.722,153.725,0.003,168
2026-09-11T18:37:46.390+00:00,153.721,153.723,0.002,168
2026-09-11T18:37:46.895+00:00,153.722,153.725,0.003,168
2026-09-11T18:37:47.854+00:00,153.721,153.723,0.002,169
2026-09-11T18:37:48.053+00:00,153.722,153.725,0.003,169
2026-09-11T18:37:49.414+00:00,153.721,153.724,0.003,169
2026-09-11T18:37:49.622+00:00,153.722,153.725,0.003,169
2026-09-11T18:37:50.425+00:00,153.723,153.726,0.003,169
2026-09-11T18:37:51.026+00:00,153.722,153.725,0.003,169
2026-09-11T18:37:51.234+00:00,153.723,153.726,0.003,169
2026-09-11T18:37:51.435+00:00,153.722,153.724,0.002,169
2026-09-11T18:37:51.640+00:00,153.722,153.725,0.003,169
2026-09-11T18:37:52.809+00:00,153.723,153.726,0.003,169
2026-09-11T18:37:53.638+00:00,153.722,153.725,0.003,169
2026-09-11T18:37:53.840+00:00,153.721,153.724,0.003,169
2026-09-11T18:37:54.439+00:00,153.72,153.723,0.003,169
2026-09-11T18:37:54.639+00:00,153.721,153.724,0.003,169
2026-09-11T18:37:55.852+00:00,153.722,153.725,0.003,169
2026-09-11T18:37:56.051+00:00,153.721,153.724,0.003,169
2026-09-11T18:37:56.252+00:00,153.722,153.725,0.003,169
2026-09-11T18:37:56.452+00:00,153.723,153.726,0.003,169
2026-09-11T18:37:57.537+00:00,153.721,153.724,0.003,169
2026-09-11T18:37:57.739+00:00,153.723,153.726,0.003,169
2026-09-11T18:37:58.342+00:00,153.722,153.725,0.003,169
2026-09-11T18:37:59.147+00:00,153.721,153.723,0.002,169
2026-09-11T18:37:59.348+00:00,153.724,153.727,0.003,169
2026-09-11T18:37:59.549+00:00,153.723,153.726,0.003,169
2026-09-11T18:38:00.835+00:00,153.721,153.724,0.003,169
2026-09-11T18:38:01.215+00:00,153.723,153.725,0.002,169
2026-09-11T18:38:01.415+00:00,153.723,153.726,0.003,169
2026-09-11T18:38:01.616+00:00,153.724,153.727,0.003,169
2026-09-11T18:38:01.817+00:00,153.723,153.726,0.003,169
2026-09-11T18:38:02.026+00:00,153.722,153.725,0.003,169
2026-09-11T18:38:04.186+00:00,153.723,153.726,0.003,169
2026-09-11T18:38:04.389+00:00,153.722,153.724,0.002,169
2026-09-11T18:38:04.587+00:00,153.722,153.725,0.003,169
2026-09-11T18:38:05.188+00:00,153.723,153.726,0.003,169
2026-09-11T18:38:05.389+00:00,153.722,153.725,0.003,169
2026-09-11T18:38:05.597+00:00,153.723,153.726,0.003,169
2026-09-11T18:38:05.991+00:00,153.722,153.725,0.003,169
2026-09-11T18:38:06.193+00:00,153.721,153.724,0.003,169
2026-09-11T18:38:06.393+00:00,153.722,153.723,0.001,169
2026-09-11T18:38:06.597+00:00,153.723,153.726,0.003,169
2026-09-11T18:38:07.005+00:00,153.722,153.725,0.003,169
2026-09-11T18:38:07.195+00:00,153.723,153.726,0.003,169
2026-09-11T18:38:07.401+00:00,153.724,153.725,0.001,169
2026-09-11T18:38:07.901+00:00,153.722,153.724,0.002,169
2026-09-11T18:38:08.105+00:00,153.721,153.723,0.002,169
2026-09-11T18:38:08.305+00:00,153.722,153.725,0.003,169
2026-09-11T18:38:08.508+00:00,153.723,153.726,0.003,169
2026-09-11T18:38:08.907+00:00,153.722,153.725,0.003,169
2026-09-11T18:38:09.309+00:00,153.723,153.726,0.003,169
2026-09-11T18:38:09.507+00:00,153.722,153.725,0.003,169
2026-09-11T18:38:09.709+00:00,153.721,153.724,0.003,169
2026-09-11T18:38:09.910+00:00,153.722,153.725,0.003,169
2026-09-11T18:38:10.117+00:00,153.721,153.724,0.003,169
2026-09-11T18:38:10.314+00:00,153.724,153.725,0.001,169
2026-09-11T18:38:10.515+00:00,153.723,153.726,0.003,169
2026-09-11T18:38:11.117+00:00,153.722,153.725,0.003,169
2026-09-11T18:38:11.319+00:00,153.725,153.726,0.001,169
2026-09-11T18:38:11.519+00:00,153.723,153.724,0.001,169
2026-09-11T18:38:11.718+00:00,153.725,153.726,0.001,169
2026-09-11T18:38:13.465+00:00,153.724,153.727,0.003,170
2026-09-11T18:38:13.666+00:00,153.724,153.725,0.001,170
2026-09-11T18:38:13.869+00:00,153.725,153.726,0.001,170
2026-09-11T18:38:16.136+00:00,153.721,153.724,0.003,170
2026-09-11T18:38:16.345+00:00,153.722,153.725,0.003,170
2026-09-11T18:38:16.747+00:00,153.723,153.726,0.003,170
2026-09-11T18:38:16.949+00:00,153.722,153.725,0.003,170
2026-09-11T18:38:17.150+00:00,153.723,153.726,0.003,170
2026-09-11T18:38:17.558+00:00,153.722,153.725,0.003,170
2026-09-11T18:38:18.156+00:00,153.723,153.726,0.003,170
2026-09-11T18:38:18.358+00:00,153.722,153.725,0.003,170
2026-09-11T18:38:18.557+00:00,153.723,153.726,0.003,170
2026-09-11T18:38:21.395+00:00,153.722,153.725,0.003,170
2026-09-11T18:38:21.598+00:00,153.723,153.726,0.003,170
2026-09-11T18:38:22.400+00:00,153.722,153.725,0.003,170
2026-09-11T18:38:22.599+00:00,153.725,153.726,0.001,170
2026-09-11T18:38:23.206+00:00,153.723,153.725,0.002,170
2026-09-11T18:38:23.611+00:00,153.725,153.726,0.001,170
2026-09-11T18:38:24.014+00:00,153.725,153.727,0.002,170
2026-09-11T18:38:24.216+00:00,153.723,153.725,0.002,170
2026-09-11T18:38:25.415+00:00,153.725,153.726,0.001,170
2026-09-11T18:38:25.692+00:00,153.723,153.725,0.002,170
2026-09-11T18:38:25.851+00:00,153.723,153.724,0.001,170
2026-09-11T18:38:26.427+00:00,153.724,153.725,0.001,170
2026-09-11T18:38:26.822+00:00,153.722,153.723,0.001,170
2026-09-11T18:38:27.024+00:00,153.724,153.725,0.001,170
2026-09-11T18:38:27.424+00:00,153.722,153.725,0.003,170
2026-09-11T18:38:27.629+00:00,153.721,153.724,0.003,170
2026-09-11T18:38:27.826+00:00,153.722,153.725,0.003,170
2026-09-11T18:38:28.233+00:00,153.72,153.722,0.002,170
2026-09-11T18:38:28.432+00:00,153.722,153.725,0.003,170
2026-09-11T18:38:29.270+00:00,153.721,153.723,0.002,170
2026-09-11T18:38:29.473+00:00,153.72,153.722,0.002,170
2026-09-11T18:38:29.820+00:00,153.721,153.724,0.003,170
2026-09-11T18:38:30.224+00:00,153.722,153.725,0.003,170
2026-09-11T18:38:31.294+00:00,153.721,153.724,0.003,170
2026-09-11T18:38:31.493+00:00,153.722,153.725,0.003,170
2026-09-11T18:38:32.804+00:00,153.721,153.724,0.003,170
2026-09-11T18:38:33.007+00:00,153.723,153.726,0.003,170
2026-09-11T18:38:33.206+00:00,153.722,153.723,0.001,170
2026-09-11T18:38:33.608+00:00,153.724,153.725,0.001,170
2026-09-11T18:38:33.807+00:00,153.722,153.723,0.001,170
2026-09-11T18:38:34.211+00:00,153.72,153.722,0.002,170
2026-09-11T18:38:34.410+00:00,153.723,153.724,0.001,170
2026-09-11T18:38:35.017+00:00,153.725,153.726,0.001,170
2026-09-11T18:38:35.414+00:00,153.723,153.725,0.002,170
2026-09-11T18:38:35.616+00:00,153.725,153.726,0.001,170
2026-09-11T18:38:35.816+00:00,153.723,153.726,0.003,170
2026-09-11T18:38:36.016+00:00,153.725,153.726,0.001,170
2026-09-11T18:38:36.818+00:00,153.722,153.724,0.002,170
2026-09-11T18:38:37.032+00:00,153.723,153.724,0.001,170
2026-09-11T18:38:37.224+00:00,153.725,153.726,0.001,171
2026-09-11T18:38:38.655+00:00,153.723,153.725,0.002,171
2026-09-11T18:38:38.855+00:00,153.725,153.726,0.001,171
2026-09-11T18:38:39.055+00:00,153.726,153.727,0.001,171
2026-09-11T18:38:39.255+00:00,153.725,153.726,0.001,171
2026-09-11T18:38:41.123+00:00,153.725,153.727,0.002,171
2026-09-11T18:38:41.318+00:00,153.725,153.728,0.003,171
2026-09-11T18:38:41.521+00:00,153.724,153.725,0.001,171
2026-09-11T18:38:41.721+00:00,153.725,153.726,0.001,171
2026-09-11T18:38:41.922+00:00,153.726,153.727,0.001,171
2026-09-11T18:38:42.993+00:00,153.724,153.725,0.001,171
2026-09-11T18:38:43.662+00:00,153.726,153.727,0.001,171
2026-09-11T18:38:44.310+00:00,153.726,153.728,0.002,171
2026-09-11T18:38:44.510+00:00,153.726,153.727,0.001,171
2026-09-11T18:38:44.717+00:00,153.723,153.725,0.002,171
2026-09-11T18:38:44.990+00:00,153.724,153.726,0.002,171
2026-09-11T18:38:45.149+00:00,153.725,153.726,0.001,171
2026-09-11T18:38:45.544+00:00,153.724,153.727,0.003,171
2026-09-11T18:38:45.765+00:00,153.725,153.726,0.001,171
2026-09-11T18:38:45.970+00:00,153.726,153.727,0.001,171
2026-09-11T18:38:46.125+00:00,153.724,153.725,0.001,171
2026-09-11T18:38:46.378+00:00,153.725,153.726,0.001,171
2026-09-11T18:38:46.722+00:00,153.723,153.725,0.002,171
2026-09-11T18:38:46.920+00:00,153.725,153.726,0.001,171
2026-09-11T18:38:47.120+00:00,153.725,153.727,0.002,171
2026-09-11T18:38:47.321+00:00,153.726,153.727,0.001,171
2026-09-11T18:38:47.521+00:00,153.725,153.726,0.001,171
2026-09-11T18:38:47.723+00:00,153.724,153.725,0.001,171
2026-09-11T18:38:48.160+00:00,153.725,153.726,0.001,171
2026-09-11T18:38:49.170+00:00,153.725,153.727,0.002,171
2026-09-11T18:38:49.370+00:00,153.725,153.726,0.001,171
2026-09-11T18:38:49.859+00:00,153.725,153.727,0.002,171
2026-09-11T18:38:50.057+00:00,153.725,153.726,0.001,171
2026-09-11T18:38:50.469+00:00,153.725,153.727,0.002,171
2026-09-11T18:38:50.676+00:00,153.726,153.727,0.001,171
2026-09-11T18:38:50.874+00:00,153.725,153.726,0.001,171
2026-09-11T18:38:53.464+00:00,153.725,153.727,0.002,171
2026-09-11T18:38:53.665+00:00,153.725,153.726,0.001,171
2026-09-11T18:38:54.673+00:00,153.726,153.727,0.001,171
2026-09-11T18:38:55.074+00:00,153.725,153.726,0.001,171
2026-09-11T18:38:55.875+00:00,153.726,153.728,0.002,171
2026-09-11T18:38:56.078+00:00,153.725,153.727,0.002,171
2026-09-11T18:38:56.282+00:00,153.723,153.725,0.002,171
2026-09-11T18:38:56.479+00:00,153.724,153.727,0.003,171
2026-09-11T18:38:56.679+00:00,153.725,153.726,0.001,171
2026-09-11T18:38:57.283+00:00,153.726,153.727,0.001,171
2026-09-11T18:38:57.485+00:00,153.725,153.726,0.001,171
2026-09-11T18:38:58.759+00:00,153.724,153.725,0.001,171
2026-09-11T18:38:58.962+00:00,153.725,153.726,0.001,171
2026-09-11T18:39:00.445+00:00,153.723,153.725,0.002,171
2026-09-11T18:39:00.645+00:00,153.724,153.725,0.001,171
2026-09-11T18:39:00.851+00:00,153.723,153.724,0.001,171
2026-09-11T18:39:01.249+00:00,153.722,153.723,0.001,171
2026-09-11T18:39:01.450+00:00,153.723,153.724,0.001,171
2026-09-11T18:39:01.855+00:00,153.725,153.726,0.001,171
2026-09-11T18:39:02.055+00:00,153.724,153.725,0.001,171
2026-09-11T18:39:02.257+00:00,153.725,153.726,0.001,172
2026-09-11T18:39:02.460+00:00,153.722,153.723,0.001,172
2026-09-11T18:39:02.657+00:00,153.724,153.727,0.003,172
2026-09-11T18:39:02.857+00:00,153.725,153.726,0.001,172
2026-09-11T18:39:04.075+00:00,153.723,153.724,0.001,172
2026-09-11T18:39:04.278+00:00,153.725,153.726,0.001,172
2026-09-11T18:39:05.627+00:00,153.723,153.724,0.001,172
2026-09-11T18:39:05.827+00:00,153.725,153.726,0.001,172
2026-09-11T18:39:06.750+00:00,153.724,153.725,0.001,172
2026-09-11T18:39:07.155+00:00,153.723,153.724,0.001,172
2026-09-11T18:39:07.554+00:00,153.724,153.725,0.001,172
2026-09-11T18:39:07.760+00:00,153.723,153.724,0.001,172
2026-09-11T18:39:08.162+00:00,153.723,153.726,0.003,172
2026-09-11T18:39:08.361+00:00,153.724,153.725,0.001,172
2026-09-11T18:39:08.562+00:00,153.721,153.723,0.002,172
2026-09-11T18:39:08.765+00:00,153.722,153.723,0.001,172
2026-09-11T18:39:08.969+00:00,153.721,153.724,0.003,172
2026-09-11T18:39:09.570+00:00,153.723,153.726,0.003,172
2026-09-11T18:39:09.772+00:00,153.722,153.725,0.003,172
2026-09-11T18:39:11.979+00:00,153.721,153.723,0.002,172
2026-09-11T18:39:12.068+00:00,153.724,153.726,0.002,172
2026-09-11T18:39:12.267+00:00,153.722,153.725,0.003,172
2026-09-11T18:39:13.272+00:00,153.722,153.724,0.002,172
2026-09-11T18:39:13.719+00:00,153.723,153.726,0.003,172
2026-09-11T18:39:14.333+00:00,153.722,153.725,0.003,172
2026-09-11T18:39:14.532+00:00,153.723,153.726,0.003,172
2026-09-11T18:39:14.733+00:00,153.724,153.725,0.001,172
2026-09-11T18:39:14.935+00:00,153.725,153.728,0.003,172
2026-09-11T18:39:15.138+00:00,153.725,153.726,0.001,172
2026-09-11T18:39:15.340+00:00,153.726,153.727,0.001,172
2026-09-11T18:39:15.541+00:00,153.727,153.729,0.002,172
2026-09-11T18:39:15.742+00:00,153.729,153.73,0.001,172
2026-09-11T18:39:15.941+00:00,153.728,153.729,0.001,172
2026-09-11T18:39:16.141+00:00,153.729,153.731,0.002,172
2026-09-11T18:39:16.342+00:00,153.728,153.729,0.001,172
2026-09-11T18:39:17.348+00:00,153.729,153.729,0.0,172
2026-09-11T18:39:17.551+00:00,153.728,153.728,0.0,172
2026-09-11T18:39:17.749+00:00,153.728,153.729,0.001,172
2026-09-11T18:39:19.751+00:00,153.729,153.729,0.0,172
2026-09-11T18:39:20.352+00:00,153.729,153.73,0.001,172
2026-09-11T18:39:20.755+00:00,153.729,153.729,0.0,172
2026-09-11T18:39:20.955+00:00,153.732,153.735,0.003,172
2026-09-11T18:39:21.159+00:00,153.734,153.735,0.001,172
2026-09-11T18:39:21.361+00:00,153.733,153.736,0.003,172
2026-09-11T18:39:21.764+00:00,153.734,153.735,0.001,172
2026-09-11T18:39:22.971+00:00,153.733,153.736,0.003,172
2026-09-11T18:39:24.868+00:00,153.732,153.735,0.003,172
2026-09-11T18:39:25.068+00:00,153.73,153.733,0.003,172
2026-09-11T18:39:25.270+00:00,153.729,153.732,0.003,172
2026-09-11T18:39:25.961+00:00,153.728,153.731,0.003,172
2026-09-11T18:39:26.159+00:00,153.729,153.732,0.003,172
2026-09-11T18:39:26.962+00:00,153.73,153.731,0.001,172
2026-09-11T18:39:27.167+00:00,153.729,153.732,0.003,172
2026-09-11T18:39:27.768+00:00,153.73,153.731,0.001,173
2026-09-11T18:39:27.967+00:00,153.73,153.733,0.003,173
2026-09-11T18:39:28.166+00:00,153.732,153.732,0.0,173
2026-09-11T18:39:28.570+00:00,153.731,153.732,0.001,173
2026-09-11T18:39:28.771+00:00,153.732,153.733,0.001,173
2026-09-11T18:39:28.973+00:00,153.732,153.732,0.0,173
2026-09-11T18:39:29.586+00:00,153.73,153.731,0.001,173
2026-09-11T18:39:29.787+00:00,153.731,153.733,0.002,173
2026-09-11T18:39:29.987+00:00,153.731,153.734,0.003,173
2026-09-11T18:39:30.188+00:00,153.731,153.732,0.001,173
2026-09-11T18:39:30.394+00:00,153.73,153.731,0.001,173
2026-09-11T18:39:30.603+00:00,153.73,153.733,0.003,173
2026-09-11T18:39:30.799+00:00,153.73,153.731,0.001,173
2026-09-11T18:39:31.401+00:00,153.731,153.733,0.002,173
2026-09-11T18:39:31.599+00:00,153.73,153.731,0.001,173
2026-09-11T18:39:32.001+00:00,153.731,153.732,0.001,173
2026-09-11T18:39:32.605+00:00,153.732,153.734,0.002,173
2026-09-11T18:39:32.806+00:00,153.732,153.733,0.001,173
2026-09-11T18:39:34.132+00:00,153.73,153.732,0.002,173
2026-09-11T18:39:34.333+00:00,153.732,153.732,0.0,173
2026-09-11T18:39:34.534+00:00,153.731,153.731,0.0,173
2026-09-11T18:39:34.734+00:00,153.731,153.732,0.001,173
2026-09-11T18:39:36.983+00:00,153.732,153.732,0.0,173
2026-09-11T18:39:37.385+00:00,153.731,153.732,0.001,173
2026-09-11T18:39:37.616+00:00,153.732,153.732,0.0,173
2026-09-11T18:39:38.021+00:00,153.732,153.733,0.001,173
2026-09-11T18:39:38.220+00:00,153.731,153.732,0.001,173
2026-09-11T18:39:38.421+00:00,153.727,153.728,0.001,173
2026-09-11T18:39:38.633+00:00,153.726,153.729,0.003,173
2026-09-11T18:39:38.824+00:00,153.725,153.728,0.003,173
2026-09-11T18:39:39.428+00:00,153.727,153.73,0.003,173
2026-09-11T18:39:39.629+00:00,153.726,153.729,0.003,173
2026-09-11T18:39:40.235+00:00,153.726,153.727,0.001,173
2026-09-11T18:39:40.436+00:00,153.725,153.728,0.003,173
2026-09-11T18:39:40.641+00:00,153.726,153.729,0.003,173
2026-09-11T18:39:41.249+00:00,153.727,153.73,0.003,173
2026-09-11T18:39:41.450+00:00,153.726,153.729,0.003,173
2026-09-11T18:39:41.850+00:00,153.727,153.73,0.003,173
2026-09-11T18:39:42.051+00:00,153.726,153.729,0.003,173
2026-09-11T18:39:42.253+00:00,153.727,153.73,0.003,173
2026-09-11T18:39:43.459+00:00,153.726,153.729,0.003,173
2026-09-11T18:39:43.659+00:00,153.727,153.73,0.003,173
2026-09-11T18:39:46.057+00:00,153.726,153.729,0.003,173
2026-09-11T18:39:46.226+00:00,153.727,153.73,0.003,173
2026-09-11T18:39:46.426+00:00,153.726,153.729,0.003,173
2026-09-11T18:39:47.227+00:00,153.727,153.73,0.003,173
2026-09-11T18:39:47.429+00:00,153.726,153.729,0.003,173
2026-09-11T18:39:48.512+00:00,153.727,153.728,0.001,173
2026-09-11T18:39:48.713+00:00,153.725,153.728,0.003,173
2026-09-11T18:39:49.517+00:00,153.727,153.73,0.003,173
2026-09-11T18:39:50.121+00:00,153.726,153.729,0.003,173
2026-09-11T18:39:51.124+00:00,153.725,153.728,0.003,173
2026-09-11T18:39:51.325+00:00,153.725,153.726,0.001,173
2026-09-11T18:39:51.529+00:00,153.725,153.728,0.003,173
2026-09-11T18:39:52.528+00:00,153.723,153.726,0.003,173
2026-09-11T18:39:52.731+00:00,153.729,153.73,0.001,174
2026-09-11T18:39:52.929+00:00,153.73,153.731,0.001,174
2026-09-11T18:39:53.129+00:00,153.729,153.73,0.001,174
2026-09-11T18:39:53.930+00:00,153.728,153.729,0.001,174
2026-09-11T18:39:54.131+00:00,153.727,153.73,0.003,174
2026-09-11T18:39:56.060+00:00,153.729,153.73,0.001,174
2026-09-11T18:39:56.862+00:00,153.73,153.731,0.001,174
2026-09-11T18:39:57.470+00:00,153.731,153.731,0.0,174
2026-09-11T18:39:57.670+00:00,153.73,153.731,0.001,174
2026-09-11T18:39:58.072+00:00,153.73,153.732,0.002,174
2026-09-11T18:39:58.476+00:00,153.73,153.731,0.001,174
2026-09-11T18:39:59.480+00:00,153.729,153.73,0.001,174
2026-09-11T18:39:59.686+00:00,153.73,153.731,0.001,174
2026-09-11T18:40:00.696+00:00,153.728,153.73,0.002,174
2026-09-11T18:40:00.897+00:00,153.73,153.73,0.0,174
2026-09-11T18:40:01.098+00:00,153.731,153.731,0.0,174
2026-09-11T18:40:01.498+00:00,153.73,153.732,0.002,174
2026-09-11T18:40:01.697+00:00,153.731,153.732,0.001,174
2026-09-11T18:40:02.653+00:00,153.73,153.732,0.002,174
2026-09-11T18:40:02.852+00:00,153.729,153.731,0.002,174
2026-09-11T18:40:03.721+00:00,153.73,153.731,0.001,174
2026-09-11T18:40:03.920+00:00,153.731,153.732,0.001,174
2026-09-11T18:40:04.127+00:00,153.731,153.733,0.002,174
2026-09-11T18:40:04.323+00:00,153.732,153.733,0.001,174
2026-09-11T18:40:05.847+00:00,153.731,153.731,0.0,174
2026-09-11T18:40:06.048+00:00,153.731,153.732,0.001,174
2026-09-11T18:40:07.120+00:00,153.73,153.73,0.0,174
2026-09-11T18:40:07.324+00:00,153.731,153.732,0.001,174
2026-09-11T18:40:07.522+00:00,153.73,153.73,0.0,174
2026-09-11T18:40:07.940+00:00,153.731,153.732,0.001,174
2026-09-11T18:40:08.744+00:00,153.73,153.732,0.002,174
2026-09-11T18:40:08.945+00:00,153.731,153.732,0.001,174
2026-09-11T18:40:09.152+00:00,153.73,153.731,0.001,174
2026-09-11T18:40:09.554+00:00,153.728,153.729,0.001,174
2026-09-11T18:40:10.562+00:00,153.73,153.731,0.001,174
2026-09-11T18:40:10.777+00:00,153.729,153.731,0.002,174
2026-09-11T18:40:10.960+00:00,153.73,153.733,0.003,174
2026-09-11T18:40:11.163+00:00,153.731,153.732,0.001,174
2026-09-11T18:40:12.090+00:00,153.73,153.733,0.003,174
2026-09-11T18:40:12.288+00:00,153.731,153.732,0.001,174
2026-09-11T18:40:13.592+00:00,153.729,153.73,0.001,174
2026-09-11T18:40:13.799+00:00,153.731,153.732,0.001,174
2026-09-11T18:40:15.109+00:00,153.73,153.733,0.003,174
2026-09-11T18:40:15.309+00:00,153.731,153.732,0.001,174
2026-09-11T18:40:15.740+00:00,153.732,153.733,0.001,174
2026-09-11T18:40:16.744+00:00,153.731,153.732,0.001,174
2026-09-11T18:40:17.146+00:00,153.732,153.733,0.001,174
2026-09-11T18:40:17.369+00:00,153.731,153.732,0.001,174
2026-09-11T18:40:17.570+00:00,153.73,153.731,0.001,174
2026-09-11T18:40:17.770+00:00,153.731,153.732,0.001,175
2026-09-11T18:40:18.573+00:00,153.729,153.73,0.001,175
2026-09-11T18:40:18.775+00:00,153.731,153.732,0.001,175
2026-09-11T18:40:19.690+00:00,153.729,153.731,0.002,175
2026-09-11T18:40:19.890+00:00,153.728,153.73,0.002,175
2026-09-11T18:40:20.091+00:00,153.729,153.73,0.001,175
2026-09-11T18:40:20.292+00:00,153.731,153.732,0.001,175
2026-09-11T18:40:20.493+00:00,153.73,153.731,0.001,175
2026-09-11T18:40:21.108+00:00,153.729,153.73,0.001,175
2026-09-11T18:40:21.508+00:00,153.727,153.729,0.002,175
2026-09-11T18:40:21.709+00:00,153.729,153.73,0.001,175
2026-09-11T18:40:22.613+00:00,153.731,153.732,0.001,175
2026-09-11T18:40:22.815+00:00,153.728,153.73,0.002,175
2026-09-11T18:40:23.019+00:00,153.729,153.731,0.002,175
2026-09-11T18:40:23.620+00:00,153.73,153.73,0.0,175
2026-09-11T18:40:23.826+00:00,153.731,153.732,0.001,175
2026-09-11T18:40:24.023+00:00,153.732,153.733,0.001,175
2026-09-11T18:40:25.020+00:00,153.729,153.731,0.002,175
2026-09-11T18:40:25.220+00:00,153.732,153.733,0.001,175
2026-09-11T18:40:25.427+00:00,153.73,153.731,0.001,175
2026-09-11T18:40:27.783+00:00,153.731,153.732,0.001,175
2026-09-11T18:40:27.986+00:00,153.732,153.733,0.001,175
2026-09-11T18:40:28.594+00:00,153.73,153.732,0.002,175
2026-09-11T18:40:30.068+00:00,153.732,153.733,0.001,175
2026-09-11T18:40:33.585+00:00,153.731,153.732,0.001,175
2026-09-11T18:40:33.789+00:00,153.732,153.733,0.001,175
2026-09-11T18:40:34.839+00:00,153.731,153.732,0.001,175
2026-09-11T18:40:37.260+00:00,153.729,153.731,0.002,175
2026-09-11T18:40:38.970+00:00,153.731,153.732,0.001,175
2026-09-11T18:40:42.826+00:00,153.732,153.733,0.001,175
2026-09-11T18:40:43.057+00:00,153.73,153.732,0.002,176
2026-09-11T18:40:43.257+00:00,153.733,153.734,0.001,176
2026-09-11T18:40:43.863+00:00,153.73,153.732,0.002,176
2026-09-11T18:40:44.063+00:00,153.733,153.734,0.001,176
2026-09-11T18:40:44.809+00:00,153.732,153.733,0.001,176
2026-09-11T18:40:44.983+00:00,153.733,153.734,0.001,176
2026-09-11T18:40:45.194+00:00,153.73,153.732,0.002,176
2026-09-11T18:40:45.394+00:00,153.733,153.734,0.001,176
2026-09-11T18:40:45.801+00:00,153.732,153.733,0.001,176
2026-09-11T18:40:46.004+00:00,153.733,153.734,0.001,176
2026-09-11T18:40:46.675+00:00,153.733,153.733,0.0,176
2026-09-11T18:40:46.875+00:00,153.732,153.733,0.001,176
2026-09-11T18:40:47.691+00:00,153.736,153.737,0.001,176
2026-09-11T18:40:48.706+00:00,153.734,153.736,0.002,176
2026-09-11T18:40:48.906+00:00,153.734,153.737,0.003,176
2026-09-11T18:40:50.319+00:00,153.735,153.738,0.003,176
2026-09-11T18:40:50.319+00:00,153.736,153.739,0.003,176
2026-09-11T18:40:52.831+00:00,153.735,153.738,0.003,176
2026-09-11T18:40:53.035+00:00,153.736,153.737,0.001,176
2026-09-11T18:40:53.230+00:00,153.735,153.738,0.003,176
2026-09-11T18:40:54.671+00:00,153.734,153.737,0.003,176
2026-09-11T18:40:57.266+00:00,153.735,153.738,0.003,176
2026-09-11T18:40:57.868+00:00,153.734,153.737,0.003,176
2026-09-11T18:40:58.268+00:00,153.729,153.736,0.007,176
2026-09-11T18:40:59.104+00:00,153.73,153.736,0.006,176
2026-09-11T18:40:59.255+00:00,153.729,153.735,0.006,176
2026-09-11T18:40:59.468+00:00,153.734,153.737,0.003,176
2026-09-11T18:40:59.669+00:00,153.733,153.736,0.003,176
2026-09-11T18:40:59.861+00:00,153.734,153.737,0.003,176
2026-09-11T18:41:00.264+00:00,153.733,153.736,0.003,176
2026-09-11T18:41:00.720+00:00,153.731,153.734,0.003,176
2026-09-11T18:41:01.118+00:00,153.733,153.736,0.003,176
2026-09-11T18:41:01.829+00:00,153.731,153.733,0.002,176
2026-09-11T18:41:02.431+00:00,153.728,153.73,0.002,176
2026-09-11T18:41:02.630+00:00,153.729,153.73,0.001,176
2026-09-11T18:41:03.234+00:00,153.731,153.732,0.001,176
2026-09-11T18:41:03.435+00:00,153.731,153.734,0.003,176
2026-09-11T18:41:03.833+00:00,153.73,153.733,0.003,176
2026-09-11T18:41:04.036+00:00,153.73,153.731,0.001,176
2026-09-11T18:41:04.236+00:00,153.729,153.73,0.001,176
2026-09-11T18:41:04.642+00:00,153.731,153.732,0.001,176
2026-09-11T18:41:04.838+00:00,153.729,153.732,0.003,176
2026-09-11T18:41:05.839+00:00,153.73,153.731,0.001,176
2026-09-11T18:41:06.040+00:00,153.729,153.732,0.003,176
2026-09-11T18:41:06.844+00:00,153.731,153.732,0.001,176
2026-09-11T18:41:07.044+00:00,153.73,153.731,0.001,176
2026-09-11T18:41:07.243+00:00,153.729,153.732,0.003,176
2026-09-11T18:41:07.569+00:00,153.73,153.731,0.001,176
2026-09-11T18:41:07.770+00:00,153.73,153.73,0.0,176
2026-09-11T18:41:07.969+00:00,153.731,153.731,0.0,176
2026-09-11T18:41:08.371+00:00,153.729,153.732,0.003,177
2026-09-11T18:41:08.973+00:00,153.73,153.731,0.001,177
2026-09-11T18:41:09.174+00:00,153.729,153.732,0.003,177
2026-09-11T18:41:09.378+00:00,153.731,153.734,0.003,177
2026-09-11T18:41:10.581+00:00,153.73,153.733,0.003,177
2026-09-11T18:41:10.787+00:00,153.731,153.734,0.003,177
2026-09-11T18:41:12.715+00:00,153.729,153.732,0.003,177
2026-09-11T18:41:13.714+00:00,153.729,153.731,0.002,177
2026-09-11T18:41:14.516+00:00,153.73,153.733,0.003,177
2026-09-11T18:41:14.918+00:00,153.728,153.731,0.003,177
2026-09-11T18:41:15.117+00:00,153.727,153.73,0.003,177
2026-09-11T18:41:15.323+00:00,153.728,153.731,0.003,177
2026-09-11T18:41:15.518+00:00,153.727,153.73,0.003,177
2026-09-11T18:41:16.272+00:00,153.729,153.729,0.0,177
2026-09-11T18:41:16.473+00:00,153.727,153.73,0.003,177
2026-09-11T18:41:16.672+00:00,153.728,153.729,0.001,177
2026-09-11T18:41:16.906+00:00,153.729,153.73,0.001,177
2026-09-11T18:41:17.691+00:00,153.727,153.73,0.003,177
2026-09-11T18:41:19.105+00:00,153.728,153.731,0.003,177
2026-09-11T18:41:19.919+00:00,153.727,153.73,0.003,177
2026-09-11T18:41:20.611+00:00,153.728,153.729,0.001,177
2026-09-11T18:41:21.145+00:00,153.727,153.73,0.003,177
2026-09-11T18:41:21.415+00:00,153.728,153.729,0.001,177
2026-09-11T18:41:21.615+00:00,153.727,153.729,0.002,177
2026-09-11T18:41:21.819+00:00,153.726,153.729,0.003,177
2026-09-11T18:41:22.028+00:00,153.728,153.729,0.001,177
2026-09-11T18:41:22.220+00:00,153.727,153.73,0.003,177
2026-09-11T18:41:22.698+00:00,153.726,153.73,0.004,177
2026-09-11T18:41:23.477+00:00,153.728,153.729,0.001,177
2026-09-11T18:41:23.676+00:00,153.727,153.729,0.002,177
2026-09-11T18:41:23.876+00:00,153.725,153.729,0.004,177
2026-09-11T18:41:24.480+00:00,153.728,153.73,0.002,177
2026-09-11T18:41:24.681+00:00,153.727,153.73,0.003,177
2026-09-11T18:41:24.881+00:00,153.728,153.729,0.001,177
2026-09-11T18:41:25.083+00:00,153.726,153.73,0.004,177
2026-09-11T18:41:25.282+00:00,153.726,153.729,0.003,177
2026-09-11T18:41:25.482+00:00,153.727,153.73,0.003,177
2026-09-11T18:41:26.142+00:00,153.726,153.73,0.004,177
2026-09-11T18:41:26.546+00:00,153.727,153.73,0.003,177
2026-09-11T18:41:26.745+00:00,153.728,153.729,0.001,177
2026-09-11T18:41:27.624+00:00,153.728,153.73,0.002,177
2026-09-11T18:41:27.830+00:00,153.728,153.729,0.001,177
2026-09-11T18:41:28.259+00:00,153.727,153.728,0.001,177
2026-09-11T18:41:28.458+00:00,153.727,153.73,0.003,177
2026-09-11T18:41:28.660+00:00,153.728,153.729,0.001,177
2026-09-11T18:41:28.861+00:00,153.727,153.728,0.001,177
2026-09-11T18:41:29.065+00:00,153.726,153.729,0.003,177
2026-09-11T18:41:29.517+00:00,153.727,153.73,0.003,177
2026-09-11T18:41:30.528+00:00,153.726,153.729,0.003,177
2026-09-11T18:41:32.181+00:00,153.728,153.731,0.003,177
2026-09-11T18:41:32.381+00:00,153.727,153.728,0.001,177
2026-09-11T18:41:32.803+00:00,153.728,153.729,0.001,177
2026-09-11T18:41:33.002+00:00,153.72,153.723,0.003,177
2026-09-11T18:41:33.203+00:00,153.725,153.726,0.001,178
2026-09-11T18:41:33.805+00:00,153.723,153.726,0.003,178
2026-09-11T18:41:34.619+00:00,153.723,153.724,0.001,178
2026-09-11T18:41:34.812+00:00,153.721,153.722,0.001,178
2026-09-11T18:41:35.220+00:00,153.72,153.723,0.003,178
2026-09-11T18:41:35.626+00:00,153.719,153.722,0.003,178
2026-09-11T18:41:36.025+00:00,153.72,153.721,0.001,178
2026-09-11T18:41:36.227+00:00,153.722,153.723,0.001,178
2026-09-11T18:41:36.425+00:00,153.721,153.722,0.001,178
2026-09-11T18:41:36.625+00:00,153.72,153.723,0.003,178
2026-09-11T18:41:36.825+00:00,153.721,153.723,0.002,178
2026-09-11T18:41:37.025+00:00,153.721,153.722,0.001,178
2026-09-11T18:41:37.227+00:00,153.72,153.723,0.003,178
2026-09-11T18:41:37.426+00:00,153.721,153.722,0.001,178
2026-09-11T18:41:37.628+00:00,153.72,153.723,0.003,178
2026-09-11T18:41:37.836+00:00,153.719,153.722,0.003,178
2026-09-11T18:41:38.033+00:00,153.72,153.723,0.003,178
2026-09-11T18:41:38.785+00:00,153.719,153.722,0.003,178
2026-09-11T18:41:38.988+00:00,153.72,153.721,0.001,178
2026-09-11T18:41:39.390+00:00,153.719,153.722,0.003,178
2026-09-11T18:41:39.591+00:00,153.718,153.721,0.003,178
2026-09-11T18:41:39.994+00:00,153.715,153.716,0.001,178
2026-09-11T18:41:40.193+00:00,153.714,153.715,0.001,178
2026-09-11T18:41:40.995+00:00,153.713,153.715,0.002,178
2026-09-11T18:41:41.195+00:00,153.714,153.715,0.001,178
2026-09-11T18:41:42.335+00:00,153.713,153.714,0.001,178
2026-09-11T18:41:42.837+00:00,153.712,153.715,0.003,178
2026-09-11T18:41:43.441+00:00,153.711,153.712,0.001,178
2026-09-11T18:41:43.640+00:00,153.711,153.714,0.003,178
2026-09-11T18:41:45.204+00:00,153.712,153.715,0.003,178
2026-09-11T18:41:45.411+00:00,153.711,153.714,0.003,178
2026-09-11T18:41:45.811+00:00,153.712,153.715,0.003,178
2026-09-11T18:41:46.014+00:00,153.71,153.713,0.003,178
2026-09-11T18:41:46.211+00:00,153.711,153.714,0.003,178
2026-09-11T18:41:46.607+00:00,153.712,153.715,0.003,178
2026-09-11T18:41:46.808+00:00,153.711,153.714,0.003,178
2026-09-11T18:41:47.012+00:00,153.712,153.715,0.003,178
2026-09-11T18:41:47.415+00:00,153.713,153.716,0.003,178
2026-09-11T18:41:47.809+00:00,153.712,153.715,0.003,178
2026-09-11T18:41:49.311+00:00,153.713,153.714,0.001,178
2026-09-11T18:41:49.512+00:00,153.713,153.716,0.003,178
2026-09-11T18:41:50.540+00:00,153.712,153.715,0.003,178
2026-09-11T18:41:52.606+00:00,153.713,153.716,0.003,178
2026-09-11T18:41:52.807+00:00,153.716,153.717,0.001,178
2026-09-11T18:41:53.207+00:00,153.715,153.718,0.003,178
2026-09-11T18:41:53.616+00:00,153.715,153.716,0.001,178
2026-09-11T18:41:54.215+00:00,153.716,153.717,0.001,178
2026-09-11T18:41:54.622+00:00,153.715,153.716,0.001,178
2026-09-11T18:41:55.826+00:00,153.716,153.717,0.001,178
2026-09-11T18:41:56.230+00:00,153.717,153.719,0.002,178
2026-09-11T18:41:56.433+00:00,153.715,153.718,0.003,178
2026-09-11T18:41:56.636+00:00,153.716,153.719,0.003,178
2026-09-11T18:41:57.128+00:00,153.715,153.718,0.003,178
2026-09-11T18:41:57.330+00:00,153.716,153.719,0.003,178
2026-09-11T18:41:57.734+00:00,153.717,153.72,0.003,178
2026-09-11T18:41:58.135+00:00,153.718,153.721,0.003,178
2026-09-11T18:41:58.336+00:00,153.717,153.72,0.003,179
2026-09-11T18:41:58.738+00:00,153.716,153.719,0.003,179
2026-09-11T18:41:58.938+00:00,153.717,153.72,0.003,179
2026-09-11T18:41:59.339+00:00,153.717,153.718,0.001,179
2026-09-11T18:41:59.570+00:00,153.716,153.719,0.003,179
2026-09-11T18:42:00.777+00:00,153.717,153.718,0.001,179
2026-09-11T18:42:00.977+00:00,153.716,153.719,0.003,179
2026-09-11T18:42:01.651+00:00,153.715,153.716,0.001,179
2026-09-11T18:42:01.852+00:00,153.717,153.72,0.003,179
2026-09-11T18:42:02.053+00:00,153.718,153.721,0.003,179
2026-09-11T18:42:02.254+00:00,153.719,153.722,0.003,179
2026-09-11T18:42:02.453+00:00,153.718,153.721,0.003,179
2026-09-11T18:42:03.485+00:00,153.719,153.722,0.003,179
2026-09-11T18:42:03.686+00:00,153.717,153.718,0.001,179
2026-09-11T18:42:03.887+00:00,153.717,153.72,0.003,179
2026-09-11T18:42:04.497+00:00,153.718,153.721,0.003,179
2026-09-11T18:42:04.687+00:00,153.717,153.72,0.003,179
2026-09-11T18:42:05.859+00:00,153.716,153.718,0.002,179
2026-09-11T18:42:06.261+00:00,153.717,153.72,0.003,179
2026-09-11T18:42:06.461+00:00,153.718,153.721,0.003,179
2026-09-11T18:42:06.716+00:00,153.716,153.718,0.002,179
2026-09-11T18:42:07.318+00:00,153.714,153.717,0.003,179
2026-09-11T18:42:07.959+00:00,153.715,153.716,0.001,179
2026-09-11T18:42:08.160+00:00,153.716,153.717,0.001,179
2026-09-11T18:42:08.963+00:00,153.715,153.716,0.001,179
2026-09-11T18:42:09.164+00:00,153.714,153.716,0.002,179
2026-09-11T18:42:09.365+00:00,153.716,153.717,0.001,179
2026-09-11T18:42:09.567+00:00,153.714,153.717,0.003,179
2026-09-11T18:42:09.768+00:00,153.715,153.718,0.003,179
2026-09-11T18:42:10.371+00:00,153.716,153.717,0.001,179
2026-09-11T18:42:11.372+00:00,153.714,153.717,0.003,179
2026-09-11T18:42:11.575+00:00,153.718,153.721,0.003,179
2026-09-11T18:42:11.976+00:00,153.717,153.72,0.003,179
2026-09-11T18:42:12.177+00:00,153.719,153.722,0.003,179
2026-09-11T18:42:12.377+00:00,153.718,153.72,0.002,179
2026-09-11T18:42:12.580+00:00,153.719,153.722,0.003,179
2026-09-11T18:42:12.785+00:00,153.718,153.721,0.003,179
2026-09-11T18:42:12.985+00:00,153.717,153.72,0.003,179
2026-09-11T18:42:13.187+00:00,153.718,153.721,0.003,179
2026-09-11T18:42:13.388+00:00,153.719,153.72,0.001,179
2026-09-11T18:42:13.594+00:00,153.715,153.718,0.003,179
2026-09-11T18:42:13.988+00:00,153.716,153.719,0.003,179
2026-09-11T18:42:14.591+00:00,153.715,153.718,0.003,179
2026-09-11T18:42:15.191+00:00,153.716,153.719,0.003,179
2026-09-11T18:42:15.392+00:00,153.718,153.721,0.003,179
2026-09-11T18:42:15.596+00:00,153.719,153.72,0.001,179
2026-09-11T18:42:15.794+00:00,153.716,153.719,0.003,179
2026-09-11T18:42:15.996+00:00,153.719,153.722,0.003,179
2026-09-11T18:42:17.336+00:00,153.718,153.721,0.003,179
2026-09-11T18:42:17.538+00:00,153.72,153.723,0.003,179
2026-09-11T18:42:17.739+00:00,153.721,153.724,0.003,179
2026-09-11T18:42:18.743+00:00,153.722,153.725,0.003,179
2026-09-11T18:42:19.952+00:00,153.721,153.724,0.003,179
2026-09-11T18:42:19.952+00:00,153.72,153.723,0.003,179
2026-09-11T18:42:20.349+00:00,153.72,153.721,0.001,179
2026-09-11T18:42:20.553+00:00,153.721,153.722,0.001,179
2026-09-11T18:42:20.755+00:00,153.72,153.723,0.003,179
2026-09-11T18:42:20.956+00:00,153.721,153.724,0.003,179
2026-09-11T18:42:21.359+00:00,153.718,153.721,0.003,179
2026-09-11T18:42:22.373+00:00,153.719,153.722,0.003,179
2026-09-11T18:42:22.969+00:00,153.721,153.724,0.003,179
2026-09-11T18:42:23.167+00:00,153.72,153.723,0.003,179
2026-09-11T18:42:23.370+00:00,153.722,153.725,0.003,180
2026-09-11T18:42:23.571+00:00,153.72,153.723,0.003,180
2026-09-11T18:42:23.975+00:00,153.722,153.725,0.003,180
2026-09-11T18:42:24.175+00:00,153.721,153.724,0.003,180
2026-09-11T18:42:24.783+00:00,153.722,153.724,0.002,180
2026-09-11T18:42:24.984+00:00,153.719,153.722,0.003,180
2026-09-11T18:42:25.386+00:00,153.721,153.724,0.003,180
2026-09-11T18:42:25.990+00:00,153.72,153.723,0.003,180
2026-09-11T18:42:26.592+00:00,153.722,153.724,0.002,180
2026-09-11T18:42:26.793+00:00,153.72,153.723,0.003,180
2026-09-11T18:42:26.998+00:00,153.722,153.725,0.003,180
2026-09-11T18:42:27.197+00:00,153.722,153.724,0.002,180
2026-09-11T18:42:27.599+00:00,153.722,153.725,0.003,180
2026-09-11T18:42:28.202+00:00,153.72,153.723,0.003,180
2026-09-11T18:42:28.404+00:00,153.721,153.724,0.003,180
2026-09-11T18:42:28.811+00:00,153.722,153.725,0.003,180
2026-09-11T18:42:29.010+00:00,153.721,153.724,0.003,180
2026-09-11T18:42:29.209+00:00,153.719,153.722,0.003,180
2026-09-11T18:42:29.411+00:00,153.721,153.724,0.003,180
2026-09-11T18:42:29.613+00:00,153.72,153.723,0.003,180
2026-09-11T18:42:29.815+00:00,153.72,153.722,0.002,180
2026-09-11T18:42:30.019+00:00,153.719,153.722,0.003,180
2026-09-11T18:42:30.222+00:00,153.72,153.722,0.002,180
2026-09-11T18:42:30.826+00:00,153.718,153.721,0.003,180
2026-09-11T18:42:31.428+00:00,153.717,153.72,0.003,180
2026-09-11T18:42:31.632+00:00,153.718,153.721,0.003,180
2026-09-11T18:42:32.632+00:00,153.719,153.722,0.003,180
2026-09-11T18:42:32.832+00:00,153.72,153.723,0.003,180
2026-09-11T18:42:33.239+00:00,153.721,153.724,0.003,180
2026-09-11T18:42:33.643+00:00,153.72,153.723,0.003,180
2026-09-11T18:42:33.839+00:00,153.719,153.722,0.003,180
2026-09-11T18:42:34.041+00:00,153.721,153.724,0.003,180
2026-09-11T18:42:37.027+00:00,153.72,153.723,0.003,180
2026-09-11T18:42:37.226+00:00,153.721,153.724,0.003,180
2026-09-11T18:42:37.430+00:00,153.72,153.723,0.003,180
2026-09-11T18:42:37.631+00:00,153.721,153.724,0.003,180
2026-09-11T18:42:38.033+00:00,153.72,153.722,0.002,180
2026-09-11T18:42:38.236+00:00,153.72,153.723,0.003,180
2026-09-11T18:42:38.436+00:00,153.722,153.725,0.003,180
2026-09-11T18:42:38.640+00:00,153.721,153.724,0.003,180
2026-09-11T18:42:38.839+00:00,153.722,153.725,0.003,180
2026-09-11T18:42:39.239+00:00,153.721,153.724,0.003,180
2026-09-11T18:42:41.486+00:00,153.719,153.722,0.003,180
2026-09-11T18:42:41.686+00:00,153.716,153.719,0.003,180
2026-09-11T18:42:41.889+00:00,153.719,153.721,0.002,180
2026-09-11T18:42:42.090+00:00,153.717,153.72,0.003,180
2026-09-11T18:42:42.286+00:00,153.719,153.721,0.002,180
2026-09-11T18:42:42.899+00:00,153.719,153.722,0.003,180
2026-09-11T18:42:43.291+00:00,153.718,153.721,0.003,180
2026-09-11T18:42:44.265+00:00,153.719,153.722,0.003,180
2026-09-11T18:42:44.709+00:00,153.72,153.723,0.003,180
2026-09-11T18:42:45.321+00:00,153.718,153.721,0.003,180
2026-09-11T18:42:45.522+00:00,153.72,153.723,0.003,180
2026-09-11T18:42:45.924+00:00,153.719,153.721,0.002,180
2026-09-11T18:42:46.123+00:00,153.718,153.721,0.003,180
2026-09-11T18:42:46.331+00:00,153.72,153.723,0.003,180
2026-09-11T18:42:47.737+00:00,153.721,153.724,0.003,180
2026-09-11T18:42:47.936+00:00,153.723,153.726,0.003,180
2026-09-11T18:42:48.144+00:00,153.721,153.724,0.003,180
2026-09-11T18:42:48.339+00:00,153.722,153.725,0.003,181
2026-09-11T18:42:48.540+00:00,153.724,153.727,0.003,181
2026-09-11T18:42:48.740+00:00,153.723,153.726,0.003,181
2026-09-11T18:42:50.273+00:00,153.724,153.727,0.003,181
2026-09-11T18:42:50.872+00:00,153.722,153.726,0.004,181
2026-09-11T18:42:51.074+00:00,153.723,153.726,0.003,181
2026-09-11T18:42:51.877+00:00,153.722,153.725,0.003,181
2026-09-11T18:42:52.079+00:00,153.724,153.727,0.003,181
2026-09-11T18:42:52.279+00:00,153.723,153.726,0.003,181
2026-09-11T18:42:52.479+00:00,153.724,153.727,0.003,181
2026-09-11T18:42:53.081+00:00,153.725,153.728,0.003,181
2026-09-11T18:42:53.485+00:00,153.726,153.729,0.003,181
2026-09-11T18:42:53.886+00:00,153.725,153.728,0.003,181
2026-09-11T18:42:56.712+00:00,153.724,153.726,0.002,181
2026-09-11T18:42:56.913+00:00,153.725,153.727,0.002,181
2026-09-11T18:42:57.198+00:00,153.726,153.729,0.003,181
2026-09-11T18:42:57.805+00:00,153.725,153.727,0.002,181
2026-09-11T18:42:58.209+00:00,153.726,153.729,0.003,181
2026-09-11T18:42:58.782+00:00,153.725,153.728,0.003,181
2026-09-11T18:42:58.986+00:00,153.724,153.727,0.003,181
2026-09-11T18:42:59.791+00:00,153.723,153.725,0.002,181
2026-09-11T18:42:59.989+00:00,153.725,153.728,0.003,181
2026-09-11T18:43:00.191+00:00,153.724,153.727,0.003,181
2026-09-11T18:43:00.393+00:00,153.725,153.728,0.003,181
2026-09-11T18:43:01.015+00:00,153.726,153.729,0.003,181
2026-09-11T18:43:01.216+00:00,153.723,153.725,0.002,181
2026-09-11T18:43:01.418+00:00,153.724,153.727,0.003,181
2026-09-11T18:43:01.620+00:00,153.723,153.726,0.003,181
2026-09-11T18:43:02.020+00:00,153.722,153.725,0.003,181
2026-09-11T18:43:02.224+00:00,153.723,153.726,0.003,181
2026-09-11T18:43:02.426+00:00,153.721,153.724,0.003,181
2026-09-11T18:43:02.625+00:00,153.722,153.725,0.003,181
2026-09-11T18:43:02.833+00:00,153.723,153.726,0.003,181
2026-09-11T18:43:05.719+00:00,153.722,153.725,0.003,181
2026-09-11T18:43:06.325+00:00,153.724,153.727,0.003,181
2026-09-11T18:43:06.736+00:00,153.722,153.725,0.003,181
2026-09-11T18:43:07.530+00:00,153.724,153.727,0.003,181
2026-09-11T18:43:07.811+00:00,153.722,153.725,0.003,181
2026-09-11T18:43:09.751+00:00,153.724,153.727,0.003,181
2026-09-11T18:43:11.164+00:00,153.722,153.725,0.003,181
2026-09-11T18:43:11.565+00:00,153.723,153.726,0.003,181
2026-09-11T18:43:11.967+00:00,153.724,153.727,0.003,181
2026-09-11T18:43:12.166+00:00,153.723,153.726,0.003,181
2026-09-11T18:43:12.420+00:00,153.724,153.727,0.003,181
2026-09-11T18:43:12.622+00:00,153.723,153.726,0.003,181
2026-09-11T18:43:13.022+00:00,153.724,153.727,0.003,181
2026-09-11T18:43:13.622+00:00,153.726,153.729,0.003,182
2026-09-11T18:43:14.609+00:00,153.725,153.728,0.003,182
2026-09-11T18:43:14.807+00:00,153.723,153.726,0.003,182
2026-09-11T18:43:15.026+00:00,153.725,153.728,0.003,182
2026-09-11T18:43:15.412+00:00,153.723,153.726,0.003,182
2026-09-11T18:43:15.616+00:00,153.723,153.725,0.002,182
2026-09-11T18:43:15.831+00:00,153.725,153.728,0.003,182
2026-09-11T18:43:16.420+00:00,153.724,153.727,0.003,182
2026-09-11T18:43:16.612+00:00,153.725,153.728,0.003,182
2026-09-11T18:43:17.998+00:00,153.722,153.725,0.003,182
2026-09-11T18:43:18.198+00:00,153.725,153.728,0.003,182
2026-09-11T18:43:18.400+00:00,153.723,153.726,0.003,182
2026-09-11T18:43:18.605+00:00,153.726,153.729,0.003,182
2026-09-11T18:43:19.011+00:00,153.725,153.728,0.003,182
2026-09-11T18:43:19.518+00:00,153.723,153.726,0.003,182
2026-09-11T18:43:19.721+00:00,153.726,153.729,0.003,182
2026-09-11T18:43:19.921+00:00,153.723,153.726,0.003,182
2026-09-11T18:43:20.121+00:00,153.725,153.728,0.003,182
2026-09-11T18:43:20.323+00:00,153.724,153.727,0.003,182
2026-09-11T18:43:20.725+00:00,153.726,153.729,0.003,182
2026-09-11T18:43:22.496+00:00,153.724,153.727,0.003,182
2026-09-11T18:43:22.899+00:00,153.726,153.729,0.003,182
2026-09-11T18:43:23.099+00:00,153.724,153.727,0.003,182
2026-09-11T18:43:23.306+00:00,153.726,153.729,0.003,182
2026-09-11T18:43:25.023+00:00,153.724,153.727,0.003,182
2026-09-11T18:43:25.844+00:00,153.723,153.726,0.003,182
2026-09-11T18:43:26.048+00:00,153.726,153.729,0.003,182
2026-09-11T18:43:26.246+00:00,153.724,153.727,0.003,182
2026-09-11T18:43:26.453+00:00,153.726,153.729,0.003,182
2026-09-11T18:43:26.947+00:00,153.723,153.726,0.003,182
2026-09-11T18:43:27.147+00:00,153.723,153.725,0.002,182
2026-09-11T18:43:27.348+00:00,153.726,153.729,0.003,182
2026-09-11T18:43:27.550+00:00,153.725,153.728,0.003,182
2026-09-11T18:43:27.752+00:00,153.726,153.729,0.003,182
2026-09-11T18:43:28.153+00:00,153.724,153.727,0.003,182
2026-09-11T18:43:28.354+00:00,153.726,153.729,0.003,182
2026-09-11T18:43:28.573+00:00,153.724,153.727,0.003,182
2026-09-11T18:43:28.773+00:00,153.726,153.729,0.003,182
2026-09-11T18:43:28.974+00:00,153.728,153.729,0.001,182
2026-09-11T18:43:29.177+00:00,153.728,153.731,0.003,182
2026-09-11T18:43:29.379+00:00,153.731,153.734,0.003,182
2026-09-11T18:43:34.520+00:00,153.732,153.735,0.003,182
2026-09-11T18:43:35.615+00:00,153.73,153.733,0.003,182
2026-09-11T18:43:36.016+00:00,153.725,153.728,0.003,182
2026-09-11T18:43:36.217+00:00,153.725,153.726,0.001,182
2026-09-11T18:43:36.417+00:00,153.725,153.728,0.003,182
2026-09-11T18:43:36.617+00:00,153.726,153.727,0.001,182
2026-09-11T18:43:36.818+00:00,153.725,153.728,0.003,182
2026-09-11T18:43:38.069+00:00,153.726,153.729,0.003,182
2026-09-11T18:43:38.271+00:00,153.725,153.728,0.003,182
2026-09-11T18:43:38.677+00:00,153.726,153.729,0.003,183
2026-09-11T18:43:38.877+00:00,153.725,153.728,0.003,183
2026-09-11T18:43:39.079+00:00,153.726,153.729,0.003,183
2026-09-11T18:43:39.278+00:00,153.727,153.73,0.003,183
2026-09-11T18:43:39.483+00:00,153.727,153.728,0.001,183
2026-09-11T18:43:39.884+00:00,153.726,153.729,0.003,183
2026-09-11T18:43:40.102+00:00,153.728,153.731,0.003,183
2026-09-11T18:43:40.300+00:00,153.729,153.732,0.003,183
2026-09-11T18:43:41.941+00:00,153.728,153.731,0.003,183
2026-09-11T18:43:42.743+00:00,153.729,153.732,0.003,183
2026-09-11T18:43:43.183+00:00,153.728,153.731,0.003,183
2026-09-11T18:43:44.389+00:00,153.729,153.732,0.003,183
2026-09-11T18:43:44.593+00:00,153.728,153.731,0.003,183
2026-09-11T18:43:45.401+00:00,153.729,153.732,0.003,183
2026-09-11T18:43:45.597+00:00,153.728,153.731,0.003,183
2026-09-11T18:43:45.999+00:00,153.729,153.732,0.003,183
2026-09-11T18:43:46.200+00:00,153.728,153.731,0.003,183
2026-09-11T18:43:48.622+00:00,153.727,153.73,0.003,183
2026-09-11T18:43:48.824+00:00,153.728,153.731,0.003,183
2026-09-11T18:43:49.424+00:00,153.729,153.732,0.003,183
2026-09-11T18:43:49.643+00:00,153.728,153.731,0.003,183
2026-09-11T18:43:50.245+00:00,153.727,153.73,0.003,183
2026-09-11T18:43:50.849+00:00,153.728,153.731,0.003,183
2026-09-11T18:43:51.454+00:00,153.725,153.727,0.002,183
2026-09-11T18:43:51.656+00:00,153.726,153.729,0.003,183
2026-09-11T18:43:51.856+00:00,153.725,153.728,0.003,183
2026-09-11T18:43:52.187+00:00,153.726,153.729,0.003,183
2026-09-11T18:43:52.594+00:00,153.725,153.728,0.003,183
2026-09-11T18:43:52.790+00:00,153.726,153.729,0.003,183
2026-09-11T18:43:53.243+00:00,153.725,153.727,0.002,183
2026-09-11T18:43:53.441+00:00,153.726,153.727,0.001,183
2026-09-11T18:43:53.843+00:00,153.725,153.728,0.003,183
2026-09-11T18:43:54.212+00:00,153.726,153.729,0.003,183
2026-09-11T18:43:54.267+00:00,153.725,153.728,0.003,183
2026-09-11T18:43:54.883+00:00,153.726,153.727,0.001,183
2026-09-11T18:43:55.083+00:00,153.726,153.729,0.003,183
2026-09-11T18:43:55.287+00:00,153.725,153.728,0.003,183
2026-09-11T18:43:55.489+00:00,153.726,153.729,0.003,183
2026-09-11T18:43:56.376+00:00,153.725,153.728,0.003,183
2026-09-11T18:43:56.578+00:00,153.727,153.728,0.001,183
2026-09-11T18:43:56.788+00:00,153.726,153.729,0.003,183
2026-09-11T18:43:57.057+00:00,153.725,153.728,0.003,183
2026-09-11T18:43:57.262+00:00,153.725,153.727,0.002,183
2026-09-11T18:43:57.465+00:00,153.727,153.728,0.001,183
2026-09-11T18:43:57.673+00:00,153.725,153.727,0.002,183
2026-09-11T18:43:57.875+00:00,153.725,153.728,0.003,183
2026-09-11T18:43:58.069+00:00,153.726,153.729,0.003,183
2026-09-11T18:43:58.269+00:00,153.725,153.728,0.003,183
2026-09-11T18:43:58.670+00:00,153.724,153.727,0.003,183
2026-09-11T18:43:59.274+00:00,153.725,153.728,0.003,183
2026-09-11T18:43:59.874+00:00,153.724,153.727,0.003,183
2026-09-11T18:44:00.282+00:00,153.723,153.726,0.003,183
2026-09-11T18:44:00.482+00:00,153.724,153.727,0.003,183
2026-09-11T18:44:00.688+00:00,153.725,153.728,0.003,183
2026-09-11T18:44:00.890+00:00,153.724,153.727,0.003,183
2026-09-11T18:44:01.089+00:00,153.725,153.728,0.003,183
2026-09-11T18:44:01.286+00:00,153.724,153.727,0.003,183
2026-09-11T18:44:01.889+00:00,153.726,153.727,0.001,183
2026-09-11T18:44:02.289+00:00,153.725,153.728,0.003,183
2026-09-11T18:44:03.296+00:00,153.726,153.729,0.003,183
2026-09-11T18:44:03.495+00:00,153.725,153.728,0.003,183
2026-09-11T18:44:04.097+00:00,153.724,153.726,0.002,184
2026-09-11T18:44:04.301+00:00,153.725,153.728,0.003,184
2026-09-11T18:44:04.501+00:00,153.726,153.729,0.003,184
2026-09-11T18:44:05.507+00:00,153.727,153.73,0.003,184
2026-09-11T18:44:05.911+00:00,153.726,153.729,0.003,184
2026-09-11T18:44:06.116+00:00,153.727,153.73,0.003,184
2026-09-11T18:44:06.516+00:00,153.726,153.729,0.003,184
2026-09-11T18:44:06.920+00:00,153.725,153.727,0.002,184
2026-09-11T18:44:07.123+00:00,153.726,153.729,0.003,184
2026-09-11T18:44:07.323+00:00,153.725,153.728,0.003,184
2026-09-11T18:44:07.724+00:00,153.725,153.727,0.002,184
2026-09-11T18:44:07.926+00:00,153.725,153.728,0.003,184
2026-09-11T18:44:08.125+00:00,153.725,153.727,0.002,184
2026-09-11T18:44:08.326+00:00,153.726,153.729,0.003,184
2026-09-11T18:44:08.526+00:00,153.725,153.728,0.003,184
2026-09-11T18:44:08.727+00:00,153.726,153.729,0.003,184
2026-09-11T18:44:08.927+00:00,153.725,153.728,0.003,184
2026-09-11T18:44:09.131+00:00,153.727,153.73,0.003,184
2026-09-11T18:44:09.330+00:00,153.726,153.729,0.003,184
2026-09-11T18:44:09.931+00:00,153.726,153.728,0.002,184
2026-09-11T18:44:10.134+00:00,153.726,153.729,0.003,184
2026-09-11T18:44:11.278+00:00,153.725,153.728,0.003,184
2026-09-11T18:44:11.477+00:00,153.726,153.727,0.001,184
2026-09-11T18:44:11.676+00:00,153.725,153.728,0.003,184
2026-09-11T18:44:12.083+00:00,153.724,153.726,0.002,184
2026-09-11T18:44:12.287+00:00,153.724,153.727,0.003,184
2026-09-11T18:44:12.685+00:00,153.725,153.728,0.003,184
2026-09-11T18:44:13.089+00:00,153.725,153.727,0.002,184
2026-09-11T18:44:13.288+00:00,153.726,153.729,0.003,184
2026-09-11T18:44:13.489+00:00,153.725,153.727,0.002,184
2026-09-11T18:44:13.690+00:00,153.726,153.729,0.003,184
2026-09-11T18:44:14.292+00:00,153.725,153.727,0.002,184
2026-09-11T18:44:14.493+00:00,153.726,153.729,0.003,184
2026-09-11T18:44:15.098+00:00,153.724,153.726,0.002,184
2026-09-11T18:44:15.298+00:00,153.726,153.729,0.003,184
2026-09-11T18:44:15.698+00:00,153.725,153.727,0.002,184
2026-09-11T18:44:15.899+00:00,153.725,153.728,0.003,184
2026-09-11T18:44:16.100+00:00,153.726,153.727,0.001,184
2026-09-11T18:44:16.787+00:00,153.727,153.728,0.001,184
2026-09-11T18:44:16.989+00:00,153.725,153.727,0.002,184
2026-09-11T18:44:17.195+00:00,153.726,153.729,0.003,184
2026-09-11T18:44:18.320+00:00,153.725,153.728,0.003,184
2026-09-11T18:44:18.720+00:00,153.724,153.726,0.002,184
2026-09-11T18:44:18.924+00:00,153.726,153.729,0.003,184
2026-09-11T18:44:19.124+00:00,153.726,153.727,0.001,184
2026-09-11T18:44:19.932+00:00,153.724,153.726,0.002,184
2026-09-11T18:44:20.330+00:00,153.726,153.729,0.003,184
2026-09-11T18:44:20.533+00:00,153.725,153.728,0.003,184
2026-09-11T18:44:20.733+00:00,153.724,153.726,0.002,184
2026-09-11T18:44:20.933+00:00,153.726,153.729,0.003,184
2026-09-11T18:44:21.134+00:00,153.725,153.727,0.002,184
2026-09-11T18:44:21.336+00:00,153.724,153.726,0.002,184
2026-09-11T18:44:21.538+00:00,153.726,153.729,0.003,184
2026-09-11T18:44:21.737+00:00,153.724,153.727,0.003,184
2026-09-11T18:44:21.939+00:00,153.726,153.727,0.001,184
2026-09-11T18:44:22.138+00:00,153.725,153.728,0.003,184
2026-09-11T18:44:22.549+00:00,153.724,153.726,0.002,184
2026-09-11T18:44:22.757+00:00,153.725,153.728,0.003,184
2026-09-11T18:44:23.164+00:00,153.724,153.726,0.002,184
2026-09-11T18:44:23.365+00:00,153.725,153.728,0.003,184
2026-09-11T18:44:23.770+00:00,153.726,153.729,0.003,184
2026-09-11T18:44:24.169+00:00,153.724,153.726,0.002,184
2026-09-11T18:44:24.370+00:00,153.726,153.729,0.003,184
2026-09-11T18:44:24.774+00:00,153.726,153.727,0.001,184
2026-09-11T18:44:24.971+00:00,153.725,153.728,0.003,184
2026-09-11T18:44:25.372+00:00,153.726,153.729,0.003,184
2026-09-11T18:44:25.572+00:00,153.725,153.728,0.003,184
2026-09-11T18:44:26.276+00:00,153.724,153.726,0.002,184
2026-09-11T18:44:26.475+00:00,153.725,153.728,0.003,184
2026-09-11T18:44:26.677+00:00,153.726,153.729,0.003,184
2026-09-11T18:44:26.878+00:00,153.724,153.727,0.003,184
2026-09-11T18:44:27.079+00:00,153.724,153.726,0.002,184
2026-09-11T18:44:27.279+00:00,153.726,153.727,0.001,184
2026-09-11T18:44:27.568+00:00,153.725,153.728,0.003,184
2026-09-11T18:44:27.767+00:00,153.724,153.727,0.003,184
2026-09-11T18:44:28.129+00:00,153.726,153.729,0.003,184
2026-09-11T18:44:28.332+00:00,153.724,153.727,0.003,184
2026-09-11T18:44:28.535+00:00,153.725,153.728,0.003,184
2026-09-11T18:44:28.733+00:00,153.723,153.726,0.003,185
2026-09-11T18:44:28.933+00:00,153.724,153.727,0.003,185
2026-09-11T18:44:29.134+00:00,153.726,153.729,0.003,185
2026-09-11T18:44:29.334+00:00,153.725,153.728,0.003,185
2026-09-11T18:44:29.538+00:00,153.726,153.729,0.003,185
2026-09-11T18:44:29.940+00:00,153.724,153.727,0.003,185
2026-09-11T18:44:30.139+00:00,153.725,153.728,0.003,185
2026-09-11T18:44:30.739+00:00,153.724,153.726,0.002,185
2026-09-11T18:44:31.520+00:00,153.723,153.726,0.003,185
2026-09-11T18:44:31.754+00:00,153.724,153.727,0.003,185
2026-09-11T18:44:32.123+00:00,153.721,153.724,0.003,185
2026-09-11T18:44:32.320+00:00,153.723,153.726,0.003,185
2026-09-11T18:44:32.521+00:00,153.721,153.724,0.003,185
2026-09-11T18:44:32.720+00:00,153.722,153.724,0.002,185
2026-09-11T18:44:32.922+00:00,153.723,153.726,0.003,185
2026-09-11T18:44:33.125+00:00,153.722,153.724,0.002,185
2026-09-11T18:44:33.356+00:00,153.72,153.723,0.003,185
2026-09-11T18:44:33.569+00:00,153.722,153.724,0.002,185
2026-09-11T18:44:33.762+00:00,153.722,153.725,0.003,185
2026-09-11T18:44:34.164+00:00,153.723,153.726,0.003,185
2026-09-11T18:44:34.446+00:00,153.722,153.725,0.003,185
2026-09-11T18:44:34.647+00:00,153.721,153.724,0.003,185
2026-09-11T18:44:35.053+00:00,153.723,153.726,0.003,185
2026-09-11T18:44:35.253+00:00,153.722,153.725,0.003,185
2026-09-11T18:44:35.764+00:00,153.723,153.726,0.003,185
2026-09-11T18:44:35.965+00:00,153.721,153.724,0.003,185
2026-09-11T18:44:36.366+00:00,153.723,153.726,0.003,185
2026-09-11T18:44:36.569+00:00,153.722,153.725,0.003,185
2026-09-11T18:44:36.775+00:00,153.721,153.724,0.003,185
2026-09-11T18:44:36.970+00:00,153.722,153.725,0.003,185
2026-09-11T18:44:37.976+00:00,153.721,153.724,0.003,185
2026-09-11T18:44:38.182+00:00,153.722,153.725,0.003,185
2026-09-11T18:44:38.386+00:00,153.721,153.724,0.003,185
2026-09-11T18:44:38.862+00:00,153.722,153.725,0.003,185
2026-09-11T18:44:39.091+00:00,153.721,153.724,0.003,185
2026-09-11T18:44:39.293+00:00,153.722,153.725,0.003,185
2026-09-11T18:44:39.928+00:00,153.721,153.724,0.003,185
2026-09-11T18:44:40.136+00:00,153.722,153.725,0.003,185
2026-09-11T18:44:40.340+00:00,153.72,153.723,0.003,185
2026-09-11T18:44:40.540+00:00,153.721,153.724,0.003,185
2026-09-11T18:44:40.740+00:00,153.722,153.725,0.003,185
2026-09-11T18:44:40.942+00:00,153.723,153.726,0.003,185
2026-09-11T18:44:41.141+00:00,153.721,153.724,0.003,185
2026-09-11T18:44:41.365+00:00,153.723,153.726,0.003,185
2026-09-11T18:44:42.767+00:00,153.722,153.725,0.003,185
2026-09-11T18:44:43.134+00:00,153.723,153.726,0.003,185
2026-09-11T18:44:43.797+00:00,153.722,153.725,0.003,185
2026-09-11T18:44:44.956+00:00,153.721,153.723,0.002,185
2026-09-11T18:44:46.728+00:00,153.722,153.725,0.003,185
2026-09-11T18:44:47.339+00:00,153.723,153.726,0.003,185
2026-09-11T18:44:47.751+00:00,153.722,153.725,0.003,185
2026-09-11T18:44:48.608+00:00,153.721,153.723,0.002,185
2026-09-11T18:44:49.007+00:00,153.723,153.726,0.003,185
2026-09-11T18:44:49.208+00:00,153.722,153.725,0.003,185
2026-09-11T18:44:49.407+00:00,153.726,153.729,0.003,185
2026-09-11T18:44:50.012+00:00,153.724,153.727,0.003,185
2026-09-11T18:44:50.214+00:00,153.725,153.728,0.003,185
2026-09-11T18:44:50.820+00:00,153.724,153.727,0.003,185
2026-09-11T18:44:53.750+00:00,153.725,153.728,0.003,186
2026-09-11T18:44:53.950+00:00,153.728,153.731,0.003,186
2026-09-11T18:44:54.154+00:00,153.73,153.733,0.003,186
2026-09-11T18:44:54.358+00:00,153.726,153.729,0.003,186
2026-09-11T18:44:54.563+00:00,153.729,153.732,0.003,186
2026-09-11T18:44:57.456+00:00,153.73,153.733,0.003,186
2026-09-11T18:44:57.858+00:00,153.729,153.732,0.003,186
2026-09-11T18:44:58.059+00:00,153.731,153.734,0.003,186
2026-09-11T18:44:58.464+00:00,153.73,153.733,0.003,186
2026-09-11T18:44:58.673+00:00,153.731,153.734,0.003,186
2026-09-11T18:44:59.266+00:00,153.73,153.733,0.003,186
2026-09-11T18:45:00.346+00:00,153.731,153.734,0.003,186
2026-09-11T18:45:00.745+00:00,153.731,153.737,0.006,186
2026-09-11T18:45:00.945+00:00,153.731,153.734,0.003,186
2026-09-11T18:45:01.152+00:00,153.732,153.736,0.004,186
2026-09-11T18:45:01.355+00:00,153.732,153.738,0.006,186
2026-09-11T18:45:01.555+00:00,153.732,153.737,0.005,186
2026-09-11T18:45:01.751+00:00,153.733,153.738,0.005,186
2026-09-11T18:45:01.951+00:00,153.732,153.735,0.003,186
2026-09-11T18:45:02.151+00:00,153.731,153.734,0.003,186
2026-09-11T18:45:02.353+00:00,153.732,153.735,0.003,186
2026-09-11T18:45:02.555+00:00,153.733,153.736,0.003,186
2026-09-11T18:45:02.955+00:00,153.735,153.736,0.001,186
2026-09-11T18:45:03.155+00:00,153.734,153.735,0.001,186
2026-09-11T18:45:03.354+00:00,153.733,153.736,0.003,186
2026-09-11T18:45:03.995+00:00,153.732,153.736,0.004,186
2026-09-11T18:45:04.398+00:00,153.733,153.736,0.003,186
2026-09-11T18:45:05.205+00:00,153.734,153.737,0.003,186
2026-09-11T18:45:06.218+00:00,153.733,153.736,0.003,186
2026-09-11T18:45:07.816+00:00,153.732,153.735,0.003,186
2026-09-11T18:45:08.220+00:00,153.734,153.735,0.001,186
2026-09-11T18:45:08.418+00:00,153.732,153.735,0.003,186
2026-09-11T18:45:09.221+00:00,153.731,153.734,0.003,186
2026-09-11T18:45:11.723+00:00,153.732,153.735,0.003,186
2026-09-11T18:45:11.924+00:00,153.732,153.736,0.004,186
2026-09-11T18:45:12.326+00:00,153.732,153.735,0.003,186
2026-09-11T18:45:15.679+00:00,153.731,153.734,0.003,186
2026-09-11T18:45:15.877+00:00,153.732,153.735,0.003,186
2026-09-11T18:45:16.770+00:00,153.738,153.741,0.003,186
2026-09-11T18:45:16.976+00:00,153.739,153.74,0.001,186
2026-09-11T18:45:17.375+00:00,153.739,153.742,0.003,186
2026-09-11T18:45:17.575+00:00,153.738,153.741,0.003,186
2026-09-11T18:45:17.777+00:00,153.739,153.742,0.003,186
2026-09-11T18:45:18.582+00:00,153.738,153.741,0.003,186
2026-09-11T18:45:19.916+00:00,153.739,153.74,0.001,187
2026-09-11T18:45:20.520+00:00,153.738,153.741,0.003,187
2026-09-11T18:45:21.315+00:00,153.739,153.74,0.001,187
2026-09-11T18:45:21.511+00:00,153.738,153.741,0.003,187
2026-09-11T18:45:24.965+00:00,153.737,153.74,0.003,187
2026-09-11T18:45:27.275+00:00,153.736,153.739,0.003,187
2026-09-11T18:45:27.471+00:00,153.738,153.739,0.001,187
2026-09-11T18:45:27.671+00:00,153.737,153.738,0.001,187
2026-09-11T18:45:27.870+00:00,153.738,153.739,0.001,187
2026-09-11T18:45:28.071+00:00,153.737,153.74,0.003,187
2026-09-11T18:45:28.923+00:00,153.736,153.739,0.003,187
2026-09-11T18:45:29.124+00:00,153.737,153.74,0.003,187
2026-09-11T18:45:29.325+00:00,153.738,153.741,0.003,187
2026-09-11T18:45:29.731+00:00,153.739,153.74,0.001,187
2026-09-11T18:45:29.928+00:00,153.74,153.741,0.001,187
2026-09-11T18:45:31.016+00:00,153.739,153.74,0.001,187
2026-09-11T18:45:32.108+00:00,153.737,153.739,0.002,187
2026-09-11T18:45:32.309+00:00,153.741,153.744,0.003,187
2026-09-11T18:45:32.522+00:00,153.74,153.743,0.003,187
2026-09-11T18:45:32.713+00:00,153.741,153.744,0.003,187
2026-09-11T18:45:33.407+00:00,153.74,153.743,0.003,187
2026-09-11T18:45:34.583+00:00,153.741,153.744,0.003,187
2026-09-11T18:45:34.786+00:00,153.74,153.743,0.003,187
2026-09-11T18:45:34.987+00:00,153.739,153.742,0.003,187
2026-09-11T18:45:35.185+00:00,153.74,153.743,0.003,187
2026-09-11T18:45:39.225+00:00,153.741,153.744,0.003,187
2026-09-11T18:45:39.626+00:00,153.743,153.746,0.003,187
2026-09-11T18:45:39.826+00:00,153.742,153.745,0.003,187
2026-09-11T18:45:40.230+00:00,153.741,153.744,0.003,187
2026-09-11T18:45:40.631+00:00,153.742,153.745,0.003,187
2026-09-11T18:45:40.834+00:00,153.741,153.743,0.002,187
2026-09-11T18:45:41.035+00:00,153.742,153.745,0.003,187
2026-09-11T18:45:41.236+00:00,153.741,153.744,0.003,187
2026-09-11T18:45:41.838+00:00,153.742,153.745,0.003,187
2026-09-11T18:45:42.443+00:00,153.741,153.744,0.003,187
2026-09-11T18:45:42.704+00:00,153.741,153.743,0.002,187
2026-09-11T18:45:44.101+00:00,153.737,153.743,0.006,188
2026-09-11T18:45:44.703+00:00,153.738,153.745,0.007,188
2026-09-11T18:45:44.905+00:00,153.742,153.746,0.004,188
2026-09-11T18:45:45.308+00:00,153.74,153.744,0.004,188
2026-09-11T18:45:45.508+00:00,153.742,153.745,0.003,188
2026-09-11T18:45:46.113+00:00,153.741,153.744,0.003,188
2026-09-11T18:45:47.712+00:00,153.742,153.745,0.003,188
2026-09-11T18:45:50.134+00:00,153.741,153.744,0.003,188
2026-09-11T18:45:54.168+00:00,153.742,153.745,0.003,188
2026-09-11T18:45:56.310+00:00,153.744,153.747,0.003,188
2026-09-11T18:45:56.511+00:00,153.755,153.756,0.001,188
2026-09-11T18:45:56.714+00:00,153.752,153.755,0.003,188
2026-09-11T18:45:56.914+00:00,153.749,153.75,0.001,188
2026-09-11T18:45:57.115+00:00,153.748,153.751,0.003,188
2026-09-11T18:45:58.121+00:00,153.747,153.75,0.003,188
2026-09-11T18:46:01.866+00:00,153.748,153.751,0.003,188
2026-09-11T18:46:02.066+00:00,153.747,153.75,0.003,188
2026-09-11T18:46:04.676+00:00,153.746,153.749,0.003,188
2026-09-11T18:46:05.528+00:00,153.747,153.75,0.003,188
2026-09-11T18:46:06.537+00:00,153.746,153.749,0.003,188
2026-09-11T18:46:06.731+00:00,153.747,153.75,0.003,188
2026-09-11T18:46:08.202+00:00,153.746,153.749,0.003,188
2026-09-11T18:46:08.377+00:00,153.747,153.75,0.003,188
2026-09-11T18:46:08.987+00:00,153.746,153.749,0.003,188
2026-09-11T18:46:09.186+00:00,153.748,153.749,0.001,189
2026-09-11T18:46:09.381+00:00,153.748,153.751,0.003,189
2026-09-11T18:46:10.393+00:00,153.749,153.752,0.003,189
2026-09-11T18:46:10.590+00:00,153.748,153.751,0.003,189
2026-09-11T18:46:11.593+00:00,153.749,153.752,0.003,189
2026-09-11T18:46:12.000+00:00,153.75,153.753,0.003,189
2026-09-11T18:46:12.199+00:00,153.749,153.752,0.003,189
2026-09-11T18:46:12.400+00:00,153.75,153.753,0.003,189
2026-09-11T18:46:12.638+00:00,153.752,153.753,0.001,189
2026-09-11T18:46:12.873+00:00,153.751,153.753,0.002,189
2026-09-11T18:46:13.027+00:00,153.752,153.755,0.003,189
2026-09-11T18:46:13.223+00:00,153.753,153.756,0.003,189
2026-09-11T18:46:13.603+00:00,153.751,153.754,0.003,189
2026-09-11T18:46:14.116+00:00,153.753,153.756,0.003,189
2026-09-11T18:46:14.206+00:00,153.752,153.754,0.002,189
2026-09-11T18:46:14.688+00:00,153.753,153.756,0.003,189
2026-09-11T18:46:15.272+00:00,153.752,153.755,0.003,189
2026-09-11T18:46:15.673+00:00,153.753,153.756,0.003,189
2026-09-11T18:46:16.274+00:00,153.752,153.755,0.003,189
2026-09-11T18:46:16.474+00:00,153.749,153.752,0.003,189
2026-09-11T18:46:16.676+00:00,153.747,153.75,0.003,189
2026-09-11T18:46:17.276+00:00,153.746,153.748,0.002,189
2026-09-11T18:46:17.477+00:00,153.744,153.747,0.003,189
2026-09-11T18:46:17.678+00:00,153.745,153.748,0.003,189
2026-09-11T18:46:17.879+00:00,153.744,153.747,0.003,189
2026-09-11T18:46:18.078+00:00,153.745,153.748,0.003,189
2026-09-11T18:46:19.287+00:00,153.744,153.747,0.003,189
2026-09-11T18:46:19.486+00:00,153.745,153.748,0.003,189
2026-09-11T18:46:19.888+00:00,153.744,153.747,0.003,189
2026-09-11T18:46:20.704+00:00,153.747,153.75,0.003,189
2026-09-11T18:46:21.305+00:00,153.75,153.753,0.003,189
2026-09-11T18:46:21.505+00:00,153.753,153.756,0.003,189
2026-09-11T18:46:21.705+00:00,153.752,153.755,0.003,189
2026-09-11T18:46:21.905+00:00,153.751,153.754,0.003,189
2026-09-11T18:46:22.107+00:00,153.75,153.753,0.003,189
2026-09-11T18:46:22.311+00:00,153.751,153.754,0.003,189
2026-09-11T18:46:23.320+00:00,153.749,153.752,0.003,189
2026-09-11T18:46:23.521+00:00,153.75,153.753,0.003,189
2026-09-11T18:46:23.922+00:00,153.749,153.752,0.003,189
2026-09-11T18:46:24.324+00:00,153.75,153.753,0.003,189
2026-09-11T18:46:24.525+00:00,153.751,153.754,0.003,189
2026-09-11T18:46:25.753+00:00,153.752,153.755,0.003,189
2026-09-11T18:46:27.945+00:00,153.749,153.752,0.003,189
2026-09-11T18:46:28.150+00:00,153.75,153.753,0.003,189
2026-09-11T18:46:28.350+00:00,153.749,153.752,0.003,189
2026-09-11T18:46:28.557+00:00,153.75,153.753,0.003,189
2026-09-11T18:46:28.756+00:00,153.749,153.752,0.003,189
2026-09-11T18:46:28.955+00:00,153.75,153.753,0.003,189
2026-09-11T18:46:29.159+00:00,153.749,153.753,0.004,189
2026-09-11T18:46:29.560+00:00,153.75,153.753,0.003,189
2026-09-11T18:46:31.174+00:00,153.749,153.752,0.003,189
2026-09-11T18:46:31.576+00:00,153.75,153.753,0.003,189
2026-09-11T18:46:32.611+00:00,153.751,153.754,0.003,189
2026-09-11T18:46:32.811+00:00,153.751,153.755,0.004,189
2026-09-11T18:46:33.215+00:00,153.75,153.754,0.004,189
2026-09-11T18:46:33.415+00:00,153.752,153.755,0.003,189
2026-09-11T18:46:33.876+00:00,153.749,153.752,0.003,189
2026-09-11T18:46:34.762+00:00,153.748,153.751,0.003,190
2026-09-11T18:46:34.965+00:00,153.747,153.75,0.003,190
2026-09-11T18:46:35.367+00:00,153.748,153.751,0.003,190
2026-09-11T18:46:37.812+00:00,153.747,153.75,0.003,190
2026-09-11T18:46:38.013+00:00,153.75,153.753,0.003,190
2026-09-11T18:46:38.413+00:00,153.748,153.751,0.003,190
2026-09-11T18:46:38.613+00:00,153.75,153.752,0.002,190
2026-09-11T18:46:38.814+00:00,153.751,153.754,0.003,190
2026-09-11T18:46:39.218+00:00,153.75,153.752,0.002,190
2026-09-11T18:46:39.419+00:00,153.75,153.753,0.003,190
2026-09-11T18:46:39.828+00:00,153.751,153.754,0.003,190
2026-09-11T18:46:40.231+00:00,153.75,153.753,0.003,190
2026-09-11T18:46:40.636+00:00,153.752,153.755,0.003,190
2026-09-11T18:46:41.037+00:00,153.753,153.756,0.003,190
2026-09-11T18:46:41.238+00:00,153.755,153.758,0.003,190
2026-09-11T18:46:41.438+00:00,153.756,153.759,0.003,190
2026-09-11T18:46:42.451+00:00,153.755,153.758,0.003,190
2026-09-11T18:46:42.655+00:00,153.756,153.759,0.003,190
2026-09-11T18:46:42.855+00:00,153.757,153.76,0.003,190
2026-09-11T18:46:43.059+00:00,153.756,153.759,0.003,190
2026-09-11T18:46:43.458+00:00,153.757,153.76,0.003,190
2026-09-11T18:46:44.061+00:00,153.758,153.761,0.003,190
2026-09-11T18:46:44.262+00:00,153.759,153.762,0.003,190
2026-09-11T18:46:45.500+00:00,153.757,153.76,0.003,190
2026-09-11T18:46:45.702+00:00,153.755,153.758,0.003,190
2026-09-11T18:46:45.902+00:00,153.757,153.76,0.003,190
2026-09-11T18:46:46.506+00:00,153.755,153.758,0.003,190
2026-09-11T18:46:46.719+00:00,153.756,153.759,0.003,190
2026-09-11T18:46:46.924+00:00,153.754,153.756,0.002,190
2026-09-11T18:46:47.110+00:00,153.754,153.757,0.003,190
2026-09-11T18:46:47.314+00:00,153.753,153.756,0.003,190
2026-09-11T18:46:47.515+00:00,153.752,153.755,0.003,190
2026-09-11T18:46:47.717+00:00,153.753,153.756,0.003,190
2026-09-11T18:46:47.916+00:00,153.755,153.758,0.003,190
2026-09-11T18:46:48.330+00:00,153.756,153.759,0.003,190
2026-09-11T18:46:49.132+00:00,153.757,153.76,0.003,190
2026-09-11T18:46:49.331+00:00,153.757,153.759,0.002,190
2026-09-11T18:46:49.535+00:00,153.756,153.758,0.002,190
2026-09-11T18:46:49.738+00:00,153.755,153.758,0.003,190
2026-09-11T18:46:50.323+00:00,153.755,153.757,0.002,190
2026-09-11T18:46:50.506+00:00,153.756,153.759,0.003,190
2026-09-11T18:46:51.109+00:00,153.757,153.76,0.003,190
2026-09-11T18:46:51.508+00:00,153.758,153.761,0.003,190
2026-09-11T18:46:51.713+00:00,153.754,153.759,0.005,190
2026-09-11T18:46:51.914+00:00,153.757,153.76,0.003,190
2026-09-11T18:46:52.444+00:00,153.756,153.759,0.003,190
2026-09-11T18:46:52.644+00:00,153.757,153.76,0.003,190
2026-09-11T18:46:53.244+00:00,153.759,153.762,0.003,190
2026-09-11T18:46:53.445+00:00,153.757,153.76,0.003,190
2026-09-11T18:46:53.647+00:00,153.759,153.762,0.003,190
2026-09-11T18:46:54.047+00:00,153.758,153.761,0.003,190
2026-09-11T18:46:54.249+00:00,153.757,153.76,0.003,190
2026-09-11T18:46:54.458+00:00,153.758,153.761,0.003,190
2026-09-11T18:46:54.653+00:00,153.759,153.762,0.003,190
2026-09-11T18:46:54.854+00:00,153.758,153.761,0.003,190
2026-09-11T18:46:56.262+00:00,153.759,153.762,0.003,190
2026-09-11T18:46:56.664+00:00,153.758,153.761,0.003,190
2026-09-11T18:46:57.073+00:00,153.759,153.762,0.003,190
2026-09-11T18:46:58.082+00:00,153.759,153.76,0.001,190
2026-09-11T18:46:58.281+00:00,153.76,153.761,0.001,190
2026-09-11T18:46:58.685+00:00,153.759,153.76,0.001,190
2026-09-11T18:46:58.958+00:00,153.755,153.758,0.003,190
2026-09-11T18:46:59.161+00:00,153.756,153.759,0.003,190
2026-09-11T18:46:59.409+00:00,153.755,153.758,0.003,190
2026-09-11T18:46:59.763+00:00,153.756,153.759,0.003,191
2026-09-11T18:46:59.965+00:00,153.757,153.76,0.003,191
2026-09-11T18:47:00.165+00:00,153.755,153.758,0.003,191
2026-09-11T18:47:00.367+00:00,153.757,153.76,0.003,191
2026-09-11T18:47:00.568+00:00,153.756,153.759,0.003,191
2026-09-11T18:47:00.766+00:00,153.757,153.76,0.003,191
2026-09-11T18:47:01.171+00:00,153.756,153.759,0.003,191
2026-09-11T18:47:01.573+00:00,153.755,153.758,0.003,191
2026-09-11T18:47:02.575+00:00,153.756,153.759,0.003,191
2026-09-11T18:47:02.781+00:00,153.754,153.757,0.003,191
2026-09-11T18:47:02.977+00:00,153.756,153.759,0.003,191
2026-09-11T18:47:03.784+00:00,153.754,153.757,0.003,191
2026-09-11T18:47:04.185+00:00,153.755,153.758,0.003,191
2026-09-11T18:47:04.389+00:00,153.752,153.755,0.003,191
2026-09-11T18:47:04.587+00:00,153.755,153.758,0.003,191
2026-09-11T18:47:05.192+00:00,153.756,153.759,0.003,191
2026-09-11T18:47:06.353+00:00,153.755,153.757,0.002,191
2026-09-11T18:47:06.703+00:00,153.756,153.759,0.003,191
2026-09-11T18:47:06.953+00:00,153.755,153.758,0.003,191
2026-09-11T18:47:07.362+00:00,153.756,153.759,0.003,191
2026-09-11T18:47:07.954+00:00,153.755,153.757,0.002,191
2026-09-11T18:47:08.155+00:00,153.756,153.759,0.003,191
2026-09-11T18:47:08.363+00:00,153.755,153.758,0.003,191
2026-09-11T18:47:08.562+00:00,153.756,153.759,0.003,191
2026-09-11T18:47:08.762+00:00,153.757,153.76,0.003,191
2026-09-11T18:47:09.168+00:00,153.757,153.759,0.002,191
2026-09-11T18:47:09.369+00:00,153.757,153.76,0.003,191
2026-09-11T18:47:09.569+00:00,153.756,153.758,0.002,191
2026-09-11T18:47:09.769+00:00,153.756,153.759,0.003,191
2026-09-11T18:47:09.970+00:00,153.758,153.759,0.001,191
2026-09-11T18:47:10.168+00:00,153.757,153.758,0.001,191
2026-09-11T18:47:10.370+00:00,153.759,153.76,0.001,191
2026-09-11T18:47:10.569+00:00,153.758,153.759,0.001,191
2026-09-11T18:47:10.770+00:00,153.759,153.76,0.001,191
2026-09-11T18:47:10.972+00:00,153.757,153.759,0.002,191
2026-09-11T18:47:11.173+00:00,153.759,153.76,0.001,191
2026-09-11T18:47:11.416+00:00,153.758,153.761,0.003,191
2026-09-11T18:47:11.777+00:00,153.757,153.759,0.002,191
2026-09-11T18:47:12.016+00:00,153.758,153.761,0.003,191
2026-09-11T18:47:13.056+00:00,153.757,153.76,0.003,191
2026-09-11T18:47:13.394+00:00,153.758,153.761,0.003,191
2026-09-11T18:47:14.184+00:00,153.757,153.76,0.003,191
2026-09-11T18:47:14.797+00:00,153.756,153.759,0.003,191
2026-09-11T18:47:14.999+00:00,153.757,153.76,0.003,191
2026-09-11T18:47:15.199+00:00,153.756,153.759,0.003,191
2026-09-11T18:47:15.398+00:00,153.754,153.757,0.003,191
2026-09-11T18:47:15.800+00:00,153.753,153.756,0.003,191
2026-09-11T18:47:16.007+00:00,153.754,153.757,0.003,191
2026-09-11T18:47:16.407+00:00,153.755,153.758,0.003,191
2026-09-11T18:47:16.608+00:00,153.754,153.757,0.003,191
2026-09-11T18:47:17.011+00:00,153.755,153.758,0.003,191
2026-09-11T18:47:17.211+00:00,153.756,153.759,0.003,191
2026-09-11T18:47:17.412+00:00,153.757,153.76,0.003,191
2026-09-11T18:47:17.817+00:00,153.756,153.76,0.004,191
2026-09-11T18:47:18.025+00:00,153.757,153.76,0.003,191
2026-09-11T18:47:18.420+00:00,153.755,153.758,0.003,191
2026-09-11T18:47:18.703+00:00,153.755,153.757,0.002,191
2026-09-11T18:47:19.020+00:00,153.757,153.76,0.003,191
2026-09-11T18:47:19.626+00:00,153.758,153.761,0.003,191
2026-09-11T18:47:19.823+00:00,153.757,153.76,0.003,191
2026-09-11T18:47:20.229+00:00,153.758,153.761,0.003,191
2026-09-11T18:47:20.426+00:00,153.76,153.762,0.002,191
2026-09-11T18:47:20.626+00:00,153.758,153.761,0.003,191
2026-09-11T18:47:21.430+00:00,153.759,153.762,0.003,191
2026-09-11T18:47:22.159+00:00,153.758,153.761,0.003,191
2026-09-11T18:47:22.964+00:00,153.759,153.762,0.003,191
2026-09-11T18:47:23.770+00:00,153.758,153.761,0.003,191
2026-09-11T18:47:23.973+00:00,153.759,153.762,0.003,191
2026-09-11T18:47:24.194+00:00,153.758,153.761,0.003,191
2026-09-11T18:47:24.371+00:00,153.759,153.762,0.003,191
2026-09-11T18:47:24.581+00:00,153.758,153.761,0.003,191
2026-09-11T18:47:24.772+00:00,153.759,153.762,0.003,192
2026-09-11T18:47:25.784+00:00,153.758,153.761,0.003,192
2026-09-11T18:47:26.195+00:00,153.759,153.762,0.003,192
2026-09-11T18:47:26.411+00:00,153.758,153.761,0.003,192
2026-09-11T18:47:27.627+00:00,153.759,153.762,0.003,192
2026-09-11T18:47:28.834+00:00,153.758,153.761,0.003,192
2026-09-11T18:47:29.040+00:00,153.759,153.762,0.003,192
2026-09-11T18:47:29.437+00:00,153.758,153.761,0.003,192
2026-09-11T18:47:29.641+00:00,153.759,153.762,0.003,192
2026-09-11T18:47:30.531+00:00,153.758,153.76,0.002,192
2026-09-11T18:47:30.734+00:00,153.759,153.762,0.003,192
2026-09-11T18:47:31.137+00:00,153.756,153.759,0.003,192
2026-09-11T18:47:31.339+00:00,153.757,153.76,0.003,192
2026-09-11T18:47:31.542+00:00,153.758,153.761,0.003,192
2026-09-11T18:47:32.069+00:00,153.758,153.76,0.002,192
2026-09-11T18:47:32.271+00:00,153.759,153.762,0.003,192
2026-09-11T18:47:32.472+00:00,153.758,153.761,0.003,192
2026-09-11T18:47:33.260+00:00,153.757,153.76,0.003,192
2026-09-11T18:47:33.662+00:00,153.754,153.757,0.003,192
2026-09-11T18:47:33.863+00:00,153.755,153.758,0.003,192
2026-09-11T18:47:34.272+00:00,153.758,153.761,0.003,192
2026-09-11T18:47:35.278+00:00,153.756,153.759,0.003,192
2026-09-11T18:47:35.677+00:00,153.758,153.761,0.003,192
2026-09-11T18:47:36.084+00:00,153.755,153.758,0.003,192
2026-09-11T18:47:36.891+00:00,153.754,153.757,0.003,192
2026-09-11T18:47:37.096+00:00,153.755,153.758,0.003,192
2026-09-11T18:47:37.304+00:00,153.754,153.757,0.003,192
2026-09-11T18:47:37.693+00:00,153.755,153.758,0.003,192
2026-09-11T18:47:38.495+00:00,153.758,153.761,0.003,192
2026-09-11T18:47:38.696+00:00,153.757,153.761,0.004,192
2026-09-11T18:47:38.897+00:00,153.758,153.761,0.003,192
2026-09-11T18:47:39.101+00:00,153.757,153.76,0.003,192
2026-09-11T18:47:39.502+00:00,153.758,153.761,0.003,192
2026-09-11T18:47:40.627+00:00,153.757,153.76,0.003,192
2026-09-11T18:47:40.826+00:00,153.756,153.759,0.003,192
2026-09-11T18:47:41.225+00:00,153.757,153.76,0.003,192
2026-09-11T18:47:41.829+00:00,153.755,153.758,0.003,192
2026-09-11T18:47:42.029+00:00,153.757,153.759,0.002,192
2026-09-11T18:47:42.232+00:00,153.756,153.759,0.003,192
2026-09-11T18:47:42.435+00:00,153.758,153.761,0.003,192
2026-09-11T18:47:42.634+00:00,153.757,153.76,0.003,192
2026-09-11T18:47:44.849+00:00,153.758,153.761,0.003,192
2026-09-11T18:47:45.309+00:00,153.757,153.76,0.003,192
2026-09-11T18:47:45.511+00:00,153.758,153.761,0.003,192
2026-09-11T18:47:45.713+00:00,153.756,153.759,0.003,192
2026-09-11T18:47:46.115+00:00,153.757,153.76,0.003,192
2026-09-11T18:47:46.315+00:00,153.758,153.761,0.003,192
2026-09-11T18:47:46.516+00:00,153.756,153.759,0.003,192
2026-09-11T18:47:46.720+00:00,153.758,153.761,0.003,192
2026-09-11T18:47:47.122+00:00,153.756,153.759,0.003,192
2026-09-11T18:47:47.523+00:00,153.757,153.76,0.003,192
2026-09-11T18:47:47.726+00:00,153.756,153.759,0.003,192
2026-09-11T18:47:47.930+00:00,153.757,153.76,0.003,192
2026-09-11T18:47:48.131+00:00,153.758,153.76,0.002,192
2026-09-11T18:47:48.364+00:00,153.758,153.761,0.003,192
2026-09-11T18:47:48.735+00:00,153.756,153.759,0.003,192
2026-09-11T18:47:48.934+00:00,153.758,153.76,0.002,192
2026-09-11T18:47:49.139+00:00,153.758,153.761,0.003,192
2026-09-11T18:47:49.338+00:00,153.756,153.759,0.003,192
2026-09-11T18:47:49.540+00:00,153.758,153.761,0.003,192
2026-09-11T18:47:49.741+00:00,153.757,153.76,0.003,192
2026-09-11T18:47:50.406+00:00,153.756,153.759,0.003,193
2026-09-11T18:47:50.812+00:00,153.757,153.76,0.003,193
2026-09-11T18:47:51.209+00:00,153.758,153.761,0.003,193
2026-09-11T18:47:52.397+00:00,153.756,153.758,0.002,193
2026-09-11T18:47:52.602+00:00,153.757,153.76,0.003,193
2026-09-11T18:47:52.805+00:00,153.758,153.761,0.003,193
2026-09-11T18:47:53.212+00:00,153.757,153.76,0.003,193
2026-09-11T18:47:53.410+00:00,153.755,153.758,0.003,193
2026-09-11T18:47:53.607+00:00,153.756,153.759,0.003,193
2026-09-11T18:47:53.811+00:00,153.758,153.76,0.002,193
2026-09-11T18:47:54.014+00:00,153.758,153.761,0.003,193
2026-09-11T18:47:54.530+00:00,153.759,153.762,0.003,193
2026-09-11T18:47:54.730+00:00,153.758,153.761,0.003,193
2026-09-11T18:47:54.933+00:00,153.757,153.76,0.003,193
2026-09-11T18:47:55.133+00:00,153.758,153.761,0.003,193
2026-09-11T18:47:56.159+00:00,153.757,153.76,0.003,193
2026-09-11T18:47:56.910+00:00,153.758,153.761,0.003,193
2026-09-11T18:47:57.517+00:00,153.757,153.76,0.003,193
2026-09-11T18:47:57.717+00:00,153.758,153.761,0.003,193
2026-09-11T18:47:58.436+00:00,153.759,153.761,0.002,193
2026-09-11T18:47:58.940+00:00,153.757,153.76,0.003,193
2026-09-11T18:47:59.139+00:00,153.759,153.761,0.002,193
2026-09-11T18:47:59.945+00:00,153.758,153.76,0.002,193
2026-09-11T18:48:00.145+00:00,153.758,153.761,0.003,193
2026-09-11T18:48:00.556+00:00,153.756,153.759,0.003,193
2026-09-11T18:48:00.764+00:00,153.757,153.76,0.003,193
2026-09-11T18:48:00.955+00:00,153.756,153.759,0.003,193
2026-09-11T18:48:01.156+00:00,153.757,153.76,0.003,193
2026-09-11T18:48:01.632+00:00,153.756,153.759,0.003,193
2026-09-11T18:48:01.827+00:00,153.755,153.758,0.003,193
2026-09-11T18:48:02.029+00:00,153.754,153.757,0.003,193
2026-09-11T18:48:03.959+00:00,153.753,153.756,0.003,193
2026-09-11T18:48:04.358+00:00,153.752,153.755,0.003,193
2026-09-11T18:48:04.763+00:00,153.754,153.757,0.003,193
2026-09-11T18:48:06.598+00:00,153.758,153.761,0.003,193
2026-09-11T18:48:07.794+00:00,153.759,153.762,0.003,193
2026-09-11T18:48:07.996+00:00,153.76,153.763,0.003,193
2026-09-11T18:48:08.397+00:00,153.759,153.762,0.003,193
2026-09-11T18:48:11.193+00:00,153.76,153.763,0.003,193
2026-09-11T18:48:11.792+00:00,153.759,153.762,0.003,193
2026-09-11T18:48:11.995+00:00,153.76,153.763,0.003,193
2026-09-11T18:48:12.196+00:00,153.759,153.762,0.003,193
2026-09-11T18:48:12.597+00:00,153.76,153.763,0.003,193
2026-09-11T18:48:12.798+00:00,153.759,153.762,0.003,193
2026-09-11T18:48:14.000+00:00,153.76,153.763,0.003,193
2026-09-11T18:48:14.201+00:00,153.759,153.762,0.003,193
2026-09-11T18:48:15.667+00:00,153.758,153.761,0.003,194
2026-09-11T18:48:16.919+00:00,153.759,153.762,0.003,194
2026-09-11T18:48:17.926+00:00,153.76,153.763,0.003,194
2026-09-11T18:48:18.126+00:00,153.759,153.762,0.003,194
2026-09-11T18:48:18.527+00:00,153.76,153.766,0.006,194
2026-09-11T18:48:18.728+00:00,153.759,153.764,0.005,194
2026-09-11T18:48:18.932+00:00,153.759,153.762,0.003,194
2026-09-11T18:48:19.337+00:00,153.76,153.763,0.003,194
2026-09-11T18:48:19.537+00:00,153.759,153.762,0.003,194
2026-09-11T18:48:19.952+00:00,153.76,153.763,0.003,194
2026-09-11T18:48:21.749+00:00,153.762,153.763,0.001,194
2026-09-11T18:48:21.951+00:00,153.761,153.764,0.003,194
2026-09-11T18:48:22.151+00:00,153.76,153.763,0.003,194
2026-09-11T18:48:22.954+00:00,153.761,153.764,0.003,194
2026-09-11T18:48:23.153+00:00,153.759,153.762,0.003,194
2026-09-11T18:48:23.353+00:00,153.76,153.763,0.003,194
2026-09-11T18:48:23.754+00:00,153.76,153.764,0.004,194
2026-09-11T18:48:23.960+00:00,153.76,153.763,0.003,194
2026-09-11T18:48:24.363+00:00,153.758,153.761,0.003,194
2026-09-11T18:48:25.161+00:00,153.76,153.763,0.003,194
2026-09-11T18:48:25.362+00:00,153.759,153.762,0.003,194
2026-09-11T18:48:25.563+00:00,153.76,153.763,0.003,194
2026-09-11T18:48:25.765+00:00,153.759,153.763,0.004,194
2026-09-11T18:48:25.966+00:00,153.759,153.762,0.003,194
2026-09-11T18:48:26.567+00:00,153.758,153.76,0.002,194
2026-09-11T18:48:26.767+00:00,153.758,153.761,0.003,194
2026-09-11T18:48:27.169+00:00,153.759,153.762,0.003,194
2026-09-11T18:48:27.369+00:00,153.758,153.761,0.003,194
2026-09-11T18:48:27.570+00:00,153.759,153.762,0.003,194
2026-09-11T18:48:27.770+00:00,153.758,153.761,0.003,194
2026-09-11T18:48:28.191+00:00,153.759,153.762,0.003,194
2026-09-11T18:48:29.304+00:00,153.758,153.761,0.003,194
2026-09-11T18:48:30.071+00:00,153.76,153.763,0.003,194
2026-09-11T18:48:30.274+00:00,153.761,153.764,0.003,194
2026-09-11T18:48:30.674+00:00,153.76,153.763,0.003,194
2026-09-11T18:48:31.079+00:00,153.759,153.762,0.003,194
2026-09-11T18:48:31.684+00:00,153.76,153.763,0.003,194
2026-09-11T18:48:31.886+00:00,153.759,153.762,0.003,194
2026-09-11T18:48:32.302+00:00,153.76,153.763,0.003,194
2026-09-11T18:48:32.913+00:00,153.759,153.762,0.003,194
2026-09-11T18:48:34.768+00:00,153.758,153.761,0.003,194
2026-09-11T18:48:34.969+00:00,153.759,153.762,0.003,194
2026-09-11T18:48:35.170+00:00,153.76,153.763,0.003,194
2026-09-11T18:48:36.286+00:00,153.759,153.762,0.003,194
2026-09-11T18:48:36.888+00:00,153.76,153.763,0.003,194
2026-09-11T18:48:37.712+00:00,153.759,153.762,0.003,194
2026-09-11T18:48:37.919+00:00,153.76,153.763,0.003,194
2026-09-11T18:48:38.775+00:00,153.761,153.763,0.002,194
2026-09-11T18:48:39.445+00:00,153.759,153.762,0.003,194
2026-09-11T18:48:39.651+00:00,153.758,153.761,0.003,194
2026-09-11T18:48:39.853+00:00,153.76,153.763,0.003,194
2026-09-11T18:48:40.053+00:00,153.759,153.762,0.003,194
2026-09-11T18:48:40.453+00:00,153.76,153.763,0.003,195
2026-09-11T18:48:40.852+00:00,153.759,153.762,0.003,195
2026-09-11T18:48:41.259+00:00,153.76,153.763,0.003,195
2026-09-11T18:48:41.461+00:00,153.761,153.762,0.001,195
2026-09-11T18:48:41.660+00:00,153.76,153.763,0.003,195
2026-09-11T18:48:42.227+00:00,153.759,153.762,0.003,195
2026-09-11T18:48:42.429+00:00,153.76,153.763,0.003,195
2026-09-11T18:48:42.628+00:00,153.761,153.762,0.001,195
2026-09-11T18:48:42.831+00:00,153.762,153.763,0.001,195
2026-09-11T18:48:43.028+00:00,153.761,153.762,0.001,195
2026-09-11T18:48:43.231+00:00,153.76,153.763,0.003,195
2026-09-11T18:48:46.516+00:00,153.759,153.762,0.003,195
2026-09-11T18:48:46.875+00:00,153.76,153.763,0.003,195
2026-09-11T18:48:48.479+00:00,153.759,153.763,0.004,195
2026-09-11T18:48:48.683+00:00,153.76,153.763,0.003,195
2026-09-11T18:48:49.697+00:00,153.759,153.762,0.003,195
2026-09-11T18:48:49.900+00:00,153.76,153.761,0.001,195
2026-09-11T18:48:50.100+00:00,153.76,153.763,0.003,195
2026-09-11T18:48:51.305+00:00,153.76,153.761,0.001,195
2026-09-11T18:48:51.706+00:00,153.76,153.763,0.003,195
2026-09-11T18:48:52.105+00:00,153.759,153.762,0.003,195
2026-09-11T18:48:52.305+00:00,153.758,153.761,0.003,195
2026-09-11T18:48:52.508+00:00,153.76,153.761,0.001,195
2026-09-11T18:48:52.708+00:00,153.76,153.764,0.004,195
2026-09-11T18:48:52.910+00:00,153.76,153.761,0.001,195
2026-09-11T18:48:53.137+00:00,153.761,153.762,0.001,195
2026-09-11T18:48:53.340+00:00,153.76,153.763,0.003,195
2026-09-11T18:48:53.863+00:00,153.759,153.762,0.003,195
2026-09-11T18:48:54.065+00:00,153.758,153.761,0.003,195
2026-09-11T18:48:54.264+00:00,153.761,153.764,0.003,195
2026-09-11T18:48:55.285+00:00,153.759,153.762,0.003,195
2026-09-11T18:48:55.488+00:00,153.76,153.761,0.001,195
2026-09-11T18:48:55.689+00:00,153.762,153.763,0.001,195
2026-09-11T18:48:55.889+00:00,153.761,153.762,0.001,195
2026-09-11T18:48:56.094+00:00,153.76,153.761,0.001,195
2026-09-11T18:48:56.293+00:00,153.762,153.763,0.001,195
2026-09-11T18:48:56.904+00:00,153.76,153.761,0.001,195
2026-09-11T18:48:57.103+00:00,153.762,153.763,0.001,195
2026-09-11T18:48:57.306+00:00,153.761,153.762,0.001,195
2026-09-11T18:48:57.618+00:00,153.761,153.764,0.003,195
2026-09-11T18:48:58.020+00:00,153.763,153.764,0.001,195
2026-09-11T18:48:58.323+00:00,153.762,153.763,0.001,195
2026-09-11T18:48:58.527+00:00,153.761,153.764,0.003,195
2026-09-11T18:48:58.824+00:00,153.762,153.763,0.001,195
2026-09-11T18:48:59.024+00:00,153.761,153.762,0.001,195
2026-09-11T18:48:59.224+00:00,153.76,153.763,0.003,195
2026-09-11T18:48:59.426+00:00,153.763,153.764,0.001,195
2026-09-11T18:49:00.025+00:00,153.761,153.764,0.003,195
2026-09-11T18:49:00.431+00:00,153.762,153.765,0.003,195
2026-09-11T18:49:01.237+00:00,153.76,153.762,0.002,195
2026-09-11T18:49:01.795+00:00,153.759,153.762,0.003,195
2026-09-11T18:49:01.996+00:00,153.761,153.764,0.003,195
2026-09-11T18:49:02.197+00:00,153.762,153.765,0.003,195
2026-09-11T18:49:03.608+00:00,153.762,153.763,0.001,195
2026-09-11T18:49:04.005+00:00,153.761,153.764,0.003,195
2026-09-11T18:49:06.799+00:00,153.758,153.759,0.001,196
2026-09-11T18:49:07.199+00:00,153.755,153.758,0.003,196
2026-09-11T18:49:07.401+00:00,153.758,153.759,0.001,196
2026-09-11T18:49:08.203+00:00,153.751,153.754,0.003,196
2026-09-11T18:49:11.033+00:00,153.752,153.755,0.003,196
2026-09-11T18:49:11.466+00:00,153.756,153.759,0.003,196
2026-09-11T18:49:13.555+00:00,153.755,153.758,0.003,196
2026-09-11T18:49:13.757+00:00,153.756,153.759,0.003,196
2026-09-11T18:49:13.957+00:00,153.757,153.76,0.003,196
2026-09-11T18:49:15.812+00:00,153.755,153.758,0.003,196
2026-09-11T18:49:20.724+00:00,153.752,153.755,0.003,196
2026-09-11T18:49:20.924+00:00,153.753,153.756,0.003,196
2026-09-11T18:49:21.325+00:00,153.754,153.755,0.001,196
2026-09-11T18:49:21.524+00:00,153.753,153.756,0.003,196
2026-09-11T18:49:21.725+00:00,153.752,153.755,0.003,196
2026-09-11T18:49:22.919+00:00,153.753,153.756,0.003,196
2026-09-11T18:49:24.735+00:00,153.754,153.757,0.003,196
2026-09-11T18:49:26.147+00:00,153.755,153.758,0.003,196
2026-09-11T18:49:26.549+00:00,153.754,153.757,0.003,196
2026-09-11T18:49:26.949+00:00,153.755,153.758,0.003,196
2026-09-11T18:49:27.349+00:00,153.753,153.756,0.003,196
2026-09-11T18:49:27.551+00:00,153.754,153.757,0.003,196
2026-09-11T18:49:28.817+00:00,153.755,153.758,0.003,196
2026-09-11T18:49:29.214+00:00,153.754,153.757,0.003,196
2026-09-11T18:49:29.618+00:00,153.753,153.757,0.004,196
2026-09-11T18:49:29.816+00:00,153.754,153.757,0.003,196
2026-09-11T18:49:30.409+00:00,153.755,153.757,0.002,196
2026-09-11T18:49:30.611+00:00,153.757,153.758,0.001,197
2026-09-11T18:49:31.010+00:00,153.758,153.759,0.001,197
2026-09-11T18:49:31.216+00:00,153.757,153.758,0.001,197
2026-09-11T18:49:31.711+00:00,153.758,153.758,0.0,197
2026-09-11T18:49:31.914+00:00,153.756,153.759,0.003,197
2026-09-11T18:49:32.314+00:00,153.758,153.759,0.001,197
2026-09-11T18:49:33.246+00:00,153.756,153.757,0.001,197
2026-09-11T18:49:33.446+00:00,153.756,153.759,0.003,197
2026-09-11T18:49:33.849+00:00,153.756,153.757,0.001,197
2026-09-11T18:49:34.050+00:00,153.755,153.758,0.003,197
2026-09-11T18:49:34.856+00:00,153.756,153.759,0.003,197
2026-09-11T18:49:35.056+00:00,153.755,153.758,0.003,197
2026-09-11T18:49:35.257+00:00,153.756,153.759,0.003,197
2026-09-11T18:49:35.455+00:00,153.757,153.76,0.003,197
2026-09-11T18:49:35.858+00:00,153.758,153.759,0.001,197
2026-09-11T18:49:36.061+00:00,153.759,153.76,0.001,197
2026-09-11T18:49:37.424+00:00,153.76,153.761,0.001,197
2026-09-11T18:49:37.623+00:00,153.759,153.76,0.001,197
2026-09-11T18:49:38.031+00:00,153.76,153.761,0.001,197
2026-09-11T18:49:38.457+00:00,153.759,153.76,0.001,197
2026-09-11T18:49:38.656+00:00,153.76,153.761,0.001,197
2026-09-11T18:49:38.863+00:00,153.758,153.761,0.003,197
2026-09-11T18:49:39.065+00:00,153.757,153.76,0.003,197
2026-09-11T18:49:39.265+00:00,153.758,153.759,0.001,197
2026-09-11T18:49:39.668+00:00,153.759,153.76,0.001,197
2026-09-11T18:49:39.871+00:00,153.756,153.759,0.003,197
2026-09-11T18:49:40.070+00:00,153.757,153.76,0.003,197
2026-09-11T18:49:40.271+00:00,153.759,153.76,0.001,197
2026-09-11T18:49:40.477+00:00,153.757,153.758,0.001,197
2026-09-11T18:49:40.679+00:00,153.759,153.76,0.001,197
2026-09-11T18:49:40.880+00:00,153.754,153.757,0.003,197
2026-09-11T18:49:41.079+00:00,153.758,153.759,0.001,197
2026-09-11T18:49:41.480+00:00,153.759,153.76,0.001,197
2026-09-11T18:49:41.686+00:00,153.758,153.761,0.003,197
2026-09-11T18:49:41.883+00:00,153.757,153.76,0.003,197
2026-09-11T18:49:42.084+00:00,153.758,153.761,0.003,197
2026-09-11T18:49:42.486+00:00,153.76,153.763,0.003,197
2026-09-11T18:49:42.689+00:00,153.759,153.762,0.003,197
2026-09-11T18:49:43.725+00:00,153.758,153.761,0.003,197
2026-09-11T18:49:43.925+00:00,153.759,153.762,0.003,197
2026-09-11T18:49:44.128+00:00,153.758,153.76,0.002,197
2026-09-11T18:49:44.426+00:00,153.758,153.761,0.003,197
2026-09-11T18:49:44.710+00:00,153.759,153.762,0.003,197
2026-09-11T18:49:44.909+00:00,153.758,153.761,0.003,197
2026-09-11T18:49:45.708+00:00,153.759,153.762,0.003,197
2026-09-11T18:49:45.909+00:00,153.758,153.761,0.003,197
2026-09-11T18:49:46.109+00:00,153.759,153.762,0.003,197
2026-09-11T18:49:46.312+00:00,153.757,153.76,0.003,197
2026-09-11T18:49:47.148+00:00,153.759,153.762,0.003,197
2026-09-11T18:49:47.551+00:00,153.758,153.761,0.003,197
2026-09-11T18:49:47.746+00:00,153.759,153.762,0.003,197
2026-09-11T18:49:48.131+00:00,153.76,153.761,0.001,197
2026-09-11T18:49:49.114+00:00,153.759,153.762,0.003,197
2026-09-11T18:49:49.730+00:00,153.758,153.761,0.003,197
2026-09-11T18:49:49.933+00:00,153.757,153.76,0.003,197
2026-09-11T18:49:50.140+00:00,153.759,153.762,0.003,197
2026-09-11T18:49:50.346+00:00,153.758,153.761,0.003,197
2026-09-11T18:49:51.305+00:00,153.759,153.76,0.001,197
2026-09-11T18:49:51.569+00:00,153.758,153.759,0.001,197
2026-09-11T18:49:51.774+00:00,153.759,153.76,0.001,197
2026-09-11T18:49:52.532+00:00,153.756,153.758,0.002,197
2026-09-11T18:49:52.732+00:00,153.759,153.76,0.001,197
2026-09-11T18:49:53.139+00:00,153.758,153.759,0.001,197
2026-09-11T18:49:53.342+00:00,153.757,153.76,0.003,197
2026-09-11T18:49:53.741+00:00,153.756,153.759,0.003,197
2026-09-11T18:49:53.942+00:00,153.757,153.76,0.003,197
2026-09-11T18:49:54.143+00:00,153.758,153.761,0.003,197
2026-09-11T18:49:54.873+00:00,153.757,153.76,0.003,197
2026-09-11T18:49:55.073+00:00,153.758,153.761,0.003,197
2026-09-11T18:49:56.002+00:00,153.757,153.759,0.002,198
2026-09-11T18:49:56.203+00:00,153.756,153.758,0.002,198
2026-09-11T18:49:56.620+00:00,153.757,153.76,0.003,198
2026-09-11T18:49:57.627+00:00,153.758,153.761,0.003,198
2026-09-11T18:49:57.832+00:00,153.757,153.76,0.003,198
2026-09-11T18:49:58.231+00:00,153.758,153.759,0.001,198
2026-09-11T18:49:58.431+00:00,153.759,153.76,0.001,198
2026-09-11T18:49:58.634+00:00,153.756,153.758,0.002,198
2026-09-11T18:49:58.832+00:00,153.758,153.759,0.001,198
2026-09-11T18:49:59.437+00:00,153.759,153.76,0.001,198
2026-09-11T18:50:00.911+00:00,153.76,153.761,0.001,198
2026-09-11T18:50:00.940+00:00,153.759,153.76,0.001,198
2026-09-11T18:50:01.344+00:00,153.758,153.761,0.003,198
2026-09-11T18:50:01.559+00:00,153.759,153.762,0.003,198
2026-09-11T18:50:02.788+00:00,153.76,153.763,0.003,198
2026-09-11T18:50:02.946+00:00,153.76,153.761,0.001,198
2026-09-11T18:50:03.147+00:00,153.757,153.758,0.001,198
2026-09-11T18:50:03.346+00:00,153.76,153.761,0.001,198
2026-09-11T18:50:03.747+00:00,153.76,153.76,0.0,198
2026-09-11T18:50:03.952+00:00,153.761,153.762,0.001,198
2026-09-11T18:50:05.423+00:00,153.76,153.763,0.003,198
2026-09-11T18:50:05.626+00:00,153.758,153.761,0.003,198
2026-09-11T18:50:06.025+00:00,153.759,153.76,0.001,198
2026-09-11T18:50:06.925+00:00,153.758,153.761,0.003,198
2026-09-11T18:50:07.543+00:00,153.759,153.76,0.001,198
2026-09-11T18:50:09.006+00:00,153.76,153.761,0.001,198
2026-09-11T18:50:09.436+00:00,153.759,153.76,0.001,198
2026-09-11T18:50:09.637+00:00,153.76,153.761,0.001,198
2026-09-11T18:50:09.838+00:00,153.759,153.76,0.001,198
2026-09-11T18:50:10.955+00:00,153.761,153.762,0.001,198
2026-09-11T18:50:11.436+00:00,153.76,153.763,0.003,198
2026-09-11T18:50:11.641+00:00,153.759,153.762,0.003,198
2026-09-11T18:50:11.794+00:00,153.76,153.761,0.001,198
2026-09-11T18:50:11.970+00:00,153.759,153.76,0.001,198
2026-09-11T18:50:12.462+00:00,153.76,153.761,0.001,198
2026-09-11T18:50:12.667+00:00,153.756,153.759,0.003,198
2026-09-11T18:50:13.247+00:00,153.758,153.761,0.003,198
2026-09-11T18:50:13.263+00:00,153.76,153.761,0.001,198
2026-09-11T18:50:13.676+00:00,153.759,153.76,0.001,198
2026-09-11T18:50:13.876+00:00,153.76,153.761,0.001,198
2026-09-11T18:50:14.078+00:00,153.757,153.76,0.003,198
2026-09-11T18:50:14.280+00:00,153.758,153.761,0.003,198
2026-09-11T18:50:14.482+00:00,153.756,153.759,0.003,198
2026-09-11T18:50:14.683+00:00,153.757,153.76,0.003,198
2026-09-11T18:50:14.882+00:00,153.759,153.762,0.003,198
2026-09-11T18:50:15.092+00:00,153.758,153.761,0.003,198
2026-09-11T18:50:15.294+00:00,153.756,153.759,0.003,198
2026-09-11T18:50:15.498+00:00,153.758,153.761,0.003,198
2026-09-11T18:50:15.895+00:00,153.759,153.762,0.003,198
2026-09-11T18:50:16.387+00:00,153.758,153.761,0.003,198
2026-09-11T18:50:17.446+00:00,153.757,153.76,0.003,198
2026-09-11T18:50:17.645+00:00,153.758,153.761,0.003,198
2026-09-11T18:50:18.133+00:00,153.759,153.76,0.001,198
2026-09-11T18:50:18.331+00:00,153.757,153.758,0.001,198
2026-09-11T18:50:18.532+00:00,153.759,153.76,0.001,198
2026-09-11T18:50:18.937+00:00,153.757,153.758,0.001,198
2026-09-11T18:50:19.542+00:00,153.758,153.761,0.003,198
2026-09-11T18:50:20.158+00:00,153.756,153.759,0.003,198
2026-09-11T18:50:21.285+00:00,153.758,153.761,0.003,199
2026-09-11T18:50:21.485+00:00,153.757,153.758,0.001,199
2026-09-11T18:50:21.683+00:00,153.759,153.76,0.001,199
2026-09-11T18:50:21.887+00:00,153.758,153.759,0.001,199
2026-09-11T18:50:22.287+00:00,153.759,153.762,0.003,199
2026-09-11T18:50:23.364+00:00,153.758,153.762,0.004,199
2026-09-11T18:50:23.569+00:00,153.755,153.759,0.004,199
2026-09-11T18:50:23.765+00:00,153.756,153.759,0.003,199
2026-09-11T18:50:24.253+00:00,153.759,153.76,0.001,199
2026-09-11T18:50:25.184+00:00,153.756,153.757,0.001,199
2026-09-11T18:50:25.387+00:00,153.758,153.76,0.002,199
2026-09-11T18:50:25.825+00:00,153.759,153.762,0.003,199
2026-09-11T18:50:26.025+00:00,153.76,153.761,0.001,199
2026-09-11T18:50:26.429+00:00,153.758,153.759,0.001,199
2026-09-11T18:50:26.832+00:00,153.757,153.76,0.003,199
2026-09-11T18:50:27.441+00:00,153.756,153.759,0.003,199
2026-09-11T18:50:27.702+00:00,153.757,153.76,0.003,199
2026-09-11T18:50:28.043+00:00,153.759,153.762,0.003,199
2026-09-11T18:50:28.483+00:00,153.758,153.761,0.003,199
2026-09-11T18:50:29.340+00:00,153.759,153.762,0.003,199
2026-09-11T18:50:29.543+00:00,153.758,153.761,0.003,199
2026-09-11T18:50:29.945+00:00,153.759,153.762,0.003,199
2026-09-11T18:50:31.835+00:00,153.76,153.761,0.001,199
2026-09-11T18:50:32.037+00:00,153.757,153.758,0.001,199
2026-09-11T18:50:32.439+00:00,153.759,153.76,0.001,199
2026-09-11T18:50:32.846+00:00,153.758,153.761,0.003,199
2026-09-11T18:50:33.043+00:00,153.757,153.76,0.003,199
2026-09-11T18:50:33.444+00:00,153.76,153.761,0.001,199
2026-09-11T18:50:33.843+00:00,153.758,153.76,0.002,199
2026-09-11T18:50:34.046+00:00,153.76,153.761,0.001,199
2026-09-11T18:50:34.245+00:00,153.757,153.759,0.002,199
2026-09-11T18:50:34.450+00:00,153.759,153.76,0.001,199
2026-09-11T18:50:34.934+00:00,153.76,153.76,0.0,199
2026-09-11T18:50:36.833+00:00,153.759,153.76,0.001,199
2026-09-11T18:50:37.713+00:00,153.758,153.758,0.0,199
2026-09-11T18:50:37.913+00:00,153.757,153.758,0.001,199
2026-09-11T18:50:38.928+00:00,153.756,153.757,0.001,199
2026-09-11T18:50:39.130+00:00,153.758,153.761,0.003,199
2026-09-11T18:50:39.529+00:00,153.756,153.758,0.002,199
2026-09-11T18:50:39.744+00:00,153.758,153.758,0.0,199
2026-09-11T18:50:39.940+00:00,153.759,153.76,0.001,199
2026-09-11T18:50:40.351+00:00,153.76,153.76,0.0,199
2026-09-11T18:50:40.754+00:00,153.759,153.76,0.001,199
2026-09-11T18:50:41.360+00:00,153.76,153.76,0.0,199
2026-09-11T18:50:41.759+00:00,153.758,153.758,0.0,199
2026-09-11T18:50:41.962+00:00,153.76,153.76,0.0,199
2026-09-11T18:50:43.051+00:00,153.759,153.759,0.0,199
2026-09-11T18:50:43.250+00:00,153.758,153.758,0.0,199
2026-09-11T18:50:43.451+00:00,153.757,153.758,0.001,199
2026-09-11T18:50:43.906+00:00,153.754,153.755,0.001,199
2026-09-11T18:50:44.099+00:00,153.754,153.757,0.003,199
2026-09-11T18:50:44.505+00:00,153.753,153.756,0.003,199
2026-09-11T18:50:44.705+00:00,153.754,153.755,0.001,199
2026-09-11T18:50:45.305+00:00,153.755,153.755,0.0,199
2026-09-11T18:50:45.505+00:00,153.752,153.753,0.001,199
2026-09-11T18:50:45.909+00:00,153.754,153.755,0.001,200
2026-09-11T18:50:46.312+00:00,153.755,153.756,0.001,200
2026-09-11T18:50:47.727+00:00,153.755,153.757,0.002,200
2026-09-11T18:50:47.928+00:00,153.755,153.756,0.001,200
2026-09-11T18:50:50.823+00:00,153.755,153.755,0.0,200
2026-09-11T18:50:51.425+00:00,153.754,153.755,0.001,200
2026-09-11T18:50:52.290+00:00,153.754,153.754,0.0,200
2026-09-11T18:50:52.491+00:00,153.752,153.755,0.003,200
2026-09-11T18:50:52.892+00:00,153.753,153.756,0.003,200
2026-09-11T18:50:53.093+00:00,153.752,153.755,0.003,200
2026-09-11T18:50:54.098+00:00,153.751,153.754,0.003,200
2026-09-11T18:50:55.102+00:00,153.749,153.75,0.001,200
2026-09-11T18:50:55.505+00:00,153.749,153.749,0.0,200
2026-09-11T18:50:55.706+00:00,153.749,153.75,0.001,200
2026-09-11T18:50:56.107+00:00,153.748,153.749,0.001,200
2026-09-11T18:50:57.117+00:00,153.749,153.751,0.002,200
2026-09-11T18:50:57.320+00:00,153.748,153.749,0.001,200
2026-09-11T18:50:58.206+00:00,153.747,153.748,0.001,200
2026-09-11T18:50:58.405+00:00,153.749,153.749,0.0,200
2026-09-11T18:50:59.008+00:00,153.747,153.747,0.0,200
2026-09-11T18:50:59.208+00:00,153.747,153.748,0.001,200
2026-09-11T18:50:59.614+00:00,153.747,153.747,0.0,200
2026-09-11T18:50:59.815+00:00,153.747,153.748,0.001,200
2026-09-11T18:51:00.435+00:00,153.748,153.748,0.0,200
2026-09-11T18:51:01.018+00:00,153.749,153.75,0.001,200
2026-09-11T18:51:01.219+00:00,153.749,153.749,0.0,200
2026-09-11T18:51:03.486+00:00,153.748,153.748,0.0,200
2026-09-11T18:51:05.714+00:00,153.746,153.746,0.0,200
2026-09-11T18:51:05.911+00:00,153.746,153.748,0.002,200
2026-09-11T18:51:06.552+00:00,153.747,153.749,0.002,200
2026-09-11T18:51:06.950+00:00,153.748,153.748,0.0,200
2026-09-11T18:51:08.106+00:00,153.747,153.748,0.001,200
2026-09-11T18:51:08.314+00:00,153.748,153.748,0.0,200
2026-09-11T18:51:10.110+00:00,153.747,153.748,0.001,200
2026-09-11T18:51:10.311+00:00,153.746,153.747,0.001,200
2026-09-11T18:51:10.512+00:00,153.746,153.749,0.003,200
2026-09-11T18:51:10.712+00:00,153.745,153.748,0.003,200
2026-09-11T18:51:10.912+00:00,153.746,153.749,0.003,200
2026-09-11T18:51:12.386+00:00,153.747,153.75,0.003,201
2026-09-11T18:51:12.588+00:00,153.746,153.749,0.003,201
2026-09-11T18:51:12.788+00:00,153.747,153.75,0.003,201
2026-09-11T18:51:12.988+00:00,153.746,153.749,0.003,201
2026-09-11T18:51:13.192+00:00,153.749,153.749,0.0,201
2026-09-11T18:51:13.593+00:00,153.747,153.748,0.001,201
2026-09-11T18:51:13.793+00:00,153.746,153.747,0.001,201
2026-09-11T18:51:14.194+00:00,153.747,153.748,0.001,201
2026-09-11T18:51:14.394+00:00,153.747,153.747,0.0,201
2026-09-11T18:51:16.679+00:00,153.746,153.746,0.0,201
2026-09-11T18:51:16.880+00:00,153.747,153.747,0.0,201
2026-09-11T18:51:18.088+00:00,153.748,153.749,0.001,201
2026-09-11T18:51:18.694+00:00,153.746,153.747,0.001,201
2026-09-11T18:51:18.896+00:00,153.747,153.748,0.001,201
2026-09-11T18:51:19.101+00:00,153.748,153.749,0.001,201
2026-09-11T18:51:19.664+00:00,153.747,153.747,0.0,201
2026-09-11T18:51:19.864+00:00,153.746,153.747,0.001,201
2026-09-11T18:51:20.063+00:00,153.745,153.746,0.001,201
2026-09-11T18:51:20.871+00:00,153.744,153.745,0.001,201
2026-09-11T18:51:21.070+00:00,153.746,153.747,0.001,201
2026-09-11T18:51:21.269+00:00,153.747,153.748,0.001,201
2026-09-11T18:51:21.671+00:00,153.746,153.747,0.001,201
2026-09-11T18:51:21.871+00:00,153.747,153.747,0.0,201
2026-09-11T18:51:22.074+00:00,153.747,153.748,0.001,201
2026-09-11T18:51:22.733+00:00,153.749,153.749,0.0,201
2026-09-11T18:51:22.935+00:00,153.746,153.747,0.001,201
2026-09-11T18:51:23.133+00:00,153.747,153.748,0.001,201
2026-09-11T18:51:23.740+00:00,153.748,153.748,0.0,201
2026-09-11T18:51:23.941+00:00,153.745,153.748,0.003,201
2026-09-11T18:51:24.341+00:00,153.746,153.747,0.001,201
2026-09-11T18:51:24.546+00:00,153.747,153.748,0.001,201
2026-09-11T18:51:25.348+00:00,153.747,153.747,0.0,201
2026-09-11T18:51:25.547+00:00,153.747,153.748,0.001,201
2026-09-11T18:51:25.747+00:00,153.746,153.746,0.0,201
2026-09-11T18:51:25.949+00:00,153.746,153.747,0.001,201
2026-09-11T18:51:26.352+00:00,153.746,153.748,0.002,201
2026-09-11T18:51:26.553+00:00,153.747,153.749,0.002,201
2026-09-11T18:51:26.753+00:00,153.746,153.748,0.002,201
2026-09-11T18:51:26.955+00:00,153.746,153.747,0.001,201
2026-09-11T18:51:27.356+00:00,153.744,153.747,0.003,201
2026-09-11T18:51:27.557+00:00,153.746,153.749,0.003,201
2026-09-11T18:51:27.758+00:00,153.746,153.747,0.001,201
2026-09-11T18:51:27.957+00:00,153.745,153.748,0.003,201
2026-09-11T18:51:28.157+00:00,153.747,153.75,0.003,201
2026-09-11T18:51:28.357+00:00,153.746,153.749,0.003,201
2026-09-11T18:51:29.158+00:00,153.745,153.748,0.003,201
2026-09-11T18:51:29.360+00:00,153.747,153.75,0.003,201
2026-09-11T18:51:29.561+00:00,153.746,153.749,0.003,201
2026-09-11T18:51:29.760+00:00,153.747,153.75,0.003,201
2026-09-11T18:51:29.963+00:00,153.746,153.749,0.003,201
2026-09-11T18:51:30.581+00:00,153.747,153.75,0.003,201
2026-09-11T18:51:31.185+00:00,153.746,153.749,0.003,201
2026-09-11T18:51:32.590+00:00,153.747,153.75,0.003,201
2026-09-11T18:51:33.192+00:00,153.747,153.748,0.001,201
2026-09-11T18:51:33.396+00:00,153.747,153.75,0.003,201
2026-09-11T18:51:33.796+00:00,153.746,153.749,0.003,201
2026-09-11T18:51:33.998+00:00,153.747,153.75,0.003,201
2026-09-11T18:51:34.705+00:00,153.746,153.749,0.003,201
2026-09-11T18:51:34.906+00:00,153.749,153.75,0.001,201
2026-09-11T18:51:35.465+00:00,153.75,153.75,0.0,201
2026-09-11T18:51:36.152+00:00,153.749,153.75,0.001,201
2026-09-11T18:51:38.342+00:00,153.749,153.749,0.0,202
2026-09-11T18:51:38.754+00:00,153.747,153.747,0.0,202
2026-09-11T18:51:38.954+00:00,153.748,153.748,0.0,202
2026-09-11T18:51:40.114+00:00,153.749,153.749,0.0,202
2026-09-11T18:51:41.112+00:00,153.747,153.748,0.001,202
2026-09-11T18:51:41.786+00:00,153.749,153.75,0.001,202
2026-09-11T18:51:41.986+00:00,153.749,153.749,0.0,202
2026-09-11T18:51:43.528+00:00,153.749,153.75,0.001,202
2026-09-11T18:51:43.727+00:00,153.747,153.75,0.003,202
2026-09-11T18:51:43.928+00:00,153.747,153.748,0.001,202
2026-09-11T18:51:44.134+00:00,153.748,153.751,0.003,202
2026-09-11T18:51:44.542+00:00,153.749,153.75,0.001,202
2026-09-11T18:51:44.746+00:00,153.747,153.75,0.003,202
2026-09-11T18:51:45.216+00:00,153.748,153.751,0.003,202
2026-09-11T18:51:45.417+00:00,153.748,153.75,0.002,202
2026-09-11T18:51:45.618+00:00,153.746,153.747,0.001,202
2026-09-11T18:51:45.818+00:00,153.744,153.747,0.003,202
2026-09-11T18:51:47.022+00:00,153.745,153.748,0.003,202
2026-09-11T18:51:47.225+00:00,153.744,153.747,0.003,202
2026-09-11T18:51:47.826+00:00,153.745,153.748,0.003,202
2026-09-11T18:51:48.134+00:00,153.744,153.747,0.003,202
2026-09-11T18:51:49.128+00:00,153.743,153.746,0.003,202
2026-09-11T18:51:49.334+00:00,153.744,153.747,0.003,202
2026-09-11T18:51:49.531+00:00,153.745,153.748,0.003,202
2026-09-11T18:51:49.735+00:00,153.744,153.747,0.003,202
2026-09-11T18:51:50.132+00:00,153.743,153.746,0.003,202
2026-09-11T18:51:50.333+00:00,153.744,153.747,0.003,202
2026-09-11T18:51:50.541+00:00,153.743,153.746,0.003,202
2026-09-11T18:51:51.337+00:00,153.745,153.748,0.003,202
2026-09-11T18:51:51.536+00:00,153.743,153.746,0.003,202
2026-09-11T18:51:52.252+00:00,153.744,153.745,0.001,202
2026-09-11T18:51:52.651+00:00,153.743,153.746,0.003,202
2026-09-11T18:51:52.849+00:00,153.744,153.747,0.003,202
2026-09-11T18:51:53.048+00:00,153.743,153.746,0.003,202
2026-09-11T18:51:54.782+00:00,153.742,153.745,0.003,202
2026-09-11T18:51:54.983+00:00,153.74,153.741,0.001,202
2026-09-11T18:51:55.196+00:00,153.738,153.739,0.001,202
2026-09-11T18:51:55.394+00:00,153.736,153.737,0.001,202
2026-09-11T18:51:55.589+00:00,153.737,153.738,0.001,202
2026-09-11T18:51:55.800+00:00,153.735,153.738,0.003,202
2026-09-11T18:51:55.989+00:00,153.737,153.739,0.002,202
2026-09-11T18:51:56.191+00:00,153.737,153.738,0.001,202
2026-09-11T18:51:56.591+00:00,153.735,153.738,0.003,202
2026-09-11T18:51:56.792+00:00,153.737,153.738,0.001,202
2026-09-11T18:51:56.994+00:00,153.736,153.739,0.003,202
2026-09-11T18:51:57.195+00:00,153.737,153.74,0.003,202
2026-09-11T18:51:57.397+00:00,153.736,153.739,0.003,202
2026-09-11T18:51:58.401+00:00,153.737,153.74,0.003,202
2026-09-11T18:51:58.603+00:00,153.737,153.738,0.001,202
2026-09-11T18:51:58.803+00:00,153.736,153.739,0.003,202
2026-09-11T18:51:59.754+00:00,153.735,153.738,0.003,202
2026-09-11T18:52:00.356+00:00,153.734,153.737,0.003,202
2026-09-11T18:52:00.757+00:00,153.735,153.736,0.001,202
2026-09-11T18:52:00.956+00:00,153.736,153.737,0.001,202
2026-09-11T18:52:01.618+00:00,153.735,153.738,0.003,203
2026-09-11T18:52:01.823+00:00,153.736,153.737,0.001,203
2026-09-11T18:52:02.161+00:00,153.737,153.738,0.001,203
2026-09-11T18:52:02.366+00:00,153.736,153.738,0.002,203
2026-09-11T18:52:02.566+00:00,153.736,153.737,0.001,203
2026-09-11T18:52:02.767+00:00,153.737,153.738,0.001,203
2026-09-11T18:52:03.131+00:00,153.736,153.739,0.003,203
2026-09-11T18:52:03.939+00:00,153.735,153.738,0.003,203
2026-09-11T18:52:04.144+00:00,153.734,153.737,0.003,203
2026-09-11T18:52:04.747+00:00,153.735,153.736,0.001,203
2026-09-11T18:52:05.357+00:00,153.734,153.737,0.003,203
2026-09-11T18:52:05.553+00:00,153.735,153.738,0.003,203
2026-09-11T18:52:05.754+00:00,153.734,153.737,0.003,203
2026-09-11T18:52:05.955+00:00,153.736,153.739,0.003,203
2026-09-11T18:52:06.357+00:00,153.737,153.738,0.001,203
2026-09-11T18:52:06.757+00:00,153.736,153.737,0.001,203
2026-09-11T18:52:07.359+00:00,153.737,153.738,0.001,203
2026-09-11T18:52:07.559+00:00,153.736,153.736,0.0,203
2026-09-11T18:52:07.760+00:00,153.738,153.738,0.0,203
2026-09-11T18:52:07.961+00:00,153.736,153.737,0.001,203
2026-09-11T18:52:08.365+00:00,153.737,153.738,0.001,203
2026-09-11T18:52:10.205+00:00,153.734,153.735,0.001,203
2026-09-11T18:52:10.806+00:00,153.735,153.737,0.002,203
2026-09-11T18:52:11.008+00:00,153.734,153.736,0.002,203
2026-09-11T18:52:11.408+00:00,153.735,153.736,0.001,203
2026-09-11T18:52:11.812+00:00,153.734,153.736,0.002,203
2026-09-11T18:52:12.014+00:00,153.735,153.736,0.001,203
2026-09-11T18:52:12.500+00:00,153.736,153.737,0.001,203
2026-09-11T18:52:12.701+00:00,153.733,153.735,0.002,203
2026-09-11T18:52:12.903+00:00,153.735,153.736,0.001,203
2026-09-11T18:52:13.335+00:00,153.734,153.737,0.003,203
2026-09-11T18:52:13.740+00:00,153.733,153.736,0.003,203
2026-09-11T18:52:14.150+00:00,153.734,153.737,0.003,203
2026-09-11T18:52:14.352+00:00,153.735,153.738,0.003,203
2026-09-11T18:52:14.551+00:00,153.734,153.737,0.003,203
2026-09-11T18:52:15.068+00:00,153.735,153.738,0.003,203
2026-09-11T18:52:15.271+00:00,153.734,153.737,0.003,203
2026-09-11T18:52:15.678+00:00,153.733,153.736,0.003,203
2026-09-11T18:52:16.280+00:00,153.735,153.738,0.003,203
2026-09-11T18:52:17.307+00:00,153.734,153.737,0.003,203
2026-09-11T18:52:17.790+00:00,153.735,153.738,0.003,203
2026-09-11T18:52:18.886+00:00,153.734,153.737,0.003,203
2026-09-11T18:52:19.150+00:00,153.735,153.738,0.003,203
2026-09-11T18:52:19.355+00:00,153.734,153.737,0.003,203
2026-09-11T18:52:22.589+00:00,153.735,153.736,0.001,203
2026-09-11T18:52:22.991+00:00,153.736,153.737,0.001,203
2026-09-11T18:52:23.995+00:00,153.735,153.736,0.001,203
2026-09-11T18:52:25.407+00:00,153.735,153.737,0.002,203
2026-09-11T18:52:25.608+00:00,153.735,153.736,0.001,203
2026-09-11T18:52:26.447+00:00,153.733,153.735,0.002,203
2026-09-11T18:52:26.650+00:00,153.735,153.736,0.001,204
2026-09-11T18:52:27.940+00:00,153.733,153.735,0.002,204
2026-09-11T18:52:28.141+00:00,153.733,153.733,0.0,204
2026-09-11T18:52:28.342+00:00,153.734,153.735,0.001,204
2026-09-11T18:52:28.700+00:00,153.735,153.735,0.0,204
2026-09-11T18:52:29.155+00:00,153.734,153.734,0.0,204
2026-09-11T18:52:29.356+00:00,153.733,153.734,0.001,204
2026-09-11T18:52:29.848+00:00,153.735,153.735,0.0,204
2026-09-11T18:52:30.051+00:00,153.734,153.735,0.001,204
2026-09-11T18:52:30.251+00:00,153.734,153.734,0.0,204
2026-09-11T18:52:30.453+00:00,153.735,153.735,0.0,204
2026-09-11T18:52:30.653+00:00,153.735,153.736,0.001,204
2026-09-11T18:52:31.062+00:00,153.734,153.735,0.001,204
2026-09-11T18:52:31.469+00:00,153.733,153.734,0.001,204
2026-09-11T18:52:31.667+00:00,153.734,153.734,0.0,204
2026-09-11T18:52:32.795+00:00,153.733,153.734,0.001,204
2026-09-11T18:52:32.996+00:00,153.734,153.735,0.001,204
2026-09-11T18:52:34.403+00:00,153.735,153.735,0.0,204
2026-09-11T18:52:34.606+00:00,153.733,153.734,0.001,204
2026-09-11T18:52:34.809+00:00,153.734,153.734,0.0,204
2026-09-11T18:52:35.662+00:00,153.733,153.734,0.001,204
2026-09-11T18:52:35.863+00:00,153.734,153.735,0.001,204
2026-09-11T18:52:36.272+00:00,153.733,153.734,0.001,204
2026-09-11T18:52:36.475+00:00,153.732,153.734,0.002,204
2026-09-11T18:52:36.674+00:00,153.734,153.735,0.001,204
2026-09-11T18:52:36.871+00:00,153.734,153.737,0.003,204
2026-09-11T18:52:37.073+00:00,153.737,153.74,0.003,204
2026-09-11T18:52:37.273+00:00,153.735,153.738,0.003,204
2026-09-11T18:52:37.488+00:00,153.734,153.737,0.003,204
2026-09-11T18:52:37.713+00:00,153.737,153.74,0.003,204
2026-09-11T18:52:38.480+00:00,153.737,153.741,0.004,204
2026-09-11T18:52:38.882+00:00,153.737,153.74,0.003,204
2026-09-11T18:52:39.492+00:00,153.735,153.738,0.003,204
2026-09-11T18:52:39.687+00:00,153.737,153.74,0.003,204
2026-09-11T18:52:39.885+00:00,153.735,153.738,0.003,204
2026-09-11T18:52:40.852+00:00,153.734,153.737,0.003,204
2026-09-11T18:52:41.053+00:00,153.737,153.74,0.003,204
2026-09-11T18:52:41.668+00:00,153.735,153.738,0.003,204
2026-09-11T18:52:44.103+00:00,153.737,153.74,0.003,204
2026-09-11T18:52:44.291+00:00,153.735,153.738,0.003,204
2026-09-11T18:52:45.788+00:00,153.737,153.74,0.003,204
2026-09-11T18:52:47.948+00:00,153.735,153.738,0.003,204
2026-09-11T18:52:48.407+00:00,153.737,153.74,0.003,204
2026-09-11T18:52:49.402+00:00,153.735,153.738,0.003,204
2026-09-11T18:52:49.604+00:00,153.737,153.74,0.003,204
2026-09-11T18:52:53.547+00:00,153.735,153.738,0.003,205
2026-09-11T18:52:53.754+00:00,153.737,153.74,0.003,205
2026-09-11T18:52:54.200+00:00,153.733,153.74,0.007,205
2026-09-11T18:52:54.417+00:00,153.735,153.74,0.005,205
2026-09-11T18:52:54.619+00:00,153.733,153.74,0.007,205
2026-09-11T18:52:54.820+00:00,153.738,153.741,0.003,205
2026-09-11T18:52:55.019+00:00,153.739,153.741,0.002,205
2026-09-11T18:52:55.221+00:00,153.737,153.738,0.001,205
2026-09-11T18:52:55.424+00:00,153.74,153.741,0.001,205
2026-09-11T18:52:55.938+00:00,153.743,153.744,0.001,205
2026-09-11T18:52:56.141+00:00,153.741,153.742,0.001,205
2026-09-11T18:52:56.327+00:00,153.737,153.74,0.003,205
2026-09-11T18:52:56.934+00:00,153.739,153.74,0.001,205
2026-09-11T18:52:57.132+00:00,153.74,153.743,0.003,205
2026-09-11T18:52:57.334+00:00,153.741,153.744,0.003,205
2026-09-11T18:52:58.938+00:00,153.739,153.742,0.003,205
2026-09-11T18:52:59.475+00:00,153.74,153.741,0.001,205
2026-09-11T18:52:59.475+00:00,153.741,153.742,0.001,205
2026-09-11T18:52:59.869+00:00,153.74,153.741,0.001,205
2026-09-11T18:53:00.924+00:00,153.74,153.743,0.003,205
2026-09-11T18:53:01.126+00:00,153.741,153.744,0.003,205
2026-09-11T18:53:01.324+00:00,153.74,153.743,0.003,205
2026-09-11T18:53:02.137+00:00,153.741,153.744,0.003,205
2026-09-11T18:53:02.338+00:00,153.742,153.745,0.003,205
2026-09-11T18:53:02.992+00:00,153.741,153.744,0.003,205
2026-09-11T18:53:04.002+00:00,153.743,153.744,0.001,205
2026-09-11T18:53:04.659+00:00,153.743,153.743,0.0,205
2026-09-11T18:53:04.859+00:00,153.741,153.744,0.003,205
2026-09-11T18:53:05.419+00:00,153.742,153.743,0.001,205
2026-09-11T18:53:05.620+00:00,153.741,153.744,0.003,205
2026-09-11T18:53:05.828+00:00,153.743,153.744,0.001,205
2026-09-11T18:53:06.022+00:00,153.739,153.744,0.005,205
2026-09-11T18:53:06.424+00:00,153.742,153.745,0.003,205
2026-09-11T18:53:06.627+00:00,153.741,153.744,0.003,205
2026-09-11T18:53:07.030+00:00,153.742,153.745,0.003,205
2026-09-11T18:53:08.554+00:00,153.741,153.744,0.003,205
2026-09-11T18:53:08.958+00:00,153.742,153.745,0.003,205
2026-09-11T18:53:09.358+00:00,153.741,153.744,0.003,205
2026-09-11T18:53:10.370+00:00,153.742,153.745,0.003,205
2026-09-11T18:53:11.181+00:00,153.741,153.744,0.003,205
2026-09-11T18:53:15.797+00:00,153.741,153.743,0.002,205
2026-09-11T18:53:16.047+00:00,153.741,153.744,0.003,205
2026-09-11T18:53:18.372+00:00,153.74,153.743,0.003,206
2026-09-11T18:53:18.775+00:00,153.741,153.744,0.003,206
2026-09-11T18:53:18.974+00:00,153.742,153.743,0.001,206
2026-09-11T18:53:19.175+00:00,153.741,153.742,0.001,206
2026-09-11T18:53:20.003+00:00,153.741,153.741,0.0,206
2026-09-11T18:53:20.198+00:00,153.74,153.74,0.0,206
2026-09-11T18:53:20.402+00:00,153.741,153.741,0.0,206
2026-09-11T18:53:20.923+00:00,153.741,153.742,0.001,206
2026-09-11T18:53:21.730+00:00,153.741,153.741,0.0,206
2026-09-11T18:53:23.505+00:00,153.74,153.743,0.003,206
2026-09-11T18:53:23.714+00:00,153.739,153.742,0.003,206
2026-09-11T18:53:23.915+00:00,153.74,153.743,0.003,206
2026-09-11T18:53:24.206+00:00,153.739,153.742,0.003,206
2026-09-11T18:53:24.406+00:00,153.74,153.743,0.003,206
2026-09-11T18:53:25.015+00:00,153.739,153.742,0.003,206
2026-09-11T18:53:26.033+00:00,153.74,153.743,0.003,206
2026-09-11T18:53:26.234+00:00,153.736,153.739,0.003,206
2026-09-11T18:53:26.437+00:00,153.737,153.74,0.003,206
2026-09-11T18:53:26.636+00:00,153.738,153.741,0.003,206
2026-09-11T18:53:27.562+00:00,153.737,153.74,0.003,206
2026-09-11T18:53:29.913+00:00,153.738,153.741,0.003,206
2026-09-11T18:53:30.115+00:00,153.739,153.739,0.0,206
2026-09-11T18:53:30.714+00:00,153.739,153.74,0.001,206
2026-09-11T18:53:30.922+00:00,153.738,153.739,0.001,206
2026-09-11T18:53:32.714+00:00,153.739,153.739,0.0,206
2026-09-11T18:53:34.451+00:00,153.738,153.739,0.001,206
2026-09-11T18:53:35.504+00:00,153.739,153.74,0.001,206
2026-09-11T18:53:35.708+00:00,153.738,153.739,0.001,206
2026-09-11T18:53:36.970+00:00,153.739,153.739,0.0,206
2026-09-11T18:53:37.418+00:00,153.738,153.738,0.0,206
2026-09-11T18:53:37.620+00:00,153.738,153.739,0.001,206
2026-09-11T18:53:38.233+00:00,153.737,153.738,0.001,206
2026-09-11T18:53:38.424+00:00,153.738,153.739,0.001,206
2026-09-11T18:53:38.624+00:00,153.737,153.738,0.001,206
2026-09-11T18:53:40.973+00:00,153.736,153.737,0.001,206
2026-09-11T18:53:41.707+00:00,153.737,153.738,0.001,206
2026-09-11T18:53:42.225+00:00,153.738,153.739,0.001,206
2026-09-11T18:53:42.427+00:00,153.738,153.738,0.0,207
2026-09-11T18:53:42.625+00:00,153.739,153.739,0.0,207
2026-09-11T18:53:42.826+00:00,153.737,153.738,0.001,207
2026-09-11T18:53:43.921+00:00,153.737,153.737,0.0,207
2026-09-11T18:53:44.121+00:00,153.738,153.739,0.001,207
2026-09-11T18:53:44.718+00:00,153.737,153.737,0.0,207
2026-09-11T18:53:44.917+00:00,153.737,153.74,0.003,207
2026-09-11T18:53:45.719+00:00,153.736,153.738,0.002,207
2026-09-11T18:53:49.292+00:00,153.737,153.74,0.003,207
2026-09-11T18:53:50.050+00:00,153.736,153.738,0.002,207
2026-09-11T18:53:51.028+00:00,153.737,153.74,0.003,207
2026-09-11T18:53:53.810+00:00,153.738,153.741,0.003,207
2026-09-11T18:53:54.487+00:00,153.737,153.739,0.002,207
2026-09-11T18:53:55.830+00:00,153.736,153.738,0.002,207
2026-09-11T18:53:56.235+00:00,153.737,153.739,0.002,207
2026-09-11T18:53:56.442+00:00,153.737,153.74,0.003,207
2026-09-11T18:53:56.641+00:00,153.739,153.742,0.003,207
2026-09-11T18:53:56.842+00:00,153.742,153.745,0.003,207
2026-09-11T18:54:00.221+00:00,153.741,153.744,0.003,207
2026-09-11T18:54:00.621+00:00,153.742,153.745,0.003,207
2026-09-11T18:54:00.823+00:00,153.741,153.744,0.003,207
2026-09-11T18:54:01.224+00:00,153.742,153.745,0.003,207
2026-09-11T18:54:01.425+00:00,153.741,153.744,0.003,207
2026-09-11T18:54:02.229+00:00,153.742,153.745,0.003,207
2026-09-11T18:54:02.636+00:00,153.741,153.744,0.003,207
2026-09-11T18:54:08.651+00:00,153.739,153.742,0.003,208
2026-09-11T18:54:09.640+00:00,153.738,153.741,0.003,208
2026-09-11T18:54:09.839+00:00,153.737,153.74,0.003,208
2026-09-11T18:54:10.050+00:00,153.738,153.741,0.003,208
2026-09-11T18:54:10.249+00:00,153.737,153.74,0.003,208
2026-09-11T18:54:10.642+00:00,153.738,153.741,0.003,208
2026-09-11T18:54:11.047+00:00,153.739,153.742,0.003,208
2026-09-11T18:54:11.244+00:00,153.738,153.741,0.003,208
2026-09-11T18:54:11.850+00:00,153.739,153.742,0.003,208
2026-09-11T18:54:12.051+00:00,153.735,153.741,0.006,208
2026-09-11T18:54:12.454+00:00,153.737,153.741,0.004,208
2026-09-11T18:54:12.856+00:00,153.738,153.741,0.003,208
2026-09-11T18:54:14.328+00:00,153.739,153.74,0.001,208
2026-09-11T18:54:14.530+00:00,153.741,153.744,0.003,208
2026-09-11T18:54:16.433+00:00,153.74,153.743,0.003,208
2026-09-11T18:54:18.650+00:00,153.739,153.742,0.003,208
2026-09-11T18:54:19.454+00:00,153.74,153.743,0.003,208
2026-09-11T18:54:19.653+00:00,153.739,153.742,0.003,208
2026-09-11T18:54:20.055+00:00,153.74,153.743,0.003,208
2026-09-11T18:54:21.261+00:00,153.741,153.744,0.003,208
2026-09-11T18:54:22.262+00:00,153.74,153.743,0.003,208
2026-09-11T18:54:23.467+00:00,153.741,153.744,0.003,208
2026-09-11T18:54:23.868+00:00,153.742,153.745,0.003,208
2026-09-11T18:54:25.524+00:00,153.741,153.744,0.003,208
2026-09-11T18:54:25.720+00:00,153.74,153.743,0.003,208
2026-09-11T18:54:25.918+00:00,153.739,153.742,0.003,208
2026-09-11T18:54:26.120+00:00,153.738,153.741,0.003,208
2026-09-11T18:54:28.340+00:00,153.739,153.742,0.003,208
2026-09-11T18:54:28.542+00:00,153.738,153.741,0.003,208
2026-09-11T18:54:29.147+00:00,153.737,153.74,0.003,208
2026-09-11T18:54:29.348+00:00,153.738,153.741,0.003,208
2026-09-11T18:54:30.350+00:00,153.741,153.744,0.003,208
2026-09-11T18:54:30.563+00:00,153.739,153.742,0.003,208
2026-09-11T18:54:34.806+00:00,153.74,153.743,0.003,209
2026-09-11T18:54:35.006+00:00,153.741,153.744,0.003,209
2026-09-11T18:54:35.211+00:00,153.743,153.743,0.0,209
2026-09-11T18:54:35.413+00:00,153.741,153.742,0.001,209
2026-09-11T18:54:35.613+00:00,153.742,153.743,0.001,209
2026-09-11T18:54:36.015+00:00,153.743,153.744,0.001,209
2026-09-11T18:54:37.283+00:00,153.742,153.742,0.0,209
2026-09-11T18:54:37.485+00:00,153.743,153.744,0.001,209
2026-09-11T18:54:37.716+00:00,153.742,153.743,0.001,209
2026-09-11T18:54:37.917+00:00,153.743,153.744,0.001,209
2026-09-11T18:54:38.116+00:00,153.742,153.743,0.001,209
2026-09-11T18:54:38.320+00:00,153.741,153.742,0.001,209
2026-09-11T18:54:38.518+00:00,153.742,153.743,0.001,209
2026-09-11T18:54:38.718+00:00,153.741,153.742,0.001,209
2026-09-11T18:54:38.919+00:00,153.74,153.742,0.002,209
2026-09-11T18:54:39.120+00:00,153.74,153.741,0.001,209
2026-09-11T18:54:39.724+00:00,153.738,153.739,0.001,209
2026-09-11T18:54:39.923+00:00,153.739,153.74,0.001,209
2026-09-11T18:54:40.668+00:00,153.74,153.741,0.001,209
2026-09-11T18:54:40.867+00:00,153.738,153.739,0.001,209
2026-09-11T18:54:41.268+00:00,153.74,153.741,0.001,209
2026-09-11T18:54:41.674+00:00,153.739,153.742,0.003,209
2026-09-11T18:54:41.873+00:00,153.74,153.743,0.003,209
2026-09-11T18:54:42.075+00:00,153.739,153.742,0.003,209
2026-09-11T18:54:42.477+00:00,153.74,153.743,0.003,209
2026-09-11T18:54:42.680+00:00,153.739,153.742,0.003,209
2026-09-11T18:54:42.907+00:00,153.741,153.744,0.003,209
2026-09-11T18:54:43.223+00:00,153.739,153.742,0.003,209
2026-09-11T18:54:43.425+00:00,153.74,153.743,0.003,209
2026-09-11T18:54:43.824+00:00,153.741,153.744,0.003,209
2026-09-11T18:54:44.655+00:00,153.74,153.743,0.003,209
2026-09-11T18:54:44.857+00:00,153.741,153.744,0.003,209
2026-09-11T18:54:45.257+00:00,153.74,153.743,0.003,209
2026-09-11T18:54:45.459+00:00,153.741,153.744,0.003,209
2026-09-11T18:54:46.182+00:00,153.74,153.743,0.003,209
2026-09-11T18:54:46.781+00:00,153.741,153.744,0.003,209
2026-09-11T18:54:47.438+00:00,153.74,153.743,0.003,209
2026-09-11T18:54:47.636+00:00,153.741,153.744,0.003,209
2026-09-11T18:54:49.096+00:00,153.74,153.743,0.003,209
2026-09-11T18:54:49.299+00:00,153.741,153.744,0.003,209
2026-09-11T18:54:50.973+00:00,153.74,153.742,0.002,209
2026-09-11T18:54:53.017+00:00,153.74,153.743,0.003,209
2026-09-11T18:54:53.218+00:00,153.741,153.744,0.003,209
2026-09-11T18:54:53.421+00:00,153.74,153.743,0.003,209
2026-09-11T18:54:53.631+00:00,153.741,153.744,0.003,209
2026-09-11T18:54:53.823+00:00,153.74,153.743,0.003,209
2026-09-11T18:54:54.022+00:00,153.741,153.744,0.003,209
2026-09-11T18:54:54.424+00:00,153.74,153.742,0.002,209
2026-09-11T18:54:54.626+00:00,153.741,153.744,0.003,209
2026-09-11T18:54:55.147+00:00,153.74,153.742,0.002,209
2026-09-11T18:54:55.351+00:00,153.74,153.743,0.003,209
2026-09-11T18:54:55.953+00:00,153.741,153.744,0.003,209
2026-09-11T18:54:56.653+00:00,153.74,153.742,0.002,209
2026-09-11T18:54:56.853+00:00,153.74,153.743,0.003,209
2026-09-11T18:54:57.053+00:00,153.741,153.744,0.003,209
2026-09-11T18:54:57.592+00:00,153.74,153.743,0.003,209
2026-09-11T18:55:00.695+00:00,153.739,153.742,0.003,210
2026-09-11T18:55:00.897+00:00,153.742,153.745,0.003,210
2026-09-11T18:55:01.292+00:00,153.743,153.746,0.003,210
2026-09-11T18:55:01.694+00:00,153.742,153.745,0.003,210
2026-09-11T18:55:01.895+00:00,153.743,153.746,0.003,210
2026-09-11T18:55:02.984+00:00,153.742,153.744,0.002,210
2026-09-11T18:55:03.184+00:00,153.744,153.747,0.003,210
2026-09-11T18:55:03.386+00:00,153.743,153.746,0.003,210
2026-09-11T18:55:03.788+00:00,153.742,153.745,0.003,210
2026-09-11T18:55:04.189+00:00,153.744,153.747,0.003,210
2026-09-11T18:55:04.996+00:00,153.742,153.745,0.003,210
2026-09-11T18:55:06.154+00:00,153.747,153.75,0.003,210
2026-09-11T18:55:06.354+00:00,153.746,153.749,0.003,210
2026-09-11T18:55:06.554+00:00,153.747,153.75,0.003,210
2026-09-11T18:55:07.156+00:00,153.748,153.751,0.003,210
2026-09-11T18:55:07.558+00:00,153.749,153.752,0.003,210
2026-09-11T18:55:07.966+00:00,153.748,153.751,0.003,210
2026-09-11T18:55:08.568+00:00,153.75,153.753,0.003,210
2026-09-11T18:55:08.968+00:00,153.749,153.752,0.003,210
2026-09-11T18:55:09.169+00:00,153.75,153.753,0.003,210
2026-09-11T18:55:09.370+00:00,153.749,153.752,0.003,210
2026-09-11T18:55:09.569+00:00,153.748,153.751,0.003,210
2026-09-11T18:55:10.710+00:00,153.749,153.752,0.003,210
2026-09-11T18:55:11.107+00:00,153.747,153.75,0.003,210
2026-09-11T18:55:11.306+00:00,153.748,153.751,0.003,210
2026-09-11T18:55:11.527+00:00,153.749,153.752,0.003,210
2026-09-11T18:55:11.730+00:00,153.747,153.75,0.003,210
2026-09-11T18:55:12.370+00:00,153.746,153.749,0.003,210
2026-09-11T18:55:12.531+00:00,153.747,153.75,0.003,210
2026-09-11T18:55:12.932+00:00,153.748,153.751,0.003,210
2026-09-11T18:55:13.613+00:00,153.746,153.749,0.003,210
2026-09-11T18:55:13.811+00:00,153.747,153.75,0.003,210
2026-09-11T18:55:15.449+00:00,153.748,153.751,0.003,210
2026-09-11T18:55:15.659+00:00,153.747,153.75,0.003,210
2026-09-11T18:55:15.859+00:00,153.746,153.75,0.004,210
2026-09-11T18:55:16.056+00:00,153.747,153.75,0.003,210
2026-09-11T18:55:16.664+00:00,153.748,153.751,0.003,210
2026-09-11T18:55:16.864+00:00,153.747,153.75,0.003,210
2026-09-11T18:55:17.266+00:00,153.748,153.751,0.003,210
2026-09-11T18:55:17.470+00:00,153.747,153.75,0.003,210
2026-09-11T18:55:17.875+00:00,153.748,153.751,0.003,210
2026-09-11T18:55:18.072+00:00,153.747,153.75,0.003,210
2026-09-11T18:55:18.271+00:00,153.748,153.751,0.003,210
2026-09-11T18:55:18.474+00:00,153.747,153.75,0.003,210
2026-09-11T18:55:18.677+00:00,153.748,153.751,0.003,210
2026-09-11T18:55:18.876+00:00,153.747,153.75,0.003,210
2026-09-11T18:55:22.711+00:00,153.746,153.749,0.003,210
2026-09-11T18:55:22.912+00:00,153.747,153.75,0.003,211
2026-09-11T18:55:23.126+00:00,153.746,153.749,0.003,211
2026-09-11T18:55:23.329+00:00,153.748,153.751,0.003,211
2026-09-11T18:55:24.386+00:00,153.746,153.749,0.003,211
2026-09-11T18:55:24.586+00:00,153.748,153.751,0.003,211
2026-09-11T18:55:25.653+00:00,153.746,153.749,0.003,211
2026-09-11T18:55:25.855+00:00,153.747,153.75,0.003,211
2026-09-11T18:55:26.255+00:00,153.748,153.75,0.002,211
2026-09-11T18:55:26.455+00:00,153.746,153.749,0.003,211
2026-09-11T18:55:27.619+00:00,153.745,153.748,0.003,211
2026-09-11T18:55:28.225+00:00,153.746,153.749,0.003,211
2026-09-11T18:55:28.424+00:00,153.745,153.748,0.003,211
2026-09-11T18:55:28.628+00:00,153.745,153.746,0.001,211
2026-09-11T18:55:28.828+00:00,153.745,153.749,0.004,211
2026-09-11T18:55:29.234+00:00,153.746,153.752,0.006,211
2026-09-11T18:55:29.435+00:00,153.746,153.749,0.003,211
2026-09-11T18:55:29.633+00:00,153.747,153.75,0.003,211
2026-09-11T18:55:30.578+00:00,153.745,153.748,0.003,211
2026-09-11T18:55:30.782+00:00,153.747,153.75,0.003,211
2026-09-11T18:55:30.985+00:00,153.748,153.751,0.003,211
2026-09-11T18:55:31.185+00:00,153.747,153.75,0.003,211
2026-09-11T18:55:31.588+00:00,153.745,153.748,0.003,211
2026-09-11T18:55:31.788+00:00,153.746,153.749,0.003,211
2026-09-11T18:55:31.988+00:00,153.747,153.75,0.003,211
2026-09-11T18:55:33.435+00:00,153.746,153.749,0.003,211
2026-09-11T18:55:33.931+00:00,153.747,153.75,0.003,211
2026-09-11T18:55:36.663+00:00,153.746,153.749,0.003,211
2026-09-11T18:55:36.873+00:00,153.747,153.75,0.003,211
2026-09-11T18:55:37.459+00:00,153.746,153.749,0.003,211
2026-09-11T18:55:37.665+00:00,153.747,153.75,0.003,211
2026-09-11T18:55:38.033+00:00,153.746,153.749,0.003,211
2026-09-11T18:55:38.229+00:00,153.745,153.748,0.003,211
2026-09-11T18:55:39.246+00:00,153.746,153.749,0.003,211
2026-09-11T18:55:39.647+00:00,153.745,153.748,0.003,211
2026-09-11T18:55:39.850+00:00,153.746,153.749,0.003,211
2026-09-11T18:55:40.249+00:00,153.745,153.748,0.003,211
2026-09-11T18:55:41.004+00:00,153.744,153.746,0.002,211
2026-09-11T18:55:41.204+00:00,153.747,153.75,0.003,211
2026-09-11T18:55:41.406+00:00,153.744,153.747,0.003,211
2026-09-11T18:55:41.605+00:00,153.745,153.748,0.003,211
2026-09-11T18:55:41.805+00:00,153.744,153.747,0.003,211
2026-09-11T18:55:42.012+00:00,153.745,153.748,0.003,211
2026-09-11T18:55:43.424+00:00,153.743,153.746,0.003,211
2026-09-11T18:55:43.625+00:00,153.737,153.74,0.003,211
2026-09-11T18:55:43.827+00:00,153.736,153.739,0.003,211
2026-09-11T18:55:44.025+00:00,153.737,153.738,0.001,211
2026-09-11T18:55:44.226+00:00,153.737,153.74,0.003,211
2026-09-11T18:55:44.429+00:00,153.736,153.739,0.003,211
2026-09-11T18:55:44.828+00:00,153.737,153.738,0.001,211
2026-09-11T18:55:45.028+00:00,153.736,153.739,0.003,211
2026-09-11T18:55:45.894+00:00,153.739,153.741,0.002,211
2026-09-11T18:55:46.094+00:00,153.738,153.741,0.003,211
2026-09-11T18:55:46.294+00:00,153.739,153.742,0.003,211
2026-09-11T18:55:46.499+00:00,153.738,153.741,0.003,211
2026-09-11T18:55:46.699+00:00,153.737,153.74,0.003,211
2026-09-11T18:55:46.903+00:00,153.738,153.741,0.003,211
2026-09-11T18:55:47.101+00:00,153.739,153.742,0.003,211
2026-09-11T18:55:47.703+00:00,153.737,153.74,0.003,211
2026-09-11T18:55:47.909+00:00,153.738,153.739,0.001,212
2026-09-11T18:55:48.713+00:00,153.739,153.739,0.0,212
2026-09-11T18:55:49.517+00:00,153.737,153.74,0.003,212
2026-09-11T18:55:49.723+00:00,153.738,153.74,0.002,212
2026-09-11T18:55:49.915+00:00,153.738,153.739,0.001,212
2026-09-11T18:55:50.403+00:00,153.736,153.739,0.003,212
2026-09-11T18:55:50.403+00:00,153.739,153.74,0.001,212
2026-09-11T18:55:51.009+00:00,153.738,153.739,0.001,212
2026-09-11T18:55:51.412+00:00,153.737,153.738,0.001,212
2026-09-11T18:55:52.213+00:00,153.737,153.739,0.002,212
2026-09-11T18:55:52.413+00:00,153.737,153.738,0.001,212
2026-09-11T18:55:52.614+00:00,153.738,153.739,0.001,212
2026-09-11T18:55:52.816+00:00,153.737,153.738,0.001,212
2026-09-11T18:55:53.420+00:00,153.739,153.74,0.001,212
2026-09-11T18:55:53.823+00:00,153.743,153.746,0.003,212
2026-09-11T18:55:54.625+00:00,153.742,153.745,0.003,212
2026-09-11T18:55:55.025+00:00,153.744,153.747,0.003,212
2026-09-11T18:55:55.226+00:00,153.743,153.746,0.003,212
2026-09-11T18:55:56.432+00:00,153.744,153.747,0.003,212
2026-09-11T18:55:58.243+00:00,153.745,153.748,0.003,212
2026-09-11T18:55:58.450+00:00,153.744,153.747,0.003,212
2026-09-11T18:55:58.650+00:00,153.743,153.746,0.003,212
2026-09-11T18:55:58.851+00:00,153.744,153.747,0.003,212
2026-09-11T18:56:01.373+00:00,153.743,153.746,0.003,212
2026-09-11T18:56:01.575+00:00,153.744,153.747,0.003,212
2026-09-11T18:56:02.182+00:00,153.743,153.746,0.003,212
2026-09-11T18:56:02.378+00:00,153.744,153.747,0.003,212
2026-09-11T18:56:03.080+00:00,153.746,153.749,0.003,212
2026-09-11T18:56:03.283+00:00,153.747,153.748,0.001,212
2026-09-11T18:56:03.613+00:00,153.747,153.749,0.002,212
2026-09-11T18:56:03.787+00:00,153.748,153.749,0.001,212
2026-09-11T18:56:03.986+00:00,153.747,153.748,0.001,212
2026-09-11T18:56:04.711+00:00,153.746,153.747,0.001,212
2026-09-11T18:56:04.910+00:00,153.747,153.748,0.001,212
2026-09-11T18:56:05.710+00:00,153.748,153.749,0.001,212
2026-09-11T18:56:05.909+00:00,153.749,153.75,0.001,212
2026-09-11T18:56:06.716+00:00,153.749,153.749,0.0,212
2026-09-11T18:56:07.568+00:00,153.748,153.748,0.0,212
2026-09-11T18:56:07.768+00:00,153.749,153.749,0.0,212
2026-09-11T18:56:07.968+00:00,153.748,153.748,0.0,212
2026-09-11T18:56:08.172+00:00,153.747,153.75,0.003,212
2026-09-11T18:56:09.189+00:00,153.748,153.749,0.001,212
2026-09-11T18:56:09.587+00:00,153.749,153.752,0.003,212
2026-09-11T18:56:09.986+00:00,153.75,153.753,0.003,212
2026-09-11T18:56:10.189+00:00,153.751,153.752,0.001,212
2026-09-11T18:56:10.386+00:00,153.751,153.754,0.003,212
2026-09-11T18:56:10.588+00:00,153.749,153.752,0.003,212
2026-09-11T18:56:11.189+00:00,153.749,153.75,0.001,212
2026-09-11T18:56:11.391+00:00,153.747,153.75,0.003,212
2026-09-11T18:56:12.194+00:00,153.748,153.751,0.003,212
2026-09-11T18:56:12.395+00:00,153.749,153.752,0.003,212
2026-09-11T18:56:12.598+00:00,153.75,153.753,0.003,212
2026-09-11T18:56:12.798+00:00,153.749,153.752,0.003,212
2026-09-11T18:56:13.002+00:00,153.75,153.753,0.003,213
2026-09-11T18:56:13.745+00:00,153.749,153.752,0.003,213
2026-09-11T18:56:13.948+00:00,153.75,153.753,0.003,213
2026-09-11T18:56:14.344+00:00,153.749,153.752,0.003,213
2026-09-11T18:56:14.544+00:00,153.75,153.753,0.003,213
2026-09-11T18:56:14.744+00:00,153.749,153.752,0.003,213
2026-09-11T18:56:14.945+00:00,153.75,153.753,0.003,213
2026-09-11T18:56:15.145+00:00,153.749,153.752,0.003,213
2026-09-11T18:56:15.348+00:00,153.746,153.752,0.006,213
2026-09-11T18:56:15.949+00:00,153.749,153.752,0.003,213
2026-09-11T18:56:18.224+00:00,153.75,153.753,0.003,213
2026-09-11T18:56:19.709+00:00,153.749,153.751,0.002,213
2026-09-11T18:56:20.116+00:00,153.75,153.753,0.003,213
2026-09-11T18:56:20.315+00:00,153.749,153.752,0.003,213
2026-09-11T18:56:20.516+00:00,153.75,153.753,0.003,213
2026-09-11T18:56:20.718+00:00,153.749,153.752,0.003,213
2026-09-11T18:56:20.939+00:00,153.749,153.751,0.002,213
2026-09-11T18:56:21.137+00:00,153.748,153.751,0.003,213
2026-09-11T18:56:21.729+00:00,153.748,153.749,0.001,213
2026-09-11T18:56:22.124+00:00,153.749,153.752,0.003,213
2026-09-11T18:56:23.434+00:00,153.748,153.751,0.003,213
2026-09-11T18:56:23.533+00:00,153.749,153.752,0.003,213
2026-09-11T18:56:26.249+00:00,153.748,153.751,0.003,213
2026-09-11T18:56:26.823+00:00,153.75,153.753,0.003,213
2026-09-11T18:56:27.074+00:00,153.749,153.752,0.003,213
2026-09-11T18:56:27.273+00:00,153.75,153.753,0.003,213
2026-09-11T18:56:27.476+00:00,153.749,153.752,0.003,213
2026-09-11T18:56:27.686+00:00,153.75,153.753,0.003,213
2026-09-11T18:56:28.089+00:00,153.748,153.751,0.003,213
2026-09-11T18:56:29.059+00:00,153.75,153.753,0.003,213
2026-09-11T18:56:29.762+00:00,153.749,153.752,0.003,213
2026-09-11T18:56:29.964+00:00,153.75,153.753,0.003,213
2026-09-11T18:56:30.162+00:00,153.749,153.752,0.003,213
2026-09-11T18:56:30.362+00:00,153.748,153.751,0.003,213
2026-09-11T18:56:30.764+00:00,153.75,153.753,0.003,213
2026-09-11T18:56:31.368+00:00,153.751,153.754,0.003,213
2026-09-11T18:56:31.567+00:00,153.75,153.753,0.003,213
2026-09-11T18:56:31.970+00:00,153.751,153.754,0.003,213
2026-09-11T18:56:32.372+00:00,153.75,153.753,0.003,213
2026-09-11T18:56:33.555+00:00,153.751,153.754,0.003,213
2026-09-11T18:56:34.559+00:00,153.75,153.753,0.003,213
2026-09-11T18:56:35.781+00:00,153.751,153.754,0.003,213
2026-09-11T18:56:38.618+00:00,153.75,153.753,0.003,214
2026-09-11T18:56:38.818+00:00,153.751,153.752,0.001,214
2026-09-11T18:56:41.231+00:00,153.751,153.753,0.002,214
2026-09-11T18:56:41.432+00:00,153.752,153.753,0.001,214
2026-09-11T18:56:42.683+00:00,153.749,153.75,0.001,214
2026-09-11T18:56:42.882+00:00,153.747,153.748,0.001,214
2026-09-11T18:56:43.082+00:00,153.748,153.749,0.001,214
2026-09-11T18:56:43.282+00:00,153.747,153.748,0.001,214
2026-09-11T18:56:43.483+00:00,153.748,153.749,0.001,214
2026-09-11T18:56:43.885+00:00,153.747,153.748,0.001,214
2026-09-11T18:56:44.086+00:00,153.749,153.75,0.001,214
2026-09-11T18:56:44.290+00:00,153.747,153.748,0.001,214
2026-09-11T18:56:45.094+00:00,153.746,153.749,0.003,214
2026-09-11T18:56:45.294+00:00,153.747,153.748,0.001,214
2026-09-11T18:56:45.696+00:00,153.749,153.75,0.001,214
2026-09-11T18:56:45.895+00:00,153.748,153.749,0.001,214
2026-09-11T18:56:46.095+00:00,153.747,153.748,0.001,214
2026-09-11T18:56:46.295+00:00,153.75,153.751,0.001,214
2026-09-11T18:56:46.498+00:00,153.747,153.748,0.001,214
2026-09-11T18:56:46.897+00:00,153.747,153.75,0.003,214
2026-09-11T18:56:47.098+00:00,153.746,153.749,0.003,214
2026-09-11T18:56:47.298+00:00,153.747,153.75,0.003,214
2026-09-11T18:56:47.700+00:00,153.748,153.749,0.001,214
2026-09-11T18:56:48.305+00:00,153.746,153.749,0.003,214
2026-09-11T18:56:48.508+00:00,153.747,153.75,0.003,214
2026-09-11T18:56:48.911+00:00,153.746,153.749,0.003,214
2026-09-11T18:56:49.309+00:00,153.747,153.75,0.003,214
2026-09-11T18:56:49.510+00:00,153.746,153.749,0.003,214
2026-09-11T18:56:49.920+00:00,153.747,153.75,0.003,214
2026-09-11T18:56:50.117+00:00,153.747,153.748,0.001,214
2026-09-11T18:56:50.847+00:00,153.75,153.751,0.001,214
2026-09-11T18:56:50.847+00:00,153.747,153.748,0.001,214
2026-09-11T18:56:50.938+00:00,153.748,153.749,0.001,214
2026-09-11T18:56:51.995+00:00,153.75,153.751,0.001,214
2026-09-11T18:56:52.196+00:00,153.748,153.749,0.001,214
2026-09-11T18:56:52.999+00:00,153.741,153.742,0.001,214
2026-09-11T18:56:53.200+00:00,153.74,153.741,0.001,214
2026-09-11T18:56:53.402+00:00,153.739,153.74,0.001,214
2026-09-11T18:56:53.602+00:00,153.738,153.739,0.001,214
2026-09-11T18:56:54.004+00:00,153.739,153.74,0.001,214
2026-09-11T18:56:54.206+00:00,153.738,153.739,0.001,214
2026-09-11T18:56:54.610+00:00,153.739,153.74,0.001,214
2026-09-11T18:56:55.620+00:00,153.738,153.739,0.001,214
2026-09-11T18:56:55.823+00:00,153.737,153.739,0.002,214
2026-09-11T18:56:56.026+00:00,153.737,153.74,0.003,214
2026-09-11T18:56:56.425+00:00,153.739,153.74,0.001,214
2026-09-11T18:56:57.434+00:00,153.738,153.741,0.003,214
2026-09-11T18:56:58.041+00:00,153.737,153.74,0.003,214
2026-09-11T18:56:58.748+00:00,153.739,153.74,0.001,214
2026-09-11T18:56:58.941+00:00,153.74,153.74,0.0,214
2026-09-11T18:56:59.143+00:00,153.738,153.739,0.001,214
2026-09-11T18:56:59.352+00:00,153.737,153.74,0.003,214
2026-09-11T18:56:59.547+00:00,153.738,153.739,0.001,214
2026-09-11T18:56:59.746+00:00,153.737,153.74,0.003,214
2026-09-11T18:56:59.952+00:00,153.738,153.739,0.001,214
2026-09-11T18:57:00.151+00:00,153.739,153.74,0.001,214
2026-09-11T18:57:00.751+00:00,153.738,153.739,0.001,214
2026-09-11T18:57:00.953+00:00,153.739,153.74,0.001,214
2026-09-11T18:57:01.558+00:00,153.738,153.739,0.001,214
2026-09-11T18:57:02.160+00:00,153.739,153.74,0.001,214
2026-09-11T18:57:02.358+00:00,153.738,153.739,0.001,214
2026-09-11T18:57:02.560+00:00,153.738,153.741,0.003,214
2026-09-11T18:57:02.967+00:00,153.737,153.74,0.003,214
2026-09-11T18:57:03.373+00:00,153.74,153.74,0.0,214
2026-09-11T18:57:03.571+00:00,153.737,153.74,0.003,215
2026-09-11T18:57:04.374+00:00,153.738,153.739,0.001,215
2026-09-11T18:57:04.572+00:00,153.737,153.74,0.003,215
2026-09-11T18:57:05.922+00:00,153.738,153.741,0.003,215
2026-09-11T18:57:06.324+00:00,153.739,153.74,0.001,215
2026-09-11T18:57:06.531+00:00,153.737,153.74,0.003,215
2026-09-11T18:57:06.734+00:00,153.739,153.74,0.001,215
2026-09-11T18:57:07.085+00:00,153.738,153.741,0.003,215
2026-09-11T18:57:07.692+00:00,153.738,153.739,0.001,215
2026-09-11T18:57:07.894+00:00,153.739,153.74,0.001,215
2026-09-11T18:57:08.336+00:00,153.74,153.74,0.0,215
2026-09-11T18:57:08.539+00:00,153.739,153.74,0.001,215
2026-09-11T18:57:09.320+00:00,153.738,153.739,0.001,215
2026-09-11T18:57:09.522+00:00,153.739,153.74,0.001,215
2026-09-11T18:57:09.727+00:00,153.738,153.739,0.001,215
2026-09-11T18:57:09.927+00:00,153.74,153.741,0.001,215
2026-09-11T18:57:10.331+00:00,153.739,153.74,0.001,215
2026-09-11T18:57:11.584+00:00,153.738,153.739,0.001,215
2026-09-11T18:57:11.988+00:00,153.739,153.74,0.001,215
2026-09-11T18:57:12.188+00:00,153.739,153.739,0.0,215
2026-09-11T18:57:12.399+00:00,153.738,153.739,0.001,215
2026-09-11T18:57:12.600+00:00,153.739,153.74,0.001,215
2026-09-11T18:57:12.801+00:00,153.738,153.739,0.001,215
2026-09-11T18:57:13.407+00:00,153.74,153.74,0.0,215
2026-09-11T18:57:13.822+00:00,153.737,153.738,0.001,215
2026-09-11T18:57:14.009+00:00,153.738,153.739,0.001,215
2026-09-11T18:57:15.516+00:00,153.739,153.74,0.001,215
2026-09-11T18:57:15.852+00:00,153.737,153.738,0.001,215
2026-09-11T18:57:16.117+00:00,153.738,153.739,0.001,215
2026-09-11T18:57:18.360+00:00,153.74,153.741,0.001,215
2026-09-11T18:57:18.559+00:00,153.738,153.739,0.001,215
2026-09-11T18:57:19.040+00:00,153.739,153.74,0.001,215
2026-09-11T18:57:19.436+00:00,153.738,153.739,0.001,215
2026-09-11T18:57:19.637+00:00,153.739,153.74,0.001,215
2026-09-11T18:57:19.839+00:00,153.738,153.739,0.001,215
2026-09-11T18:57:20.858+00:00,153.737,153.74,0.003,215
2026-09-11T18:57:21.059+00:00,153.739,153.74,0.001,215
2026-09-11T18:57:21.260+00:00,153.738,153.739,0.001,215
2026-09-11T18:57:21.864+00:00,153.739,153.74,0.001,215
2026-09-11T18:57:22.063+00:00,153.74,153.74,0.0,215
2026-09-11T18:57:22.267+00:00,153.739,153.739,0.0,215
2026-09-11T18:57:23.831+00:00,153.737,153.738,0.001,215
2026-09-11T18:57:24.047+00:00,153.738,153.739,0.001,215
2026-09-11T18:57:25.504+00:00,153.739,153.74,0.001,215
2026-09-11T18:57:25.707+00:00,153.739,153.739,0.0,215
2026-09-11T18:57:25.912+00:00,153.738,153.739,0.001,215
2026-09-11T18:57:26.314+00:00,153.739,153.739,0.0,215
2026-09-11T18:57:27.960+00:00,153.738,153.739,0.001,215
2026-09-11T18:57:28.571+00:00,153.739,153.739,0.0,216
2026-09-11T18:57:28.774+00:00,153.736,153.737,0.001,216
2026-09-11T18:57:28.974+00:00,153.737,153.738,0.001,216
2026-09-11T18:57:29.175+00:00,153.738,153.739,0.001,216
2026-09-11T18:57:29.775+00:00,153.739,153.74,0.001,216
2026-09-11T18:57:29.978+00:00,153.74,153.741,0.001,216
2026-09-11T18:57:30.179+00:00,153.739,153.74,0.001,216
2026-09-11T18:57:30.581+00:00,153.741,153.741,0.0,216
2026-09-11T18:57:30.783+00:00,153.739,153.74,0.001,216
2026-09-11T18:57:30.983+00:00,153.738,153.739,0.001,216
2026-09-11T18:57:31.986+00:00,153.737,153.737,0.0,216
2026-09-11T18:57:32.187+00:00,153.739,153.74,0.001,216
2026-09-11T18:57:33.382+00:00,153.739,153.739,0.0,216
2026-09-11T18:57:33.584+00:00,153.739,153.74,0.001,216
2026-09-11T18:57:33.983+00:00,153.74,153.741,0.001,216
2026-09-11T18:57:34.184+00:00,153.738,153.739,0.001,216
2026-09-11T18:57:34.385+00:00,153.739,153.74,0.001,216
2026-09-11T18:57:34.789+00:00,153.74,153.741,0.001,216
2026-09-11T18:57:34.987+00:00,153.739,153.74,0.001,216
2026-09-11T18:57:36.197+00:00,153.739,153.739,0.0,216
2026-09-11T18:57:36.798+00:00,153.739,153.74,0.001,216
2026-09-11T18:57:37.200+00:00,153.739,153.739,0.0,216
2026-09-11T18:57:37.803+00:00,153.738,153.739,0.001,216
2026-09-11T18:57:38.074+00:00,153.739,153.739,0.0,216
2026-09-11T18:57:38.276+00:00,153.739,153.74,0.001,216
2026-09-11T18:57:38.681+00:00,153.74,153.741,0.001,216
2026-09-11T18:57:38.879+00:00,153.739,153.74,0.001,216
2026-09-11T18:57:39.281+00:00,153.738,153.739,0.001,216
2026-09-11T18:57:39.482+00:00,153.739,153.74,0.001,216
2026-09-11T18:57:40.365+00:00,153.738,153.739,0.001,216
2026-09-11T18:57:40.368+00:00,153.737,153.738,0.001,216
2026-09-11T18:57:40.492+00:00,153.738,153.739,0.001,216
2026-09-11T18:57:41.223+00:00,153.737,153.737,0.0,216
2026-09-11T18:57:41.427+00:00,153.738,153.739,0.001,216
2026-09-11T18:57:41.824+00:00,153.739,153.74,0.001,216
2026-09-11T18:57:42.028+00:00,153.737,153.74,0.003,216
2026-09-11T18:57:42.632+00:00,153.73,153.731,0.001,216
2026-09-11T18:57:42.832+00:00,153.727,153.728,0.001,216
2026-09-11T18:57:43.033+00:00,153.726,153.727,0.001,216
2026-09-11T18:57:43.233+00:00,153.727,153.728,0.001,216
2026-09-11T18:57:43.432+00:00,153.726,153.729,0.003,216
2026-09-11T18:57:44.246+00:00,153.727,153.728,0.001,216
2026-09-11T18:57:44.853+00:00,153.726,153.729,0.003,216
2026-09-11T18:57:45.889+00:00,153.727,153.728,0.001,216
2026-09-11T18:57:46.123+00:00,153.729,153.732,0.003,216
2026-09-11T18:57:46.283+00:00,153.73,153.733,0.003,216
2026-09-11T18:57:46.869+00:00,153.729,153.732,0.003,216
2026-09-11T18:57:47.078+00:00,153.73,153.733,0.003,216
2026-09-11T18:57:48.486+00:00,153.729,153.732,0.003,216
2026-09-11T18:57:48.686+00:00,153.73,153.733,0.003,216
2026-09-11T18:57:49.087+00:00,153.732,153.735,0.003,216
2026-09-11T18:57:50.324+00:00,153.731,153.734,0.003,216
2026-09-11T18:57:50.726+00:00,153.732,153.735,0.003,216
2026-09-11T18:57:51.742+00:00,153.733,153.736,0.003,216
2026-09-11T18:57:51.943+00:00,153.732,153.735,0.003,216
2026-09-11T18:57:52.343+00:00,153.733,153.736,0.003,216
2026-09-11T18:57:53.346+00:00,153.731,153.734,0.003,216
2026-09-11T18:57:53.545+00:00,153.732,153.735,0.003,216
2026-09-11T18:57:53.748+00:00,153.732,153.733,0.001,217
2026-09-11T18:57:53.948+00:00,153.731,153.732,0.001,217
2026-09-11T18:57:54.151+00:00,153.73,153.731,0.001,217
2026-09-11T18:57:54.354+00:00,153.731,153.732,0.001,217
2026-09-11T18:57:55.744+00:00,153.73,153.732,0.002,217
2026-09-11T18:57:56.697+00:00,153.731,153.732,0.001,217
2026-09-11T18:57:57.117+00:00,153.732,153.734,0.002,217
2026-09-11T18:57:57.313+00:00,153.732,153.733,0.001,217
2026-09-11T18:57:57.719+00:00,153.733,153.735,0.002,217
2026-09-11T18:57:57.915+00:00,153.733,153.734,0.001,217
2026-09-11T18:57:58.961+00:00,153.732,153.733,0.001,217
2026-09-11T18:57:59.720+00:00,153.731,153.733,0.002,217
2026-09-11T18:57:59.919+00:00,153.732,153.733,0.001,217
2026-09-11T18:58:01.206+00:00,153.73,153.733,0.003,217
2026-09-11T18:58:01.601+00:00,153.733,153.736,0.003,217
2026-09-11T18:58:01.801+00:00,153.731,153.734,0.003,217
2026-09-11T18:58:02.205+00:00,153.732,153.735,0.003,217
2026-09-11T18:58:02.401+00:00,153.731,153.734,0.003,217
2026-09-11T18:58:02.602+00:00,153.732,153.735,0.003,217
2026-09-11T18:58:02.805+00:00,153.731,153.734,0.003,217
2026-09-11T18:58:03.008+00:00,153.732,153.735,0.003,217
2026-09-11T18:58:03.208+00:00,153.731,153.734,0.003,217
2026-09-11T18:58:03.609+00:00,153.727,153.73,0.003,217
2026-09-11T18:58:04.011+00:00,153.726,153.729,0.003,217
2026-09-11T18:58:06.166+00:00,153.727,153.73,0.003,217
2026-09-11T18:58:06.369+00:00,153.726,153.729,0.003,217
2026-09-11T18:58:08.184+00:00,153.726,153.727,0.001,217
2026-09-11T18:58:08.386+00:00,153.727,153.73,0.003,217
2026-09-11T18:58:08.584+00:00,153.725,153.728,0.003,217
2026-09-11T18:58:08.989+00:00,153.726,153.729,0.003,217
2026-09-11T18:58:10.550+00:00,153.725,153.728,0.003,217
2026-09-11T18:58:10.957+00:00,153.726,153.727,0.001,217
2026-09-11T18:58:11.484+00:00,153.727,153.728,0.001,217
2026-09-11T18:58:12.404+00:00,153.726,153.729,0.003,217
2026-09-11T18:58:12.604+00:00,153.725,153.728,0.003,217
2026-09-11T18:58:12.804+00:00,153.726,153.729,0.003,217
2026-09-11T18:58:13.206+00:00,153.727,153.73,0.003,217
2026-09-11T18:58:13.608+00:00,153.726,153.729,0.003,217
2026-09-11T18:58:14.012+00:00,153.727,153.73,0.003,217
2026-09-11T18:58:14.412+00:00,153.726,153.729,0.003,217
2026-09-11T18:58:15.016+00:00,153.727,153.73,0.003,217
2026-09-11T18:58:15.744+00:00,153.726,153.729,0.003,217
2026-09-11T18:58:18.475+00:00,153.727,153.728,0.001,217
2026-09-11T18:58:19.249+00:00,153.726,153.729,0.003,218
2026-09-11T18:58:19.450+00:00,153.725,153.728,0.003,218
2026-09-11T18:58:19.650+00:00,153.727,153.73,0.003,218
2026-09-11T18:58:21.367+00:00,153.726,153.729,0.003,218
2026-09-11T18:58:21.563+00:00,153.727,153.73,0.003,218
2026-09-11T18:58:21.765+00:00,153.728,153.729,0.001,218
2026-09-11T18:58:21.971+00:00,153.727,153.73,0.003,218
2026-09-11T18:58:22.305+00:00,153.726,153.729,0.003,218
2026-09-11T18:58:23.061+00:00,153.727,153.73,0.003,218
2026-09-11T18:58:23.462+00:00,153.727,153.728,0.001,218
2026-09-11T18:58:23.665+00:00,153.728,153.728,0.0,218
2026-09-11T18:58:23.866+00:00,153.725,153.728,0.003,218
2026-09-11T18:58:24.067+00:00,153.727,153.73,0.003,218
2026-09-11T18:58:24.316+00:00,153.726,153.729,0.003,218
2026-09-11T18:58:27.199+00:00,153.727,153.728,0.001,218
2026-09-11T18:58:27.599+00:00,153.728,153.729,0.001,218
2026-09-11T18:58:27.801+00:00,153.727,153.73,0.003,218
2026-09-11T18:58:28.899+00:00,153.728,153.729,0.001,218
2026-09-11T18:58:30.606+00:00,153.727,153.728,0.001,218
2026-09-11T18:58:34.563+00:00,153.726,153.729,0.003,218
2026-09-11T18:58:34.767+00:00,153.73,153.731,0.001,218
2026-09-11T18:58:35.167+00:00,153.727,153.728,0.001,218
2026-09-11T18:58:35.368+00:00,153.728,153.729,0.001,218
2026-09-11T18:58:35.775+00:00,153.726,153.727,0.001,218
2026-09-11T18:58:35.971+00:00,153.727,153.729,0.002,218
2026-09-11T18:58:36.171+00:00,153.725,153.727,0.002,218
2026-09-11T18:58:36.373+00:00,153.726,153.727,0.001,218
2026-09-11T18:58:36.574+00:00,153.726,153.729,0.003,218
2026-09-11T18:58:37.179+00:00,153.725,153.728,0.003,218
2026-09-11T18:58:37.377+00:00,153.727,153.73,0.003,218
2026-09-11T18:58:37.830+00:00,153.724,153.727,0.003,218
2026-09-11T18:58:38.031+00:00,153.727,153.73,0.003,218
2026-09-11T18:58:38.231+00:00,153.725,153.728,0.003,218
2026-09-11T18:58:38.433+00:00,153.727,153.73,0.003,218
2026-09-11T18:58:38.635+00:00,153.728,153.731,0.003,218
2026-09-11T18:58:38.840+00:00,153.726,153.729,0.003,218
2026-09-11T18:58:39.237+00:00,153.732,153.735,0.003,218
2026-09-11T18:58:39.838+00:00,153.734,153.735,0.001,218
2026-09-11T18:58:40.041+00:00,153.732,153.735,0.003,218
2026-09-11T18:58:40.654+00:00,153.733,153.736,0.003,218
2026-09-11T18:58:40.854+00:00,153.733,153.734,0.001,218
2026-09-11T18:58:41.060+00:00,153.733,153.736,0.003,218
2026-09-11T18:58:41.257+00:00,153.732,153.735,0.003,218
2026-09-11T18:58:44.156+00:00,153.731,153.734,0.003,219
2026-09-11T18:58:44.564+00:00,153.732,153.735,0.003,219
2026-09-11T18:58:45.731+00:00,153.731,153.734,0.003,219
2026-09-11T18:58:45.933+00:00,153.727,153.73,0.003,219
2026-09-11T18:58:47.725+00:00,153.726,153.729,0.003,219
2026-09-11T18:58:49.881+00:00,153.724,153.725,0.001,219
2026-09-11T18:58:50.495+00:00,153.723,153.726,0.003,219
2026-09-11T18:58:50.696+00:00,153.725,153.725,0.0,219
2026-09-11T18:58:50.897+00:00,153.724,153.725,0.001,219
2026-09-11T18:58:51.104+00:00,153.723,153.726,0.003,219
2026-09-11T18:58:51.905+00:00,153.724,153.725,0.001,219
2026-09-11T18:58:52.559+00:00,153.722,153.725,0.003,219
2026-09-11T18:58:53.364+00:00,153.723,153.724,0.001,219
2026-09-11T18:58:53.565+00:00,153.722,153.725,0.003,219
2026-09-11T18:58:54.460+00:00,153.723,153.726,0.003,219
2026-09-11T18:58:54.661+00:00,153.722,153.725,0.003,219
2026-09-11T18:58:56.443+00:00,153.723,153.726,0.003,219
2026-09-11T18:58:56.650+00:00,153.722,153.725,0.003,219
2026-09-11T18:58:57.050+00:00,153.723,153.726,0.003,219
2026-09-11T18:58:57.865+00:00,153.723,153.724,0.001,219
2026-09-11T18:58:58.069+00:00,153.722,153.725,0.003,219
2026-09-11T18:58:58.482+00:00,153.723,153.726,0.003,219
2026-09-11T18:58:59.075+00:00,153.722,153.725,0.003,219
2026-09-11T18:58:59.460+00:00,153.723,153.726,0.003,219
2026-09-11T18:58:59.660+00:00,153.725,153.726,0.001,219
2026-09-11T18:58:59.859+00:00,153.724,153.727,0.003,219
2026-09-11T18:59:00.060+00:00,153.725,153.728,0.003,219
2026-09-11T18:59:00.581+00:00,153.726,153.729,0.003,219
2026-09-11T18:59:00.986+00:00,153.725,153.728,0.003,219
2026-09-11T18:59:01.181+00:00,153.726,153.729,0.003,219
2026-09-11T18:59:01.585+00:00,153.727,153.73,0.003,219
2026-09-11T18:59:01.790+00:00,153.726,153.728,0.002,219
2026-09-11T18:59:01.989+00:00,153.727,153.73,0.003,219
2026-09-11T18:59:03.275+00:00,153.726,153.729,0.003,219
2026-09-11T18:59:03.477+00:00,153.725,153.727,0.002,219
2026-09-11T18:59:03.685+00:00,153.725,153.728,0.003,219
2026-09-11T18:59:04.162+00:00,153.724,153.727,0.003,219
2026-09-11T18:59:04.283+00:00,153.726,153.729,0.003,219
2026-09-11T18:59:04.913+00:00,153.725,153.728,0.003,219
2026-09-11T18:59:05.116+00:00,153.726,153.729,0.003,219
2026-09-11T18:59:05.785+00:00,153.725,153.727,0.002,219
2026-09-11T18:59:05.982+00:00,153.726,153.729,0.003,219
2026-09-11T18:59:07.466+00:00,153.727,153.728,0.001,219
2026-09-11T18:59:08.859+00:00,153.726,153.729,0.003,219
2026-09-11T18:59:09.060+00:00,153.727,153.728,0.001,220
2026-09-11T18:59:09.263+00:00,153.726,153.729,0.003,220
2026-09-11T18:59:09.660+00:00,153.725,153.728,0.003,220
2026-09-11T18:59:10.062+00:00,153.726,153.729,0.003,220
2026-09-11T18:59:10.469+00:00,153.725,153.728,0.003,220
2026-09-11T18:59:10.663+00:00,153.726,153.729,0.003,220
2026-09-11T18:59:11.064+00:00,153.725,153.728,0.003,220
2026-09-11T18:59:11.472+00:00,153.726,153.729,0.003,220
2026-09-11T18:59:11.672+00:00,153.727,153.73,0.003,220
2026-09-11T18:59:11.874+00:00,153.726,153.729,0.003,220
2026-09-11T18:59:12.275+00:00,153.727,153.73,0.003,220
2026-09-11T18:59:12.878+00:00,153.726,153.729,0.003,220
2026-09-11T18:59:13.891+00:00,153.724,153.726,0.002,220
2026-09-11T18:59:14.103+00:00,153.726,153.729,0.003,220
2026-09-11T18:59:15.169+00:00,153.727,153.73,0.003,220
2026-09-11T18:59:15.571+00:00,153.726,153.729,0.003,220
2026-09-11T18:59:16.777+00:00,153.724,153.727,0.003,220
2026-09-11T18:59:16.981+00:00,153.723,153.726,0.003,220
2026-09-11T18:59:18.696+00:00,153.724,153.725,0.001,220
2026-09-11T18:59:19.035+00:00,153.723,153.724,0.001,220
2026-09-11T18:59:19.235+00:00,153.723,153.726,0.003,220
2026-09-11T18:59:19.434+00:00,153.724,153.725,0.001,220
2026-09-11T18:59:20.819+00:00,153.724,153.727,0.003,220
2026-09-11T18:59:21.020+00:00,153.725,153.726,0.001,220
2026-09-11T18:59:21.221+00:00,153.723,153.726,0.003,220
2026-09-11T18:59:22.092+00:00,153.724,153.727,0.003,220
2026-09-11T18:59:22.293+00:00,153.723,153.726,0.003,220
2026-09-11T18:59:22.506+00:00,153.722,153.725,0.003,220
2026-09-11T18:59:22.697+00:00,153.723,153.726,0.003,220
2026-09-11T18:59:23.622+00:00,153.722,153.724,0.002,220
2026-09-11T18:59:23.819+00:00,153.723,153.726,0.003,220
2026-09-11T18:59:24.221+00:00,153.724,153.727,0.003,220
2026-09-11T18:59:24.424+00:00,153.723,153.726,0.003,220
2026-09-11T18:59:24.625+00:00,153.722,153.725,0.003,220
2026-09-11T18:59:24.826+00:00,153.723,153.726,0.003,220
2026-09-11T18:59:25.228+00:00,153.722,153.725,0.003,220
2026-09-11T18:59:25.428+00:00,153.723,153.726,0.003,220
2026-09-11T18:59:25.630+00:00,153.724,153.727,0.003,220
2026-09-11T18:59:25.841+00:00,153.723,153.726,0.003,220
2026-09-11T18:59:26.455+00:00,153.722,153.725,0.003,220
2026-09-11T18:59:26.657+00:00,153.723,153.726,0.003,220
2026-09-11T18:59:26.857+00:00,153.724,153.725,0.001,220
2026-09-11T18:59:27.098+00:00,153.721,153.725,0.004,220
2026-09-11T18:59:27.271+00:00,153.722,153.726,0.004,220
2026-09-11T18:59:27.460+00:00,153.723,153.726,0.003,220
2026-09-11T18:59:27.883+00:00,153.723,153.73,0.007,220
2026-09-11T18:59:28.088+00:00,153.722,153.729,0.007,220
2026-09-11T18:59:28.285+00:00,153.723,153.73,0.007,220
2026-09-11T18:59:28.486+00:00,153.723,153.728,0.005,220
2026-09-11T18:59:28.888+00:00,153.724,153.727,0.003,220
2026-09-11T18:59:29.091+00:00,153.722,153.725,0.003,220
2026-09-11T18:59:29.291+00:00,153.723,153.726,0.003,220
2026-09-11T18:59:30.569+00:00,153.722,153.725,0.003,220
2026-09-11T18:59:30.772+00:00,153.723,153.726,0.003,220
2026-09-11T18:59:30.973+00:00,153.724,153.727,0.003,220
2026-09-11T18:59:31.379+00:00,153.723,153.726,0.003,220
2026-09-11T18:59:31.573+00:00,153.724,153.727,0.003,220
2026-09-11T18:59:31.776+00:00,153.723,153.726,0.003,220
2026-09-11T18:59:32.376+00:00,153.724,153.727,0.003,220
2026-09-11T18:59:32.577+00:00,153.723,153.726,0.003,220
2026-09-11T18:59:34.601+00:00,153.724,153.725,0.001,221
2026-09-11T18:59:35.811+00:00,153.723,153.726,0.003,221
2026-09-11T18:59:36.222+00:00,153.72,153.723,0.003,221
2026-09-11T18:59:36.419+00:00,153.722,153.725,0.003,221
2026-09-11T18:59:37.223+00:00,153.721,153.723,0.002,221
2026-09-11T18:59:37.422+00:00,153.721,153.724,0.003,221
2026-09-11T18:59:37.830+00:00,153.722,153.725,0.003,221
2026-09-11T18:59:38.434+00:00,153.721,153.724,0.003,221
2026-09-11T18:59:38.634+00:00,153.722,153.725,0.003,221
2026-09-11T18:59:38.939+00:00,153.721,153.724,0.003,221
2026-09-11T18:59:39.437+00:00,153.723,153.726,0.003,221
2026-09-11T18:59:39.640+00:00,153.722,153.725,0.003,221
2026-09-11T18:59:39.843+00:00,153.721,153.724,0.003,221
2026-09-11T18:59:40.242+00:00,153.722,153.725,0.003,221
2026-09-11T18:59:40.443+00:00,153.721,153.724,0.003,221
2026-09-11T18:59:41.251+00:00,153.722,153.725,0.003,221
2026-09-11T18:59:42.052+00:00,153.721,153.724,0.003,221
2026-09-11T18:59:42.654+00:00,153.722,153.725,0.003,221
2026-09-11T18:59:42.856+00:00,153.723,153.726,0.003,221
2026-09-11T18:59:43.054+00:00,153.722,153.725,0.003,221
2026-09-11T18:59:43.804+00:00,153.721,153.723,0.002,221
2026-09-11T18:59:44.007+00:00,153.721,153.724,0.003,221
2026-09-11T18:59:44.206+00:00,153.721,153.722,0.001,221
2026-09-11T18:59:44.409+00:00,153.722,153.723,0.001,221
2026-09-11T18:59:44.811+00:00,153.721,153.724,0.003,221
2026-09-11T18:59:45.012+00:00,153.722,153.725,0.003,221
2026-09-11T18:59:45.413+00:00,153.724,153.727,0.003,221
2026-09-11T18:59:45.615+00:00,153.723,153.726,0.003,221
2026-09-11T18:59:45.815+00:00,153.723,153.724,0.001,221
2026-09-11T18:59:46.015+00:00,153.725,153.726,0.001,221
2026-09-11T18:59:47.221+00:00,153.723,153.727,0.004,221
2026-09-11T18:59:47.425+00:00,153.724,153.726,0.002,221
2026-09-11T18:59:47.822+00:00,153.724,153.727,0.003,221
2026-09-11T18:59:48.428+00:00,153.725,153.726,0.001,221
2026-09-11T18:59:48.626+00:00,153.724,153.726,0.002,221
2026-09-11T18:59:48.828+00:00,153.724,153.727,0.003,221
2026-09-11T18:59:49.437+00:00,153.726,153.726,0.0,221
2026-09-11T18:59:50.032+00:00,153.725,153.726,0.001,221
2026-09-11T18:59:50.234+00:00,153.724,153.725,0.001,221
2026-09-11T18:59:50.433+00:00,153.726,153.727,0.001,221
2026-09-11T18:59:50.638+00:00,153.725,153.728,0.003,221
2026-09-11T18:59:50.835+00:00,153.726,153.727,0.001,221
2026-09-11T18:59:51.036+00:00,153.725,153.726,0.001,221
2026-09-11T18:59:51.236+00:00,153.726,153.727,0.001,221
2026-09-11T18:59:51.436+00:00,153.727,153.728,0.001,221
2026-09-11T18:59:51.646+00:00,153.726,153.729,0.003,221
2026-09-11T18:59:52.086+00:00,153.727,153.728,0.001,221
2026-09-11T18:59:52.646+00:00,153.73,153.73,0.0,221
2026-09-11T18:59:52.846+00:00,153.729,153.73,0.001,221
2026-09-11T18:59:53.046+00:00,153.728,153.73,0.002,221
2026-09-11T18:59:53.452+00:00,153.729,153.73,0.001,221
2026-09-11T18:59:53.856+00:00,153.728,153.729,0.001,221
2026-09-11T18:59:54.262+00:00,153.729,153.73,0.001,221
2026-09-11T18:59:54.459+00:00,153.729,153.729,0.0,221
2026-09-11T18:59:54.659+00:00,153.726,153.729,0.003,221
2026-09-11T18:59:54.859+00:00,153.727,153.727,0.0,221
2026-09-11T18:59:55.661+00:00,153.726,153.729,0.003,221
2026-09-11T18:59:55.861+00:00,153.724,153.727,0.003,221
2026-09-11T18:59:56.061+00:00,153.724,153.725,0.001,221
2026-09-11T18:59:56.262+00:00,153.725,153.726,0.001,221
2026-09-11T18:59:57.067+00:00,153.724,153.725,0.001,221
2026-09-11T18:59:57.666+00:00,153.723,153.724,0.001,221
2026-09-11T18:59:57.867+00:00,153.724,153.724,0.0,221
2026-09-11T18:59:58.675+00:00,153.725,153.725,0.0,221
2026-09-11T18:59:58.876+00:00,153.723,153.726,0.003,221
2026-09-11T18:59:59.076+00:00,153.724,153.725,0.001,221
2026-09-11T18:59:59.673+00:00,153.724,153.727,0.003,222
2026-09-11T18:59:59.873+00:00,153.725,153.726,0.001,222
