Close,reference_price,reference_regime,directional_distance,scale,normalized_measurement,signal
1.10484,1.10531,0.0,-0.00046999999999997044,1.10484,0.00042540096303534487,0.0
1.10417,1.1049010891840607,0.0,-0.0007310891840606182,0.0011600000000000499,0.6302492966039541,0.0
1.10352,1.1045531375565611,0.0,-0.0010331375565610923,0.0011550000000000171,0.8944913909619714,0.0
1.10353,1.1044543508333333,0.0,-0.0009243508333334205,0.0008900000000000574,1.0385964419475964,0.0
1.10357,1.1043737734065933,0.0,-0.0008037734065933222,0.0007825000000000193,1.027186462100067,0.0
1.10336,1.1041545919053162,0.0,-0.0007945919053162775,0.0006899999999999906,1.1515824714728817,0.0
1.10399,1.1041683090237404,0.0,-0.00017830902374038615,0.0007283333333333308,0.2448178815657484,0.0
1.10329,1.1041308484652768,0.0,-0.0008408484652766557,0.0008399999999999837,1.001010077710324,0.0
1.10266,1.1038911842234262,0.0,-0.0012311842234262738,0.0008349999999999747,1.4744721238638456,0.0
1.1033,1.1038648044996366,0.0,-0.0005648044996366952,0.0008444444444444255,0.668847433780312,0.0
1.1038,1.1038655594312092,0.0,-6.555943120933883e-05,0.0008359999999999923,0.07842037225997539,0.0
1.1029,1.1038573516157923,0.0,-0.0009573516157923567,0.0009054545454545426,1.0573160415377467,0.0
1.1024,1.1037960167764322,0.0,-0.0013960167764321962,0.0009158333333333379,1.5243131316820993,0.0
1.10169,1.1034230367577638,0.0,-0.0017330367577637062,0.0009253846153846143,1.8727745511993523,0.0
1.10079,1.1029390573570523,0.0,-0.0021490573570523974,0.0009635714285714288,2.230304151129248,0.0
1.10023,1.1025756814728522,0.0,-0.00234568147285219,0.0009342857142857129,2.510668243113969,0.0
1.09937,1.1020822911991661,0.0,-0.0027122911991661613,0.0009421428571428596,2.878853433534963,0.0
1.09839,1.1015408076722548,0.0,-0.0031508076722548406,0.0010299999999999912,3.059036575004726,0.0
1.09839,1.1014462154066984,0.0,-0.003056215406698426,0.0010271428571428614,2.9754531080513065,0.0
1.0974,1.1009847447615173,0.0,-0.0035847447615173778,0.0011007142857142962,3.256744105207191,0.0
1.09822,1.1008956239496825,0.0,-0.0026756239496825707,0.0011442857142857246,2.338248145789991,0.0
1.09846,1.100863260361729,0.0,-0.0024032603617289983,0.00106785714285716,2.2505448203481895,0.0
1.09833,1.1007810361993997,0.0,-0.002451036199399681,0.0010671428571428856,2.296821070387859,0.0
1.09792,1.1006350941953884,0.0,-0.002715094195388401,0.0010835714285714535,2.5056900946233847,0.0
1.09696,1.1004270591551302,0.0,-0.0034670591551302365,0.0011642857142857446,2.9778422191301868,0.0
1.09738,1.1003404857352639,0.0,-0.0029604857352638625,0.0010900000000000196,2.7160419589576232,0.0
1.09705,1.1002472454864072,0.0,-0.0031972454864070965,0.0010728571428571451,2.980122290925383,0.0
1.09648,1.0997820784063579,0.0,-0.003302078406357989,0.0010785714285714368,3.0615296482789067,0.0
1.09701,1.099734767835014,0.0,-0.0027247678350139637,0.0010621428571428687,2.565349676543045,0.0
1.09712,1.0997285436269546,0.0,-0.002608543626954507,0.001074285714285726,2.428165610196988,0.0
1.09681,1.099691828119941,0.0,-0.0028818281199409768,0.0010400000000000092,2.770988576866299,0.0
1.09634,1.0994442095894916,0.0,-0.0031042095894915356,0.0009692857142857202,3.2025743738305996,0.0
1.09618,1.0993087377444843,0.0,-0.003128737744484411,0.0009892857142857084,3.162622990814586,0.0
1.0954,1.0988098208498407,0.0,-0.003409820849840761,0.00097214285714285,3.507530631724541,0.0
1.09605,1.098692927884544,0.0,-0.0026429278845441218,0.0009107142857142726,2.9020384614602537,0.0
1.09684,1.0986079857440259,0.0,-0.0017679857440258129,0.000977142857142835,1.809342135698972,0.0
1.0964,1.0985419993967502,0.0,-0.002141999396750194,0.0009942857142856937,2.1543097381108716,0.0
1.09578,1.0985363115938098,0.0,-0.002756311593809846,0.0009735714285713991,2.8311344323799714,0.0
1.09525,1.0984358161653418,0.0,-0.0031858161653417483,0.0009457142857142482,3.3686877881258495,0.0
1.09452,1.0980749304729502,0.0,-0.0035549304729503017,0.000996428571428549,3.567672159233358,0.0
1.09464,1.0980564955983938,0.0,-0.003416495598393743,0.000993571428571419,3.438600889828387,0.0
1.09483,1.0979998423769817,0.0,-0.003169842376981702,0.0009728571428571245,3.258281444768331,0.0
1.09453,1.0978698877078057,0.0,-0.0033398877078056888,0.000957142857142831,3.4894349186030538,0.0
1.09542,1.0978577210897584,0.0,-0.002437721089758371,0.0009892857142856926,2.4641224011998517,0.0
1.09443,1.097771816863451,0.0,-0.0033418168634509193,0.0010449999999999785,3.1979108741157782,0.0
1.09424,1.0976710595511285,0.0,-0.0034310595511284347,0.0010514285714285604,3.2632359861276217,0.0
1.09506,1.097652966452778,0.0,-0.002592966452778178,0.00112642857142856,2.301935975833536,0.0
1.09473,1.0975598238853554,0.0,-0.0028298238853554647,0.0011121428571428474,2.544478766536728,0.0
1.09537,1.097532292637653,0.0,-0.002162292637652996,0.0011471428571428546,1.8849375421632635,0.0
1.09542,1.0974674991982583,0.0,-0.002047499198258196,0.001090714285714294,1.8772094810487572,0.0
1.09575,1.0974525060892157,0.0,-0.0017025060892157384,0.001057857142857142,1.609391306483481,0.0
1.09642,1.0964700469956332,1.0,-5.004699563326831e-05,0.0010700000000000154,0.04677289311520336,1.0
1.09703,1.0966863840492476,1.0,0.00034361595075238505,0.001065714285714289,0.32242783582663376,1.0
1.09792,1.097052274732702,1.0,0.0008677252672979474,0.001087142857142842,0.7981704166998312,1.0
1.09723,1.097037414263574,1.0,0.00019258573642599863,0.001111428571428541,0.17327765488200866,1.0
1.09723,1.097019673754894,1.0,0.00021032624510586295,0.0010814285714285507,0.19448926231718217,1.0
1.09693,1.0970139045665328,1.0,-8.390456653284417e-05,0.0010749999999999846,0.07805075956543756,1.0
1.09699,1.0970085170926058,1.0,-1.8517092605918606e-05,0.0010307142857142657,0.017965301211563794,1.0
1.09785,1.0971257417272473,1.0,0.000724258272752687,0.000984999999999982,0.7352875865509647,1.0
1.09748,1.0971213272533222,1.0,0.0003586727466777795,0.0009785714285714,0.36652689441525976,1.0
1.09825,1.0973348377413785,1.0,0.000915162258621427,0.0009378571428571173,0.9758013420183037,1.0
1.09877,1.0975448363120064,1.0,0.0012251636879936356,0.0009692857142856884,1.2639861187849195,1.0
1.09949,1.09792952551434,1.0,0.0015604744856601016,0.0009549999999999599,1.634004697026353,1.0
1.09967,1.098081407818162,1.0,0.0015885921818379334,0.0009628571428570908,1.6498731858851834,1.0
1.09883,1.0980836424659186,1.0,0.0007463575340813655,0.001030714285714234,0.7241168036825808,1.0
1.09967,1.0980843797298836,1.0,0.001585620270116328,0.0010807142857142285,1.4671965486866998,1.0
1.09926,1.0980963114802704,1.0,0.0011636885197294777,0.0010278571428571043,1.1321500539411606,1.0
1.09909,1.0981061425981307,1.0,0.000983857401869237,0.0009757142857142544,1.0083457998660146,1.0
1.09868,1.098106311580842,1.0,0.0005736884191580582,0.0009878571428571276,0.580740265235932,1.0
1.09836,1.0981052723561073,1.0,0.00025472764389267155,0.001006428571428551,0.25310056880748577,1.0
1.0984,1.098105069372462,1.0,0.0002949306275379371,0.0009692857142856884,0.304276255381815,1.0
1.09861,1.098105821223602,1.0,0.0005041787763981898,0.0009757142857142544,0.5167278821065069,1.0
1.09894,1.098111673058673,1.0,0.0008283269413269512,0.0009414285714285375,0.8798616979194032,1.0
1.09853,1.098111690091348,1.0,0.0004183099086521036,0.0009757142857142544,0.4287217218982166,1.0
1.09869,1.098112311659514,1.0,0.0005776883404859934,0.0009207142857142589,0.6274349702718497,1.0
1.09897,1.098113702118109,1.0,0.0008562978818908995,0.0008828571428571218,0.969916694698453,1.0
1.09928,1.0981211119046024,1.0,0.0011588880953976588,0.0008664285714285695,1.3375460293130468,1.0
1.10001,1.0983967714829128,1.0,0.0016132285170871175,0.0009028571428571418,1.7868037372800374,1.0
1.09986,1.0984071130467994,1.0,0.0014528869532006716,0.0008392857142857249,1.7310993484943953,1.0
1.09994,1.0984450255356624,1.0,0.0014949744643375507,0.0007592857142857243,1.9689221543485826,1.0
1.10089,1.0988489584543681,1.0,0.002041041545631783,0.0008099999999999932,2.51980437732321,1.0
1.10097,1.0989050619293828,1.0,0.0020649380706172504,0.0008099999999999932,2.5493062600213183,1.0
1.10115,1.0990404143475356,1.0,0.0021095856524644407,0.0007757142857142764,2.719539515147562,1.0
1.10115,1.0991090181673087,1.0,0.002040981832691413,0.0007599999999999987,2.685502411436074,1.0
1.10099,1.0991210918585077,1.0,0.0018689081414922093,0.00076857142857142,2.431664868112567,1.0
1.09999,1.0991262170841452,1.0,0.0008637829158548715,0.000830714285714272,1.0398074653455203,1.0
1.09996,1.0991279389129913,1.0,0.0008320610870087286,0.0008414285714285485,0.9888671662243224,1.0
1.09934,1.0999462980131796,-1.0,-0.0006062980131795737,0.0008535714285714059,0.7103072957752515,-1.0
1.10022,1.099962961625089,-1.0,0.00025703837491097836,0.0009121428571428376,0.2817961823612979,-1.0
1.10099,1.0999847327399994,-1.0,0.0010052672600004975,0.0009535714285713949,1.0542128569293978,-1.0
1.101,1.099987924458871,-1.0,0.0010120755411289206,0.0009164285714285165,1.1043692576621775,-1.0
1.1018,1.0993359854801892,1.0,0.002464014519810709,0.000943571428571377,2.611370422206799,1.0
1.10111,1.0993458316659397,1.0,0.0017641683340603453,0.0009657142857142206,1.8268015293525517,1.0
1.10033,1.0993464887771902,1.0,0.0009835112228098186,0.0010014285714285182,0.982108211079757,1.0
1.0998,1.1004049927443726,-1.0,-0.0006049927443725345,0.0010007142857142279,0.6045609151474641,-1.0
1.0996,1.1002449528005513,-1.0,-0.0006449528005514349,0.0009807142857142395,0.657635776236017,-1.0
1.09918,1.0999990184941868,-1.0,-0.0008190184941867518,0.000976428571428513,0.8387899721006007,-1.0
1.09948,1.10000385105816,-1.0,-0.0005238510581599964,0.0009885714285713546,0.5299071397572616,-1.0
1.09953,1.1000082537864246,-1.0,-0.0004782537864247427,0.0010128571428570851,0.47218286388905356,-1.0
1.10031,1.1000205974986914,-1.0,0.0002894025013084889,0.0009735714285713673,0.297258622033683,-1.0
1.1009,1.1000046163229387,-1.0,0.0008953836770613233,0.001037142857142816,0.8633175949627427,-1.0
1.10122,1.0990870128352932,1.0,0.00213298716470689,0.001002857142857099,2.1269102781978466,1.0
1.10192,1.0994320630171504,1.0,0.002487936982849659,0.0009964285714285173,2.4968543197058866,1.0
1.10253,1.099724907310011,1.0,0.002805092689988964,0.0009849999999999662,2.8478098375523455,1.0
1.10192,1.0997090221698613,1.0,0.002210977830138683,0.0010528571428571251,2.0999789431439675,1.0
1.10207,1.0996797393133062,1.0,0.0023902606866939013,0.0010164285714285531,2.351626817548505,1.0
1.10277,1.0997264722575386,1.0,0.003043527742461416,0.0010414285714285582,2.9224546223909718,1.0
1.10197,1.0997307575663293,1.0,0.002239242433670574,0.0010578571428571262,2.116772050735215,1.0
1.102,1.0997259173618614,1.0,0.0022740826381386636,0.000994999999999984,2.2855101890841207,1.0
1.10231,1.0996966045912895,1.0,0.002613395408710417,0.0009935714285714031,2.630304509126296,1.0
1.10281,1.0998923823640219,1.0,0.002917617635978198,0.0009864285714285468,2.957758646176379,1.0
1.10257,1.0999138645021704,1.0,0.0026561354978296148,0.0010142857142856978,2.6187251387052966,1.0
1.10212,1.0999111060802673,1.0,0.0022088939197326685,0.001037857142857122,2.1283217395910516,1.0
1.10219,1.0999254929990707,1.0,0.0022645070009292834,0.0009714285714285596,2.3311101480154672,1.0
1.10304,1.099974261928284,1.0,0.003065738071716062,0.0009928571428571287,3.0877937412967973,1.0
1.10252,1.1000019994367567,1.0,0.00251800056324325,0.0010192857142856987,2.4703579457187135,1.0
1.10163,1.100022238028047,1.0,0.0016077619719530034,0.0010471428571428496,1.535379782219796,1.0
1.10219,1.1000528785137793,1.0,0.0021371214862206944,0.0010399999999999934,2.05492450598145,1.0
1.10148,1.1000641686729447,1.0,0.0014158313270553613,0.0010521428571428507,1.3456645335217365,1.0
1.10201,1.1000734086732522,1.0,0.0019365913267477275,0.0010535714285714315,1.8381205813198718,1.0
1.10174,1.1000799158910692,1.0,0.001660084108930704,0.000989999999999999,1.6768526352835411,1.0
1.10173,1.1000930099977124,1.0,0.0016369900022876749,0.0009264285714285661,1.7669899793390578,1.0
1.1021,1.1001183089684847,1.0,0.0019816910315153535,0.0009435714285714246,2.1002024558073478,1.0
1.10181,1.1001362038837756,1.0,0.0016737961162243131,0.0009892857142857242,1.6919238719956786,1.0
1.10138,1.1001554003159817,1.0,0.0012245996840183349,0.0010007142857143072,1.2237255943080885,1.0
1.1006,1.1009247490185508,-1.0,-0.0003247490185507296,0.0010228571428571667,0.317492057242326,-1.0
1.10108,1.1009434796529378,-1.0,0.00013652034706224114,0.0010114285714285995,0.13497774427057366,-1.0
1.10094,1.10097778353934,-1.0,-3.7783539339919514e-05,0.00103857142857146,0.03638029922688151,-1.0
1.10035,1.100879122059264,-1.0,-0.0005291220592640311,0.00101214285714289,0.5227740881930977,-1.0
1.09994,1.1006722570417014,-1.0,-0.000732257041701434,0.000999285714285758,0.7327804563130541,-1.0
1.0999,1.1006107709013018,-1.0,-0.0007107709013016716,0.0009342857142857605,0.7607639616378372,-1.0
1.09942,1.1003915251059366,-1.0,-0.0009715251059365659,0.0009221428571429031,1.0535516253378192,-1.0
1.09974,1.1003970835729477,-1.0,-0.0006570835729478031,0.0008664285714286171,0.7583817000221564,-1.0
1.09883,1.1000985708683682,-1.0,-0.0012685708683681796,0.0008642857142857618,1.4677679468721931,-1.0
1.09826,1.09985761552116,-1.0,-0.0015976155211598897,0.0009157142857143372,1.7446659357439314,-1.0
1.09733,1.0994262459951114,-1.0,-0.00209624599511149,0.0009671428571428965,2.1674626241919985,-1.0
1.09642,1.099010670416734,-1.0,-0.0025906704167339978,0.0010042857142857592,2.5796149242015893,-1.0
1.09715,1.0989993557510997,-1.0,-0.0018493557510996794,0.0010050000000000336,1.840154976218525,-1.0
1.09795,1.0990293702727345,-1.0,-0.0010793702727345256,0.0010407142857143154,1.037143707500544,-1.0
1.09893,1.0981950709091153,1.0,0.0007349290908846839,0.0010314285714286037,0.7125351296665688,1.0
1.09809,1.098199134846547,1.0,-0.00010913484654695438,0.0010321428571428942,0.10573618350569594,1.0
1.09839,1.0982190002463255,1.0,0.0001709997536745167,0.0010471428571428973,0.1633012654463262,1.0
1.09841,1.0982392368009677,1.0,0.00017076319903241988,0.0010050000000000336,0.16991363087802405,1.0
1.09812,1.0982435266606974,1.0,-0.00012352666069737062,0.0009921428571428859,0.12450491358985878,1.0
1.09901,1.0983763547182106,1.0,0.0006336452817894411,0.0010428571428571548,0.6076050647295941,1.0
1.09982,1.0987304419172546,1.0,0.0010895580827454676,0.0010785714285714207,1.0101863018832224,1.0
1.09928,1.0987380260239932,1.0,0.0005419739760068598,0.0011207142857142843,0.483596919317785,1.0
1.09838,1.0987713337643052,1.0,-0.00039133376430533495,0.001119999999999994,0.34940514670119377,1.0
1.09859,1.0987754491236843,1.0,-0.00018544912368434474,0.001087142857142858,0.1705839508265982,1.0
1.09797,1.0988058004292875,1.0,-0.0008358004292876586,0.0010864285714285834,0.769310059830841,1.0
1.09842,1.0988132171655842,1.0,-0.0003932171655842698,0.0010507142857143017,0.3742379550088167,1.0
1.09938,1.0988255190341172,1.0,0.000554480965882842,0.001057857142857158,0.5241548630897824,1.0
1.0991,1.0988467456255604,1.0,0.000253254374439571,0.0009942857142857253,0.2547098593501404,1.0
1.09952,1.0988893434766003,1.0,0.0006306565233997752,0.0009528571428571521,0.6618584203595778,1.0
1.0999,1.0990780487965628,1.0,0.00082195120343731,0.0009542857142857171,0.8613261113864001,1.0
1.09899,1.0990960279921413,1.0,-0.0001060279921414331,0.000970714285714285,0.1092267763046405,1.0
1.09897,1.099099722886054,1.0,-0.00012972288605395121,0.0009828571428571425,0.13198549453163647,1.0
1.09932,1.0991058115968313,1.0,0.00021418840316878018,0.001005000000000002,0.21312278922266642,1.0
1.09847,1.0991039312722974,1.0,-0.0006339312722973833,0.0009900000000000147,0.6403346184821959,1.0
1.09886,1.09910164454583,1.0,-0.00024164454582997763,0.0009528571428571679,0.2535999731349024,1.0
1.09866,1.0991101082577432,1.0,-0.0004501082577432758,0.0009200000000000161,0.4892481062426825,1.0
1.0994,1.0991106204669214,1.0,0.0002893795330785043,0.0009242857142857267,0.313084502557883,1.0
1.09987,1.0991147595445327,1.0,0.0007552404554671543,0.000937857142857149,0.805283044671751,1.0
1.10079,1.099518314343078,1.0,0.0012716856569219281,0.0009400000000000043,1.3528570818318322,1.0
1.1007,1.0995229976020684,1.0,0.0011770023979316147,0.0009392857142857139,1.2530824008397423,1.0
1.10073,1.0995368505295944,1.0,0.0011931494704056078,0.0009092857142857077,1.3121832353243228,1.0
1.10012,1.0995449083269297,1.0,0.0005750916730702382,0.0009507142857142968,0.6049048401940827,1.0
1.10039,1.0995569925062076,1.0,0.0008330074937923371,0.0009785714285714317,0.8512485338023855,1.0
1.10064,1.099561014524295,1.0,0.0010789854757049522,0.0009492857142857002,1.1366287930676866,1.0
1.10051,1.0995763000867853,1.0,0.0009336999132147916,0.0009057142857142716,1.0308989578081456,1.0
1.10103,1.09980759467864,1.0,0.0012224053213598651,0.0009049999999999812,1.350724111999879,1.0
1.10089,1.0998319917787116,1.0,0.0010580082212883202,0.0008442857142856942,1.253140025214622,1.0
1.10149,1.1000539058124605,1.0,0.0014360941875395383,0.0008742857142856846,1.6425913909766519,1.0
1.10182,1.100229103492539,1.0,0.001590896507460915,0.0008678571428571187,1.833131778144315,1.0
1.10167,1.1002416088751565,1.0,0.0014283911248433867,0.0008621428571428431,1.6567916941017182,1.0
1.1025,1.1005298124259824,1.0,0.001970187574017679,0.0009007142857142865,2.187361303429618,1.0
1.10161,1.1005458245784712,1.0,0.0010641754215288124,0.0009371428571428586,1.1355530412654993,1.0
1.10169,1.100552806786788,1.0,0.00113719321321204,0.0008771428571428462,1.2964743473101594,1.0
1.10091,1.1005568738188791,1.0,0.00035312618112093297,0.000911428571428563,0.3874425184712466,1.0
1.10075,1.1005608041700063,1.0,0.00018919582999354922,0.0008957142857142854,0.21122341466584452,1.0
1.09977,1.1011658900637091,-1.0,-0.0013958900637092153,0.0009478571428571352,1.4726797959253333,-1.0
1.10076,1.1011663662832918,-1.0,-0.0004063662832918258,0.0009921428571428542,0.4095844468024174,-1.0
1.10161,1.1011642318414547,-1.0,0.00044576815854524554,0.0010292857142857167,0.43308495625492177,-1.0
1.10105,1.1011621829877543,-1.0,-0.00011218298775417246,0.001069285714285725,0.10491394980350023,-1.0
1.10088,1.101162448315879,-1.0,-0.00028244831587898034,0.0010385714285714442,0.27195848846668946,-1.0
1.10185,1.1001217512914385,1.0,0.001728248708561475,0.0011142857142857343,1.5509924307602703,1.0
1.10259,1.1004607052575868,1.0,0.0021292947424131903,0.0011071428571428937,1.9232339608892695,1.0
1.10273,1.1006774344841785,1.0,0.0020525655158214473,0.0010607142857143195,1.9350786007743668,1.0
1.10326,1.1009157649111727,1.0,0.0023442350888271957,0.0011078571428571684,2.116008461868471,1.0
1.10413,1.101319622128378,1.0,0.002810377871621972,0.0010878571428571643,2.5834071045769424,1.0
1.10335,1.1013290091294874,1.0,0.0020209908705126622,0.0010885714285714387,1.856553293121851,1.0
1.10242,1.101327633347987,1.0,0.001092366652013066,0.0011621428571428893,0.9399590121808543,1.0
1.10276,1.1013394747870764,1.0,0.0014205252129235735,0.001128571428571463,1.2586932266411028,1.0
1.10299,1.1013549697011151,1.0,0.0016350302988847876,0.0011278571428571724,1.4496785423930605,1.0
1.1027,1.1013714115480178,1.0,0.0013285884519822488,0.0010735714285714515,1.2375408069029332,1.0
1.10303,1.1013981307101894,1.0,0.001631869289810517,0.0010164285714286006,1.6054933279934351,1.0
1.1023,1.1014057108827011,1.0,0.0008942891172989409,0.0010307142857143134,0.8676401692435785,1.0
1.10147,1.1022439774870363,-1.0,-0.000773977487036337,0.0010535714285714473,0.7346226995599,-1.0
1.10241,1.1022627081217116,-1.0,0.0001472918782883248,0.0011178571428571704,0.13176270262214035,-1.0
1.1023,1.1022704089534778,-1.0,2.9591046522225994e-05,0.001077857142857162,0.027453588556073993,-1.0
1.10193,1.1022746920648527,-1.0,-0.0003446920648526586,0.0010342857142857337,0.333265808559194,-1.0
1.1017,1.1022724751188147,-1.0,-0.0005724751188147525,0.0010542857142857218,0.5429980801765907,-1.0
1.10188,1.1022676978782544,-1.0,-0.0003876978782544338,0.0010100000000000029,0.3838592854004284,-1.0
1.10165,1.1021743207034316,-1.0,-0.0005243207034315578,0.0009699999999999946,0.5405368076614028,-1.0
1.10079,1.1017504024228892,-1.0,-0.000960402422889306,0.0009428571428571342,1.018608630337152,-1.0
1.09996,1.1013731445269221,-1.0,-0.0014131445269220944,0.0009349999999999874,1.5113845207723138,-1.0
1.10095,1.101365531665394,-1.0,-0.00041553166539398667,0.0009942857142857095,0.41791977841349437,-1.0
1.10036,1.1013535693372312,-1.0,-0.0009935693372311594,0.0010149999999999881,0.9788860465331733,-1.0
1.09966,1.1012742200813777,-1.0,-0.001614220081377571,0.0010271428571428456,1.5715633615637168,-1.0
1.09958,1.1011765490185745,-1.0,-0.0015965490185745335,0.0010192857142857145,1.5663410133176918,-1.0
1.09963,1.1011612594091122,-1.0,-0.00153125940911214,0.000977142857142867,1.5670783426586072,-1.0
1.10059,1.1011468681919823,-1.0,-0.0005568681919823071,0.0010028571428571625,0.5552816729168195,-1.0
1.10096,1.1011388715148733,-1.0,-0.00017887151487339104,0.0009514285714285872,0.18800309371076823,-1.0
1.10149,1.1011303361121723,-1.0,0.0003596638878278213,0.0009735714285714467,0.36942732425454183,-1.0
1.10132,1.1011279832037544,-1.0,0.00019201679624569756,0.0009571428571428628,0.2006145632417724,-1.0
1.10169,1.1002208897736132,1.0,0.0014691102263868494,0.000980714285714303,1.4980002308387128,1.0
1.10227,1.1005065930166311,1.0,0.0017634069833689647,0.001007142857142873,1.7509005508627742,1.0
1.10157,1.1004948481727508,1.0,0.0010751518272491545,0.0010592857142857229,1.0149781241731652,1.0
1.10179,1.100497522391772,1.0,0.0012924776082281486,0.001050000000000027,1.2309310554553479,1.0
1.10238,1.100499769059691,1.0,0.00188023094030898,0.0010371428571428793,1.8128948460279035,1.0
1.10284,1.1007648402325443,1.0,0.0020751597674557587,0.0009714285714285754,2.1361938782632723,1.0
1.10353,1.1010539953977863,1.0,0.002476004602213644,0.0010057142857143081,2.4619363942464663,1.0
1.10362,1.101133833408879,1.0,0.0024861665911211084,0.0009757142857143178,2.548047750782897,1.0
1.10344,1.1011436751583026,1.0,0.0022963248416973947,0.0009614285714285893,2.388450801171094,1.0
1.10378,1.1013096355372705,1.0,0.002470364462729524,0.0009664285714285903,2.5561790449528945,1.0
1.10336,1.1013357234033254,1.0,0.002024276596674479,0.0008971428571428662,2.25635926380911,1.0
1.10283,1.1013391932006236,1.0,0.0014908067993764096,0.0009235714285714204,1.61417596220185,1.0
1.10203,1.10134213901478,1.0,0.0006878609852201123,0.0009542857142857011,0.7208124096618043,1.0
1.10221,1.1013528721621444,1.0,0.0008571278378555203,0.0009307142857142926,0.920935512661335,1.0
1.10252,1.101375157135906,1.0,0.0011448428640938868,0.0009335714285714225,1.2263045216001929,1.0
1.10334,1.1013972973417725,1.0,0.0019427026582274909,0.0009314285714285672,2.0857237128209354,1.0
1.10262,1.1014032922339654,1.0,0.0012167077660345527,0.0009350000000000033,1.301291728379196,1.0
1.10241,1.1014099977578966,1.0,0.0010000022421032817,0.0009328571428571479,1.071977901182685,1.0
1.1032,1.1014318002324395,1.0,0.0017681997675604855,0.0009271428571428724,1.907149210003574,1.0
1.10325,1.1014697016711894,1.0,0.0017802983288106589,0.0009292857142857278,1.915770684346569,1.0
1.10237,1.1015181889178034,1.0,0.000851811082196674,0.0009064285714285779,0.9397442987197282,1.0
1.10287,1.1015590891953824,1.0,0.0013109108046176488,0.0009207142857142905,1.4237976155660967,1.0
1.1028,1.1015992044406948,1.0,0.00120079555930519,0.0009335714285714383,1.2862385486053929,1.0
1.10273,1.101606923520726,1.0,0.00112307647927401,0.000908571428571449,1.2360904646097317,1.0
1.10349,1.101622445855084,1.0,0.0018675541449160171,0.0009728571428571721,1.919659179796142,1.0
1.10355,1.101645889147668,1.0,0.0019041108523321082,0.0009571428571428944,1.9893695472125728,1.0
1.10389,1.101678398076693,1.0,0.0022116019233069384,0.000917142857142902,2.4114039662224003,1.0
1.10293,1.1016993105584167,1.0,0.0012306894415832215,0.0009871428571428848,1.2467186817774687,1.0
1.10384,1.1017172080587674,1.0,0.002122791941232549,0.0010514285714286079,2.0189597267156696,1.0
1.10286,1.1017317311041857,1.0,0.0011282688958142995,0.0010885714285714546,1.0364674895931638,1.0
1.1028,1.101758718603659,1.0,0.001041281396340965,0.0010171428571428911,1.0237317098857461,1.0
1.10291,1.1017715266008183,1.0,0.0011384733991817164,0.00098571428571432,1.1549730136625707,1.0
1.10355,1.1018141511490032,1.0,0.0017358488509968684,0.0010192857142857464,1.7030051796745194,1.0
1.10402,1.101849910656156,1.0,0.002170089343844106,0.001053571428571479,2.0597458178858328,1.0
1.10381,1.1018873303891774,1.0,0.0019226696108225472,0.0010157142857143261,1.8929236674764127,1.0
1.10479,1.1022576742728023,1.0,0.0025323257271976374,0.0010414285714286059,2.431588489764455,1.0
1.10441,1.1022860551748281,1.0,0.002123944825171753,0.0010757142857143226,1.974450700690805,1.0
1.10427,1.102323106824409,1.0,0.0019468931755910468,0.0010885714285714546,1.7884845445061683,1.0
1.10343,1.1023298809745792,1.0,0.0011001190254207316,0.0010650000000000301,1.0329756107236625,1.0
1.10285,1.1023373387583089,1.0,0.0005126612416912479,0.001082857142857179,0.4734338643586564,1.0
1.10229,1.1031992958628298,-1.0,-0.0009092958628298398,0.001099285714285747,0.8271697257711096,-1.0
1.10264,1.1032109317496137,-1.0,-0.0005709317496136457,0.0010685714285714662,0.5342944180876175,-1.0
1.10335,1.1032217512356568,-1.0,0.00012824876434325283,0.001022142857142892,0.1254704892247015,-1.0
1.10412,1.1032426853287207,-1.0,0.0008773146712792723,0.0010292857142857642,0.8523529075578915,-1.0
1.10347,1.1032801587025607,-1.0,0.0001898412974392638,0.0010764285714286131,0.17636218740209625,-1.0
1.10262,1.103285212221696,-1.0,-0.000665212221696132,0.0011471428571428863,0.5798861210302374,-1.0
1.10313,1.1033087063996427,-1.0,-0.00017870639964279178,0.001100714285714312,0.16235493802719175,-1.0
1.10337,1.103331620575449,-1.0,3.837942455087173e-05,0.001067857142857176,0.0359405982416179,-1.0
1.10278,1.1033397682671606,-1.0,-0.000559768267160532,0.0011200000000000415,0.49979309567902785,-1.0
1.10344,1.10334947917366,-1.0,9.052082633997927e-05,0.0010971428571428918,0.08250596150779099,-1.0
1.10291,1.1033660750778909,-1.0,-0.00045607507789080515,0.001097142857142876,0.4156934303692163,-1.0
1.10335,1.103380235859551,-1.0,-3.023585955097552e-05,0.0011271428571428663,0.02682522393622648,-1.0
1.1028,1.1033906602486665,-1.0,-0.0005906602486664969,0.0011285714285714152,0.5233698405905731,-1.0
1.10235,1.1034057931277168,-1.0,-0.0010557931277168642,0.0011114285714285568,0.9499424028300959,-1.0
1.10265,1.1034253329739845,-1.0,-0.0007753329739845771,0.001082142857142841,0.7164793158933492,-1.0
1.10363,1.1034378273216237,-1.0,0.00019217267837645657,0.0011478571428571132,0.16741863704234358,-1.0
1.10364,1.1034550980306919,-1.0,0.00018490196930809333,0.001111428571428541,0.16636423973736358,-1.0
1.1029,1.1034690182666558,-1.0,-0.0005690182666557853,0.0010857142857142613,0.524095771919814,-1.0
1.10232,1.1034710664624856,-1.0,-0.0011510664624856393,0.0010928571428571177,1.0532634297254457,-1.0
1.10154,1.103143257168223,-1.0,-0.0016032571682229602,0.0010664285714285476,1.503389173149494,-1.0
1.10115,1.1028950474229262,-1.0,-0.0017450474229261381,0.0010649999999999668,1.6385421811513545,-1.0
1.10028,1.1024614559144394,-1.0,-0.002181455914439523,0.001096428571428522,1.9896014854823905,-1.0
1.09938,1.1020443230085515,-1.0,-0.0026643230085514613,0.001102857142857088,2.4158369248524814,-1.0
1.10004,1.1020331245529986,-1.0,-0.001993124552998715,0.0011392857142856602,1.7494510183061653,-1.0
1.10029,1.1020148335029436,-1.0,-0.0017248335029436124,0.0011164285714285263,1.5449564325791139,-1.0
1.09949,1.1020152365015021,-1.0,-0.0025252365015020484,0.0011178571428571069,2.2589975093309786,-1.0
1.0989,1.1017908113315378,-1.0,-0.0028908113315377904,0.0011142857142856868,2.5943178616365423,-1.0
1.09912,1.1017823533150788,-1.0,-0.0026623533150786916,0.0011092857142856857,2.40006094083082,-1.0
1.09886,1.101612960962076,-1.0,-0.002752960962076001,0.0010892857142856974,2.527308424200958,-1.0
1.09819,1.1013504013525799,-1.0,-0.003160401352579889,0.0010735714285714198,2.943820288497592,-1.0
1.09835,1.1013244137140024,-1.0,-0.002974413714002422,0.001065714285714273,2.7910048254714748,-1.0
1.09743,1.1008460156521394,-1.0,-0.003416015652139448,0.0010514285714285604,3.2489279300239655,-1.0
1.09655,1.1004443920106262,-1.0,-0.0038943920106262464,0.0010571428571428518,3.6838843343761978,-1.0
1.09749,1.1004067287149097,-1.0,-0.0029167287149096666,0.001064285714285724,2.7405504703848966,-1.0
1.09698,1.100386182552024,-1.0,-0.003406182552023962,0.0011021428571428768,3.0905091204364625,-1.0
1.09792,1.1003781587330639,-1.0,-0.0024581587330638754,0.0011242857142857363,2.186418186969097,-1.0
1.09737,1.1003437987406373,-1.0,-0.002973798740637301,0.0011064285714286034,2.687745795282183,-1.0
1.09736,1.1003027884349903,-1.0,-0.0029427884349904065,0.0010235714285714728,2.8750201039681724,-1.0
1.09637,1.10018035758623,-1.0,-0.003810357586229829,0.0010557142857143345,3.609269702788575,-1.0
1.0961,1.099992542764686,-1.0,-0.003892542764685869,0.001030000000000039,3.7791677327045843,-1.0
1.09657,1.0999560299203632,-1.0,-0.003386029920363187,0.0009871428571429006,3.430131612524062,-1.0
1.09559,1.0997260840841832,-1.0,-0.004136084084183089,0.0010471428571428973,3.94987566020198,-1.0
1.09656,1.0997106988649246,-1.0,-0.0031506988649245837,0.0011178571428571704,2.818516556481986,-1.0
1.09569,1.099656802699986,-1.0,-0.00396680269998595,0.0011000000000000215,3.606184272714429,-1.0
1.09503,1.0993654937739656,-1.0,-0.004335493773965693,0.0011328571428571735,3.827043684458894,-1.0
1.09434,1.0989899843909683,-1.0,-0.004649984390968198,0.001157857142857163,4.016026000836129,-1.0
1.0948,1.098943540295001,-1.0,-0.004143540295000969,0.0011042857142857323,3.7522357134548914,-1.0
1.09541,1.0988913121292299,-1.0,-0.0034813121292298632,0.001102142857142861,3.1586759435656457,-1.0
1.09498,1.0988322861259259,-1.0,-0.003852286125925808,0.0010778571428571462,3.5740229133837733,-1.0
1.09481,1.0988168869719512,-1.0,-0.0040068869719511735,0.0010142857142857295,3.950451944177154,-1.0
1.09549,1.0987741351747793,-1.0,-0.0032841351747792125,0.0010350000000000081,3.17307746355477,-1.0
1.0959,1.0987577837587263,-1.0,-0.002857783758726251,0.0010735714285714357,2.6619409595586996,-1.0
1.09518,1.0987462030520394,-1.0,-0.003566203052039363,0.0010685714285714346,3.3373557973630215,-1.0
1.09599,1.0987326050614268,-1.0,-0.0027426050614267616,0.001133571428571448,2.419437357276245,-1.0
1.09507,1.0986976692849653,-1.0,-0.0036276692849652736,0.0011957142857143,3.0338930698633946,-1.0
1.09555,1.0986753802673812,-1.0,-0.0031253802673811837,0.0011471428571428704,2.724490893109344,-1.0
1.09481,1.098654328146517,-1.0,-0.0038443281465170287,0.0011171428571428801,3.4412144534039193,-1.0
1.09428,1.0985493170384997,-1.0,-0.004269317038499754,0.0010835714285714695,3.9400420922211135,-1.0
1.09343,1.0981388492521735,-1.0,-0.00470884925217363,0.0011192857142857512,4.2070127332756,-1.0
1.09387,1.0980915655726422,-1.0,-0.004221565572642305,0.001094285714285746,3.8578275468009506,-1.0
1.09385,1.0980741402066068,-1.0,-0.004224140206606775,0.0011000000000000215,3.840127460551538,-1.0
1.09304,1.097801673224528,-1.0,-0.004761673224527918,0.0011200000000000257,4.251493950471258,-1.0
1.0935,1.0977348133084082,-1.0,-0.004234813308408247,0.0011192857142857196,3.783496255119029,-1.0
1.09263,1.0975102986903402,-1.0,-0.0048802986903402346,0.0011664285714285683,4.183967033972044,-1.0
1.09243,1.097340982664079,-1.0,-0.004910982664078967,0.001118571428571429,4.390405957669572,-1.0
1.09159,1.0968349479496988,-1.0,-0.005244947949698764,0.0011342857142857068,4.624009527442266,-1.0
1.09098,1.0964197329260617,-1.0,-0.005439732926061591,0.0010992857142856996,4.948425013961228,-1.0
1.09149,1.096413324682307,-1.0,-0.004923324682306829,0.0010585714285714007,4.650914004878368,-1.0
1.09091,1.0962718723098412,-1.0,-0.005361872309841198,0.0010071428571428256,5.323844846651001,-1.0
1.09004,1.0957486708112516,-1.0,-0.005708670811251704,0.0010171428571428276,5.612457258253243,-1.0
1.09025,1.0957065367349978,-1.0,-0.005456536734997908,0.0009985714285713884,5.46434293919698,-1.0
1.08968,1.0953995073927585,-1.0,-0.005719507392758505,0.0010064285714285193,5.682973988546715,-1.0
1.09007,1.0953528975150655,-1.0,-0.005282897515065388,0.0009949999999999523,5.309444738759439,-1.0
1.08936,1.0952008648204703,-1.0,-0.005840864820470193,0.0009935714285713873,5.878656181638109,-1.0
1.08997,1.095167389113022,-1.0,-0.005197389113021922,0.0010049999999999701,5.171531455743359,-1.0
1.08898,1.094988893253709,-1.0,-0.006008893253709013,0.0010149999999999723,5.920091875575544,-1.0
1.0891,1.0949017936107344,-1.0,-0.005801793610734407,0.0010121428571428423,5.732188465087007,-1.0
1.08998,1.0948783727432483,-1.0,-0.004898372743248336,0.0010135714285714073,4.832784947531934,-1.0
1.09078,1.094805877130813,-1.0,-0.004025877130812816,0.0010678571428571284,3.7700521626341263,-1.0
1.09115,1.0936518126388761,1.0,-0.0025018126388760553,0.0010485714285714146,2.3859248599635725,1.0
1.09177,1.0938423186548767,1.0,-0.0020723186548767814,0.001087142857142858,1.9062063842493375,1.0
1.09193,1.0939564650835176,1.0,-0.002026465083517559,0.0010571428571428676,1.916926430354429,1.0
1.09208,1.0940741525300846,1.0,-0.001994152530084614,0.001017142857142875,1.9605432177797826,1.0
1.09128,1.0940447690141075,1.0,-0.002764769014107493,0.00104142857142859,2.654785061557216,1.0
1.09173,1.0940061749485948,1.0,-0.002276174948594667,0.0010542857142857378,2.158973528477278,1.0
1.09196,1.0939641758445104,1.0,-0.002004175844510403,0.001050000000000027,1.908738899533668,1.0
1.09233,1.0940195019933143,1.0,-0.0016895019933143018,0.0010307142857143134,1.6391564730699648,1.0
1.09239,1.09403129301952,1.0,-0.0016412930195199849,0.0010128571428571645,1.6204585524174397,1.0
1.09301,1.0942918461556328,1.0,-0.0012818461556327598,0.001007142857142873,1.2727550481459824,1.0
1.09254,1.09423239215492,1.0,-0.0016923921549198973,0.0009828571428571584,1.7219106227382404,1.0
1.09348,1.0942958935653682,1.0,-0.0008158935653681532,0.0010192857142857306,0.8004561958762412,1.0
1.09377,1.0944377863172274,1.0,-0.0006677863172275256,0.0009771428571428828,0.6834070497942334,1.0
1.09458,1.0947526889805643,1.0,-0.00017268898056421733,0.0009657142857143157,0.17881995028838518,1.0
1.09453,1.094786912672717,1.0,-0.00025691267271699125,0.0009364285714286,0.2743537313529953,1.0
1.09442,1.0947035963344671,1.0,-0.00028359633446717325,0.0008978571428571566,0.315859083734317,1.0
1.09455,1.0947478282782646,1.0,-0.00019782827826464455,0.000903571428571448,0.21894038701225013,1.0
1.09493,1.0948854434974784,1.0,4.45565025215533e-05,0.0009457142857143116,0.04711412653336322,1.0
1.09423,1.0948165166885082,1.0,-0.0005865166885081763,0.0009042857142857384,0.6485966539584714,1.0
1.09506,1.0948442863999421,1.0,0.0002157136000577875,0.0009121428571428851,0.23649102590516308,1.0
1.09601,1.0952434413827343,1.0,0.0007665586172656003,0.0009357142857143096,0.8192229497494756,1.0
1.09616,1.0953913022587456,1.0,0.0007686977412544316,0.0008871428571428799,0.8664869869212372,1.0
1.09532,1.0953603399441687,1.0,-4.033994416863251e-05,0.0009128571428571755,0.04419086215655986,1.0
1.09445,1.0953140013583975,1.0,-0.0008640013583975925,0.0009500000000000382,0.9094751141026924,1.0
1.09457,1.095289213012471,1.0,-0.0007192130124709095,0.0009321428571428893,0.7715695152944357,1.0
1.09365,1.0958365555084857,-1.0,-0.002186555508485677,0.000923571428571468,2.3675001638668345,-1.0
1.09459,1.0957740137302991,-1.0,-0.0011840137302991938,0.0009664285714286061,1.22514354945958,-1.0
1.09386,1.0957155820691815,-1.0,-0.0018555820691814606,0.0009671428571428807,1.9186225235258358,-1.0
1.09302,1.0954508958709392,-1.0,-0.0024308958709391426,0.0010264285714286028,2.368304954289976,-1.0
1.09324,1.095424075664107,-1.0,-0.0021840756641069436,0.0010064285714285986,2.170124861426287,-1.0
1.09275,1.0951178255989609,-1.0,-0.00236782559896076,0.0010164285714286006,2.329554348942353,-1.0
1.0936,1.0950502287335484,-1.0,-0.0014502287335484976,0.0010564285714285931,1.372765535475223,-1.0
1.09269,1.095028015833713,-1.0,-0.0023380158337129586,0.0010992857142857312,2.1268500111748483,-1.0
1.09214,1.0947647607999753,-1.0,-0.002624760799975201,0.0010964285714285854,2.3939186449284913,-1.0
1.09115,1.0942926484358848,-1.0,-0.003142648435884743,0.0011207142857143002,2.8041477439379117,-1.0
1.09137,1.094245297303395,-1.0,-0.0028752973033949747,0.00114642857142858,2.5080474920579032,-1.0
1.09037,1.0937468745114098,-1.0,-0.0033768745114097776,0.001180714285714281,2.8600268094214805,-1.0
1.08985,1.0934674692860906,-1.0,-0.0036174692860906354,0.001177142857142845,3.0730928401255717,-1.0
1.08973,1.093176052854375,-1.0,-0.003446052854374937,0.0011342857142857068,3.038081861539637,-1.0
1.08916,1.0928207923568694,-1.0,-0.0036607923568694467,0.0011207142857142685,3.266481389176102,-1.0
1.08919,1.0927649230869756,-1.0,-0.00357492308697549,0.0010864285714285518,3.2905274962299647,-1.0
1.08944,1.0926930935397254,-1.0,-0.0032530935397254712,0.0010149999999999723,3.205018265739468,-1.0
1.08901,1.092393180291018,-1.0,-0.0033831802910180286,0.0009821428571428203,3.4446926599457584,-1.0
1.08828,1.0920185563188642,-1.0,-0.003738556318864328,0.0010349999999999765,3.6121317090477416,-1.0
1.08746,1.091548395728969,-1.0,-0.004088395728968797,0.0010585714285714007,3.8621822001055777,-1.0
1.08651,1.091066901361324,-1.0,-0.004556901361323806,0.001067142857142838,4.270188692003644,-1.0
1.08575,1.0905875165869487,-1.0,-0.0048375165869487535,0.001042857142857139,4.638714535430329,-1.0
1.08661,1.0905419488330397,-1.0,-0.0039319488330396,0.0010371428571428476,3.791135238467969,-1.0
1.0866,1.0904797082181115,-1.0,-0.003879708218111455,0.0009714285714285596,3.993817283350076,-1.0
1.08595,1.0903762254087503,-1.0,-0.004426225408750373,0.0010164285714285531,4.354684168833896,-1.0
1.0865,1.090311403508295,-1.0,-0.003811403508295008,0.0009692857142857043,3.9321775325077866,-1.0
1.08662,1.090246727848166,-1.0,-0.003626727848166089,0.0008928571428571397,4.061935189946034,-1.0
1.08634,1.0901770815385285,-1.0,-0.003837081538528464,0.0009357142857142778,4.1006978274350345,-1.0
1.08589,1.0900590173002722,-1.0,-0.004169017300272193,0.0009257142857142916,4.503568071281661,-1.0
1.08649,1.089986169368693,-1.0,-0.003496169368693014,0.0009342857142857287,3.742077305940477,-1.0
1.08614,1.0899691047917093,-1.0,-0.0038291047917091703,0.0009471428571428765,4.0427954060276985,-1.0
1.08567,1.089713028568324,-1.0,-0.00404302856832417,0.0009342857142857446,4.327400608297901,-1.0
1.08518,1.0894115914985307,-1.0,-0.004231591498530696,0.0009064285714285937,4.668422457007745,-1.0
1.08605,1.0893250398634233,-1.0,-0.003275039863423368,0.0009050000000000129,3.6188285783683107,-1.0
1.08577,1.0892919518233886,-1.0,-0.003521951823388658,0.0008457142857142909,4.164470061439267,-1.0
1.08636,1.089267897527377,-1.0,-0.002907897527377079,0.0008378571428571283,3.470636435062218,-1.0
1.08635,1.089242735882249,-1.0,-0.0028927358822490312,0.0007807142857142775,3.705242667107673,-1.0
1.08691,1.0884158605755014,1.0,-0.0015058605755013943,0.0008135714285714293,1.8509260805109307,1.0
1.08717,1.088484937526463,1.0,-0.0013149375264629448,0.0007892857142857304,1.6659841964236064,1.0
1.08634,1.0884249939865578,1.0,-0.002084993986557704,0.0008221428571428665,2.5360482894706795,1.0
1.08713,1.0883924571871038,1.0,-0.001262457187103827,0.0008850000000000088,1.4265052961625022,1.0
1.08662,1.088328252347678,1.0,-0.0017082523476781297,0.0009028571428571576,1.89205165090929,1.0
1.08618,1.0882730409385757,1.0,-0.002093040938575763,0.0009007142857142865,2.323756791440179,1.0
1.08687,1.0881949830706232,1.0,-0.0013249830706232313,0.0009185714285714194,1.4424388016116192,1.0
1.0872,1.0881530156557309,1.0,-0.0009530156557309155,0.0009535714285714267,0.99941716705864,1.0
1.08817,1.0884076487187602,1.0,-0.0002376487187600862,0.0010221428571428604,0.23250049354585578,1.0
1.08815,1.088407850219963,1.0,-0.0002578502199630517,0.0010092857142857284,0.2554779249456952,1.0
1.08892,1.0886977286529944,1.0,0.00022227134700569806,0.0010278571428571517,0.21624731466850214,1.0
1.08894,1.0888168410657704,1.0,0.00012315893422965019,0.000988571428571434,0.12458273693750674,1.0
1.08826,1.0887976655257057,1.0,-0.0005376655257056662,0.000987142857142869,0.5446684052011025,1.0
1.08797,1.0887360480246637,1.0,-0.0007660480246636237,0.0010321428571428623,0.7421918578055832,1.0
1.08885,1.0887038929939674,1.0,0.00014610700603268079,0.001059285714285707,0.13792974271460182,1.0
1.08794,1.0886786487167912,1.0,-0.0007386487167913014,0.0011071428571428463,0.6671665829082788,1.0
1.08861,1.0886513359768286,1.0,-4.133597682853818e-05,0.0010971428571428601,0.037676020546844595,1.0
1.0887,1.0886285589475229,1.0,7.144105247713917e-05,0.0010457142857142848,0.06831794635792003,1.0
1.08935,1.088673090894368,1.0,0.0006769091056320065,0.001069285714285709,0.6330479277787666,1.0
1.08855,1.088651359707614,1.0,-0.000101359707614046,0.0010699999999999837,0.09472869870471733,1.0
1.08946,1.0886348860194461,1.0,0.0008251139805539598,0.001098571428571409,0.7510790460179221,1.0
1.08982,1.0887999945988498,1.0,0.0010200054011502147,0.0010942857142856826,0.932119818283513,1.0
1.08963,1.0887936615739535,1.0,0.0008363384260465789,0.0010407142857142362,0.8036196269493934,1.0
1.09002,1.0890179376606786,1.0,0.00100206233932143,0.001028571428571363,0.9742272743403414,1.0
1.09059,1.0893156597040383,1.0,0.001274340295961629,0.000981428571428514,1.2984544500337591,1.0
1.09058,1.089352427190251,1.0,0.0012275728097490557,0.0010149999999999406,1.2094313396543128,1.0
1.09154,1.089787597086719,1.0,0.0017524029132809371,0.0010364285714285096,1.6908091513393924,1.0
1.09123,1.0897875931369958,1.0,0.0014424068630041198,0.0010385714285713649,1.3888374196739282,1.0
1.09055,1.0897900537358316,1.0,0.0007599462641683097,0.0010071428571428096,0.7545565743515488,1.0
1.09108,1.0897930659991077,1.0,0.0012869340008923036,0.0009757142857142385,1.3189660331254116,1.0
1.09202,1.0899555251834743,1.0,0.0020644748165257187,0.0009935714285713715,2.077832309946925,1.0
1.09287,1.0903444912784828,1.0,0.0025255087215172445,0.0010707142857142424,2.3587139493824454,1.0
1.09343,1.0906269256631536,1.0,0.002803074336846345,0.0010557142857142393,2.6551448386908363,1.0
1.09293,1.0906419411012203,1.0,0.002288058898779699,0.0010399999999999615,2.2000566334420997,1.0
1.09343,1.0907176823914222,1.0,0.002712317608577708,0.0009957142857142426,2.7239918594038417,1.0
1.09305,1.0907362696774658,1.0,0.0023137303225342354,0.0009728571428570928,2.3782837382878825,1.0
1.09233,1.0907499272005265,1.0,0.0015800727994734753,0.0009921428571428223,1.5925859749913198,1.0
1.09249,1.0907477118262912,1.0,0.0017422881737088058,0.0010071428571428256,1.7299315199946133,1.0
1.09309,1.0907601238345372,1.0,0.002329876165462652,0.0010521428571428348,2.2144104763392956,1.0
1.09223,1.0907592788334424,1.0,0.0014707211665576647,0.001083571428571406,1.3572904635337992,1.0
1.09224,1.0907713080394308,1.0,0.0014686919605693127,0.001037857142857138,1.4151195765981057,1.0
1.09182,1.0907769147851156,1.0,0.0010430852148843872,0.0010299999999999912,1.0127040921207728,1.0
1.09239,1.0907739609753515,1.0,0.0016160390246484635,0.001027857142857136,1.5722408856899681,1.0
1.09259,1.0907883162520857,1.0,0.001801683747914229,0.0010042857142856956,1.7939951970696781,1.0
1.09241,1.0907962618797362,1.0,0.0016137381202638856,0.0009257142857142599,1.7432356237419004,1.0
1.09183,1.0907950174510186,1.0,0.001034982548981489,0.0008771428571428304,1.179947531412157,1.0
1.09104,1.0916225602554526,-1.0,-0.0005825602554525577,0.0009021428571428355,0.645751668751861,-1.0
1.09073,1.0914361833840012,-1.0,-0.0007061833840011911,0.0009078571428571269,0.7778573859966049,-1.0
1.09094,1.0914313950948689,-1.0,-0.0004913950948688406,0.0008971428571428504,0.5477333860003042,-1.0
1.09063,1.091369381922893,-1.0,-0.0007393819228929122,0.0009321428571428576,0.7932066605747713,-1.0
1.08995,1.0910366629950623,-1.0,-0.0010866629950623263,0.0009421428571428596,1.1533951425983722,-1.0
1.09038,1.0910285875839452,-1.0,-0.0006485875839452593,0.0009592857142857181,0.676115128461176,-1.0
1.09101,1.0910080440451888,-1.0,1.955954811228011e-06,0.0009128571428571439,0.0021426735021277095,-1.0
1.09158,1.0909736155203302,-1.0,0.0006063844796697637,0.0009228571428571459,0.657072965586429,-1.0
1.09144,1.0909525047273974,-1.0,0.0004874952726026116,0.0009250000000000012,0.527021916327147,-1.0
1.09101,1.0909113300698796,-1.0,9.86699301204208e-05,0.0009607142857142989,0.10270475997664479,-1.0
1.09112,1.0908727006042453,-1.0,0.0002472993957547409,0.0009214285714285651,0.26838694112917805,-1.0
1.09147,1.0908327978263608,-1.0,0.000637202173639162,0.0009085714285714332,0.7013231470871244,-1.0
1.09062,1.0908292784393112,-1.0,-0.00020927843931128898,0.0009635714285714446,0.21719037437790933,-1.0
1.09067,1.0908128747174646,-1.0,-0.00014287471746454727,0.0009500000000000064,0.15039443943636455,-1.0
1.09038,1.0907932795790312,-1.0,-0.000413279579031256,0.0008942857142857205,0.4621337145716888,-1.0
1.09009,1.0907431691258418,-1.0,-0.0006531691258417904,0.0008978571428571566,0.7274755578190076,-1.0
1.09108,1.0907377584055404,-1.0,0.00034224159445961355,0.0009428571428571659,0.36298350927533884,-1.0
1.0902,1.0907224601649737,-1.0,-0.0005224601649735927,0.0009671428571428807,0.5402099194704667,-1.0
1.09034,1.0906944078799066,-1.0,-0.00035440787990648204,0.0009178571428571607,0.38612531662962274,-1.0
1.08954,1.0905243255453216,-1.0,-0.0009843255453216848,0.0009471428571428765,1.0392577401586203,-1.0
1.08964,1.0905122919972934,-1.0,-0.0008722919972934395,0.0009500000000000064,0.9182021024141407,-1.0
1.08968,1.0904856912404712,-1.0,-0.0008056912404712513,0.0009064285714285779,0.8888634646648887,-1.0
1.09052,1.0904803999816952,-1.0,3.96000183047196e-05,0.0009221428571428555,0.04294347453648918,-1.0
1.09006,1.0904632429933012,-1.0,-0.0004032429933011894,0.0009085714285714173,0.44382090457678625,-1.0
1.08999,1.090457005193736,-1.0,-0.000467005193735881,0.0009085714285714332,0.513999427067791,-1.0
1.09074,1.0904583740862537,-1.0,0.0002816259137463639,0.0009585714285714277,0.29379752551781657,-1.0
1.09126,1.0904693738454823,-1.0,0.0007906261545176374,0.0009635714285714288,0.8205163946068882,-1.0
1.0913,1.0904680910867266,-1.0,0.0008319089132733382,0.0009435714285714246,0.8816597112662213,-1.0
1.09182,1.089731047226163,1.0,0.0020889527738370273,0.0009478571428571352,2.203868789277967,1.0
1.09188,1.089835741983154,1.0,0.0020442580168460456,0.0009142857142856929,2.2359072059254146,1.0
1.09274,1.0901701858187347,1.0,0.0025698141812653397,0.0009221428571428238,2.7867853243776963,1.0
1.09245,1.0901812052511042,1.0,0.0022687947488957416,0.0009035714285714004,2.5109190896870652,1.0
1.09316,1.0903440958074402,1.0,0.002815904192559726,0.0009542857142856853,2.950797806574653,1.0
1.09251,1.0903708725170838,1.0,0.0021391274829163365,0.0009542857142856853,2.24160065575072,1.0
1.09322,1.0903935941778098,1.0,0.002826405822190292,0.0009792857142856906,2.886191211572943,1.0
1.0941,1.0907952424026721,1.0,0.0033047575973279564,0.0010414285714285423,3.173292617461775,1.0
1.09414,1.0909828627135856,1.0,0.0031571372864143132,0.0009828571428571106,3.2122036344332727,1.0
1.0942,1.091038554732463,1.0,0.003161445267537033,0.0009714285714285438,3.25442895187645,1.0
1.09366,1.0910933721200755,1.0,0.0025666278799245656,0.001006428571428535,2.5502335215716974,1.0
1.09409,1.091140584862091,1.0,0.0029494151379090283,0.0009671428571428331,3.049616833879426,1.0
1.09314,1.09118116426196,1.0,0.00195883573804001,0.00095214285714283,2.0572918479040454,1.0
1.09223,1.0922660145304843,-1.0,-3.601453048429626e-05,0.0010592857142856912,0.03399888245314623,-1.0
1.09186,1.0921487606905527,-1.0,-0.0002887606905526141,0.0010857142857142613,0.2659637939300453,-1.0
1.09255,1.0921693319137786,-1.0,0.0003806680862212808,0.0011557142857142758,0.32937906100729153,-1.0
1.09171,1.0921726999274084,-1.0,-0.0004626999274084387,0.00112642857142856,0.4107672152009009,-1.0
1.0924,1.092218770623779,-1.0,0.0001812293762211148,0.0011421428571428535,0.1586748759909703,-1.0
1.09211,1.0922552481279726,-1.0,-0.00014524812797267472,0.0011242857142857046,0.1291914734191527,-1.0
1.09197,1.092264908554037,-1.0,-0.0002949085540369101,0.001057857142857142,0.27877918680059044,-1.0
1.09122,1.0920091695560794,-1.0,-0.0007891695560793277,0.0010699999999999996,0.7375416411956337,-1.0
1.09175,1.092029875610886,-1.0,-0.00027987561088593793,0.001061428571428594,0.2636782336744985,-1.0
1.09119,1.0920721880419415,-1.0,-0.0008821880419414008,0.0011592857142857435,0.7609755136894207,-1.0
1.09023,1.0916678384708272,-1.0,-0.0014378384708271241,0.001187857142857169,1.2104472995537758,-1.0
1.09107,1.0916860863247602,-1.0,-0.0006160863247601789,0.0011964285714286063,0.5149378236801345,-1.0
1.09029,1.0916857413289982,-1.0,-0.0013957413289982235,0.0012264285714285966,1.1380535006391803,-1.0
1.09017,1.091567280936904,-1.0,-0.001397280936903833,0.0011735714285714563,1.1906228312022642,-1.0
1.09046,1.0915882915694,-1.0,-0.001128291569399975,0.0010985714285714568,1.0270534441872072,-1.0
1.09077,1.0916141116516123,-1.0,-0.0008441116516122449,0.0010571428571428834,0.7984839947683199,-1.0
1.09038,1.091614434500492,-1.0,-0.0012344345004919877,0.0010300000000000229,1.19848009756501,-1.0
1.08995,1.0914502382864262,-1.0,-0.0015002382864262032,0.0010150000000000198,1.4780672772671664,-1.0
1.0906,1.0914758522451158,-1.0,-0.0008758522451157713,0.0009914285714285795,0.883424454727716,-1.0
1.09122,1.0915198730364397,-1.0,-0.00029987303643963514,0.001025000000000022,0.2925590599411012,-1.0
1.0921,1.0905489309478975,1.0,0.0015510690521025605,0.0010842857142857282,1.4304984670247411,1.0
1.09246,1.090801358930423,1.0,0.001658641069576916,0.0010321428571428784,1.606987887479332,1.0
1.09251,1.090858160131353,1.0,0.0016518398686471425,0.0010014285714285659,1.64948346369901,1.0
1.09186,1.0908812533326624,1.0,0.00097874666733766,0.0009757142857142702,1.0031078581791697,1.0
1.09152,1.0908890078032216,1.0,0.0006309921967784238,0.000917857142857129,0.6874623155562697,1.0
1.0918,1.0908924942325025,1.0,0.0009075057674976517,0.0008778571428571207,1.033773860453006,1.0
1.09263,1.0910857489608485,1.0,0.0015442510391514563,0.0008642857142856984,1.7867367395141145,1.0
1.09219,1.0911053347894846,1.0,0.001084665210515423,0.000891428571428543,1.2167718707705455,1.0
1.09231,1.0911175564681255,1.0,0.0011924435318744209,0.000858571428571407,1.3888693382897097,1.0
1.09257,1.0911944963462172,1.0,0.0013755036537828058,0.0008757142857142812,1.570721953748726,1.0
1.09276,1.091298425779633,1.0,0.001461574220366968,0.0008699999999999898,1.679970368237914,1.0
1.09186,1.0913158262555076,1.0,0.0005441737444924488,0.0008985714285714311,0.6055987617563007,1.0
1.09093,1.0922433922685135,-1.0,-0.001313392268513569,0.0009292857142857118,1.4133352620438135,-1.0
1.09145,1.0922454352022766,-1.0,-0.0007954352022765399,0.0009171428571428544,0.8672969495227095,-1.0
1.09089,1.0922546605721855,-1.0,-0.0013646605721855387,0.0009135714285714183,1.4937645043469707,-1.0
1.0914,1.0922594579211333,-1.0,-0.0008594579211333997,0.0009514285714285554,0.9033341513414263,-1.0
1.09143,1.0922626580040815,-1.0,-0.0008326580040816101,0.0009092857142857077,0.9157275771518165,-1.0
1.09207,1.0922738162191992,-1.0,-0.00020381621919907111,0.0009321428571428576,0.21865341523271986,-1.0
1.09224,1.0922802352334093,-1.0,-4.023523340923596e-05,0.0009300000000000022,0.04326369183788802,-1.0
1.09175,1.092281687690917,-1.0,-0.0005316876909169377,0.0009642857142857191,0.5513798276175623,-1.0
1.09136,1.092282244637723,-1.0,-0.0009222446377228355,0.0009449999999999895,0.975920251558567,-1.0
1.09162,1.0922878417984418,-1.0,-0.000667841798441815,0.0009321428571428576,0.7164586343437093,-1.0
1.09173,1.0922899659014798,-1.0,-0.0005599659014796643,0.0009542857142857011,0.5867906153230096,-1.0
1.09202,1.0922903132903325,-1.0,-0.0002703132903325578,0.0009499999999999746,0.28454030561322635,-1.0
1.09182,1.0922832746473534,-1.0,-0.0004632746473534066,0.0009149999999999674,0.5063110900037411,-1.0
1.0922,1.0922717064861935,-1.0,-7.170648619347908e-05,0.0008835714285713962,0.08115527944290572,-1.0
1.09304,1.0915096235211226,1.0,0.0015303764788774377,0.0008471428571428399,1.8065152364489514,1.0
1.09253,1.0915090580811482,1.0,0.0010209419188518254,0.0008492857142856953,1.2021183232906538,1.0
1.09328,1.0915414804323005,1.0,0.001738519567699548,0.0008450000000000005,2.057419606745026,1.0
1.09347,1.0916468311313383,1.0,0.0018231688686616287,0.0008214285714285761,2.219509927066318,1.0
1.09274,1.0916534988817208,1.0,0.0010865011182792372,0.0008814285714285885,1.2326592914026764,1.0
1.0919,1.0916454853318562,1.0,0.00025451466814385704,0.0009028571428571576,0.28189915775426744,1.0
1.09228,1.0916460430264243,1.0,0.0006339569735756001,0.0009457142857142957,0.670347253025552,1.0
1.09288,1.091646636372897,1.0,0.0012333636271031345,0.0009335714285714383,1.3211240076085464,1.0
1.09273,1.0916497471448063,1.0,0.001080252855193642,0.0009221428571428714,1.171459331735922,1.0
1.09233,1.091654185678065,1.0,0.0006758143219349755,0.0009471428571428765,0.7135294500067468,1.0
1.09237,1.0916479389362643,1.0,0.000722061063735735,0.0009500000000000222,0.7600642776165454,1.0
1.0925,1.0916514116792064,1.0,0.0008485883207935974,0.0009028571428571576,0.9398921274612475,1.0
1.09333,1.0916540607908176,1.0,0.0016759392091822978,0.0009921428571428859,1.689211585928833,1.0
1.09356,1.091754921521392,1.0,0.001805078478608113,0.0009614285714286051,1.8774961887453714,1.0
1.09338,1.0917684174269047,1.0,0.0016115825730953492,0.0009185714285714511,1.7544444808191553,1.0
1.09318,1.0917843828594171,1.0,0.0013956171405828943,0.0008971428571428662,1.55562420128665,1.0
1.09274,1.0917989925537417,1.0,0.0009410074462583573,0.0009099999999999982,1.0340741167674277,1.0
1.09343,1.0918238593784175,1.0,0.0016061406215823748,0.0009342857142856971,1.719110757045387,1.0
1.09418,1.0920710659776103,1.0,0.0021089340223896524,0.0009328571428571163,2.2607255982738113,1.0
1.09358,1.0920809642498446,1.0,0.0014990357501554197,0.0008785714285714111,1.7062195530224629,1.0
1.09398,1.0920984374442289,1.0,0.001881562555771099,0.000889999999999994,2.1141152312034963,1.0
1.09381,1.092118288980044,1.0,0.0016917110199559104,0.0009092857142857077,1.8604834469271734,1.0
1.09328,1.092130494509104,1.0,0.0011495054908960967,0.000931428571428583,1.2341316620049965,1.0
1.09274,1.0921358928281555,1.0,0.000604107171844559,0.0009242857142857267,0.653593539862729,1.0
1.09347,1.092148781899815,1.0,0.0013212181001849288,0.0009657142857142999,1.3681252516707643,1.0
1.09311,1.0921571173406395,1.0,0.0009528826593605544,0.001033571428571459,0.9219320823114975,1.0
1.09257,1.0921696466914788,1.0,0.00040035330852128403,0.0009935714285714508,0.4029436606252948,1.0
1.09225,1.0931849732059158,-1.0,-0.0009349732059158455,0.0010242857142857315,0.9128050824840738,-1.0
1.09182,1.0929867325893894,-1.0,-0.0011667325893893743,0.00106785714285716,1.092592391401403,-1.0
1.0911,1.0926623588073199,-1.0,-0.001562358807319919,0.0010878571428571643,1.4361801249165094,-1.0
1.09036,1.0923032894997715,-1.0,-0.0019432894997715167,0.0010828571428571632,1.7945945248549289,-1.0
1.0897,1.0920117566050016,-1.0,-0.0023117566050017135,0.0011014285714286024,2.098871107005388,-1.0
1.0894,1.091850529375022,-1.0,-0.0024505293750221036,0.001089285714285745,2.249666311495638,-1.0
1.08967,1.0918364979181732,-1.0,-0.002166497918173249,0.001066428571428595,2.0315452682133164,-1.0
1.09026,1.091847570491648,-1.0,-0.0015875704916479272,0.001050000000000027,1.5119718968075107,-1.0
1.0906,1.0918476377253254,-1.0,-0.0012476377253254345,0.0010492857142857367,1.1890352726042008,-1.0
1.08985,1.091834194706617,-1.0,-0.0019841947066170373,0.0010600000000000134,1.8718817986952945,-1.0
1.08962,1.091834203429456,-1.0,-0.0022142034294558854,0.0010592857142857229,2.090279704139052,-1.0
1.09028,1.0918331878380985,-1.0,-0.0015531878380985464,0.0010585714285714326,1.4672489698636686,-1.0
1.09048,1.0918345511442744,-1.0,-0.0013545511442745184,0.0010421428571428487,1.2997749156849494,-1.0
1.09006,1.0918203245101807,-1.0,-0.0017603245101807108,0.0010335714285714273,1.7031474182812703,-1.0
1.09033,1.0918098882779332,-1.0,-0.0014798882779332168,0.0010192857142856987,1.451887588722169,-1.0
1.08978,1.091808854218797,-1.0,-0.0020288542187969494,0.001044285714285704,1.9428152573979187,-1.0
1.08912,1.0916398278528914,-1.0,-0.0025198278528912876,0.0010535714285714315,2.391701012913758,-1.0
1.08854,1.091327516786147,-1.0,-0.0027875167861468597,0.0010485714285714304,2.6583947551809244,-1.0
1.08821,1.0911087693755683,-1.0,-0.002898769375568433,0.0010128571428571487,2.861972585187435,-1.0
1.08738,1.0907174075175816,-1.0,-0.003337407517581603,0.0010371428571428634,3.217886036235686,-1.0
1.08836,1.0906833554717976,-1.0,-0.002323355471797628,0.0011014285714285707,2.1094018550691835,-1.0
1.08838,1.090662583392736,-1.0,-0.002282583392736015,0.0010528571428571412,2.16798965388767,-1.0
1.08768,1.0906385909292902,-1.0,-0.0029585909292901835,0.0010649999999999985,2.7780196519156695,-1.0
1.08865,1.090620825453526,-1.0,-0.001970825453526004,0.0011014285714285707,1.7893356906202382,-1.0
1.08905,1.09061102755274,-1.0,-0.001561027552740013,0.0011228571428571396,1.3902281004045958,-1.0
1.09002,1.0896773790669538,1.0,0.00034262093304615604,0.001119999999999994,0.3059115473626409,1.0
1.08915,1.0896589603073281,1.0,-0.0005089603073280546,0.0011714285714285694,0.43447831113370594,1.0
1.08868,1.089632536675486,1.0,-0.0009525366754858933,0.0011885714285714277,0.8014130683174588,1.0
1.08842,1.0896185772053055,1.0,-0.0011985772053055843,0.0011928571428571541,1.0047952619328158,1.0
1.08822,1.0895908341871314,1.0,-0.0013708341871314644,0.001128571428571447,1.2146632037873537,1.0
1.08835,1.0895791993326485,1.0,-0.001229199332648534,0.0010664285714285793,1.1526316582102711,1.0
1.0875,1.090420070656164,-1.0,-0.0029200706561640644,0.001057857142857158,2.760363888338712,-1.0
1.08716,1.0901839576472947,-1.0,-0.003023957647294795,0.0010442857142857356,2.895718677300018,-1.0
1.08763,1.0901562845835944,-1.0,-0.0025262845835942738,0.0009942857142857253,2.5408034605114542,-1.0
1.08759,1.0901263533684056,-1.0,-0.0025363533684055195,0.0009178571428571448,2.7633421912589258,-1.0
1.08714,1.0900498548927504,-1.0,-0.0029098548927504186,0.0009892857142857084,2.941369566679141,-1.0
1.08635,1.0896279462176097,-1.0,-0.003277946217609795,0.0009714285714285754,3.3743564004806577,-1.0
1.08733,1.0896086679759023,-1.0,-0.002278667975902371,0.0009350000000000033,2.437078049093436,-1.0
1.08797,1.0895969623032224,-1.0,-0.0016269623032223457,0.0009235714285714362,1.7615987815245668,-1.0
1.08894,1.0889536298126496,1.0,-1.3629812649629258e-05,0.0009478571428571669,0.014379606412570065,1.0
1.08908,1.08909569400292,1.0,-1.5694002919897088e-05,0.0008585714285714545,0.018279204731992727,1.0
1.08974,1.0894458296815877,1.0,0.00029417031841227903,0.000822857142857157,0.35749865084824967,1.0
1.08908,1.0894404422273734,1.0,-0.0003604422273733032,0.0008871428571428641,0.4062955864111277,1.0
1.08851,1.0894255241078414,1.0,-0.0009155241078413479,0.0009371428571428586,0.976931212635583,1.0
1.08903,1.0894196873459867,1.0,-0.0003896873459867667,0.0009807142857142872,0.3973505348736144,1.0
1.08853,1.089416668514806,1.0,-0.0008866685148058995,0.0009699999999999946,0.914091252377221,1.0
1.08861,1.0894013069849224,1.0,-0.0007913069849223575,0.0009692857142857043,0.8163815614526986,1.0
1.08904,1.0893899629332928,1.0,-0.00034996293329281336,0.0010085714285714223,0.34698874405803243,1.0
1.08968,1.0893727951654788,1.0,0.00030720483452117975,0.001037857142857138,0.2959991523259833,1.0
1.09005,1.0894707473944494,1.0,0.0005792526055505842,0.0010007142857142754,0.5788391490155791,1.0
1.09105,1.08985670579726,1.0,0.0011932942027401694,0.0010599999999999815,1.125749247868104,1.0
1.0902,1.089855375125388,1.0,0.000344624874611954,0.0010871428571428263,0.3170005416930022,1.0
1.09,1.0898534291273236,1.0,0.00014657087267644364,0.0010864285714285357,0.13491073093164224,1.0
1.09021,1.0898453882733379,1.0,0.000364611726662023,0.0010214285714285382,0.356962529599195,1.0
1.09097,1.089836601160262,1.0,0.0011333988397379535,0.001111428571428541,1.0197675935945876,1.0
1.0902,1.089832449463755,1.0,0.00036755053624504264,0.001145714285714258,0.3208047074458056,1.0
1.08952,1.0898294506079083,1.0,-0.00030945060790821266,0.0011099999999999919,0.2787843314488423,1.0
1.08904,1.0898126778764257,1.0,-0.0007726778764256537,0.0010914285714285685,0.7079509338978521,1.0
1.08902,1.0897988291904985,1.0,-0.0007788291904984312,0.001049285714285705,0.7422470161319356,1.0
1.08917,1.089788002849605,1.0,-0.0006180028496050038,0.0010235714285714253,0.6037711021960978,1.0
1.09001,1.0897814849592005,1.0,0.0002285150407994596,0.0010678571428571284,0.21399401813996508,1.0
1.09091,1.0897811799532526,1.0,0.001128820046747414,0.0011128571428571377,1.014344072815396,1.0
1.09126,1.0898120963679818,1.0,0.0014479036320180771,0.0011442857142857246,1.2653340105026778,1.0
1.09082,1.0898068393157743,1.0,0.0010131606842256335,0.0011935714285714447,0.8488479700274494,1.0
1.09085,1.0898024383485847,1.0,0.0010475616514153963,0.001100714285714312,0.9517107800009862,1.0
1.09055,1.0897892524477863,1.0,0.0007607475522135587,0.00106142857142861,0.7167204395013078,1.0
1.09078,1.0897813573639845,1.0,0.0009986426360155676,0.0010414285714286059,0.9589161114003761,1.0
1.09088,1.0897814657430849,1.0,0.0010985342569151957,0.001037142857142895,1.0591928096978083,1.0
1.09117,1.089950800778662,1.0,0.0012191992213379521,0.000969285714285736,1.2578326528173138,1.0
1.0906,1.0899438120881755,1.0,0.0006561879118245351,0.0009592857142857339,0.6840380316860241,1.0
1.09044,1.0899344602738523,1.0,0.0005055397261477523,0.0009071428571428683,0.5572878870920036,1.0
1.09113,1.0899445162054997,1.0,0.0011854837945002306,0.0009064285714285779,1.3078623422382276,1.0
1.09053,1.0899428900764367,1.0,0.000587109923563256,0.0009521428571428617,0.6166195746350746,1.0
1.09091,1.0899277186510496,1.0,0.0009822813489503979,0.0009728571428571404,1.0096871428271368,1.0
1.09146,1.0900429739078485,1.0,0.001417026092151552,0.0009550000000000074,1.4837969551325039,1.0
1.09085,1.09003870499813,1.0,0.0008112950018701603,0.0009235714285714204,0.8784323299444969,1.0
1.09026,1.0900352026842033,1.0,0.0002247973157967209,0.0008999999999999801,0.2497747953296954,1.0
1.09017,1.0900214861545603,1.0,0.00014851384543979052,0.0008342857142857081,0.17801317090385982,1.0
1.09007,1.0900107588029404,1.0,5.9241197059689554e-05,0.0008314285714285623,0.0712522988690432,1.0
1.09094,1.0900001838166071,1.0,0.0009398161833928942,0.0008771428571428462,1.0714516748779057,1.0
1.09187,1.090155729543357,1.0,0.0017142704566428524,0.000911428571428563,1.880861002586219,1.0
1.09163,1.0901479156733886,1.0,0.0014820843266114547,0.0009199999999999685,1.6109612245777234,1.0
1.09259,1.0904322574968894,1.0,0.0021577425031105157,0.000994999999999984,2.1685854302618597,1.0
1.09172,1.0904387392528234,1.0,0.0012812607471766047,0.0010149999999999881,1.26232585928731,1.0
1.09114,1.0904251791977664,1.0,0.0007148208022336178,0.001060714285714272,0.6739051334189076,1.0
1.09022,1.0913635131357955,-1.0,-0.0011435131357955264,0.001070714285714274,1.0679909206896294,-1.0
1.08945,1.0909571638419573,-1.0,-0.0015071638419572597,0.001069285714285709,1.4095052630194882,-1.0
1.08896,1.0906613220927692,-1.0,-0.0017013220927692974,0.0010707142857142899,1.5889599265356953,-1.0
1.08985,1.0906414535926734,-1.0,-0.0007914535926734079,0.001085714285714293,0.7289704143044498,-1.0
1.08952,1.0906267513204704,-1.0,-0.0011067513204703339,0.0010442857142857356,1.0598165859496824,-1.0
1.09049,1.0906016027166094,-1.0,-0.0001116027166094824,0.0010800000000000174,0.10333584871248204,-1.0
1.09134,1.0895940205154733,1.0,0.0017459794845267051,0.0011328571428571577,1.541217703869707,1.0
1.09088,1.089575049556783,1.0,0.00130495044321699,0.0011500000000000002,1.1347395158408606,1.0
1.09109,1.0895508626323145,1.0,0.0015391373676854059,0.0010828571428571473,1.4213669622424534,1.0
1.09012,1.0895162137769367,1.0,0.0006037862230632296,0.0010978571428571504,0.5499679325234325,1.0
1.08957,1.0894855970921344,1.0,8.440290786548843e-05,0.001133571428571448,0.07445751166457579,1.0
1.08928,1.0894686011282466,1.0,-0.00018860112824659048,0.001066428571428595,0.17685303385480294,1.0
1.08831,1.0901105397977422,-1.0,-0.0018005397977420845,0.0010571428571428834,1.703213322188416,-1.0
1.08884,1.0900777981022385,-1.0,-0.001237798102238452,0.0010321428571428784,1.1992507564939774,-1.0
1.08832,1.0900202826553729,-1.0,-0.00170028265537292,0.0010385714285714442,1.6371359817895819,-1.0
1.08872,1.0899909191880641,-1.0,-0.0012709191880642123,0.001035000000000024,1.2279412445064568,-1.0
1.08776,1.0897588330573846,-1.0,-0.0019988330573845747,0.0010835714285714535,1.8446712461030588,-1.0
1.08812,1.089743430990875,-1.0,-0.001623430990874919,0.0010242857142857473,1.5849396005751837,-1.0
1.08841,1.08972874894629,-1.0,-0.001318748946289805,0.0010328571428571845,1.2767970434340612,-1.0
1.08779,1.0895929482740052,-1.0,-0.0018029482740051783,0.0009771428571428986,1.8451225026368,-1.0
1.08717,1.0893348507512683,-1.0,-0.0021648507512683768,0.0009878571428571753,2.19146135341694,-1.0
1.0879,1.0893252392834678,-1.0,-0.0014252392834677163,0.0010200000000000367,1.3972934151643774,-1.0
1.0875,1.0893121880814618,-1.0,-0.0018121880814618851,0.0010328571428571687,1.7545389447071755,-1.0
1.08828,1.0892931095496783,-1.0,-0.0010131095496783704,0.0010564285714285931,0.9589948408043877,-1.0
1.08817,1.08928008886105,-1.0,-0.0011100888610500181,0.0010114285714285837,1.0975454840889878,-1.0
1.08724,1.0892604042046474,-1.0,-0.0020204042046474413,0.001037857142857138,1.946707423610758,-1.0
1.08813,1.0892519640849088,-1.0,-0.001121964084908722,0.0010714285714285645,1.0471664792481472,-1.0
1.088,1.0892456220410849,-1.0,-0.001245622041084804,0.0010814285714285665,1.151830156881594,-1.0
1.08791,1.089229080294995,-1.0,-0.0013190802949951674,0.0010235714285714253,1.288703707601703,-1.0
1.08857,1.0892173145860014,-1.0,-0.000647314586001313,0.001054285714285706,0.6139840246624968,-1.0
1.0882,1.0892133454497652,-1.0,-0.0010133454497651684,0.0009771428571428511,1.0370494368941845,-1.0
1.0884,1.089206087073273,-1.0,-0.0008060870732728986,0.0010121428571428423,0.7964163038687894,-1.0
1.08839,1.0892110853670518,-1.0,-0.0008210853670518325,0.0009878571428571117,0.8311782457502543,-1.0
1.08778,1.0892180475989148,-1.0,-0.00143804759891486,0.0010057142857142765,1.4298768739210388,-1.0
1.08796,1.089217274643929,-1.0,-0.0012572746439289961,0.0009528571428571363,1.3194786368070515,-1.0
1.08831,1.0892189771071212,-1.0,-0.0009089771071211228,0.0009328571428571479,0.9744011868067113,-1.0
1.08846,1.0892152343344228,-1.0,-0.0007552343344228163,0.0009307142857142926,0.8114566908610399,-1.0
1.08853,1.0892181854892424,-1.0,-0.0006881854892424322,0.0008621428571428748,0.7982267480856547,-1.0
1.08756,1.0892213318063926,-1.0,-0.0016613318063924964,0.0009214285714285968,1.8029957588755279,-1.0
1.08666,1.0888795088256644,-1.0,-0.0022195088256644624,0.0009135714285714659,2.4294858138624864,-1.0
1.08752,1.0888676882597337,-1.0,-0.001347688259733637,0.0009135714285714659,1.4751865235551327,-1.0
1.08759,1.088865988059832,-1.0,-0.0012759880598318674,0.0009135714285714659,1.396703114749446,-1.0
1.08849,1.088869912775992,-1.0,-0.00037991277599203066,0.0009642857142857508,0.3939836195472761,-1.0
1.08849,1.0888711404079545,-1.0,-0.00038114040795456106,0.0009164285714286116,0.4158975612910071,-1.0
1.08949,1.0882719669138736,1.0,0.0012180330861264466,0.001000714285714323,1.217163683495333,1.0
1.08984,1.088503570302647,1.0,0.0013364296973528145,0.0009821428571428839,1.3607284191228286,1.0
1.09075,1.088957500569363,1.0,0.0017924994306370845,0.0010307142857143134,1.7390846866887393,1.0
1.09156,1.0893364783586479,1.0,0.0022235216413521997,0.001066428571428595,2.085016944335573,1.0
1.09126,1.089366414930987,1.0,0.0018935850690129374,0.0010821428571428729,1.7498475885267815,1.0
1.0906,1.0893963644318396,1.0,0.0012036355681603883,0.001089285714285729,1.1049769150324726,1.0
1.09034,1.0894070104466356,1.0,0.0009329895533645161,0.001105714285714313,0.8437890017508335,1.0
1.08947,1.089433625313574,1.0,3.637468642603281e-05,0.001156428571428598,0.03145433044869967,1.0
1.08972,1.0894508546104316,1.0,0.00026914538956845924,0.0010785714285714526,0.24953877178532088,1.0
1.08929,1.0903945646483164,-1.0,-0.0011045646483163196,0.0010550000000000281,1.0469807093045405,-1.0
1.08932,1.090363024450482,-1.0,-0.0010430244504819886,0.0009728571428571721,1.0721249858111161,-1.0
1.08923,1.0902344791744423,-1.0,-0.001004479174442352,0.0009321428571428893,1.0776021794783481,-1.0
1.08851,1.0899471807321857,-1.0,-0.0014371807321855723,0.0009585714285714753,1.4992943554841305,-1.0
1.08905,1.0899462390483676,-1.0,-0.0008962390483675531,0.0009435714285714722,0.9498369929708678,-1.0
1.0888,1.0899486434660006,-1.0,-0.0011486434660006317,0.0009071428571429,1.2662211436226838,-1.0
1.08911,1.0899528111504113,-1.0,-0.0008428111504112934,0.0008864285714286213,0.9507942067491897,-1.0
1.0886,1.0898928120876956,-1.0,-0.001292812087695605,0.0008435714285714832,1.532546081942193,-1.0
1.0883,1.0897225211722712,-1.0,-0.0014225211722711517,0.0007835714285714708,1.8154326719959026,-1.0
1.08806,1.0895724290745212,-1.0,-0.0015124290745212043,0.0007650000000000474,1.977031469962236,-1.0
1.08894,1.0895700261609458,-1.0,-0.0006300261609457625,0.0007778571428571952,0.809950987441697,-1.0
1.08934,1.0895682989627575,-1.0,-0.000228298962757556,0.000742857142857188,0.30732552678899905,-1.0
1.08836,1.0895602509563997,-1.0,-0.001200250956399751,0.0007507142857143188,1.5988119305038795,-1.0
1.08921,1.0895570560546706,-1.0,-0.0003470560546705581,0.0008157142857143164,0.42546276404445105,-1.0
1.08853,1.0895511955407509,-1.0,-0.0010211955407508633,0.0008392857142857409,1.2167436230222666,-1.0
1.0882,1.0895427560329005,-1.0,-0.0013427560329004606,0.0008671428571428917,1.5484830692426441,-1.0
1.08725,1.0893391710339295,-1.0,-0.002089171033929471,0.0009378571428571807,2.227600493146338,-1.0
1.08694,1.0891260729055194,-1.0,-0.0021860729055194206,0.000882142857142879,2.4781393260948286,-1.0
1.08755,1.0891184499187228,-1.0,-0.0015684499187227363,0.0009178571428571607,1.7088170320714304,-1.0
1.08712,1.08910522464507,-1.0,-0.001985224645070005,0.0008978571428571566,2.2110696126475453,-1.0
1.08761,1.0890956769328453,-1.0,-0.0014856769328452923,0.0009342857142857287,1.5901740871432546,-1.0
1.08806,1.0890858121382037,-1.0,-0.00102581213820363,0.0009742857142857211,1.0528863588600235,-1.0
1.0875,1.0890748586303887,-1.0,-0.0015748586303887535,0.001002142857142872,1.5714911493543993,-1.0
1.08748,1.0890579156899756,-1.0,-0.001577915689975562,0.0009964285714285964,1.5835713017675492,-1.0
1.0868,1.0889299763584126,-1.0,-0.002129976358412611,0.0009735714285714467,2.187796699763463,-1.0
1.08735,1.088912133959802,-1.0,-0.0015621339598019812,0.0009978571428571614,1.5654885781837746,-1.0
1.08742,1.0888932399959286,-1.0,-0.0014732399959285214,0.0009271428571428883,1.5890107814328664,-1.0
1.08837,1.0888806759348335,-1.0,-0.0005106759348334489,0.0009450000000000371,0.5403978146385491,-1.0
1.08882,1.0880311509139076,1.0,0.0007888490860923358,0.0009407142857143265,0.8385639487693411,1.0
1.0884,1.0880214705734534,1.0,0.00037852942654659216,0.0009357142857143096,0.4045352650116149,1.0
1.08844,1.0880084330003859,1.0,0.00043156699961421907,0.0008814285714285727,0.4896222037762608,1.0
1.0882,1.0880012397564998,1.0,0.00019876024350029553,0.0009014285714285768,0.22049472337592083,1.0
1.08768,1.087994427615192,1.0,-0.00031442761519206996,0.0008650000000000047,0.3635001331700211,1.0
1.08779,1.087980347199693,1.0,-0.00019034719969290848,0.0008728571428571355,0.21807371486912774,1.0
1.08805,1.0879653953150705,1.0,8.460468492943463e-05,0.0008492857142857112,0.0996186365863826,1.0
1.08863,1.0879525835848023,1.0,0.0006774164151976958,0.000855714285714293,0.7916385486450468,1.0
1.08878,1.0879668826686264,1.0,0.0008131173313736806,0.0008478571428571621,0.9590263386041508,1.0
1.0897,1.0883563694134528,1.0,0.0013436305865470732,0.0009092857142857236,1.477677000130309,1.0
1.08956,1.0883451109196232,1.0,0.0012148890803769241,0.0009135714285714343,1.3298238565501823,1.0
1.08861,1.0883410928665533,1.0,0.00026890713344673856,0.0009421428571428755,0.2854207633248117,1.0
1.08817,1.0883306497701444,1.0,-0.00016064977014429438,0.0009692857142857202,0.16574036713486423,1.0
1.0884,1.0883180952977054,1.0,8.190470229463287e-05,0.0009135714285714343,0.08965330978302213,1.0
1.08844,1.0883096383986555,1.0,0.0001303616013446085,0.0008971428571428504,0.1453075174223354,1.0
1.08792,1.0883048738286483,1.0,-0.0003848738286482689,0.0008942857142857046,0.43037009593257375,1.0
1.08803,1.0882797062773668,1.0,-0.0002497062773667569,0.0009057142857142875,0.27570093715572475,1.0
1.0885,1.088252383786266,1.0,0.0002476162137339255,0.000901428571428561,0.27469310556854176,1.0
1.08909,1.0882498059823495,1.0,0.000840194017650342,0.0009364285714285524,0.8972323605724658,1.0
1.08811,1.0882394056100781,1.0,-0.00012940561007823703,0.0009642857142857032,0.1341984104515066,1.0
1.08813,1.0882369295886967,1.0,-0.00010692958869662483,0.0009399999999999885,0.11375488159215547,1.0
1.08781,1.0882316438853175,1.0,-0.00042164388531751307,0.0009321428571428576,0.452338267773577,1.0
1.0884,1.0882287687834333,1.0,0.00017123121656670293,0.0009621428571428479,0.17796859925269962,1.0
1.08889,1.0882217764343043,1.0,0.0006682235656956248,0.0009414285714285693,0.7097974142442162,1.0
1.08798,1.0882066879270669,1.0,-0.00022668792706692642,0.0009992857142857106,0.2268499627546091,1.0
1.08807,1.0881861148375538,1.0,-0.00011611483755369356,0.0009371428571428428,0.1239030278774188,1.0
1.08825,1.0881840016317064,1.0,6.599836829357386e-05,0.0009157142857142737,0.07207310110062763,1.0
1.08779,1.0890984714131144,-1.0,-0.0013084714131144093,0.0009349999999999874,1.399434666432542,-1.0
1.08753,1.0889325604822981,-1.0,-0.001402560482298032,0.0009321428571428417,1.5046625863733927,-1.0
1.08778,1.0889177829076728,-1.0,-0.0011377829076728574,0.0009335714285714225,1.2187422117383402,-1.0
1.08746,1.088880646872086,-1.0,-0.0014206468720858734,0.0009564285714285724,1.485366408454235,-1.0
1.08658,1.0885305211143073,-1.0,-0.0019505211143071577,0.0010107142857142934,1.9298442120353356,-1.0
1.08697,1.0885224514530702,-1.0,-0.0015524514530702582,0.0009978571428571614,1.5557852786673736,-1.0
1.08733,1.0885218365802274,-1.0,-0.0011918365802274788,0.0009592857142857339,1.2424208580181952,-1.0
1.08804,1.0885162619392883,-1.0,-0.00047626193928840266,0.001037857142857154,0.45888968685736864,-1.0
1.08856,1.0885201698038787,-1.0,3.983019612130434e-05,0.0010207142857142795,0.039021885633188536,-1.0
1.0895,1.087941659357786,1.0,0.00155834064221394,0.0010142857142856978,1.5363921824644728,1.0
1.08934,1.0879463236112366,1.0,0.0013936763887634207,0.0009935714285714031,1.4026937054412933,1.0
1.08847,1.087949180700336,1.0,0.000520819299663966,0.0009614285714285575,0.5417139818198833,1.0
1.08852,1.0879525156028893,1.0,0.0005674843971106291,0.0009699999999999788,0.5850354609388058,1.0
1.08918,1.0879620029906945,1.0,0.0012179970093055825,0.0010307142857142657,1.1817018801301793,1.0
1.08865,1.0879668268100713,1.0,0.0006831731899286098,0.001037857142857122,0.6582535897454046,1.0
1.0883,1.0879668364353337,1.0,0.0003331635646663944,0.0010221428571428445,0.32594618485881055,1.0
1.08746,1.0879605421593301,1.0,-0.0005005421593300419,0.0010849999999999868,0.461329179106035,1.0
1.08678,1.0887306111212287,-1.0,-0.0019506111212286292,0.001098571428571409,1.7755887969571713,-1.0
1.08714,1.0887287162895833,-1.0,-0.0015887162895833473,0.0010699999999999837,1.48478157904988,-1.0
1.08721,1.0887226094610518,-1.0,-0.001512609461051806,0.001026428571428555,1.4736626621242603,-1.0
1.08762,1.0887228051094047,-1.0,-0.0011028051094046365,0.0010357142857142668,1.0647773470113926,-1.0
1.08704,1.088710097837596,-1.0,-0.001670097837596085,0.0010342857142857018,1.6147354783387757,-1.0
1.08787,1.0887090735710458,-1.0,-0.0008390735710459563,0.0010599999999999815,0.7915788406094065,-1.0
1.08728,1.0887053315426831,-1.0,-0.0014253315426830948,0.0010671428571428537,1.335652048029678,-1.0
1.08666,1.0886839024281234,-1.0,-0.0020239024281234475,0.0011014285714285707,1.8375249023170093,-1.0
1.08619,1.0884643640236566,-1.0,-0.002274364023656661,0.0011064285714285557,2.0555904668298064,-1.0
1.08625,1.088346126580097,-1.0,-0.0020961265800971685,0.001082142857142841,1.9370146614759602,-1.0
1.08549,1.0879571452140915,-1.0,-0.002467145214091415,0.0010628571428571273,2.321238776698946,-1.0
1.08542,1.0878478399317086,-1.0,-0.0024278399317085864,0.0010364285714285573,2.3425057921378825,-1.0
1.08548,1.0878326777748268,-1.0,-0.002352677774826839,0.001054285714285706,2.231537184795122,-1.0
1.0846,1.0874200695599159,-1.0,-0.002820069559915872,0.001026428571428555,2.747458165540907,-1.0
1.08486,1.0873999102589154,-1.0,-0.002539910258915423,0.0009907142857142734,2.563716195011995,-1.0
1.08458,1.0872661945914137,-1.0,-0.0026861945914136154,0.0009407142857142789,2.855483999984122,-1.0
1.08547,1.0872421251237085,-1.0,-0.0017721251237086122,0.0009928571428571445,1.7848742253180236,-1.0
1.08551,1.0872371210371017,-1.0,-0.0017271210371017087,0.0009700000000000106,1.7805371516512267,-1.0
1.08533,1.0872214030487197,-1.0,-0.0018914030487198197,0.0009478571428571511,1.9954515962379236,-1.0
1.08621,1.0872108454802172,-1.0,-0.0010008454802172828,0.0009721428571428659,1.029525108232317,-1.0
1.08629,1.0871998053574319,-1.0,-0.0009098053574319032,0.0009350000000000033,0.9730538582159357,-1.0
1.08587,1.0871745622080629,-1.0,-0.0013045622080629649,0.0009071428571428683,1.438100071880416,-1.0
1.0865,1.0862094327986411,1.0,0.00029056720135889336,0.0008892857142857353,0.326742234459792,1.0
1.08701,1.08643012542736,1.0,0.0005798745726399712,0.0009478571428571669,0.6117742288590348,1.0
1.08674,1.0864002136024125,1.0,0.00033978639758758256,0.0009478571428571669,0.35847849029585793,1.0
1.08689,1.0863866854587714,1.0,0.0005033145412285389,0.0009385714285714553,0.5362559799999501,1.0
1.08768,1.0867425726057385,1.0,0.000937427394261503,0.000957857142857169,0.9786714034049727,1.0
1.08739,1.0867311144647016,1.0,0.0006588855352984702,0.0009257142857143075,0.7117590659088245,1.0
1.0878,1.0867820496025793,1.0,0.0010179503974208082,0.0009478571428571669,1.0739491758772384,1.0
1.0881,1.0869543029248485,1.0,0.0011456970751515527,0.0009664285714285903,1.1854958649018053,1.0
1.0872,1.086943118794244,1.0,0.0002568812057559544,0.0009621428571428638,0.26698863256001015,1.0
1.08703,1.0869328417347344,1.0,9.715826526557336e-05,0.0009807142857142872,0.09906887936766387,1.0
1.08687,1.086924806532992,1.0,-5.480653299194671e-05,0.0009278571428571311,0.05906785695821891,1.0
1.0872,1.0869149965537104,1.0,0.00028500344628956675,0.0008814285714285568,0.3233426457094004,1.0
1.08686,1.0869067098533631,1.0,-4.6709853363191556e-05,0.0008807142857142665,0.0530363298527734,1.0
1.08759,1.0868986332086235,1.0,0.000691366791376602,0.0009335714285714067,0.7405612149405244,1.0
1.08708,1.086892510492099,1.0,0.0001874895079010397,0.0009299999999999706,0.20160162139897378,1.0
1.08658,1.086882505751068,1.0,-0.00030250575106793853,0.0009257142857142599,0.3267809039314242,1.0
1.08657,1.0868747655541662,1.0,-0.00030476555416614204,0.0008885714285713973,0.3429837426307185,1.0
1.08613,1.0877874596496993,-1.0,-0.0016574596496992111,0.0009492857142856843,1.7460071554394048,-1.0
1.08529,1.0873873155102045,-1.0,-0.0020973155102044228,0.0009607142857142513,2.183079341476801,-1.0
1.08472,1.0871010667894443,-1.0,-0.002381066789444386,0.0009749999999999799,2.4421197840455746,-1.0
1.084,1.0867165967359127,-1.0,-0.002716596735912624,0.0009714285714285438,2.796496639910134,-1.0
1.08338,1.0863890467224802,-1.0,-0.0030090467224801465,0.0009828571428571106,3.061530095546761,-1.0
1.0828,1.0860708988817955,-1.0,-0.0032708988817955476,0.0009835714285714012,3.3255326321814773,-1.0
1.08316,1.0860495460355728,-1.0,-0.0028895460355728986,0.0009957142857142584,2.9019831060273806,-1.0
1.08225,1.085798926812106,-1.0,-0.003548926812106057,0.0010799999999999857,3.286043344542689,-1.0
1.08156,1.0854553131227909,-1.0,-0.003895313122790789,0.0010999999999999899,3.5411937479916586,-1.0
1.08157,1.0853565628132509,-1.0,-0.00378656281325096,0.001088571428571407,3.478469775952394,-1.0
1.08118,1.0850898748742415,-1.0,-0.003909874874241437,0.0010271428571428296,3.806554119567565,-1.0
1.08096,1.0849097915377022,-1.0,-0.003949791537702252,0.0009957142857142584,3.966792075167363,-1.0
1.08102,1.0848490426525004,-1.0,-0.0038290426525002808,0.0009792857142856745,3.9100362607590156,-1.0
1.08158,1.0848203448165834,-1.0,-0.003240344816583418,0.0009935714285714031,3.261310383333502,-1.0
1.08216,1.084794821594178,-1.0,-0.0026348215941780495,0.0009535714285713949,2.763108787902172,-1.0
1.08193,1.0847568005851989,-1.0,-0.0028268005851987965,0.0008964285714285282,3.1534030432498055,-1.0
1.08114,1.0847027001291956,-1.0,-0.003562700129195573,0.000897857142857109,3.968003326073182,-1.0
1.08067,1.0844943335314108,-1.0,-0.003824333531410762,0.000924285714285695,4.137609693952997,-1.0
1.08123,1.0844524507978415,-1.0,-0.0032224507978415584,0.0009399999999999726,3.4281391466400555,-1.0
1.08125,1.0844088392817477,-1.0,-0.0031588392817476496,0.0009021428571428196,3.5014845561733123,-1.0
1.08207,1.0843974272937689,-1.0,-0.00232742729376878,0.0009085714285713856,2.5616338138965773,-1.0
1.08296,1.0835543336356226,1.0,-0.0005943336356226681,0.0009242857142856632,0.6430193893908664,1.0
1.08386,1.0839535585066828,1.0,-9.355850668280041e-05,0.0009314285714285354,0.10044624950607794,1.0
1.0834,1.0839365734743862,1.0,-0.0005365734743862927,0.0009392857142856981,0.5712569309055686,1.0
1.08298,1.0839038305759792,1.0,-0.0009238305759791121,0.0009442857142856991,0.9783379775875778,1.0
1.08388,1.0838887858252038,1.0,-8.78582520380533e-06,0.00102785714285712,0.008547710413709336,1.0
1.08315,1.0838474769362607,1.0,-0.0006974769362606548,0.0010671428571428537,0.6535928452241766,1.0
1.08305,1.083830443528143,1.0,-0.0007804435281428823,0.0010392857142857029,0.750942226391785,1.0
1.08402,1.0838349081882552,1.0,0.0001850918117447531,0.0010914285714285527,0.16958673850959344,1.0
1.08323,1.0838018981284558,1.0,-0.0005718981284559277,0.0011471428571428546,0.4985413324024287,1.0
1.08356,1.0837575974320213,1.0,-0.0001975974320211904,0.001127857142857125,0.17519721648490877,1.0
1.08332,1.0837272872935433,1.0,-0.0004072872935432237,0.0010814285714285349,0.3766196901985023,1.0
1.08233,1.0837241000122462,1.0,-0.0013941000122461578,0.0011042857142856846,1.262445030494614,1.0
1.08183,1.0837033653161174,1.0,-0.0018733653161173702,0.001147857142857129,1.632054413543466,1.0
1.08218,1.0836845552900791,1.0,-0.0015045552900792014,0.0011121428571428474,1.352843549204175,1.0
1.08203,1.0836441606460911,1.0,-0.0016141606460911007,0.0010392857142857029,1.5531442642801139,1.0
1.08151,1.08442901633986,-1.0,-0.0029190163398600255,0.001006428571428551,2.9003710970930583,-1.0
1.0818,1.0844166131079442,-1.0,-0.0026166131079441435,0.0009942857142856937,2.631651114311693,-1.0
1.0821,1.0843783434383438,-1.0,-0.002278343438343766,0.0009921428571428384,2.2963864749325653,-1.0
1.08285,1.0843494742687778,-1.0,-0.001499474268777723,0.000960714285714283,1.560791060437783,-1.0
1.08278,1.0843143517931382,-1.0,-0.0015343517931381,0.0009121428571428534,1.6821397888749796,-1.0
1.08236,1.0842765506607581,-1.0,-0.0019165506607581317,0.0009778571428571414,1.959949543507223,-1.0
1.08317,1.08424638719242,-1.0,-0.0010763871924199808,0.0009464285714285861,1.1373147693493961,-1.0
1.08404,1.0835138476379098,1.0,0.0005261523620900821,0.0009500000000000064,0.5538445916737669,1.0
1.08444,1.0836982624477707,1.0,0.0007417375522293934,0.0009657142857142999,0.7680714298233251,1.0
1.08381,1.083688889735599,1.0,0.00012111026440098094,0.0010221428571428762,0.1184866318388331,1.0
1.08388,1.083668036421448,1.0,0.0002119635785520213,0.0009392857142857457,0.22566464636716344,1.0
1.08366,1.0836386583571909,1.0,2.134164280920281e-05,0.0009178571428571766,0.023251595278508043,1.0
1.08322,1.0836225502941808,1.0,-0.00040255029418068133,0.0009421428571428914,0.42727097183694723,1.0
1.08256,1.0836114581503429,1.0,-0.00105145815034291,0.0009642857142857667,1.0904010447999954,1.0
1.0827,1.0836056187681087,1.0,-0.0009056187681086847,0.0009664285714286379,0.9370778088337557,1.0
1.08249,1.0835630704665906,1.0,-0.0010730704665906643,0.0009657142857143475,1.1111676429192558,1.0
1.08328,1.0835321644709532,1.0,-0.00025216447095322003,0.0009664285714286379,0.2609240645487685,1.0
1.08262,1.0834775182155654,1.0,-0.0008575182155654559,0.0009471428571429083,0.9053736815924385,1.0
1.08311,1.08345294798898,1.0,-0.00034294798898004686,0.000984285714285755,0.34842321086505496,1.0
1.0833,1.083437410752321,1.0,-0.00013741075232109878,0.000923571428571468,0.1487819437351354,1.0
1.08281,1.083395295283365,1.0,-0.0005852952833649283,0.0009057142857143192,0.6462250762704017,1.0
1.082,1.0841140379895045,-1.0,-0.0021140379895043804,0.0009171428571428862,2.3050258452539243,-1.0
1.08225,1.0841010468128087,-1.0,-0.0018510468128087876,0.0008878571428571704,2.0848475767757217,-1.0
1.08318,1.0840663064913505,-1.0,-0.0008863064913504637,0.0008785714285714587,1.0088041364964282,-1.0
1.08374,1.084037979945736,-1.0,-0.0002979799457361043,0.0009278571428571787,0.3211485173445188,-1.0
1.08441,1.0832398502591536,1.0,0.0011701497408465045,0.0009742857142857371,1.201033458346824,1.0
1.08521,1.0836077257019674,1.0,0.0016022742980326132,0.0009957142857143061,1.6091707440786316,1.0
1.08483,1.0835917292718944,1.0,0.0012382707281055616,0.0010064285714285828,1.230361262844405,1.0
1.0852,1.0835859141064241,1.0,0.0016140858935758118,0.0010285714285714262,1.5692501743098206,1.0
1.0843,1.0835629661719806,1.0,0.0007370338280194844,0.0011099999999999919,0.663994439657198,1.0
1.08345,1.0835469371310973,1.0,-9.693713109726332e-05,0.0011335714285714163,0.08551479743930064,1.0
1.08426,1.0835380153196974,1.0,0.0007219846803026009,0.0011485714285714352,0.6285936271291265,1.0
1.08502,1.0835363134099016,1.0,0.0014836865900984542,0.0011450000000000151,1.2957961485575848,1.0
1.08428,1.0835287364240145,1.0,0.000751263575985428,0.0011921428571428638,0.6301791530135371,1.0
1.0849,1.083510196128521,1.0,0.0013898038714790228,0.0012078571428571414,1.1506359669252717,1.0
1.08438,1.0834999450590657,1.0,0.0008800549409342384,0.001197142857142865,0.7351294256013877,1.0
1.08507,1.0834892106029579,1.0,0.0015807893970420928,0.0012357142857142925,1.2792515351785652,1.0
1.08574,1.0837126840349542,1.0,0.002027315965045684,0.0011935714285714288,1.6985292346283405,1.0
1.08601,1.0838992224935613,1.0,0.0021107775064386214,0.0011799999999999905,1.788794496981897,1.0
1.08574,1.0839067376582827,1.0,0.0018332623417172123,0.0011335714285714321,1.6172446618803333,1.0
1.08495,1.0839042303167412,1.0,0.001045769683258868,0.0011142857142857185,0.9385112542066729,1.0
1.08479,1.0838977950326605,1.0,0.0008922049673394383,0.0010957142857142951,0.8142678971807059,1.0
1.08504,1.0839027386494633,1.0,0.0011372613505367113,0.0010557142857143026,1.0772434984785997,1.0
1.08437,1.083896924326963,1.0,0.0004730756730371155,0.0010164285714286006,0.46542933397887754,1.0
1.08384,1.0849217809493008,-1.0,-0.0010817809493008923,0.0010307142857143134,1.0495449265566241,-1.0
1.08359,1.0847294635778089,-1.0,-0.001139463577808808,0.0009864285714285945,1.1551404843825446,-1.0
1.08286,1.084382929532432,-1.0,-0.0015229295324321601,0.0009950000000000317,1.5305824446553886,-1.0
1.08267,1.084224153296233,-1.0,-0.0015541532962328741,0.0009685714285714773,1.6045830492079014,-1.0
1.08211,1.08392597759039,-1.0,-0.0018159775903900943,0.0009635714285714922,1.8846320433995287,-1.0
1.08181,1.0837370658799659,-1.0,-0.001927065879965939,0.0009328571428571955,2.0657674057826663,-1.0
1.08174,1.0836533574790856,-1.0,-0.00191335747908572,0.0008971428571428979,2.132723304713285,-1.0
1.08248,1.0836490574149367,-1.0,-0.0011690574149365585,0.0009400000000000519,1.24367810099627,-1.0
1.0823,1.0836403970884203,-1.0,-0.0013403970884202643,0.0009492857142857636,1.4120059622184142,-1.0
1.08146,1.0835566600618922,-1.0,-0.0020966600618921305,0.0009878571428571753,2.1224324560006407,-1.0
1.0822,1.0835545029065954,-1.0,-0.001354502906595334,0.0010250000000000378,1.3214662503368624,-1.0
1.08126,1.0835325409737382,-1.0,-0.0022725409737380797,0.001071428571428612,2.1210382421554606,-1.0
1.08173,1.0834928668582884,-1.0,-0.0017628668582883034,0.001085714285714309,1.6236931589497183,-1.0
1.08176,1.0834780981215724,-1.0,-0.001718098121572309,0.0010114285714285837,1.6986845834754263,-1.0
1.08163,1.0834229698375601,-1.0,-0.0017929698375600545,0.0009450000000000054,1.8973225794286182,-1.0
1.08069,1.0830375878348861,-1.0,-0.0023475878348862,0.0010364285714285731,2.265074409952222,-1.0
1.08088,1.0830075518999036,-1.0,-0.002127551899903546,0.0010149999999999881,2.0961102462104146,-1.0
1.08131,1.082964103884204,-1.0,-0.0016541038842039502,0.0010314285714285562,1.6037018267905572,-1.0
1.08112,1.082923863206694,-1.0,-0.0018038632066939009,0.0010049999999999701,1.7948887628795567,-1.0
1.0815,1.0828916976184084,-1.0,-0.0013916976184085161,0.000996428571428549,1.3966857819153882,-1.0
1.08083,1.0828306821131561,-1.0,-0.0020006821131561825,0.0010185714285714242,1.9642040381617583,-1.0
1.08159,1.082820291865438,-1.0,-0.0012302918654378825,0.0010128571428571328,1.2146746203195011,-1.0
1.08238,1.082812823901044,-1.0,-0.0004328239010440438,0.0010071428571428414,0.4297542279870005,-1.0
1.08233,1.0828057178907033,-1.0,-0.00047571789070333104,0.000960714285714283,0.4951710386503088,-1.0
1.0825,1.082803180691644,-1.0,-0.00030318069164403383,0.0008878571428571387,0.3414746325837887,-1.0
1.08275,1.0819776594584192,1.0,0.0007723405415809292,0.0008221428571428506,0.939423769081937,1.0
1.08268,1.0819744574257453,1.0,0.0007055425742548138,0.0008285714285714325,0.8515168999627023,1.0
1.08338,1.082226064295574,1.0,0.0011539357044259013,0.0009085714285714332,1.2700550205945391,1.0
1.08278,1.082230286766888,1.0,0.0005497132331120369,0.0009435714285714404,0.582587832215626,1.0
1.08283,1.0822400800220304,1.0,0.000589919977969533,0.000855714285714293,0.6893889558909342,1.0
1.08377,1.082385006370675,1.0,0.001384993629324871,0.0009057142857142875,1.5291727768571102,1.0
1.08326,1.0823900720956774,1.0,0.0008699279043224983,0.000883571428571428,0.9845586629357304,1.0
1.08248,1.082406329890222,1.0,7.367010977810118e-05,0.0009149999999999991,0.08051378117825272,1.0
1.08339,1.0824143269712188,1.0,0.0009756730287813209,0.0009664285714285585,1.0095655878003456,1.0
1.08374,1.082429818436852,1.0,0.001310181563147994,0.000924285714285695,1.4175071007783848,1.0
1.08383,1.0825382282957885,1.0,0.001291771704211575,0.0008757142857142654,1.4751063506494675,1.0
1.08314,1.0825550643362147,1.0,0.0005849356637852576,0.0008778571428571207,0.6663221556545007,1.0
1.08276,1.0825704412940178,1.0,0.0001895587059821402,0.0008942857142856887,0.21196660413338966,1.0
1.08237,1.0825760950790717,1.0,-0.00020609507907165536,0.0009192857142856939,0.22419045120460288,1.0
1.0824,1.0825867218630645,1.0,-0.00018672186306445404,0.0009157142857142578,0.20390843080362217,1.0
1.0827,1.0825874478069233,1.0,0.00011255219307670927,0.000909285714285676,0.12378088790840504,1.0
1.08367,1.082591564139119,1.0,0.0010784358608808553,0.0009071428571428207,1.188826933254534,1.0
1.08444,1.0828829853707724,1.0,0.0015570146292276377,0.0009142857142856771,1.702984750717798,1.0
1.08391,1.0828854775664838,1.0,0.0010245224335161396,0.0009549999999999599,1.072798359702809,1.0
1.08357,1.0828877381619175,1.0,0.0006822618380823986,0.0009178571428571132,0.7433202905178123,1.0
1.08431,1.0828884726799277,1.0,0.001421527320072391,0.0009621428571428321,1.4774597239060128,1.0
1.08343,1.0828903155071372,1.0,0.0005396844928626798,0.000988571428571418,0.5459236199478033,1.0
1.08276,1.0828873555248164,1.0,-0.00012735552481646373,0.0009671428571428489,0.13168222654582773,1.0
1.08363,1.0828812610567498,1.0,0.0007487389432503377,0.001044285714285704,0.7169866761631212,1.0
1.0842,1.0828890554793578,1.0,0.0013109445206422876,0.0011028571428571357,1.1886802648310975,1.0
1.08508,1.0829065138363034,1.0,0.002173486163696614,0.0011500000000000002,1.889987968431838,1.0
1.0853,1.0830335100445554,1.0,0.0022664899554445395,0.001167857142857149,1.940725344111522,1.0
1.08577,1.0833317221827077,1.0,0.0024382778172922226,0.0011707142857142788,2.082726628559568,1.0
1.08551,1.0833505739872173,1.0,0.002159426012782628,0.0011964285714285744,1.8048933838183117,1.0
1.08453,1.0833637003913084,1.0,0.0011662996086916344,0.0012321428571428722,0.9465620012569671,1.0
1.08394,1.083370694908361,1.0,0.0005693050916388831,0.001213571428571433,0.46911543748936635,1.0
1.08463,1.0833868720280164,1.0,0.0012431279719835597,0.0012207142857142892,1.0183611239186534,1.0
1.08453,1.0833953844049655,1.0,0.0011346155950344716,0.0011728571428571502,0.9673945390062426,1.0
1.08393,1.0834101706381198,1.0,0.0005198293618802197,0.0011764285714285702,0.44187073869599774,1.0
1.08388,1.0834146341927982,1.0,0.00046536580720180076,0.0011271428571428504,0.4128720722956432,1.0
1.08289,1.0842664869456629,-1.0,-0.001376486945662947,0.0011514285714285652,1.1954601265062879,-1.0
1.08343,1.0842716422121663,-1.0,-0.0008416422121664269,0.0011571428571428724,0.7273451216252976,-1.0
1.08355,1.084273729462986,-1.0,-0.0007237294629860447,0.0010871428571428737,0.6657169830357734,-1.0
1.08375,1.0842745803261944,-1.0,-0.0005245803261944015,0.0010478571428571718,0.5006219881882358,-1.0
1.08401,1.0842670752156127,-1.0,-0.0002570752156128009,0.00098928571428574,0.2598594237241241,-1.0
1.08382,1.084266894905766,-1.0,-0.00044689490576610424,0.0009442857142857308,0.47326238129541226,-1.0
1.08404,1.0842691580414203,-1.0,-0.00022915804142042973,0.0009207142857143065,0.24889158881970083,-1.0
1.08442,1.0842733193123144,-1.0,0.00014668068768552978,0.0009078571428571428,0.16156802734834122,-1.0
1.08462,1.0842806426857745,-1.0,0.00033935731422540805,0.0008678571428571345,0.3910290040457414,-1.0
1.0847,1.0842939301698966,-1.0,0.0004060698301033838,0.0008435714285714356,0.48136982400062034,-1.0
1.08556,1.0836205226916868,1.0,0.001939477308313231,0.000870714285714296,2.227455481245686,1.0
1.08481,1.0836358602880405,1.0,0.0011741397119595653,0.0009192857142857257,1.2772304559000554,1.0
1.0842,1.0836402731555403,1.0,0.000559726844459707,0.0009221428571428872,0.6069849591352163,1.0
1.08389,1.0836480319085418,1.0,0.0002419680914582667,0.0009428571428571659,0.25663282427391293,1.0
1.0843,1.0836528164777828,1.0,0.000647183522217265,0.0008735714285714418,0.740847858629728,1.0
1.08435,1.0836566717262694,1.0,0.0006933282737304758,0.0008292857142857228,0.8360547659109872,1.0
1.08405,1.0836625304353429,1.0,0.0003874695646570725,0.000862142857142859,0.44942617275882385,1.0
1.08449,1.0836667770730808,1.0,0.0008232229269191649,0.0008707142857142802,0.9454570120482675,1.0
1.08379,1.0836738661770118,1.0,0.00011613382298825137,0.0008864285714285737,0.13101317661849435,1.0
1.08459,1.0836782846312103,1.0,0.0009117153687896451,0.0009221428571428555,0.9886921117780831,1.0
1.08449,1.0836855456111603,1.0,0.0008044543888396927,0.0009385714285714394,0.8571051327059032,1.0
1.08366,1.0846161425359322,-1.0,-0.0009561425359321252,0.000980714285714303,0.9749450475636938,-1.0
1.0836,1.0845566510500197,-1.0,-0.0009566510500198522,0.000979285714285738,0.9768865572777247,-1.0
1.08458,1.084557746638863,-1.0,2.225336113714782e-05,0.0010257142857143123,0.02169547743175915,-1.0
1.08402,1.084544668630811,-1.0,-0.0005246686308109094,0.0009964285714285964,0.526549163537817,-1.0
1.08387,1.0845407049896334,-1.0,-0.0006707049896335082,0.0009592857142857339,0.6991712475702847,-1.0
1.08449,1.084543465845739,-1.0,-5.346584573895363e-05,0.000937857142857149,0.05700851792424569,-1.0
1.08384,1.0845381765445858,-1.0,-0.0006981765445859267,0.0009635714285714288,0.7245716548704946,-1.0
1.08334,1.0844596173403496,-1.0,-0.001119617340349599,0.0009771428571428511,1.1458072196560294,-1.0
1.08308,1.0842549212597778,-1.0,-0.0011749212597778058,0.0009692857142857043,1.2121516313109395,-1.0
1.08279,1.0841285876183164,-1.0,-0.0013385876183165113,0.0009764285714285606,1.3709017305363107,-1.0
1.08239,1.083921485337942,-1.0,-0.0015314853379420068,0.0009814285714285459,1.5604654098390578,-1.0
1.08292,1.0839166819414316,-1.0,-0.000996681941431543,0.0009821428571428203,1.014803431275791,-1.0
1.08341,1.0838950016118782,-1.0,-0.0004850016118782552,0.0010042857142856798,0.4829319037194741,-1.0
1.08273,1.0838732066474095,-1.0,-0.0011432066474095226,0.0010128571428571012,1.128694856398729,-1.0
1.08226,1.083810686056247,-1.0,-0.0015506860562470859,0.0009871428571428214,1.5708831249971047,-1.0
1.08169,1.0835369383811035,-1.0,-0.0018469383811035023,0.0010099999999999712,1.8286518624787673,-1.0
1.08091,1.0831855662738326,-1.0,-0.002275566273832519,0.0010307142857142499,2.207756606628993,-1.0
1.08097,1.0831154338144953,-1.0,-0.002145433814495279,0.0009921428571428223,2.1624242910680316,-1.0
1.0809,1.0830313299723437,-1.0,-0.002131329972343776,0.0009992857142856945,2.1328534390860225,-1.0
1.0813,1.0830096248138439,-1.0,-0.0017096248138439574,0.000999999999999985,1.709624813843983,-1.0
1.08072,1.0828967874330147,-1.0,-0.0021767874330147485,0.0009814285714285617,2.217978461587102,-1.0
1.08165,1.0828963192135683,-1.0,-0.0012463192135683254,0.0009914285714285637,1.2570943076337675,-1.0
1.08117,1.0828943586731001,-1.0,-0.001724358673100168,0.0010057142857142765,1.7145611806393874,-1.0
1.08178,1.0828960806446926,-1.0,-0.0011160806446925964,0.0010121428571428584,1.1026908275015053,-1.0
1.08108,1.0828805461425755,-1.0,-0.00180054614257541,0.0010278571428571517,1.7517474632422183,-1.0
1.08095,1.0828636566306438,-1.0,-0.0019136566306436897,0.0010235714285714412,1.869587775925424,-1.0
1.08118,1.082855143402075,-1.0,-0.0016751434020749745,0.0009742857142857211,1.7193553980241552,-1.0
1.08114,1.082844795554325,-1.0,-0.0017047955543250115,0.0009357142857142778,1.8219189130191118,-1.0
1.08142,1.0828513520197203,-1.0,-0.0014313520197202223,0.0009349999999999874,1.5308577751018626,-1.0
1.08145,1.0828500015158866,-1.0,-0.0014000015158865953,0.0008721428571428293,1.6052433433589648,-1.0
1.08115,1.0828456691693444,-1.0,-0.0016956691693443826,0.0008278571428571262,2.0482630173271645,-1.0
1.08102,1.0828467770175205,-1.0,-0.0018267770175204312,0.0008614285714285527,2.120636670421774,-1.0
1.08168,1.0828481109194015,-1.0,-0.0011681109194014994,0.000904285714285675,1.291749831881651,-1.0
1.082,1.0828528692985924,-1.0,-0.0008528692985922959,0.0009007142857142389,0.9468810610858654,-1.0
1.08176,1.0828618643790207,-1.0,-0.0011018643790206006,0.0009035714285714004,1.2194546487184894,-1.0
1.0816,1.0828717529589234,-1.0,-0.0012717529589234555,0.0008871428571428483,1.4335379569185631,-1.0
1.08187,1.0828728960488876,-1.0,-0.0010028960488874805,0.0009035714285714162,1.109924480982207,-1.0
1.08269,1.0818913015016562,1.0,0.0007986984983436862,0.00092285714285713,0.8654627691030776,1.0
1.08209,1.081898440091015,1.0,0.0001915599089850062,0.0009257142857142757,0.20693200044676818,1.0
1.08153,1.0818999834021081,1.0,-0.0003699834021080317,0.0009264285714285661,0.3993652759839995,1.0
1.08121,1.081890782684507,1.0,-0.0006807826845069975,0.0009400000000000043,0.7242368984116961,1.0
1.0812,1.0818910041537588,1.0,-0.0006910041537588896,0.0009528571428571521,0.725191765564045,1.0
1.08101,1.0818834281024512,1.0,-0.0008734281024511681,0.0009250000000000171,0.9442465972444887,1.0
1.08087,1.0818780664175907,1.0,-0.0010080664175906584,0.0009557142857143137,1.0547780154162036,1.0
1.08007,1.0824894035332595,-1.0,-0.0024194035332594233,0.0009978571428571614,2.424599102765304,-1.0
1.07948,1.082168091308233,-1.0,-0.0026880913082329982,0.0009778571428571573,2.7489611625464883,-1.0
1.07908,1.0819366257560814,-1.0,-0.0028566257560813657,0.0009435714285714562,3.0274610586781185,-1.0
1.07971,1.0819326863980654,-1.0,-0.002222686398065443,0.0009650000000000412,2.3033019669070964,-1.0
1.07937,1.0818985553106937,-1.0,-0.0025285553106937364,0.0009285714285714532,2.723059565362413,-1.0
1.07904,1.0818412897201704,-1.0,-0.0028012897201703524,0.000936428571428584,2.991461180959909,-1.0
1.07903,1.0817404051213955,-1.0,-0.0027104051213955316,0.0009050000000000129,2.994922786072368,-1.0
1.07822,1.0813761971184979,-1.0,-0.0031561971184979054,0.0009028571428571576,3.4957879477033194,-1.0
1.07739,1.0809729888580937,-1.0,-0.0035829888580936053,0.0009021428571428672,3.9716424396919967,-1.0
1.07708,1.0807941031931532,-1.0,-0.0037141031931531288,0.0009028571428571576,4.11372189115055,-1.0
1.07648,1.0804621384557966,-1.0,-0.003982138455796536,0.0009185714285714353,4.335142953433211,-1.0
1.0769,1.0804274929004483,-1.0,-0.0035274929004482924,0.000931428571428583,3.787185629315604,-1.0
1.07756,1.080410969956202,-1.0,-0.002850969956201821,0.0009714285714285913,2.934822013737109,-1.0
1.07856,1.0794351703272498,1.0,-0.000875170327249819,0.0010221428571428762,0.856211361390443,1.0
1.07761,1.0794010863699728,1.0,-0.0017910863699728274,0.0009985714285714517,1.7936487252946354,1.0
1.07776,1.079377754815611,1.0,-0.0016177548156108834,0.0010028571428571625,1.6131458275321884,1.0
1.07767,1.0793465964948243,1.0,-0.0016765964948244338,0.0009850000000000136,1.7021284211415337,1.0
1.07697,1.0793037502549998,1.0,-0.0023337502549998224,0.0010028571428571467,2.327101393874458,1.0
1.07708,1.0792616610006354,1.0,-0.0021816610006353265,0.0009992857142857264,2.1832204438094496,1.0
1.07717,1.0792446483793494,1.0,-0.002074648379349453,0.0009985714285714517,2.0776164027819504,1.0
1.07633,1.0801255474554063,-1.0,-0.003795547455406334,0.001057857142857158,3.5879584318492856,-1.0
1.07624,1.079989198968096,-1.0,-0.0037491989680960014,0.0009957142857142903,3.7653361229084488,-1.0
1.07565,1.079701560635228,-1.0,-0.0040515606352280464,0.0009850000000000136,4.113259528150244,-1.0
1.07535,1.079507363222647,-1.0,-0.004157363222647037,0.0009950000000000156,4.178254495122585,-1.0
1.07563,1.079470092979625,-1.0,-0.003840092979624954,0.0009757142857143178,3.935673624798506,-1.0
1.07539,1.0794044379810122,-1.0,-0.004014437981012087,0.0009878571428571911,4.063783928717749,-1.0
1.07587,1.0793371654733896,-1.0,-0.003467165473389544,0.000995714285714322,3.4820887107210794,-1.0
1.07672,1.07930502258982,-1.0,-0.002585022589820074,0.0009921428571428859,2.6054943309920797,-1.0
1.07614,1.0792380925308198,-1.0,-0.0030980925308197182,0.0009728571428571721,3.1845297673623167,-1.0
1.07567,1.0791858984585074,-1.0,-0.003515898458507527,0.0009650000000000412,3.6434180917174888,-1.0
1.07579,1.0791356462336557,-1.0,-0.0033456462336556303,0.0009514285714286189,3.5164449903285653,-1.0
1.07657,1.079091833060634,-1.0,-0.0025218330606340267,0.0009442857142857626,2.670625026389907,-1.0
1.07626,1.0790486334153406,-1.0,-0.0027886334153406356,0.0009650000000000412,2.889775559938359,-1.0
1.07677,1.0790089803433118,-1.0,-0.002238980343311825,0.0009835714285714487,2.2763779815806036,-1.0
1.07657,1.0789739146708004,-1.0,-0.0024039146708003667,0.0009607142857143147,2.5022160142159193,-1.0
1.07621,1.0789146010260477,-1.0,-0.002704601026047637,0.000995714285714322,2.7162420634623774,-1.0
1.07688,1.0788750073490723,-1.0,-0.0019950073490722087,0.0010142857142857453,1.9669086540147935,-1.0
1.07617,1.078852554282153,-1.0,-0.002682554282152916,0.001010000000000019,2.6559943387652134,-1.0
1.07686,1.0788038815500824,-1.0,-0.0019438815500825157,0.0010571428571428676,1.8388068716996588,-1.0
1.07679,1.078789891686427,-1.0,-0.001999891686427002,0.0010421428571428487,1.9190187532541643,-1.0
1.07656,1.0787745210428379,-1.0,-0.0022145210428379247,0.0009928571428571287,2.230452848901539,-1.0
1.07596,1.0787285653094898,-1.0,-0.0027685653094897678,0.0009892857142857084,2.7985497713254137,-1.0
1.0752,1.0786554190992927,-1.0,-0.0034554190992928113,0.0010021428571428403,3.448030462587325,-1.0
1.0754,1.0786032061543285,-1.0,-0.003203206154328564,0.0009792857142856906,3.270961791436979,-1.0
1.07633,1.0785469252546478,-1.0,-0.0022169252546477836,0.0010549999999999646,2.1013509522728513,-1.0
1.07677,1.078489685945303,-1.0,-0.0017196859453030289,0.001053571428571384,1.6322442870673506,-1.0
1.0764,1.07843319566893,-1.0,-0.002033195668929899,0.0010828571428570996,1.8776213301464197,-1.0
1.07723,1.0783913275013122,-1.0,-0.0011613275013122593,0.0011121428571428155,1.0442251135756093,-1.0
1.07692,1.078368498184725,-1.0,-0.0014484981847249223,0.0011028571428571038,1.3134050897765304,-1.0
1.07656,1.0783172323904926,-1.0,-0.0017572323904926357,0.0010957142857142474,1.6037322990154994,-1.0
1.07588,1.0782832108695892,-1.0,-0.0024032108695892784,0.0010657142857142413,2.2550236041723393,-1.0
1.07627,1.0782481176440615,-1.0,-0.0019781176440614168,0.0010478571428570924,1.8877741661118725,-1.0
1.0768,1.0782312997610717,-1.0,-0.0014312997610717026,0.0010199999999999574,1.4032350598742769,-1.0
1.07764,1.0773397089881813,1.0,0.00030029101181860973,0.001047142857142818,0.28677177117740066,1.0
1.07751,1.0773120333179689,1.0,0.00019796668203109213,0.0010528571428571093,0.18802805620321425,1.0
1.0768,1.0772577010887705,1.0,-0.0004577010887705235,0.0010499999999999637,0.4359057988290851,1.0
1.077,1.0772361576699057,1.0,-0.00023615766990570108,0.0010149999999999723,0.2326676550795148,1.0
1.07783,1.0773469890548695,1.0,0.00048301094513059084,0.0010871428571428263,0.4442939048507532,1.0
1.07832,1.0775731687350962,1.0,0.0007468312649037134,0.0010521428571428348,0.7098192606009647,1.0
1.07893,1.0778065530165142,1.0,0.0011234469834857652,0.0010614285714285623,1.0584291903634486,1.0
1.0784,1.0777966458865174,1.0,0.0006033541134826681,0.0010285714285714104,0.5865942769970488,1.0
1.07936,1.0779515152843642,1.0,0.001408484715635927,0.001029285714285701,1.368409855579683,1.0
1.07907,1.0779267320862513,1.0,0.0011432679137486357,0.0010549999999999806,1.0836662689560725,1.0
1.07956,1.078006769283418,1.0,0.001553230716581977,0.0010614285714285465,1.4633398406560019,1.0
1.08012,1.0783220708784405,1.0,0.0017979291215595161,0.0010385714285714126,1.731155962987181,1.0
1.081,1.0786909550156607,1.0,0.002309044984339259,0.0010964285714285538,2.1059693668241137,1.0
1.08152,1.078973045653113,1.0,0.0025469543468870093,0.0010842857142856963,2.3489697533872675,1.0
1.08222,1.0793423555333534,1.0,0.0028776444666465117,0.0010814285714285665,2.660965821205505,1.0
1.08243,1.079553596137292,1.0,0.0028764038627080435,0.0010735714285714198,2.679285035123948,1.0
1.08188,1.0795748872091022,1.0,0.0023051127908977342,0.001060714285714272,2.1731703079170837,1.0
1.08281,1.0796937365069526,1.0,0.0031162634930474997,0.001132857142857126,2.750800056914606,1.0
1.0836,1.080075401578756,1.0,0.003524598421243974,0.0011278571428571407,3.1250397655108126,1.0
1.0831,1.0800898694828889,1.0,0.003010130517111076,0.0011214285714285749,2.684192817806047,1.0
1.08353,1.080109799278966,1.0,0.0034202007210339946,0.0010864285714285676,3.1481137471713407,1.0
1.08377,1.0803321037636366,1.0,0.003437896236363258,0.001057857142857158,3.249868150512149,1.0
1.0838,1.0803848615828509,1.0,0.003415138417149244,0.000980714285714303,3.482297002191447,1.0
1.0836,1.0803885874888666,1.0,0.003211412511133327,0.0009350000000000191,3.4346657873083006,1.0
1.08315,1.0804260393165188,1.0,0.0027239606834812413,0.000941428571428601,2.8934331994488756,1.0
1.08388,1.080479557981695,1.0,0.0034004420183049167,0.0009607142857143147,3.539493550651851,1.0
1.08332,1.0804995511711815,1.0,0.0028204488288186003,0.0009178571428571924,3.0728625372341067,1.0
1.08373,1.0804981865423788,1.0,0.0032318134576212465,0.0009392857142857457,3.4407139472772577,1.0
1.08374,1.0805251875017374,1.0,0.003214812498262498,0.0009271428571428883,3.4674402908839337,1.0
1.08315,1.0805182025022124,1.0,0.0026317974977876357,0.0009650000000000254,2.72725129304411,1.0
1.08365,1.0805112548603428,1.0,0.003138745139657173,0.0009607142857143147,3.2670953126542077,1.0
1.08349,1.0805361855679823,1.0,0.0029538144320178095,0.0008828571428571694,3.345744502285444,1.0
1.08409,1.0806742030051257,1.0,0.003415796994874265,0.0008535714285714535,4.001770537927892,1.0
1.08494,1.081020471190108,1.0,0.003919528809892103,0.0008957142857143172,4.375869484727873,1.0
1.08508,1.0812213485364477,1.0,0.003858651463552354,0.0008600000000000353,4.486804027386274,1.0
1.08418,1.0812399664283896,1.0,0.002940033571610323,0.0009478571428571828,3.10176865128431,1.0
1.08336,1.0812526901714263,1.0,0.002107309828573767,0.0009907142857143367,2.1270611103122725,1.0
1.08318,1.0821784609803977,-1.0,0.0010015390196023155,0.0009821428571428997,1.019748819958677,-1.0
1.08335,1.0821858617564037,-1.0,0.001164138243596291,0.0009385714285714711,1.2403299399046679,-1.0
1.08241,1.081857535365709,-1.0,0.0005524646342911499,0.000994285714285757,0.5556397183962476,-1.0
1.08174,1.0815353113071617,-1.0,0.00020468869283818414,0.0010157142857143103,0.20152191981255335,-1.0
1.08237,1.081543142512527,-1.0,0.0008268574874730206,0.0010021428571429039,0.8250894386758195,-1.0
1.08316,1.0815633144332018,-1.0,0.0015966855667981505,0.0010307142857143134,1.5491058860134101,-1.0
1.08287,1.0815580482060159,-1.0,0.001311951793984134,0.0009900000000000306,1.3252038323071653,-1.0
1.08358,1.0815696547192635,-1.0,0.002010345280736514,0.000999285714285758,2.011782268070762,-1.0
1.08343,1.0815713906747413,-1.0,0.0018586093252586089,0.0010121428571429059,1.836311259959017,-1.0
1.08333,1.0815832129327303,-1.0,0.0017467870672696062,0.0010000000000000325,1.7467870672695494,-1.0
1.083,1.0816021661501418,-1.0,0.0013978338498581433,0.0009492857142857478,1.4725112037632293,-1.0
1.08311,1.0816214581553922,-1.0,0.0014885418446077825,0.0009664285714286061,1.5402502457138365,-1.0
1.08383,1.0807085070805835,1.0,0.0031214929194165464,0.0009542857142857329,3.2710255143585925,1.0
1.08399,1.080828860177808,1.0,0.003161139822192016,0.0009328571428571479,3.3886644342027554,1.0
1.08314,1.080839514089978,1.0,0.0023004859100219655,0.0009742857142857371,2.361202546943311,1.0
1.08306,1.080854760712103,1.0,0.002205239287896843,0.0009564285714285882,2.305702018712118,1.0
1.0836,1.0808686967920853,1.0,0.0027313032079145927,0.0009035714285714322,3.0227861589568494,1.0
1.08319,1.0808939851824828,1.0,0.002296014817517289,0.000882142857142879,2.6027698336227734,1.0
1.0831,1.080915884287076,1.0,0.002184115712923873,0.0008392857142857249,2.60235063667522,1.0
1.08236,1.0809265554823093,1.0,0.001433444517690674,0.000844285714285726,1.6978192256911302,1.0
1.08252,1.080953995317861,1.0,0.0015660046821388551,0.0008507142857143078,1.8408115491136359,1.0
1.08332,1.0809916425839732,1.0,0.0023283574160268827,0.0008664285714285855,2.6873045197341985,1.0
1.08282,1.0810111421041106,1.0,0.0018088578958892487,0.0008700000000000216,2.0791470067691997,1.0
1.08206,1.0819857936345825,-1.0,7.420636541755066e-05,0.0009271428571428883,0.08003768226854194,-1.0
1.08177,1.0818356121487742,-1.0,-6.561214877431887e-05,0.0009200000000000319,0.07131755301556152,-1.0
1.08218,1.0818574096253517,-1.0,0.00032259037464821283,0.0009335714285714543,0.3455443951855283,-1.0
1.0829,1.0818870463613441,-1.0,0.0010129536386558335,0.0009107142857143044,1.1122628189161865,-1.0
1.08238,1.0819165861226918,-1.0,0.00046341387730808314,0.0009271428571428883,0.4998300679748032,-1.0
1.08262,1.0819638720953528,-1.0,0.0006561279046470858,0.0009021428571428831,0.7272993400680077,-1.0
1.08303,1.0819868103190566,-1.0,0.0010431896809433017,0.0009314285714285989,1.119988921258113,-1.0
1.08302,1.0820098834909735,-1.0,0.001010116509026604,0.0009335714285714701,1.0819916699595888,-1.0
1.0823,1.0820434148257942,-1.0,0.0002565851742057923,0.0009385714285714553,0.27337842000616364,-1.0
1.08135,1.0819060531720057,-1.0,-0.0005560531720056883,0.001018571428571456,0.5459147551247845,-1.0
1.08188,1.0819511164752662,-1.0,-7.111647526625298e-05,0.00098285714285719,0.07235687890461438,-1.0
1.08132,1.081956061169523,-1.0,-0.0006360611695228613,0.001028571428571474,0.6183928037027545,-1.0
1.08216,1.0819845888431576,-1.0,0.00017541115684238662,0.0010142857142857453,0.17294057716854488,-1.0
1.08212,1.0820421634702897,-1.0,7.783652971027344e-05,0.0010207142857143112,0.07625692203945424,-1.0
1.08293,1.0820531641879998,-1.0,0.000876835812000154,0.0010257142857142965,0.8548538557104476,-1.0
1.08308,1.0821026712050539,-1.0,0.000977328794946164,0.0010242857142857156,0.9541564246336316,-1.0
1.08323,1.0821337511335036,-1.0,0.0010962488664962855,0.000998571428571436,1.0978171767487757,-1.0
1.08251,1.0821832676814507,-1.0,0.0003267323185494053,0.0010078571428571476,0.32418514951748073,-1.0
1.08284,1.0822245878837533,-1.0,0.0006154121162467163,0.000993571428571435,0.6193939343964034,-1.0
1.08355,1.0813287709142076,1.0,0.0022212290857923644,0.0010457142857143006,2.124126174938023,1.0
1.08396,1.0815389625488758,1.0,0.0024210374511242083,0.0010800000000000174,2.24170134363349,1.0
1.08431,1.0818024487981392,1.0,0.002507551201860858,0.0010614285714285782,2.362430472816406,1.0
1.08447,1.0819565762485461,1.0,0.0025134237514539137,0.001046428571428575,2.4019066566794995,1.0
1.08493,1.0822083383979753,1.0,0.002721661602024694,0.0010107142857142934,2.6928100656074507,1.0
1.08473,1.082253658493071,1.0,0.0024763415069288808,0.0010071428571428414,2.4587788012060194,1.0
1.08473,1.08231322621068,1.0,0.002416773789319926,0.0009671428571428489,2.4988798412466213,1.0
1.08511,1.082552869707523,1.0,0.00255713029247695,0.0009307142857142926,2.7474922559230266,1.0
1.08464,1.0825627820330466,1.0,0.002077217966953482,0.00091642857142858,2.2666447028330845,1.0
1.08407,1.082608619754334,1.0,0.0014613802456659997,0.0008892857142857353,1.6433191517528924,1.0
1.08486,1.0826533793559352,1.0,0.0022066206440647385,0.0009114285714285948,2.421057132986328,1.0
1.08524,1.0827502205406407,1.0,0.0024897794593592426,0.0009428571428571659,2.640675184168829,1.0
1.08524,1.0828509470189611,1.0,0.002389052981038864,0.0008800000000000395,2.714832932998587,1.0
1.08451,1.0828744253107434,1.0,0.0016355746892566803,0.0008750000000000384,1.8692282162932667,1.0
1.08387,1.0829433633579146,1.0,0.0009266366420852545,0.0008614285714286003,1.0756975944604583,1.0
1.08405,1.0829811957370734,1.0,0.0010688042629265482,0.0008157142857143164,1.3102679230272427,1.0
1.08333,1.0837675691998125,-1.0,-0.0004375691998126374,0.0008407142857143375,0.5204731348663166,-1.0
1.08297,1.083676562000774,-1.0,-0.0007065620007740137,0.000861428571428632,0.8202212280958122,-1.0
1.08204,1.0833488042189074,-1.0,-0.0013088042189075555,0.000902142857142899,1.4507726892086246,-1.0
1.08231,1.0833836745603418,-1.0,-0.0010736745603416864,0.0008814285714286203,1.218107280776562,-1.0
1.08324,1.0833866388702793,-1.0,-0.00014663887027932532,0.0009571428571429104,0.15320478984406272,-1.0
1.08267,1.083406278571322,-1.0,-0.0007362785713220799,0.0010135714285714708,0.7264200139893368,-1.0
1.08222,1.0834218584796258,-1.0,-0.0012018584796258391,0.0010321428571428942,1.1644303608831241,-1.0
1.08199,1.0834000439066083,-1.0,-0.0014100439066082604,0.00098928571428574,1.4253151402538,-1.0
1.08282,1.0834504401773681,-1.0,-0.0006304401773682411,0.001008571428571454,0.6250823288353509,-1.0
1.08199,1.0834689538988647,-1.0,-0.0014789538988646544,0.0010450000000000101,1.4152668888656843,-1.0
1.08234,1.0834825597198727,-1.0,-0.001142559719872649,0.0010542857142857218,1.0837287315865156,-1.0
1.08309,1.0834919035544646,-1.0,-0.0004019035544644556,0.0010685714285714187,0.37611295203893247,-1.0
1.08308,1.083529236654114,-1.0,-0.0004492366541140047,0.0010457142857142848,0.4295978932784202,-1.0
1.08243,1.0835394255416073,-1.0,-0.0011094255416073118,0.001070714285714274,1.0361546085725506,-1.0
1.08158,1.0833664238912961,-1.0,-0.0017864238912961294,0.0010907142857142465,1.6378477064929085,-1.0
1.08181,1.0833889565866528,-1.0,-0.0015789565866528577,0.001063571428571386,1.4845797322458625,-1.0
1.08257,1.0833853059457663,-1.0,-0.000815305945766287,0.0010614285714285307,0.7681213486358315,-1.0
1.08333,1.0833866502867613,-1.0,-5.665028676138384e-05,0.0011071428571428146,0.05116800094576801,-1.0
1.0826,1.0834013303335097,-1.0,-0.0008013303335097088,0.0010614285714285149,0.7549545537776933,-1.0
1.0835,1.0834072697510138,-1.0,9.273024898615034e-05,0.0010435714285713818,0.0888585548121946,-1.0
1.08313,1.083413616024739,-1.0,-0.0002836160247390307,0.0010371428571428,0.273458977021119,-1.0
1.08388,1.082484946862506,1.0,0.0013950531374939956,0.0010692857142856774,1.304658912820081,1.0
1.0843,1.0827215079051227,1.0,0.0015784920948773706,0.0010378571428571062,1.5209146130959372,1.0
1.0847,1.082931503982362,1.0,0.001768496017638066,0.0010078571428571317,1.7547090182092981,1.0
1.08486,1.0830602171867643,1.0,0.001799782813235673,0.0010235714285714095,1.7583363143963637,1.0
1.08419,1.083060324618537,1.0,0.0011296753814629135,0.0010235714285714253,1.103660526202431,1.0
1.08436,1.083057939506852,1.0,0.0013020604931479607,0.0010221428571428445,1.273853731940718,1.0
1.08513,1.0832159453098102,1.0,0.0019140546901896816,0.0010235714285714253,1.8699766687128838,1.0
1.086,1.0836156912656159,1.0,0.0023843087343842218,0.0010235714285714412,2.3294014153090505,1.0
1.08595,1.0837067312607656,1.0,0.0022432687392344164,0.0009950000000000156,2.254541446466715,1.0
1.08502,1.083720511849777,1.0,0.0012994881502230715,0.0009714285714285913,1.3377083899354874,1.0
1.08495,1.0837233216320987,1.0,0.001226678367901357,0.0009292857142857436,1.3200228401705194,1.0
1.08587,1.083727480624873,1.0,0.0021425193751269944,0.0009442857142857467,2.26893125958978,1.0
1.08511,1.0837354725175015,1.0,0.0013745274824985554,0.000980714285714319,1.401557520391779,1.0
1.08573,1.0837436882827893,1.0,0.0019863117172107536,0.0010242857142857473,1.9392164603172701,1.0
1.08507,1.0837549678280414,1.0,0.0013150321719586078,0.0010385714285714442,1.2661932879931383,1.0
1.08582,1.0837757690932577,1.0,0.002044230906742328,0.0010421428571428645,1.9615649550645915,1.0
1.08652,1.0838625703328781,1.0,0.002657429667121791,0.0010714285714285645,2.480267689313688,1.0
1.08615,1.0838761760839064,1.0,0.0022738239160935425,0.0010728571428571451,2.119409775320208,1.0
1.08618,1.0838697443872174,1.0,0.0023102556127825302,0.0010349999999999923,2.232131026843041,1.0
1.08712,1.0842727974658655,1.0,0.0028472025341346185,0.0010671428571428537,2.6680612769668532,1.0
1.08731,1.084389761234256,1.0,0.0029202387657440987,0.0010699999999999996,2.729195108172056,1.0
1.08808,1.084760346143161,1.0,0.0033196538568389666,0.0010742857142857101,3.09010332418522,1.0
1.08764,1.0847808610494911,1.0,0.0028591389505088216,0.001108571428571427,2.579120187314662,1.0
1.08829,1.0849063838823376,1.0,0.003383616117662358,0.0011164285714285738,3.030750201361031,1.0
1.08764,1.0849273814362441,1.0,0.0027126185637558198,0.0011628571428571322,2.3327186666205053,1.0
1.0875,1.0849666490039411,1.0,0.0025333509960587808,0.0011142857142857026,2.2735201246681602,1.0
1.08781,1.0849923765272087,1.0,0.002817623472791242,0.0010307142857142657,2.733661026963143,1.0
1.087,1.085009800255711,1.0,0.001990199744289045,0.0010192857142857145,1.9525435473052994,1.0
1.08699,1.0850398269305956,1.0,0.0019501730694042596,0.0009671428571428649,2.0164271027813454,1.0
1.08753,1.0850554433740682,1.0,0.0024745566259318785,0.0009742857142857211,2.5398675046221446,1.0
1.08808,1.0851391336133251,1.0,0.0029408663866747897,0.0009228571428571459,3.1866973230222073,1.0
1.08871,1.0853950127708534,1.0,0.003314987229146693,0.0009742857142857211,3.4024795607077256,1.0
1.08862,1.0854460671646784,1.0,0.0031739328353215246,0.0009621428571428796,3.2988166068671347,1.0
1.08849,1.0854764829819072,1.0,0.003013517018092715,0.000908571428571449,3.316764013623983,1.0
1.0877,1.085502965870099,1.0,0.00219703412990091,0.0009442857142857308,2.3266624673685476,1.0
1.08746,1.085531328862594,1.0,0.001928671137406024,0.0008957142857143012,2.153221365525029,1.0
1.08801,1.085569596514606,1.0,0.0024404034853939827,0.0009185714285714353,2.6567378534615482,1.0
1.08781,1.0855771292953378,1.0,0.00223287070466216,0.0008535714285714377,2.6159154698970633,1.0
1.08835,1.0855970272773616,1.0,0.0027529727226383027,0.0008635714285714398,3.187892317364412,1.0
1.08911,1.085790444372297,1.0,0.0033195556277030303,0.0009292857142857278,3.5721582465673904,1.0
1.08885,1.08582074599035,1.0,0.003029254009650151,0.0009500000000000222,3.1886884312106103,1.0
1.08875,1.0858620043279368,1.0,0.002887995672063326,0.0008692857142857153,3.3222628930884563,1.0
1.0893,1.0861057748928156,1.0,0.0031942251071843675,0.0009157142857142896,3.48823334637917,1.0
1.08953,1.086252020632978,1.0,0.0032779793670221213,0.0009049999999999971,3.62207664864324,1.0
1.08951,1.0863406046197408,1.0,0.0031693953802591768,0.0008892857142857194,3.5639787408536723,1.0
1.09006,1.0866420190658606,1.0,0.003417980934139475,0.0008492857142857112,4.0245360031919954,1.0
1.08916,1.0866780045928328,1.0,0.0024819954071670924,0.000935714285714262,2.652514175598487,1.0
1.08831,1.0877285319535388,-1.0,0.0005814680464613087,0.0010121428571428265,0.5744920713097084,-1.0
1.08741,1.0873276333558475,-1.0,8.23666441525095e-05,0.001001428571428534,0.0822491453734077,-1.0
1.08723,1.0871755457318195,-1.0,5.4454268180403886e-05,0.0009707142857142534,0.056097112179961724,-1.0
1.08669,1.086887093617782,-1.0,-0.00019709361778197376,0.000935714285714262,0.21063440068303074,-1.0
1.08625,1.0866763425483124,-1.0,-0.00042634254831241947,0.0009728571428571245,0.4382375680157111,-1.0
1.08718,1.0867120887036898,-1.0,0.00046791129631018613,0.000983571428571417,0.47572680815851004,-1.0
1.08673,1.0867223430003365,-1.0,7.656999663430142e-06,0.0009221428571428396,0.008303485305036717,-1.0
1.08666,1.0867306255750115,-1.0,-7.062557501158473e-05,0.000911428571428563,0.07748887540456076,-1.0
1.08697,1.086765673518555,-1.0,0.00020432648144508292,0.0009678571428571393,0.21111223175137794,-1.0
1.08758,1.0867934800360906,-1.0,0.0007865199639094378,0.0009692857142857202,0.8114428514909405,-1.0
1.08674,1.0868308835060176,-1.0,-9.088350601760276e-05,0.0010257142857142965,0.08860508943220231,-1.0
1.08608,1.0868415359584838,-1.0,-0.0007615359584838277,0.0010800000000000174,0.7051258874850144,-1.0
1.08707,1.086867886811029,-1.0,0.00020211318897089825,0.0011178571428571546,0.18080413070878887,-1.0
1.08701,1.0868925940382863,-1.0,0.00011740596171372353,0.0010278571428571517,0.11422400722669321,-1.0
1.08609,1.086925836497479,-1.0,-0.0008358364974789811,0.0009892857142857242,0.8448888783180952,-1.0
1.0858,1.0868282913918594,-1.0,-0.0010282913918593373,0.0009821428571428678,1.0469875989840411,-1.0
1.08571,1.0867929177883333,-1.0,-0.0010829177883333596,0.001030000000000007,1.0513764935275265,-1.0
1.08554,1.0866121831098425,-1.0,-0.0010721831098425838,0.001005000000000002,1.0668488655150066,-1.0
1.08589,1.086616601423778,-1.0,-0.000726601423777895,0.0009892857142857084,0.734470753277299,-1.0
1.08534,1.0864807772965477,-1.0,-0.0011407772965477125,0.0009464285714285703,1.2053495963523015,-1.0
1.08609,1.086485618641463,-1.0,-0.00039561864146309134,0.0009849999999999978,0.40164329082547434,-1.0
1.08601,1.0864974673490972,-1.0,-0.0004874673490973258,0.0009457142857142799,0.5154488585621302,-1.0
1.08695,1.0865085574341062,-1.0,0.0004414425658938459,0.0010071428571428573,0.43831176755417317,-1.0
1.08642,1.0865154725267447,-1.0,-9.547252674479978e-05,0.000987142857142853,0.09671601841007253,-1.0
1.08713,1.0865238976911935,-1.0,0.0006061023088064221,0.0009242857142857108,0.6557521115370898,-1.0
1.08765,1.0858612013538211,1.0,0.0017887986461788685,0.0009057142857142716,1.9750142781155007,1.0
1.08793,1.086025025896204,1.0,0.0019049741037959755,0.000862142857142859,2.2095805677832314,1.0
1.08827,1.0862337270746236,1.0,0.0020362729253764478,0.0008935714285714459,2.278802634314126,1.0
1.08924,1.0866327846477433,1.0,0.00260721535225672,0.0009392857142857298,2.7757425803493136,1.0
1.08948,1.0868418218889744,1.0,0.002638178111025624,0.0008892857142857353,2.9666259883018364,1.0
1.09006,1.0871450964269145,1.0,0.0029149035730855477,0.0009007142857143181,3.236213324599223,1.0
1.0897,1.0871736597320663,1.0,0.0025263402679336355,0.0009485714285714573,2.6633105234239327,1.0
1.08998,1.0871925128629876,1.0,0.002787487137012379,0.0009392857142857457,2.96766691392943,1.0
1.08964,1.0872336061280556,1.0,0.002406393871944301,0.0009614285714286051,2.5029356766135984,1.0
1.08929,1.0872810154204093,1.0,0.0020089845795907557,0.000923571428571468,2.175234656942721,1.0
1.08865,1.087315324630394,1.0,0.0013346753696059643,0.0010307142857143134,1.2949033384950104,1.0
1.08813,1.0883162686430898,-1.0,-0.00018626864308979307,0.0009650000000000254,0.19302450061117946,-1.0
1.08731,1.0880247433950117,-1.0,-0.0007147433950116522,0.0010092857142857284,0.7081675534439484,-1.0
1.08785,1.0880487699134145,-1.0,-0.00019876991341449823,0.0010335714285714431,0.19231366881844755,-1.0
1.08863,1.0880881476571291,-1.0,0.0005418523428708522,0.0010635714285714495,0.5094649294957543,-1.0
1.08866,1.0881356966227824,-1.0,0.0005243033772175387,0.0010307142857142976,0.5086796452560954,-1.0
1.0893,1.0881790875962412,-1.0,0.001120912403758778,0.001052857142857157,1.0646386467179567,-1.0
1.09004,1.087431439160913,1.0,0.002608560839086893,0.0010242857142857315,2.5467121162633117,1.0
1.08905,1.0874537394614887,1.0,0.0015962605385113626,0.0010735714285714515,1.4868694304164072,1.0
1.08886,1.0874579813313519,1.0,0.0014020186686480862,0.0010171428571428593,1.378389140524801,1.0
1.08982,1.087485646845387,1.0,0.002334353154612945,0.0010392857142857187,2.2461130010021364,1.0
1.09022,1.0876857260064219,1.0,0.0025342739935780845,0.0010592857142857229,2.392436676338024,1.0
1.08981,1.0877203754774678,1.0,0.002089624522532141,0.001030000000000007,2.028761672361288,1.0
1.0908,1.0880669140229118,1.0,0.002733085977088212,0.001080714285714292,2.5289625696784364,1.0
1.09084,1.0881604533196638,1.0,0.002679546680336209,0.001020000000000005,2.627006549349211,1.0
1.09144,1.0884476079877958,1.0,0.002992392012204137,0.0010435714285714295,2.8674529891073157,1.0
1.09132,1.0884779396872446,1.0,0.0028420603127554678,0.0009828571428571425,2.8916311321639943,1.0
1.09103,1.0885270843765569,1.0,0.0025029156234430694,0.0009835714285714328,2.5447217667540176,1.0
1.09077,1.0885602117964366,1.0,0.002209788203563434,0.0009207142857142905,2.400080283156549,1.0
1.09105,1.0885675563789399,1.0,0.002482443621060204,0.0009678571428571393,2.564886398143394,1.0
1.09056,1.0885904036688387,1.0,0.0019695963311612275,0.0009742857142857053,2.0215798120423343,1.0
1.0903,1.088598035400894,1.0,0.0017019645991060983,0.0009314285714285513,1.8272626064022923,1.0
1.09004,1.0886230960014567,1.0,0.0014169039985432175,0.0008878571428571228,1.5958693467100156,1.0
1.08928,1.0895068657304157,-1.0,-0.0002268657304156374,0.0009521428571428459,0.2382685840824427,-1.0
1.08894,1.0893070050007212,-1.0,-0.0003670050007211767,0.000901428571428561,0.40713708479370314,-1.0
1.08979,1.0893282041082335,-1.0,0.00046179589176653657,0.0009349999999999874,0.49389934948293346,-1.0
1.08951,1.0893541326429892,-1.0,0.00015586735701078602,0.0009278571428571311,0.1679863739916114,-1.0
1.09029,1.089394875539806,-1.0,0.0008951244601940189,0.0009092857142857077,0.9844259577939006,-1.0
1.09079,1.0884803369292808,1.0,0.0023096630707191146,0.0009342857142857129,2.4721164365495145,1.0
1.09113,1.0887387746360344,1.0,0.002391225363965521,0.0008807142857142823,2.7150977368627274,1.0
1.09068,1.0887602785081656,1.0,0.001919721491834503,0.0008999999999999961,2.1330238798161236,1.0
1.09049,1.0887844569820544,1.0,0.0017055430179455655,0.0008614285714285685,1.979900684182255,1.0
1.09146,1.0889505037371487,1.0,0.0025094962628513517,0.0009214285714285651,2.7234843162728035,1.0
1.09135,1.0889987543823196,1.0,0.0023512456176804086,0.0008814285714285727,2.6675395986649653,1.0
1.0909,1.0890278816070662,1.0,0.0018721183929337748,0.0008428571428571452,2.2211574153451505,1.0
1.091,1.0890455859846147,1.0,0.0019544140153853196,0.0008178571428571559,2.3896765253619248,1.0
1.09182,1.0893336519269519,1.0,0.00248634807304815,0.000860714285714294,2.8887031554086113,1.0
1.09122,1.0893457524864458,1.0,0.0018742475135542502,0.0008514285714285823,2.2012974152482525,1.0
1.09058,1.0893508185026288,1.0,0.001229181497371279,0.0008807142857142981,1.395664311694863,1.0
1.0903,1.0893588405773742,1.0,0.000941159422625848,0.0008185714285714304,1.149758456960021,1.0
1.09076,1.0893695108828059,1.0,0.0013904891171940825,0.0008471428571428399,1.6413868162493719,1.0
1.09013,1.0902692246174654,-1.0,-0.0001392246174654055,0.000858571428571407,0.1621584562825063,-1.0
1.09024,1.0902799754495567,-1.0,-3.997544955658405e-05,0.0008499999999999698,0.04702994065480644,-1.0
1.08936,1.0899205827494551,-1.0,-0.0005605827494550297,0.0008857142857142675,0.6329160074492401,-1.0
1.08962,1.089932351605029,-1.0,-0.00031235160502895987,0.0008492857142857112,0.3677815366194663,-1.0
1.0905,1.089953672415467,-1.0,0.0005463275845329907,0.000901428571428561,0.6060686357735308,-1.0
1.09103,1.0899855296103054,-1.0,0.001044470389694574,0.0008542857142856963,1.2226242019836406,-1.0
1.09088,1.0899904292146072,-1.0,0.000889570785392868,0.0008442857142856942,1.0536371400592597,-1.0
1.09007,1.0899922871281063,-1.0,7.771287189384246e-05,0.0008935714285713983,0.08696884144794814,-1.0
1.09068,1.0899927617956522,-1.0,0.0006872382043479064,0.000969999999999963,0.7084929941731264,-1.0
1.09004,1.0899980701472893,-1.0,4.192985271056493e-05,0.0009921428571428223,0.04226191057940458,-1.0
1.08963,1.0900004765381026,-1.0,-0.00037047653810251546,0.0009578571428571056,0.38677640070361063,-1.0
1.08989,1.090008978738179,-1.0,-0.00011897873817900972,0.0009342857142856653,0.1273472732802923,-1.0
1.08903,1.089892732028464,-1.0,-0.0008627320284639861,0.0009821428571428203,0.8784180653451824,-1.0
1.09,1.0899018757057042,-1.0,9.81242942958982e-05,0.0010249999999999743,0.09573101882526894,-1.0
1.09028,1.0899111242156603,-1.0,0.0003688757843396395,0.001006428571428551,0.36651958699468123,-1.0
1.09037,1.0899157298087878,-1.0,0.0004542701912122471,0.0009878571428571276,0.4598541342712623,-1.0
1.09127,1.08903160693204,1.0,0.0022383930679599207,0.0010192857142856987,2.1960408515374468,1.0
1.09095,1.0890338267136637,1.0,0.00191617328633642,0.0010407142857142679,1.8412097466513617,1.0
1.09115,1.0890882754383422,1.0,0.002061724561657874,0.0009828571428571267,2.097684873779848,1.0
1.09207,1.0895346502165963,1.0,0.002535349783403751,0.0010121428571428423,2.5049327429536365,1.0
1.09202,1.0895851020317693,1.0,0.0024348979682307093,0.0010321428571428465,2.359070695863687,1.0
1.09213,1.0897173486082286,1.0,0.002412651391771492,0.0009749999999999957,2.474514247970772,1.0
1.09176,1.0897299168498682,1.0,0.0020300831501318672,0.0009350000000000033,2.1712119252747164,1.0
1.09275,1.089959209515481,1.0,0.0027907904845190235,0.0009407142857142947,2.966671737529685,1.0
1.0919,1.0899800583588117,1.0,0.0019199416411883607,0.0009914285714285795,1.9365405602764287,1.0
1.09137,1.0900051560093034,1.0,0.0013648439906965848,0.0010378571428571698,1.315059591861782,1.0
1.09154,1.0900376167788428,1.0,0.0015023832211571442,0.0010028571428571625,1.498102927079744,1.0
1.09128,1.0900701473404717,1.0,0.001209852659528332,0.0009164285714285958,1.320182169399548,1.0
1.09115,1.0900919835403613,1.0,0.0010580164596387664,0.0008800000000000077,1.2022914314076787,1.0
1.09204,1.0901057942471164,1.0,0.0019342057528835,0.0009335714285714383,2.071834777380927,1.0
1.09302,1.0902477019009456,1.0,0.0027722980990545487,0.0009228571428571459,3.0040381878299964,1.0
1.09366,1.0906318119413987,1.0,0.0030281880586013887,0.0009199999999999843,3.2915087593493917,1.0
1.09328,1.0906589519813896,1.0,0.0026210480186104057,0.0009221428571428396,2.842344869136048,1.0
1.09243,1.0906828304986325,1.0,0.0017471695013675514,0.0009592857142857022,1.8213233819170533,1.0
1.09207,1.0907049859230566,1.0,0.0013650140769434493,0.0009542857142857011,1.4304039728449516,1.0
1.09127,1.0914527339510964,-1.0,-0.00018273395109646984,0.0010007142857142754,0.18260352001074975,-1.0
1.09123,1.0914013386943526,-1.0,-0.00017133869435270732,0.0009771428571428511,0.17534661702762552,-1.0
1.09066,1.0911593065143657,-1.0,-0.0004993065143656938,0.0009385714285714077,0.5319856317442823,-1.0
1.09018,1.0909341813425417,-1.0,-0.0007541813425417931,0.0008985714285714153,0.8393115099829301,-1.0
1.08971,1.0906909629905694,-1.0,-0.0009809629905694894,0.0008471428571428399,1.1579664306891342,-1.0
1.08908,1.0904362357417317,-1.0,-0.001356235741731604,0.0008771428571428462,1.5461970996940304,-1.0
1.08982,1.0904783170390213,-1.0,-0.0006583170390213056,0.000916428571428564,0.7183506271471826,-1.0
1.09024,1.090492999200675,-1.0,-0.00025299920067500814,0.0009271428571428724,0.27288049379430324,-1.0
1.08981,1.0905167273107836,-1.0,-0.0007067273107836947,0.0008664285714285855,0.8156786769143912,-1.0
1.0898,1.0905446931982268,-1.0,-0.0007446931982266758,0.0007957142857142964,0.9358801413979642,-1.0
1.09065,1.090576853602486,-1.0,7.314639751387908e-05,0.000836428571428595,0.08745085953836705,-1.0
1.09091,1.0897602750466011,1.0,0.001149724953398934,0.0008700000000000216,1.3215229349412707,1.0
1.09175,1.0901087913200609,1.0,0.0016412086799391101,0.0008600000000000195,1.9083821859756662,1.0
1.09273,1.0905681681821824,1.0,0.0021618318178175944,0.0009235714285714522,2.3407305065309782,1.0
1.09314,1.090848791830737,1.0,0.0022912081692629815,0.0008878571428571704,2.5806045349702935,1.0
1.09325,1.0909859634457562,1.0,0.002264036554243898,0.0008857142857143151,2.5561703031785097,1.0
1.09286,1.091024643737604,1.0,0.0018353562623958375,0.0008714285714286023,2.1061465306180995,1.0
1.09383,1.0912580405334018,1.0,0.0025719594665982726,0.0009385714285714553,2.7402916691305017,1.0
1.09285,1.0912733147315037,1.0,0.0015766852684964139,0.0009935714285714508,1.5868866828863624,1.0
1.0924,1.0912799392895178,1.0,0.001120060710482207,0.0009928571428571603,1.1281187012050806,1.0
1.09203,1.0912993628174652,1.0,0.0007306371825348545,0.000993571428571435,0.7353645259157366,1.0
1.09277,1.0913113924198887,1.0,0.001458607580111293,0.0010671428571428537,1.3668344124202254,1.0
1.0922,1.0913175828216373,1.0,0.0008824171783627932,0.0010785714285714207,0.8181351322569004,1.0
1.0913,1.0921975019595618,-1.0,-0.0008975019595618416,0.0011650000000000033,0.7703879481217503,-1.0
1.09058,1.0918530675780018,-1.0,-0.0012730675780017187,0.0011535714285714363,1.103587993314176,-1.0
1.09047,1.0917428049969504,-1.0,-0.0012728049969503719,0.001122142857142881,1.1342628871613512,-1.0
1.08968,1.0913762204715127,-1.0,-0.0016962204715127438,0.001099285714285747,1.543020571876394,-1.0
1.08902,1.091075654891934,-1.0,-0.0020556548919339335,0.001085714285714309,1.8933663478338456,-1.0
1.08929,1.0910736741748486,-1.0,-0.001783674174848482,0.001061428571428594,1.6804467326970536,-1.0
1.08888,1.0908773652094876,-1.0,-0.001997365209487567,0.0010764285714285973,1.8555483034389693,-1.0
1.08921,1.090867135346278,-1.0,-0.0016571353462779825,0.001094285714285746,1.5143534496012456,-1.0
1.08974,1.0908657788596705,-1.0,-0.0011257788596705787,0.0010571428571428834,1.0649259483370075,-1.0
1.09041,1.0908822955229054,-1.0,-0.0004722955229052861,0.0010514285714286079,0.4491941114588163,-1.0
1.08945,1.0908792108953311,-1.0,-0.0014292108953311011,0.001089285714285761,1.312062461287512,-1.0
1.08888,1.0908799249780456,-1.0,-0.0019999249780455752,0.001119285714285767,1.7867868342461222,-1.0
1.08949,1.0908772002100067,-1.0,-0.0013872002100066005,0.0010607142857143354,1.3077981777839394,-1.0
1.09027,1.0908786131533885,-1.0,-0.0006086131533884487,0.0011164285714286213,0.5451429396953231,-1.0
1.09084,1.0897754927015793,1.0,0.0010645072984207804,0.0010678571428571918,0.9968630219324578,1.0
1.09027,1.0897710816681145,1.0,0.0004989183318855339,0.0010507142857143176,0.4748372975117106,1.0
1.0896,1.0897600331030186,1.0,-0.00016003310301870854,0.0010828571428571632,0.14778782600672016,1.0
1.08988,1.089754217058299,1.0,0.00012578294170095816,0.0010900000000000037,0.11539719422106214,1.0
1.08966,1.0897523278529895,1.0,-9.232785298940449e-05,0.0010350000000000081,0.08920565506222586,1.0
1.08954,1.089746877754714,1.0,-0.0002068777547139522,0.001041428571428574,0.19864804979391795,1.0
1.09026,1.0897425846703872,1.0,0.0005174153296128026,0.0010821428571428568,0.4781395785200817,1.0
1.08998,1.089736843871714,1.0,0.00024315612828584854,0.001060714285714272,0.22923810074087025,1.0
1.09077,1.0897929204604515,1.0,0.0009770795395485088,0.0010807142857142762,0.9041053241030564,1.0
1.09087,1.0898643877627983,1.0,0.0010056122372017473,0.0010564285714285613,0.9518979932944285,1.0
1.09027,1.0898679111923042,1.0,0.0004020888076958773,0.0010285714285714104,0.3909196741487765,1.0
1.09042,1.089869986187256,1.0,0.000550013812743888,0.0009692857142856884,0.5674424007674752,1.0
1.08963,1.0898697421691002,1.0,-0.00023974216910005453,0.0009742857142856736,0.24606967502939175,1.0
1.09046,1.0898783894703357,1.0,0.0005816105296643226,0.0009592857142856705,0.6062954143932158,1.0
1.08954,1.0898757138023436,1.0,-0.0003357138023436512,0.0010235714285713776,0.32798277967978723,1.0
1.08993,1.08986598202097,1.0,6.401797903010653e-05,0.001029285714285669,0.06219650981412428,1.0
1.0902,1.089859680448677,1.0,0.0003403195513229651,0.0010199999999999574,0.33364661894409736,1.0
1.09027,1.0898563747776897,1.0,0.00041362522231036536,0.0009707142857142534,0.42610398177669667,1.0
1.09039,1.0898570568966122,1.0,0.0005329431033878063,0.0009878571428571117,0.5394941032125469,1.0
1.09005,1.0898486328239383,1.0,0.0002013671760616731,0.0010185714285714084,0.197695684773035,1.0
1.09099,1.0899012696366388,1.0,0.0010887303633611012,0.0010321428571428307,1.0548252655401944,1.0
1.09008,1.089897873432088,1.0,0.00018212656791183335,0.001083571428571406,0.16807989128317205,1.0
1.09007,1.0898928677524107,1.0,0.0001771322475894177,0.0010107142857142617,0.17525452058317362,1.0
1.08955,1.0898838612352086,1.0,-0.0003338612352086212,0.0009942857142856778,0.33577997793971753,1.0
1.0898,1.0898827524709187,1.0,-8.275247091860116e-05,0.0009414285714285375,0.08790095545223506,1.0
1.08973,1.0898735634900987,1.0,-0.00014356349009858604,0.0009171428571428228,0.15653340041902492,1.0
1.08953,1.089866842078476,1.0,-0.0003368420784759518,0.0009199999999999843,0.36613269399560605,1.0
1.08992,1.0898599622124925,1.0,6.003778750751643e-05,0.000883571428571428,0.06794899152022882,1.0
1.08917,1.089861531779617,1.0,-0.0006915317796170051,0.0008692857142857153,0.7955172485322974,1.0
1.08884,1.0907162331778517,-1.0,-0.0018762331778516828,0.0008614285714285685,2.178048465167798,-1.0
1.08918,1.0907224329627259,-1.0,-0.001542432962725826,0.000840714285714274,1.8346696243128178,-1.0
1.08923,1.0907282610653548,-1.0,-0.001498261065354889,0.0008199999999999953,1.8271476406767042,-1.0
1.08863,1.0905636224944106,-1.0,-0.0019336224944106473,0.0008600000000000037,2.2483982493146963,-1.0
1.0878,1.0901815213774153,-1.0,-0.0023815213774152078,0.0008928571428571397,2.667303942705042,-1.0
1.08753,1.090043602704281,-1.0,-0.002513602704280915,0.0008564285714285676,2.934982306916845,-1.0
1.08721,1.089845376765099,-1.0,-0.0026353767650990623,0.0008057142857142827,3.2708576871796997,-1.0
1.08693,1.0897015096969853,-1.0,-0.0027715096969853636,0.0008414285714285644,3.293814580458015,-1.0
1.08735,1.0896863898544376,-1.0,-0.002336389854437515,0.0008264285714285771,2.827092304418754,-1.0
1.08706,1.0896835161158838,-1.0,-0.0026235161158838505,0.0008542857142857122,3.0710054868205683,-1.0
1.08779,1.089675964313916,-1.0,-0.0018859643139159665,0.0009007142857143023,2.0938541153705823,-1.0
1.08733,1.089673010773091,-1.0,-0.00234301077309107,0.0009042857142857226,2.591007174034335,-1.0
1.08671,1.0895883226701075,-1.0,-0.0028783226701074582,0.000944285714285715,3.0481480621410277,-1.0
1.08716,1.089565041104739,-1.0,-0.0024050411047391584,0.0009171428571428704,2.6223189615535616,-1.0
1.08668,1.089520199654654,-1.0,-0.0028401996546538744,0.0009071428571428683,3.130928753161713,-1.0
1.0871,1.0894927570549244,-1.0,-0.002392757054924477,0.0009521428571428776,2.5130231634615123,-1.0
1.08739,1.089488257089156,-1.0,-0.002098257089155897,0.0009742857142857371,2.153636308517733,-1.0
1.08718,1.0894761302141456,-1.0,-0.002296130214145542,0.000936428571428584,2.4520078564482954,-1.0
1.08703,1.0894601160307262,-1.0,-0.0024301160307262926,0.0008585714285714387,2.8304180058375787,-1.0
1.08657,1.0892393639150342,-1.0,-0.0026693639150341397,0.0008464285714285813,3.153678886960128,-1.0
1.08718,1.0892044644279293,-1.0,-0.002024464427929251,0.0008614285714285844,2.3501245432014173,-1.0
1.08658,1.0891919428947434,-1.0,-0.002611942894743313,0.0008607142857143099,3.034622450324096,-1.0
1.08646,1.0890734068333212,-1.0,-0.00261340683332123,0.0008557142857143088,3.054064746785996,-1.0
1.08706,1.0890561644930112,-1.0,-0.001996164493011321,0.0008828571428571694,2.261027742893014,-1.0
1.08616,1.0890329346882868,-1.0,-0.0028729346882867546,0.0009321428571428576,3.0820755276639495,-1.0
1.08535,1.0886393695277785,-1.0,-0.003289369527778474,0.0009585714285714435,3.431533039411171,-1.0
1.08461,1.088282167525369,-1.0,-0.00367216752536903,0.0009600000000000085,3.825174505592706,-1.0
1.08479,1.0882396929104219,-1.0,-0.0034496929104219642,0.0009192857142857098,3.7525797005367316,-1.0
1.08434,1.0880050001275179,-1.0,-0.0036650001275178035,0.0009335714285714383,3.925784375305946,-1.0
1.08414,1.0878034072915688,-1.0,-0.0036634072915686655,0.0008878571428571545,4.126122452289674,-1.0
1.08399,1.0876846773328748,-1.0,-0.003694677332874763,0.0009007142857142865,4.101941527378798,-1.0
1.0831,1.0872849617554672,-1.0,-0.004184961755467231,0.0009592857142857181,4.3625811300477295,-1.0
1.08358,1.0872298556995392,-1.0,-0.0036498556995392395,0.0010192857142857145,3.580797462757487,-1.0
1.0844,1.0871956911046623,-1.0,-0.002795691104662268,0.0010721428571428548,2.6075733154744727,-1.0
1.08457,1.0871558256897478,-1.0,-0.002585825689747745,0.0010435714285714295,2.477861715021793,-1.0
1.084,1.0871398913832557,-1.0,-0.003139891383255655,0.0010671428571428537,2.942334629556848,-1.0
1.08477,1.0871100541062517,-1.0,-0.00234005410625171,0.0011335714285714163,2.064319942503106,-1.0
1.08436,1.0870771919494242,-1.0,-0.0027171919494242136,0.0011042857142857005,2.4605877937865115,-1.0
1.08399,1.087043660203123,-1.0,-0.003053660203123032,0.0010514285714285762,2.904296388839827,-1.0
1.08426,1.0870269689567187,-1.0,-0.002766968956718685,0.0010299999999999912,2.6863776278822415,-1.0
1.08519,1.0859360487774898,1.0,-0.0007460487774897384,0.0010414285714285582,0.7163705682343259,1.0
1.08614,1.0862964419933907,1.0,-0.00015644199339059917,0.001131428571428561,0.13826943860280358,1.0
1.08665,1.0865594474885754,1.0,9.055251142453535e-05,0.001131428571428561,0.08003378534996886,1.0
1.08565,1.086535396046924,1.0,-0.0008853960469239475,0.0011935714285714288,0.7418039890445998,1.0
1.08472,1.086496559110119,1.0,-0.0017765591101190914,0.0012314285714285658,1.4426814119296631,1.0
1.0841,1.0875030719504897,-1.0,-0.003403071950489611,0.0011742857142856991,2.8979931451858376,-1.0
1.08333,1.0870818734925844,-1.0,-0.0037518734925845454,0.0011849999999999916,3.166137968425799,-1.0
1.08249,1.086662949062803,-1.0,-0.004172949062803077,0.0011978571428571394,3.4836784066334676,-1.0
1.08271,1.0866009989286112,-1.0,-0.0038909989286111113,0.0012028571428571405,3.234797209059125,-1.0
1.08191,1.086144165448228,-1.0,-0.004234165448228078,0.0012028571428571405,3.5200900400946082,-1.0
1.08244,1.0860881781536986,-1.0,-0.003648178153698556,0.001179285714285716,3.093549009798892,-1.0
1.08221,1.0859936316548557,-1.0,-0.0037836316548558457,0.0011871428571428627,3.1871746791806013,-1.0
1.08288,1.0859638509735894,-1.0,-0.0030838509735893194,0.0012078571428571414,2.553158700783591,-1.0
1.08309,1.0859121356756238,-1.0,-0.002822135675623727,0.0011621428571428577,2.4283896409792356,-1.0
1.08252,1.0858538906732502,-1.0,-0.003333890673250295,0.0011192857142857196,2.978587710625648,-1.0
1.08291,1.0857889215080272,-1.0,-0.0028789215080271546,0.0010285714285714423,2.798951466137474,-1.0
1.08245,1.0857330190976655,-1.0,-0.003283019097665596,0.0010407142857142995,3.154582523494697,-1.0
1.08318,1.0856946667992813,-1.0,-0.002514666799281251,0.0010171428571428593,2.4722847745742587,-1.0
1.08285,1.0856525110267161,-1.0,-0.002802511026716026,0.0009828571428571425,2.8513920329959577,-1.0
1.08244,1.0856342492355848,-1.0,-0.0031942492355847563,0.0009699999999999946,3.293040449056468,-1.0
1.08152,1.0852200580726326,-1.0,-0.003700058072632517,0.0010014285714285659,3.6947798157528906,-1.0
1.0814,1.0850838881274,-1.0,-0.00368388812740017,0.0009178571428571448,4.013574613509904,-1.0
1.08227,1.0850384777995343,-1.0,-0.0027684777995342635,0.0009842857142857073,2.8126770096864995,-1.0
1.08165,1.0849938423835699,-1.0,-0.003343842383569884,0.0009778571428571256,3.419561239589423,-1.0
1.08263,1.08495808242008,-1.0,-0.00232808242007998,0.0010407142857142679,2.2370043844282965,-1.0
1.08248,1.0849375812131579,-1.0,-0.0024575812131577557,0.001037857142857122,2.367937851631746,-1.0
1.08156,1.0849161133784082,-1.0,-0.003356113378408132,0.001060714285714272,3.164012612640704,-1.0
1.08171,1.0848944789954342,-1.0,-0.003184478995434281,0.0010714285714285645,2.9721803957386816,-1.0
1.08262,1.0848807245319998,-1.0,-0.0022607245319998803,0.001085714285714293,2.0822462794735603,-1.0
1.08178,1.0848403723854294,-1.0,-0.003060372385429444,0.0011407142857142885,2.6828561926119043,-1.0
1.08219,1.08480351434125,-1.0,-0.0026135143412500117,0.001129999999999996,2.3128445497787795,-1.0
1.08301,1.0847678742939608,-1.0,-0.0017578742939607928,0.0011264285714285757,1.5605732476506662,-1.0
1.08389,1.0838050755558153,1.0,8.492444418473077e-05,0.0012007142857142852,0.07072826999323209,1.0
1.08317,1.0837729861592216,1.0,-0.0006029861592216079,0.001272857142857155,0.47372649994963134,1.0
1.08371,1.0837587782012945,1.0,-4.877820129456367e-05,0.0012364285714285828,0.039450884929167256,1.0
1.08462,1.0840200929977637,1.0,0.0005999070022362218,0.0013135714285714378,0.45669918604171,1.0
1.08398,1.0839874969775378,1.0,-7.496977537879701e-06,0.0012935714285714336,0.005795565186654633,1.0
1.08424,1.0839555687617388,1.0,0.0002844312382612735,0.001255000000000022,0.22663843686156854,1.0
1.08449,1.0839917113389137,1.0,0.0004982886610862547,0.0011778571428571669,0.42304677108595656,1.0
1.08494,1.0841909381471224,1.0,0.0007490618528775972,0.0011871428571428946,0.6309786967681125,1.0
1.08439,1.0841427092724445,1.0,0.00024729072755547143,0.0011492857142857416,0.2151690606449048,1.0
1.08392,1.084102210864972,1.0,-0.0001822108649720544,0.0011535714285714521,0.15795369099744333,1.0
1.08367,1.084050225509959,1.0,-0.0003802255099591978,0.0011335714285714321,0.3354226300837273,1.0
1.08451,1.0840202291134697,1.0,0.0004897708865303496,0.0011278571428571407,0.4342490444220967,1.0
1.08423,1.084003712570286,1.0,0.00022628742971408933,0.0011200000000000099,0.20204234795900655,1.0
1.08433,1.0839725523523853,1.0,0.00035744764761469483,0.0010835714285714376,0.32987917380393444,1.0
1.08396,1.0839169391129664,1.0,4.3060887033652406e-05,0.001023571428571457,0.042069254603706696,1.0
1.08298,1.0838615845154338,1.0,-0.0008815845154337421,0.001023571428571457,0.8612828482953278,1.0
1.08231,1.0847132297187438,-1.0,-0.002403229718743738,0.0010242857142857473,2.346249376737186,-1.0
1.08202,1.0844528843515224,-1.0,-0.0024328843515224463,0.000946428571428602,2.5705947865142,-1.0
1.08173,1.0842436042358925,-1.0,-0.0025136042358924193,0.0009207142857143223,2.7300589063221468,-1.0
1.0823,1.0842164812808632,-1.0,-0.0019164812808631915,0.0009385714285714553,2.0419130846334794,-1.0
1.08288,1.0841886360335793,-1.0,-0.0013086360335792246,0.0009878571428571594,1.3247219428856716,-1.0
1.08374,1.0830761450149748,1.0,0.0006638549850250808,0.001008571428571438,0.6582131579568727,1.0
1.08377,1.0831444029199186,1.0,0.0006255970800812527,0.0009771428571428828,0.6402309299076979,1.0
1.08394,1.083305902301325,1.0,0.0006340976986749514,0.000957857142857169,0.6619961059991855,1.0
1.08358,1.0832545044374635,1.0,0.00032549556253647083,0.0009442857142857467,0.34470029315510103,1.0
1.0831,1.083219686884762,1.0,-0.00011968688476193812,0.0009442857142857467,0.12674859203230532,1.0
1.0837,1.083171228466648,1.0,0.0005287715333521792,0.0009678571428571552,0.5463322115815804,1.0
1.08391,1.0832056653719175,1.0,0.0007043346280823926,0.0009450000000000054,0.7453276487644322,1.0
1.08299,1.0831875407339924,1.0,-0.00019754073399247396,0.0009849999999999978,0.20054896852027856,1.0
1.0831,1.0831686268344032,1.0,-6.862683440322925e-05,0.0008892857142857036,0.07717073748154386,1.0
1.08226,1.083141357448418,1.0,-0.0008813574484181075,0.0008992857142857057,0.9800638822759034,1.0
1.08293,1.0831375344659124,1.0,-0.00020753446591248448,0.0009428571428571342,0.22011231233142495,1.0
1.08313,1.0830998730420534,1.0,3.0126957946574606e-05,0.0009292857142857118,0.03241947819001119,1.0
1.08388,1.0830826302787866,1.0,0.000797369721213359,0.0009478571428571352,0.8412340691022695,1.0
1.08355,1.0830633197902142,1.0,0.00048668020978581694,0.0009142857142857087,0.5323064794532405,1.0
1.08406,1.0830544548722822,1.0,0.0010055451277177774,0.0008807142857142823,1.1417381823235149,1.0
1.08436,1.0832105003801917,1.0,0.0011494996198082585,0.0008971428571428504,1.2812893851366036,1.0
1.08392,1.0832073558778657,1.0,0.0007126441221343427,0.000911428571428563,0.7818979396458378,1.0
1.08353,1.0831944565017717,1.0,0.0003355434982283967,0.0009185714285714353,0.36528841175719434,1.0
1.08422,1.083186329654803,1.0,0.0010336703451969687,0.0009257142857142916,1.1166192000584467,1.0
1.08457,1.0833456880384829,1.0,0.0012243119615171771,0.0008771428571428779,1.3957953958664557,1.0
1.08505,1.0835633259833068,1.0,0.0014866740166932235,0.0009221428571428714,1.6121949057865848,1.0
1.08423,1.0835542535940825,1.0,0.0006757464059174989,0.0009028571428571576,0.7484532976934201,1.0
1.08421,1.0835381876369838,1.0,0.0006718123630160555,0.000910000000000014,0.738255343973676,1.0
1.08395,1.0835348200424932,1.0,0.0004151799575067283,0.000862142857142859,0.48156747349578993,1.0
1.083,1.0843284048185837,-1.0,-0.0013284048185837616,0.0009085714285714332,1.4620807751707994,-1.0
1.08288,1.0841617215919797,-1.0,-0.00128172159197959,0.0008757142857142971,1.4636298766487785,-1.0
1.08371,1.0841435854998116,-1.0,-0.0004335854998116506,0.0009142857142857405,0.47423414041897927,-1.0
1.0834,1.0841238877704042,-1.0,-0.0007238877704043301,0.0008935714285714618,0.8101062178785168,-1.0
1.08245,1.0840702267767324,-1.0,-0.0016202267767324585,0.0009442857142857467,1.7158226077347687,-1.0
1.08327,1.0840460710930657,-1.0,-0.0007760710930657666,0.0009700000000000106,0.8000732918203692,-1.0
1.08273,1.0840380552028572,-1.0,-0.0013080552028572612,0.0010092857142857284,1.2960207246993207,-1.0
1.08287,1.0840303007081398,-1.0,-0.001160300708139772,0.0009957142857142903,1.1652948288347729,-1.0
1.08347,1.0840149374306618,-1.0,-0.0005449374306618626,0.0009721428571428659,0.5605528309526825,-1.0
1.083,1.0840058705281619,-1.0,-0.001005870528161923,0.0010100000000000029,0.995911414021703,-1.0
1.08295,1.0839954187601095,-1.0,-0.00104541876010944,0.0009814285714285934,1.0652010656136706,-1.0
1.08227,1.0838081756213667,-1.0,-0.0015381756213665998,0.0009657142857143157,1.5927854067405125,-1.0
1.08286,1.0838004162554389,-1.0,-0.0009404162554389472,0.0010442857142857515,0.9005354019250884,-1.0
1.08199,1.083790507999627,-1.0,-0.0018005079996270545,0.0011235714285714776,1.6024864586635514,-1.0
1.08254,1.0837841948968427,-1.0,-0.0012441948968426875,0.0010678571428571918,1.165132344869353,-1.0
1.08258,1.0837829014377283,-1.0,-0.0012029014377281655,0.0010907142857143257,1.1028565899275506,-1.0
1.08302,1.0837760132266854,-1.0,-0.0007560132266852815,0.0010550000000000281,0.7166002148675463,-1.0
1.08309,1.0837664743802904,-1.0,-0.0006764743802902817,0.0010435714285714453,0.6482300700933464,-1.0
1.08234,1.0837608833213268,-1.0,-0.001420883321326727,0.001010000000000019,1.4068151696303963,-1.0
1.08307,1.0837523021113349,-1.0,-0.0006823021113349093,0.0010507142857143176,0.6493697864506077,-1.0
1.08209,1.083737532216963,-1.0,-0.0016475322169628992,0.001082857142857179,1.5214677465356081,-1.0
1.08117,1.0833712635625667,-1.0,-0.00220126356256678,0.0011164285714286054,1.9717012076733191,-1.0
1.08209,1.083361699255059,-1.0,-0.001271699255058989,0.0011564285714286138,1.0996781699089064,-1.0
1.08164,1.0833407961335197,-1.0,-0.0017007961335198107,0.0011350000000000446,1.4984987960526377,-1.0
1.08104,1.0832433597467714,-1.0,-0.0022033597467714383,0.0011785714285714574,1.8695173608969322,-1.0
1.0813,1.0832085017668942,-1.0,-0.0019085017668942772,0.0011635714285714543,1.6402102355137684,-1.0
1.08107,1.0831160866809362,-1.0,-0.002046086680936199,0.0011178571428571704,1.8303650819876087,-1.0
1.0809,1.0829638932873764,-1.0,-0.0020638932873764393,0.0010457142857143006,1.9736684442124137,-1.0
1.0813,1.0829458597947976,-1.0,-0.0016458597947976994,0.0010485714285714462,1.569621057708951,-1.0
1.08128,1.0829360309087104,-1.0,-0.0016560309087103597,0.0010585714285714484,1.564401668147409,-1.0
1.08187,1.0829373450270707,-1.0,-0.0010673450270706208,0.0010685714285714504,0.9988522980607211,-1.0
1.08227,1.0829350808555658,-1.0,-0.000665080855565714,0.001089285714285745,0.6105660313389988,-1.0
1.08147,1.0829381874660666,-1.0,-0.001468187466066695,0.001077857142857178,1.3621354887298252,-1.0
1.08104,1.082935769020732,-1.0,-0.0018957690207319633,0.0010242857142857633,1.850820522332372,-1.0
1.08086,1.082818058631442,-1.0,-0.00195805863144205,0.0009450000000000371,2.072019715811612,-1.0
1.08105,1.0828063798197776,-1.0,-0.0017563798197774982,0.0008992857142857533,1.9530831991170698,-1.0
1.08106,1.0827740649470523,-1.0,-0.001714064947052396,0.0008221428571428824,2.084874826996769,-1.0
1.08112,1.0827177288296714,-1.0,-0.001597728829671352,0.000788571428571456,2.026105399945485,-1.0
1.08099,1.0826031707290698,-1.0,-0.0016131707290698571,0.0007421428571428976,2.1736660449448286,-1.0
1.08034,1.08230489687456,-1.0,-0.0019648968745600293,0.0007500000000000284,2.619862499413273,-1.0
1.07996,1.082114867471694,-1.0,-0.002154867471694022,0.0007528571428571741,2.862252808701618,-1.0
1.079,1.0817278820014073,-1.0,-0.002727882001407389,0.0008042857142857494,3.3916827726200514,-1.0
1.0783,1.0814236698304378,-1.0,-0.0031236698304377697,0.0008157142857143006,3.8293675679621697,-1.0
1.0775,1.0810695324740638,-1.0,-0.0035695324740638856,0.0008642857142857301,4.130037573296982,-1.0
1.07747,1.081013451658364,-1.0,-0.0035434516583641162,0.0008307142857143036,4.265547998030659,-1.0
1.07833,1.0809830786614176,-1.0,-0.0026530786614176183,0.0008442857142857418,3.142394353624826,-1.0
1.07919,1.0809848108017028,-1.0,-0.0017948108017027398,0.0008585714285714387,2.0904618322660617,-1.0
1.07851,1.0809748420573735,-1.0,-0.0024648420573734064,0.0008971428571428662,2.7474354142696926,-1.0
1.079,1.0809557974023638,-1.0,-0.001955797402363846,0.0009385714285714394,2.083802407389157,-1.0
1.07855,1.0809548152451436,-1.0,-0.0024048152451436877,0.0009978571428571456,2.4099794869013267,-1.0
1.0784,1.0809275359849297,-1.0,-0.0025275359849297185,0.0010307142857142976,2.4522178647966495,-1.0
1.07931,1.0809253639895329,-1.0,-0.0016153639895328809,0.0011300000000000119,1.429525654453862,-1.0
1.07887,1.0809219287946377,-1.0,-0.0020519287946376696,0.0011685714285714394,1.7559292863647378,-1.0
1.07884,1.0809207243841912,-1.0,-0.002080724384191157,0.0011521428571428713,1.805960407853431,-1.0
1.07968,1.0799853764411405,1.0,-0.00030537644114048135,0.0011707142857142947,0.2608462584482432,1.0
1.07946,1.079962807444339,1.0,-0.0005028074443389485,0.0011307142857142865,0.44468125210014364,1.0
1.08006,1.0801860884758956,1.0,-0.00012608847589556937,0.0011050000000000068,0.11410721800503945,1.0
1.07925,1.0801694770062737,1.0,-0.0009194770062737057,0.0010864285714285676,0.8463299203045315,1.0
1.07893,1.0801506278677055,1.0,-0.0012206278677056037,0.0010764285714285654,1.1339608591823853,1.0
1.07912,1.08013183423772,1.0,-0.0010118342377198886,0.0010585714285714168,0.9558488075626584,1.0
1.07997,1.0801163533853022,1.0,-0.0001463533853021115,0.0011021428571428452,0.13278985056575393,1.0
1.0795,1.0800840715688167,1.0,-0.0005840715688167908,0.0010878571428571166,0.5369009824973913,1.0
1.07887,1.0800602820488974,1.0,-0.001190282048897373,0.0010907142857142624,1.0912867507900184,1.0
1.07891,1.0800178355902386,1.0,-0.0011078355902385262,0.0010349999999999765,1.070372550955122,1.0
1.07987,1.079996850573767,1.0,-0.00012685057376682352,0.0010728571428571135,0.11823622055496523,1.0
1.0795,1.0799663577280392,1.0,-0.00046635772803926834,0.0010285714285713946,0.4534033467048592,1.0
1.07939,1.0799230469719552,1.0,-0.000533046971955109,0.001024285714285684,0.5204084802909168,1.0
1.0795,1.0798992381871062,1.0,-0.0003992381871062989,0.0010142857142856818,0.3936151140484763,1.0
1.0788,1.0798678176755256,1.0,-0.0010678176755256619,0.0010199999999999734,1.0468800740447939,1.0
1.07901,1.07985075646797,1.0,-0.0008407564679699941,0.0010035714285714212,0.8377644520697513,1.0
1.07868,1.0798149243997712,1.0,-0.0011349243997711422,0.000987142857142853,1.1497063384078188,1.0
1.07899,1.0798061432471497,1.0,-0.0008161432471498475,0.0009649999999999936,0.8457442975646144,1.0
1.07971,1.0797928211137848,1.0,-8.28211137848811e-05,0.0009778571428571414,0.08469653710652572,1.0
1.07959,1.0797802767564897,1.0,-0.00019027675648963793,0.000955714285714282,0.1990937661326563,1.0
1.0786,1.079762931230492,1.0,-0.001162931230491937,0.0009642857142857191,1.2060027575471879,1.0
1.07951,1.0797443216571712,1.0,-0.00023432165717118814,0.0009835714285714328,0.23823552653570224,1.0
1.08021,1.079808679398218,1.0,0.0004013206017818849,0.0009635714285714288,0.41649284098935413,1.0
1.08046,1.079973426347774,1.0,0.0004865736522259301,0.0009700000000000106,0.5016223218823966,1.0
1.08089,1.0801392109468497,1.0,0.0007507890531501804,0.0009485714285714415,0.7914944837426493,1.0
1.08037,1.0801180793381175,1.0,0.00025192066188250983,0.0009307142857143085,0.27067454077935926,1.0
1.08101,1.0802001434022008,1.0,0.0008098565977991967,0.0009350000000000191,0.8661567890900322,1.0
1.08093,1.080192836172123,1.0,0.0007371638278770298,0.0009335714285714543,0.7896169541146238,1.0
1.08107,1.0802694751941133,1.0,0.0008005248058866599,0.0009100000000000298,0.8796975888864106,1.0
1.08143,1.080459344339246,1.0,0.0009706556607538275,0.0009207142857143065,1.0542419899575857,1.0
1.08081,1.0804520386372083,1.0,0.00035796136279175883,0.0009685714285714456,0.36957662825107196,1.0
1.07988,1.0804373763082054,1.0,-0.000557376308205404,0.001022142857142892,0.5453017690339196,1.0
1.08077,1.080433341838086,1.0,0.0003366581619139719,0.0010721428571428865,0.31400494782115107,1.0
1.0807,1.0804211254302554,1.0,0.0002788745697446249,0.0010542857142857378,0.26451517455451634,1.0
1.08081,1.080398243331676,1.0,0.00041175666832415914,0.0009728571428571563,0.4232447398339316,1.0
1.0814,1.0803779541551173,1.0,0.0010220458448826353,0.0009164285714285958,1.1152487785157064,1.0
1.08238,1.0806990562925263,1.0,0.0016809437074736255,0.0009842857142857392,1.7077802543272977,1.0
1.0831,1.081016639161375,1.0,0.002083360838625037,0.0010435714285714612,1.9963758891683507,1.0
1.08388,1.0814249798501914,1.0,0.0024550201498085844,0.001037142857142895,2.367099317997171,1.0
1.08324,1.0814159991744838,1.0,0.0018240008255161477,0.0010657142857143206,1.7115289247469994,1.0
1.08251,1.081423515780227,1.0,0.0010864842197730873,0.0010742857142857418,1.0113549918100289,1.0
1.08169,1.0825443160093782,-1.0,-0.000854316009378131,0.0011371428571428682,0.7512829228199571,-1.0
1.08192,1.0825307183893715,-1.0,-0.0006107183893715451,0.0011207142857142843,0.5449367400383456,-1.0
1.08136,1.0822975443126792,-1.0,-0.0009375443126791172,0.0011550000000000013,0.8117266776442564,-1.0
1.08096,1.0820135086898783,-1.0,-0.001053508689878413,0.0011078571428571524,0.950942724583988,-1.0
1.08039,1.0817492133284625,-1.0,-0.0013592133284625607,0.0010907142857142782,1.2461680811051723,-1.0
1.08125,1.0817386790756192,-1.0,-0.0004886790756191139,0.001093571428571424,0.44686525530160837,-1.0
1.08124,1.0817254267927021,-1.0,-0.0004854267927021372,0.0011207142857142843,0.43314054160802606,-1.0
1.08087,1.0817115063811724,-1.0,-0.0008415063811724188,0.0011228571428571557,0.7494331638940032,-1.0
1.08146,1.0816963141033216,-1.0,-0.00023631410332147773,0.0011578571428571469,0.2040960793646315,-1.0
1.08103,1.0816957559801392,-1.0,-0.0006657559801392932,0.0010678571428571443,0.6234504161839526,-1.0
1.08093,1.0816922940848621,-1.0,-0.0007622940848621695,0.0010192857142857145,0.7478708611121493,-1.0
1.08061,1.0816458708390169,-1.0,-0.0010358708390167948,0.000999999999999985,1.0358708390168103,-1.0
1.08001,1.0813619119079894,-1.0,-0.0013519119079894448,0.0009957142857142745,1.3577307540783674,-1.0
1.08054,1.0813429586933951,-1.0,-0.0008029586933950839,0.0009842857142857073,0.8157780629558239,-1.0
1.0815,1.0813309845760117,-1.0,0.00016901542398817249,0.0009585714285714435,0.17632011444369433,-1.0
1.08228,1.080473140770168,1.0,0.0018068592298319253,0.001013571428571455,1.7826659068108734,1.0
1.08255,1.0806700638119295,1.0,0.0018799361880703636,0.00096285714285717,1.9524559816753968,1.0
1.08184,1.0806546928727125,1.0,0.0011853071272873716,0.0010000000000000325,1.185307127287333,1.0
1.08249,1.0806508896955647,1.0,0.0018391103044352874,0.000994285714285757,1.8496799038859855,1.0
1.0822,1.0806327076851368,1.0,0.0015672923148633,0.0009178571428571924,1.7075558294229582,1.0
1.08143,1.0806327570793153,1.0,0.0007972429206846154,0.0009657142857143316,0.8255474030757459,1.0
1.08211,1.08062942001483,1.0,0.0014805799851698165,0.001010714285714325,1.4648847909806801,1.0
1.08215,1.0806196317450059,1.0,0.0015303682549940856,0.0009671428571428965,1.5823600864044554,1.0
1.08123,1.080611444902504,1.0,0.0006185550974959764,0.0010121428571429059,0.6111341824236594,1.0
1.08193,1.08060095316524,1.0,0.0013290468347599838,0.001028571428571474,1.292128867127705,1.0
1.08134,1.0805889860967763,1.0,0.0007510139032236296,0.0010335714285714909,0.7266202242660802,1.0
1.08115,1.080585981621731,1.0,0.0005640183782691377,0.0010078571428571953,0.5596213533499304,1.0
1.08041,1.0815009194463387,-1.0,-0.0010909194463386562,0.0010392857142857506,1.049681941494203,-1.0
1.07973,1.0811674673617704,-1.0,-0.001437467361770306,0.0010428571428571707,1.3783933606016265,-1.0
1.08033,1.0811640881381144,-1.0,-0.0008340881381143639,0.001037857142857154,0.8036637256435629,-1.0
1.08099,1.0811644858876768,-1.0,-0.00017448588767687845,0.0010750000000000007,0.16231245365291008,-1.0
1.08153,1.0811677085777887,-1.0,0.00036229142221144706,0.0010585714285714168,0.3422456080270118,-1.0
1.08057,1.0811642270147872,-1.0,-0.0005942270147871742,0.0010792857142857112,0.5505743353421881,-1.0
1.07961,1.0811519813233685,-1.0,-0.0015419813233685797,0.0011392857142857077,1.353463230542962,-1.0
1.07957,1.0811335238967603,-1.0,-0.0015635238967603993,0.0010942857142857143,1.4288077385538895,-1.0
1.07944,1.080981616079882,-1.0,-0.0015416160798820133,0.0010349999999999923,1.4894841351517147,-1.0
1.08041,1.0809687472212266,-1.0,-0.0005587472212265077,0.0011242857142857046,0.49697973933743167,-1.0
1.07962,1.0809617731594394,-1.0,-0.0013417731594393967,0.0011099999999999919,1.2088046481436094,-1.0
1.07923,1.080886779511635,-1.0,-0.0016567795116351203,0.0010992857142856996,1.507141855938401,-1.0
1.0785,1.0805191958359979,-1.0,-0.0020191958359978557,0.001121428571428543,1.8005567964312545,-1.0
1.07862,1.0805009865280488,-1.0,-0.0018809865280489113,0.0011107142857142507,1.6934926940633819,-1.0
1.07787,1.0801417277531247,-1.0,-0.002271727753124564,0.0010964285714285538,2.071934107084326,-1.0
1.07727,1.079848332840692,-1.0,-0.002578332840692088,0.0011007142857142643,2.3424178955022668,-1.0
1.07818,1.0798270484787924,-1.0,-0.00164704847879249,0.0011042857142857005,1.4915057375870082,-1.0
1.0788,1.079812735215972,-1.0,-0.001012735215972116,0.0011007142857142643,0.9200709295009668,-1.0
1.07957,1.0787882926232575,1.0,0.0007817073767424354,0.0011142857142857026,0.701532261179116,1.0
1.07964,1.078876322038133,1.0,0.0007636779618669376,0.0010514285714285445,0.726324148514769,1.0
1.07867,1.078867349816017,1.0,-0.00019734981601704504,0.0010371428571428318,0.19028219175197647,1.0
1.07829,1.078870511818716,1.0,-0.0005805118187161007,0.0010407142857142679,0.5578013357601612,1.0
1.07904,1.0788843726054258,1.0,0.00015562739457419816,0.0010957142857142635,0.1420328242528565,1.0
1.07899,1.0788912519315228,1.0,9.874806847709472e-05,0.0010257142857142648,0.0962724901587294,1.0
1.07821,1.0788760518588942,1.0,-0.0006660518588943454,0.0010249999999999743,0.6498066916042556,1.0
1.07801,1.0788641230164646,1.0,-0.0008541230164647029,0.0010314285714285404,0.8280971073757757,1.0
1.07744,1.079841061383208,-1.0,-0.0024010613832079475,0.0010299999999999754,2.331127556512626,-1.0
1.07829,1.0798255707929996,-1.0,-0.0015355707929995965,0.001088571428571407,1.410629337401232,-1.0
1.07821,1.0798367168013652,-1.0,-0.00162671680136528,0.0010142857142856978,1.6038052971207246,-1.0
1.07898,1.0798260608140855,-1.0,-0.0008460608140854475,0.0010185714285714242,0.8306347403363475,-1.0
1.07986,1.07893670011326,1.0,0.0009232998867401143,0.0010307142857142817,0.8957864459017083,1.0
1.0801,1.0790838095610134,1.0,0.0010161904389867082,0.0010171428571428593,0.9990636338352448,1.0
1.07961,1.0790832753957105,1.0,0.0005267246042894858,0.0010350000000000081,0.5089126611492576,1.0
1.07868,1.0790795021169435,1.0,-0.00039950211694339544,0.0010921428571428748,0.36579657535692905,1.0
1.07799,1.0802262878331863,-1.0,-0.002236287833186301,0.0011035714285714418,2.0264096870296338,-1.0
1.07762,1.0799912621809606,-1.0,-0.0023712621809606205,0.0011142857142857185,2.12805580342619,-1.0
1.0777,1.0799508252836887,-1.0,-0.0022508252836885845,0.0010614285714285782,2.1205621784414523,-1.0
1.07839,1.0799508627660293,-1.0,-0.0015608627660292917,0.0011042857142857163,1.413459167167532,-1.0
1.0776,1.079928428121082,-1.0,-0.002328428121082027,0.0011371428571428524,2.0476126692932484,-1.0
1.07807,1.0799267420946876,-1.0,-0.001856742094687558,0.001125000000000011,1.6504374175000354,-1.0
1.0772,1.0797173739278123,-1.0,-0.002517373927812372,0.0011385714285714332,2.210993412131309,-1.0
1.07705,1.0795898108337647,-1.0,-0.002539810833764644,0.0010885714285714387,2.333159558576423,-1.0
1.07657,1.0793623966122623,-1.0,-0.002792396612262271,0.001162857142857148,2.4013238680387974,-1.0
1.07642,1.0791786421162164,-1.0,-0.0027586421162164587,0.0011057142857142813,2.4948959707384093,-1.0
1.07669,1.0791607173105011,-1.0,-0.0024707173105011915,0.0010571428571428518,2.337165023447085,-1.0
1.07733,1.079147548152772,-1.0,-0.0018175481527720194,0.001049285714285721,1.7321765921584826,-1.0
1.07643,1.0791271866854024,-1.0,-0.0026971866854024196,0.001057857142857142,2.5496700604749427,-1.0
1.0763,1.0789958729562938,-1.0,-0.00269587295629381,0.0009878571428571434,2.7290109463567114,-1.0
1.07671,1.0789859630095724,-1.0,-0.002275963009572335,0.0009585714285714277,2.3743280278698,-1.0
1.07753,1.0789813194232671,-1.0,-0.001451319423267039,0.000989999999999999,1.4659792154212532,-1.0
1.07679,1.0789696874326364,-1.0,-0.0021796874326365234,0.0010335714285714431,2.1088890156814717,-1.0
1.07726,1.0789682944363712,-1.0,-0.001708294436371105,0.0010107142857142934,1.6901853080703384,-1.0
1.07783,1.0789631327444584,-1.0,-0.001133132744458365,0.0009621428571428796,1.1777177744927052,-1.0
1.07785,1.078963501332622,-1.0,-0.0011135013326220022,0.0009435714285714404,1.180092252589541,-1.0
1.07792,1.0789512556694356,-1.0,-0.0010312556694356267,0.0009107142857143044,1.1323591664390964,-1.0
1.07872,1.078217708494729,1.0,0.0005022915052708132,0.0009492857142857318,0.5291257391867009,1.0
1.0791,1.0784318677687774,1.0,0.0006681322312225291,0.0009142857142857246,0.730769627899633,1.0
1.07853,1.0784202909986995,1.0,0.00010970900130047312,0.0009878571428571594,0.11105755735405624,1.0
1.07769,1.0783962782809016,1.0,-0.0007062782809015289,0.0010321428571428784,0.6842834555447198,1.0
1.07864,1.0783910154176362,1.0,0.000248984582363887,0.0011042857142857323,0.2254711612609548,1.0
1.07807,1.0783721053103001,1.0,-0.0003021053103000604,0.001079285714285727,0.27991226632698846,1.0
1.07858,1.0783585085403922,1.0,0.00022149145960792538,0.0010950000000000046,0.20227530557801318,1.0
1.07922,1.0783496873319638,1.0,0.0008703126680362772,0.0011007142857142962,0.7906799060679924,1.0
1.08009,1.0786550828826087,1.0,0.001434917117391299,0.0011000000000000057,1.3044701067193558,1.0
1.07925,1.078646706336544,1.0,0.0006032936634561281,0.0011271428571428504,0.5352415265136783,1.0
1.07895,1.0786307684681744,1.0,0.00031923153182567,0.0011142857142857185,0.2864898362538053,1.0
1.07818,1.0786155396190993,1.0,-0.00043553961909936767,0.0011535714285714205,0.37755756454434614,1.0
1.07893,1.0785914981978197,1.0,0.0003385018021802022,0.0011949999999999936,0.28326510642694896,1.0
1.07964,1.078571496776204,1.0,0.0010685032237960357,0.0012192857142856925,0.876335391514046,1.0
1.07914,1.078536250924723,1.0,0.0006037490752770491,0.0011957142857142683,0.5049275420477187,1.0
1.07823,1.0784925485989212,1.0,-0.000262548598921164,0.0012235714285714191,0.21457562083457818,1.0
1.07909,1.0784905729146086,1.0,0.0005994270853915129,0.0012307142857142755,0.4870562504632182,1.0
1.07877,1.0784607670116624,1.0,0.0003092329883376266,0.0011999999999999947,0.2576941569480233,1.0
1.07807,1.0784379542837677,1.0,-0.00036795428376756867,0.001169285714285714,0.31468295496310095,1.0
1.07804,1.0784313032030606,1.0,-0.00039130320306046684,0.0011014285714285707,0.3552687965529533,1.0
1.07864,1.0784277643478228,1.0,0.0002122356521772062,0.001119999999999994,0.18949611801536367,1.0
1.07912,1.0784261699951023,1.0,0.0006938300048977553,0.0011042857142857163,0.6283066021066337,1.0
1.07849,1.0784171083310032,1.0,7.289166899671073e-05,0.001110000000000008,0.0656681702673065,1.0
1.07811,1.0784040851069705,1.0,-0.00029408510697059853,0.0010471428571428656,0.2808452590442255,1.0
1.07759,1.0793053122838114,-1.0,-0.0017153122838113877,0.0010614285714285782,1.6160411825948369,-1.0
1.07795,1.079294717411829,-1.0,-0.0013447174118290661,0.001047857142857156,1.2833022335110218,-1.0
1.07824,1.0792799857229214,-1.0,-0.0010399857229212994,0.001046428571428575,0.9938430116654021,-1.0
1.07872,1.0792726408347462,-1.0,-0.0005526408347462652,0.0010192857142857306,0.542184420914337,-1.0
1.07777,1.079261955597868,-1.0,-0.0014919555978680776,0.001052857142857157,1.4170541635110452,-1.0
1.07814,1.0792540131946509,-1.0,-0.0011140131946507648,0.0010607142857142879,1.0502481296370825,-1.0
1.07772,1.079244034814133,-1.0,-0.0015240348141329907,0.001008571428571438,1.5110826769023844,-1.0
1.07832,1.0792370693916362,-1.0,-0.0009170693916362715,0.0010135714285714231,0.9047900974565095,-1.0
1.07914,1.079235973524661,-1.0,-9.597352466106379e-05,0.0010171428571428434,0.09435599334655276,-1.0
1.07856,1.0792130771951012,-1.0,-0.0006530771951012149,0.001093571428571408,0.5971966513009263,-1.0
1.07937,1.0791823780331162,-1.0,0.0001876219668837109,0.0011071428571428463,0.16946500234657927,-1.0
1.07991,1.0781447052003523,1.0,0.0017652947996475987,0.0011349999999999813,1.5553258146675135,1.0
1.08033,1.0783554736382346,1.0,0.0019745263617654274,0.0011121428571428313,1.7754251165521275,1.0
1.08053,1.0784966442683288,1.0,0.0020333557316711826,0.0011235714285714143,1.8097253810169687,1.0
1.08101,1.0787887123485942,1.0,0.0022212876514058344,0.001089999999999988,2.0378785792714305,1.0
1.08117,1.0788750384722041,1.0,0.002294961527795847,0.0010778571428571304,2.1291889588563437,1.0
1.08024,1.0788743152127531,1.0,0.001365684787246968,0.0011157142857142835,1.2240452638577202,1.0
1.07967,1.0788738816263885,1.0,0.0007961183736113764,0.0011292857142857216,0.704975156898115,1.0
1.07999,1.078849860170817,1.0,0.00114013982918304,0.001107142857142862,1.0298037166814509,1.0
1.07971,1.0788536971905607,1.0,0.0008563028094392688,0.0010992857142857312,0.7789629195678739,1.0
1.07877,1.0798586673321628,-1.0,-0.0010886673321628404,0.0011642857142857288,0.9350516963361702,-1.0
1.07864,1.0797173989272595,-1.0,-0.001077398927259443,0.0011342857142857227,0.9498479207576884,-1.0
1.07789,1.0793171392834844,-1.0,-0.0014271392834843688,0.001107142857142862,1.2890290302439402,-1.0
1.07832,1.0793010674833958,-1.0,-0.000981067483395881,0.0010714285714285804,0.9156629845028146,-1.0
1.07843,1.0792905583324077,-1.0,-0.0008605583324077237,0.0010285714285714423,0.8366539342852758,-1.0
1.07794,1.0791658285219041,-1.0,-0.0012258285219042264,0.0010028571428571467,1.2223361329529276,-1.0
1.07821,1.0791570474267755,-1.0,-0.000947047426775649,0.0009800000000000125,0.9663749252812621,-1.0
1.07723,1.0788796044245843,-1.0,-0.0016496044245843944,0.0010542857142857218,1.5646654433727207,-1.0
1.07717,1.0787586932791404,-1.0,-0.0015886932791404629,0.001037857142857138,1.5307436963500747,-1.0
1.07632,1.0783231999875713,-1.0,-0.002003199987571369,0.0010485714285714146,1.9104087074931568,-1.0
1.07601,1.0781662950271675,-1.0,-0.0021562950271676318,0.0010085714285714062,2.1379695736790025,-1.0
1.07638,1.0781594504190912,-1.0,-0.001779450419091333,0.0009778571428571098,1.8197447675149383,-1.0
1.07635,1.0781478831150366,-1.0,-0.0017978831150367025,0.0009314285714285354,1.9302426081683135,-1.0
1.07535,1.0777508205126471,-1.0,-0.002400820512647117,0.0009549999999999599,2.5139481807824273,-1.0
1.07544,1.0777023834938617,-1.0,-0.0022623834938617637,0.0008599999999999561,2.6306784812347432,-1.0
1.07515,1.077512560580445,-1.0,-0.002362560580444928,0.0008535714285713901,2.7678533996845593,-1.0
1.07482,1.0773051686478428,-1.0,-0.0024851686478426505,0.0008357142857142571,2.9737060743417345,-1.0
1.07455,1.0771839947815989,-1.0,-0.0026339947815989806,0.0008507142857142602,3.0962155283280297,-1.0
1.07369,1.0768012393749435,-1.0,-0.0031112393749435086,0.0009171428571428228,3.3923170754837035,-1.0
1.07379,1.076733616167791,-1.0,-0.00294361616779093,0.0008735714285713943,3.369634206792693,-1.0
1.07303,1.0763588745116923,-1.0,-0.0033288745116923923,0.0008935714285713983,3.7253591657629954,-1.0
1.07388,1.0763221982746094,-1.0,-0.002442198274609453,0.000874999999999975,2.791083742410883,-1.0
1.07399,1.0762828596581255,-1.0,-0.0022928596581255345,0.0008749999999999909,2.6204110378577807,-1.0
1.07445,1.0762480481691932,-1.0,-0.001798048169193267,0.0008728571428571355,2.059956985982484,-1.0
1.07413,1.0762276631474599,-1.0,-0.0020976631474598495,0.0008749999999999909,2.39732931138271,-1.0
1.07428,1.0761922798795143,-1.0,-0.001912279879514367,0.000888571428571429,2.1520834656914087,-1.0
1.075,1.0753265459338817,1.0,-0.0003265459338817056,0.0009428571428571342,0.34633659654120613,1.0
1.07589,1.0757487612684926,1.0,0.00014123873150739819,0.0009192857142857098,0.15363964577339426,1.0
1.07514,1.075738380189617,1.0,-0.0005983801896169982,0.0010028571428571306,0.5966754027519998,1.0
1.07443,1.0757163443638502,1.0,-0.0012863443638502225,0.0010514285714285604,1.2234253460532136,1.0
1.0744,1.0756773765359275,1.0,-0.0012773765359275213,0.0010399999999999934,1.228246669161086,1.0
1.0741,1.0756364630542663,1.0,-0.001536463054266246,0.0010421428571428487,1.4743305524145045,1.0
1.07442,1.0756126141420488,1.0,-0.0011926141420488534,0.0010042857142857115,1.1875247502620194,1.0
1.07467,1.0755836658842777,1.0,-0.000913665884277659,0.001031428571428572,0.8858256495766772,1.0
1.07441,1.0755721384185117,1.0,-0.001162138418511649,0.0010042857142857115,1.1571790795990848,1.0
1.07445,1.075560058966421,1.0,-0.0011100589664210236,0.0009350000000000033,1.1872288410919998,1.0
1.07449,1.07553745019892,1.0,-0.0010474501989201634,0.0009671428571428489,1.083035656195156,1.0
1.07437,1.075522553992704,1.0,-0.0011525539927039752,0.0009564285714285724,1.2050601865463508,1.0
1.07444,1.0754988036847328,1.0,-0.0010588036847327675,0.0009521428571428617,1.1120218744380101,1.0
1.07347,1.0761806419864264,-1.0,-0.002710641986426454,0.0009849999999999978,2.7519207984024976,-1.0
1.07306,1.0759682946806812,-1.0,-0.0029082946806813226,0.0009671428571428807,3.007099374411929,-1.0
1.07394,1.075954125019215,-1.0,-0.0020141250192151627,0.0009814285714285775,2.052238010845131,-1.0
1.07484,1.0759385340421788,-1.0,-0.0010985340421787448,0.0009607142857142989,1.1434555085875253,-1.0
1.07481,1.0759383352603185,-1.0,-0.0011283352603184138,0.0008814285714285885,1.2801210408798611,-1.0
1.0756,1.0753130261001123,1.0,0.00028697389988763256,0.0009157142857142896,0.3133880341986614,1.0
1.07492,1.0752967354865062,1.0,-0.0003767354865060746,0.0009328571428571479,0.4038512106496949,1.0
1.07431,1.0752780814093263,1.0,-0.0009680814093262491,0.000949285714285716,1.0197998292375818,1.0
1.07519,1.0752747726647043,1.0,-8.477266470419131e-05,0.0009957142857142903,0.08513753987508414,1.0
1.07584,1.075276005508623,1.0,0.0005639944913768957,0.0010435714285714295,0.5404464667540406,1.0
1.07622,1.0754675358492976,1.0,0.0007524641507024032,0.0010578571428571262,0.7113097980981642,1.0
1.07587,1.0754621742526167,1.0,0.0004078257473834057,0.0010599999999999974,0.3847412711164214,1.0
1.07684,1.0756656568973681,1.0,0.0011743431026318696,0.0011378571428571269,1.0320655013714002,1.0
1.07753,1.0759620009788358,1.0,0.0015679990211643346,0.001180714285714281,1.328008850350924,1.0
1.07794,1.076215822197804,1.0,0.0017241778021959142,0.0011521428571428555,1.4964965425135048,1.0
1.07858,1.0765054475187705,1.0,0.0020745524812295635,0.001193571428571413,1.7381050112037264,1.0
1.07955,1.076943910006069,1.0,0.002606089993931082,0.0012207142857142733,2.1348894040395274,1.0
1.0794,1.076962547718449,1.0,0.0024374522815509003,0.0011828571428571205,2.060648064113119,1.0
1.07896,1.0769629650778958,1.0,0.001997034922104124,0.001246428571428553,1.6022056681637906,1.0
1.07803,1.0769591570318937,1.0,0.0010708429681063336,0.0012392857142856967,0.8640807811809155,1.0
1.07896,1.0769566051606045,1.0,0.002003394839395378,0.0012499999999999892,1.6027158715163163,1.0
1.07796,1.0769534502900378,1.0,0.0010065497099622789,0.0012914285714285625,0.7794079612539824,1.0
1.07731,1.0769509959688481,1.0,0.000359004031151855,0.0013014285714285645,0.2758538109838637,1.0
1.0779,1.0769535203834646,1.0,0.0009464796165354894,0.0012749999999999945,0.7423369541454851,1.0
1.07873,1.0769541006427041,1.0,0.0017758993572958293,0.0012928571428571431,1.3736238122730169,1.0
1.07969,1.0770286438372119,1.0,0.0026613561627881754,0.0013264285714285698,2.0064074463669628,1.0
1.07883,1.0770350647523528,1.0,0.001794935247647178,0.0012550000000000061,1.4302272889618879,1.0
1.07874,1.0770314587096044,1.0,0.0017085412903956598,0.0012050000000000116,1.417876589539953,1.0
1.07796,1.077028841266496,1.0,0.0009311587335041338,0.0012550000000000061,0.7419591502024935,1.0
1.0789,1.0770180571797308,1.0,0.0018819428202692112,0.0012707142857142997,1.4810117753664231,1.0
1.07832,1.077010206219227,1.0,0.0013097937807728943,0.0012250000000000316,1.0692194128758046,1.0
1.07882,1.0770190069604673,1.0,0.001800993039532628,0.0012200000000000305,1.4762238028955597,1.0
1.07877,1.0770272716047709,1.0,0.001742728395229154,0.0011750000000000371,1.4831731023226373,1.0
1.07917,1.077036854694684,1.0,0.002133145305315942,0.001186428571428604,1.7979551038183244,1.0
1.0785,1.0770484410079835,1.0,0.001451558992016544,0.0011492857142857416,1.2630096885165403,1.0
1.07885,1.0770471369418169,1.0,0.001802863058183224,0.001100714285714312,1.6379028432553233,1.0
1.07823,1.077054160147818,1.0,0.001175839852181948,0.0010964285714285854,1.0724272267457369,1.0
1.07867,1.0770541796059567,1.0,0.001615820394043288,0.0011150000000000246,1.4491662726845314,1.0
1.0783,1.077057414956195,1.0,0.0012425850438051445,0.0010714285714285962,1.1597460408847746,1.0
1.07806,1.0770550863389934,1.0,0.0010049136610066345,0.0010307142857143134,0.9749682088768195,1.0
1.07872,1.0770674146963144,1.0,0.0016525853036855054,0.0010321428571428784,1.601120709453052,1.0
1.07897,1.0770718056212742,1.0,0.0018981943787257372,0.001057857142857158,1.7943768603754182,1.0
1.07844,1.0770772110474724,1.0,0.001362788952527616,0.0010257142857142965,1.3286243269767706,1.0
1.0784,1.0770760730393212,1.0,0.001323926960678845,0.0009564285714285882,1.3842402874909265,1.0
1.07857,1.077084592501321,1.0,0.0014854074986789811,0.00091642857142858,1.6208655480518739,1.0
1.07904,1.0771087923998142,1.0,0.0019312076001858358,0.0009207142857143065,2.097510194150589,1.0
1.07943,1.0772874958138552,1.0,0.0021425041861447003,0.0009685714285714456,2.212024970945817,1.0
1.07966,1.077469792638019,1.0,0.002190207361981056,0.0009264285714285979,2.364140560349569,1.0
1.07969,1.077567147728106,1.0,0.0021228522718941267,0.0008821428571428948,2.406472211053968,1.0
1.07944,1.0775708295373536,1.0,0.0018691704626463412,0.0008728571428571673,2.1414391552412475,1.0
1.08039,1.0778261267447888,1.0,0.0025638732552111243,0.0008685714285714725,2.951827760933711,1.0
1.07966,1.077816604181193,1.0,0.0018433958188071031,0.0008700000000000216,2.118845768743744,1.0
1.07998,1.077805611950108,1.0,0.0021743880498918955,0.0008878571428571704,2.4490291792828316,1.0
1.07912,1.0778118732647615,1.0,0.0013081267352386128,0.000892142857142881,1.4662749634379575,1.0
1.07992,1.077822007770696,1.0,0.0020979922293040687,0.0009128571428571755,2.298270047750854,1.0
1.07994,1.0778221692785461,1.0,0.002117830721453773,0.000869285714285747,2.4362884223789405,1.0
1.07898,1.0778054382852431,1.0,0.0011745617147569387,0.000890714285714316,1.3186739379788759,1.0
1.07958,1.0778222780236595,1.0,0.0017577219763404983,0.0009492857142857318,1.8516258591998889,1.0
1.07975,1.0778323431781769,1.0,0.0019176568218230994,0.0009600000000000243,1.9975591893990112,1.0
1.08033,1.077831657621954,1.0,0.0024983423780460257,0.0009735714285714625,2.56616238390632,1.0
1.0796,1.0778406734112158,1.0,0.0017593265887840825,0.0009828571428571742,1.7900125176581665,1.0
1.08048,1.0778516857073408,1.0,0.002628314292659306,0.0010492857142857367,2.5048604559039824,1.0
1.08006,1.0778675679033445,1.0,0.002192432096655539,0.001105714285714297,1.9828197256574436,1.0
1.08014,1.0778757239351686,1.0,0.002264276064831483,0.0010671428571428696,2.121811573469906,1.0
1.07995,1.0778742188980268,1.0,0.002075781101973151,0.0010042857142857115,2.066922861139701,1.0
1.0791,1.0778847088532424,1.0,0.0012152911467575578,0.0010214285714285859,1.1897955282940957,1.0
1.07965,1.0779009723442206,1.0,0.0017490276557794449,0.0010350000000000081,1.689881793023605,1.0
1.07911,1.0779064272256695,1.0,0.0012035727743304747,0.001049285714285721,1.147040084453815,1.0
1.07821,1.0788002188618342,-1.0,-0.0005902188618343018,0.001069285714285709,0.5519748874869917,-1.0
1.07833,1.078805864668702,-1.0,-0.0004758646687019752,0.0010750000000000007,0.44266480809486036,-1.0
1.07752,1.0784818871683823,-1.0,-0.0009618871683823027,0.0010850000000000185,0.8865319524260704,-1.0
1.07725,1.0782751837130962,-1.0,-0.0010251837130961228,0.0010114285714285837,1.0135997163379622,-1.0
1.07701,1.0780816401316642,-1.0,-0.0010716401316641644,0.0010000000000000009,1.0716401316641635,-1.0
1.0761,1.0776672725435215,-1.0,-0.001567272543521403,0.001021428571428554,1.53439269995105,-1.0
1.07618,1.0776071414991986,-1.0,-0.0014271414991986475,0.0009499999999999746,1.502254209682827,-1.0
1.07718,1.0776206862927555,-1.0,-0.00044068629275550997,0.000950714285714265,0.46353178802233463,-1.0
1.07624,1.0776165566438243,-1.0,-0.0013765566438241894,0.0009942857142856937,1.3844678889036675,-1.0
1.07618,1.0776329141909307,-1.0,-0.001452914190930743,0.0010121428571428423,1.4354833220205152,-1.0
1.07547,1.0774164636279502,-1.0,-0.0019464636279502567,0.0010614285714285623,1.8338149926853182,-1.0
1.07615,1.0774368091803015,-1.0,-0.0012868091803015513,0.0010321428571428465,1.2467355380084364,-1.0
1.07521,1.0774002723400478,-1.0,-0.002190272340047761,0.0010857142857142613,2.0173561026756146,-1.0
1.07486,1.0771809246071584,-1.0,-0.002320924607158492,0.001065714285714257,2.177811293580413,-1.0
1.07446,1.0769681644483269,-1.0,-0.0025081644483269105,0.0010192857142856987,2.4607079380923116,-1.0
1.0751,1.0769886554148869,-1.0,-0.0018886554148869195,0.0010557142857142551,1.7889834782420595,-1.0
1.07491,1.0769997929804032,-1.0,-0.0020897929804031268,0.0009621428571428162,2.172019430263179,-1.0
1.07524,1.077006739769816,-1.0,-0.0017667397698160059,0.0009649999999999778,1.8308184143171466,-1.0
1.07487,1.0770221861105531,-1.0,-0.0021521861105531226,0.0009899999999999829,2.173925364195111,-1.0
1.07399,1.076677239228247,-1.0,-0.002687239228247096,0.000983571428571417,2.732124124579505,-1.0
1.07475,1.0766790860295055,-1.0,-0.001929086029505367,0.0010649999999999985,1.8113483845120841,-1.0
1.07406,1.0766588618345971,-1.0,-0.0025988618345971215,0.0010349999999999923,2.510977617968252,-1.0
1.07335,1.0764612077586744,-1.0,-0.0031112077586743503,0.0010149999999999881,3.065229318891021,-1.0
1.07321,1.076355813155585,-1.0,-0.003145813155585042,0.0010207142857142795,3.081972300783125,-1.0
1.07231,1.0759398919076038,-1.0,-0.003629891907603655,0.001037857142857138,3.49748704104965,-1.0
1.07209,1.0758192354913638,-1.0,-0.003729235491363836,0.0010364285714285573,3.5981596746446876,-1.0
1.07277,1.0758077499808092,-1.0,-0.00303774998080919,0.001005000000000002,3.0226367968250587,-1.0
1.07179,1.0757182426533038,-1.0,-0.003928242653303826,0.00104785714285714,3.7488341612988214,-1.0
1.07173,1.0756231958851712,-1.0,-0.003893195885171119,0.0010342857142857018,3.7641396679831716,-1.0
1.07076,1.0751795562374906,-1.0,-0.004419556237490685,0.0010407142857142837,4.246656645495519,-1.0
1.07088,1.0751186843773697,-1.0,-0.004238684377369628,0.001055714285714271,4.01499196773854,-1.0
1.07177,1.0751055018799909,-1.0,-0.0033355018799909875,0.001124999999999979,2.964890559992044,-1.0
1.07272,1.0751285962572938,-1.0,-0.002408596257293949,0.0011749999999999736,2.0498691551438326,-1.0
1.07368,1.074277602462776,1.0,-0.0005976024627760701,0.0012142857142856916,0.49214320463912575,1.0
1.07428,1.074639605980134,1.0,-0.0003596059801340701,0.0011685714285714077,0.3077312788433417,1.0
1.0746,1.0748006764700717,1.0,-0.00020067647007171452,0.0011714285714285535,0.1713091817685394,1.0
1.07402,1.0747816505212244,1.0,-0.0007616505212244551,0.0011528571428571302,0.6606634013099435,1.0
1.07327,1.074766368661194,1.0,-0.0014963686611939586,0.0011864285714285566,1.2612378842092524,1.0
1.07363,1.074782187303232,1.0,-0.0011521873032318553,0.00115571428571426,0.9969482228211578,1.0
1.07353,1.0747947903665258,1.0,-0.0012647903665257143,0.0011121428571428313,1.1372553070880163,1.0
1.07427,1.0747936155243054,1.0,-0.0005236155243053542,0.0011328571428571102,0.46220790291772823,1.0
1.07491,1.0749926586145373,1.0,-8.265861453726764e-05,0.0011042857142856846,0.07485256167669974,1.0
1.07407,1.0749667347694751,1.0,-0.0008967347694750494,0.001144285714285693,0.7836633441105446,1.0
1.07356,1.0749461306946249,1.0,-0.0013861306946247876,0.0011235714285713985,1.233682754275114,1.0
1.07366,1.0749242592809156,1.0,-0.0012642592809155584,0.0011349999999999813,1.1138848290005103,1.0
1.07426,1.0749083687864087,1.0,-0.0006483687864087262,0.001122857142857108,0.5774276723742016,1.0
1.07368,1.0749012915690848,1.0,-0.0012212915690847925,0.0011035714285713943,1.106671971986254,1.0
1.07385,1.074865534155806,1.0,-0.0010155341558060194,0.001035714285714251,0.9805157366403274,1.0
1.07365,1.0748238416827989,1.0,-0.0011738416827988818,0.0010299999999999596,1.1396521192222602,1.0
1.07288,1.074775295248891,1.0,-0.0018952952488908714,0.0010249999999999585,1.849068535503364,1.0
1.0737,1.0747519189643113,1.0,-0.001051918964311227,0.0010314285714285245,1.0198660318807373,1.0
1.07282,1.0747384218087506,1.0,-0.001918421808750459,0.0010364285714285254,1.8509927858378785,1.0
1.07274,1.0746974625030579,1.0,-0.0019574625030578385,0.0010128571428571012,1.93261460104449,1.0
1.07269,1.075622743332563,-1.0,-0.0029327433325629926,0.001029285714285685,2.8492995597420583,-1.0
1.07237,1.0753535321099814,-1.0,-0.0029835321099813683,0.0009514285714285396,3.135844560040582,-1.0
1.07138,1.0748571626427084,-1.0,-0.0034771626427083646,0.0009578571428571214,3.630147427137822,-1.0
1.07199,1.074843397232575,-1.0,-0.00285339723257505,0.0009557142857142502,2.9856174331877567,-1.0
1.07257,1.0748225409043362,-1.0,-0.002252540904336131,0.0009721428571428341,2.3170883659593375,-1.0
1.07231,1.074781157010878,-1.0,-0.002471157010877967,0.001006428571428551,2.4553724735480653,-1.0
1.07214,1.0747395935044026,-1.0,-0.002599593504402531,0.000965714285714284,2.691886764913868,-1.0
1.07213,1.0747234751297465,-1.0,-0.002593475129746503,0.0009128571428571439,2.841052567797418,-1.0
1.07129,1.074696033006762,-1.0,-0.0034060330067620104,0.0009485714285714256,3.5906974468876727,-1.0
1.07184,1.074649010110556,-1.0,-0.0028090101105560095,0.0009878571428571276,2.8435387959352667,-1.0
1.0716,1.0745959896668076,-1.0,-0.002995989666807475,0.0009592857142857022,3.1231463391887693,-1.0
1.07102,1.0744196405859099,-1.0,-0.0033996405859098022,0.0009485714285714256,3.583958449001309,-1.0
1.07191,1.0743623450117692,-1.0,-0.0024523450117692747,0.0009364285714285682,2.6188276250778006,-1.0
1.07262,1.074318517741073,-1.0,-0.0016985177410731023,0.0009828571428571425,1.7281430505104245,-1.0
1.07179,1.074291388432247,-1.0,-0.0025013884322468982,0.0010399999999999934,2.405181184852802,-1.0
1.07231,1.0742517108444583,-1.0,-0.0019417108444581554,0.001075714285714291,1.8050432817007998,-1.0
1.07254,1.074237424677939,-1.0,-0.0016974246779388746,0.0010600000000000134,1.6013440357913709,-1.0
1.07229,1.0741918733930131,-1.0,-0.001901873393013176,0.0010064285714285986,1.8897251598427072,-1.0
1.0719,1.0741623949596164,-1.0,-0.0022623949596163317,0.0009957142857143061,2.272132671063701,-1.0
1.07123,1.0741199427374617,-1.0,-0.0028899427374617925,0.0009821428571428839,2.9424871508701087,-1.0
1.07219,1.0740969819735806,-1.0,-0.0019069819735806348,0.0010178571428571656,1.8735261494826871,-1.0
1.07127,1.0740534318143207,-1.0,-0.002783431814320725,0.0010864285714285834,2.5620016699861745,-1.0
1.07028,1.0737953274277316,-1.0,-0.0035153274277317514,0.0011035714285714418,3.18540996687663,-1.0
1.07011,1.073583713624541,-1.0,-0.003473713624541075,0.0010707142857143057,3.2442955799582482,-1.0
1.07035,1.0735414383683084,-1.0,-0.0031914383683084857,0.0010464285714286068,3.049838713741795,-1.0
1.07079,1.0734845093094214,-1.0,-0.0026945093094215,0.001027142857142893,2.623305308198865,-1.0
1.07142,1.0734426824383212,-1.0,-0.002022682438321155,0.0010214285714286017,1.9802485410136594,-1.0
1.07193,1.0733935034836097,-1.0,-0.001463503483609685,0.0009964285714286123,1.4687490158089427,-1.0
1.07184,1.0733638330259976,-1.0,-0.0015238330259976784,0.0009214285714285968,1.6537722762765048,-1.0
1.07219,1.073340745362859,-1.0,-0.0011507453628589737,0.0009050000000000129,1.2715418374132124,-1.0
1.07263,1.0726076211008841,1.0,2.237889911582691e-05,0.0009049999999999971,0.024728065321355783,1.0
1.07298,1.0727853290445937,1.0,0.00019467095540637303,0.0009264285714285661,0.21013056096293276,1.0
1.07307,1.0728189537685262,1.0,0.0002510462314737616,0.0009042857142857067,0.27761826545281926,1.0
1.07223,1.0727773315789872,1.0,-0.0005473315789872313,0.000924285714285695,0.5921670870031992,1.0
1.07124,1.073685319929667,-1.0,-0.0024453199296670114,0.0009485714285713939,2.577897516215317,-1.0
1.07109,1.0735362780918267,-1.0,-0.002446278091826626,0.0008885714285714132,2.753046084049305,-1.0
1.07052,1.0732172946656084,-1.0,-0.0026972946656085295,0.0008557142857142612,3.1520972719967024,-1.0
1.07045,1.0730663778938836,-1.0,-0.0026163778938836924,0.0008349999999999826,3.1333866992619726,-1.0
1.0704,1.0729233386272705,-1.0,-0.0025233386272704994,0.0008471428571428241,2.978645934383505,-1.0
1.07049,1.0728421024447143,-1.0,-0.002352102444714399,0.0008128571428571073,2.8936233942006173,-1.0
1.07138,1.0728103129265723,-1.0,-0.0014303129265722525,0.0008249999999999805,1.733712638269438,-1.0
1.07177,1.072761447364585,-1.0,-0.0009914473645851185,0.000832142857142821,1.1914388930637134,-1.0
1.07195,1.0727165042108382,-1.0,-0.0007665042108382369,0.0008485714285714049,0.9032877905501361,-1.0
1.07232,1.0719780862358266,1.0,0.0003419137641733627,0.0008692857142856994,0.39332725541718655,1.0
1.07311,1.0722757283975555,1.0,0.0008342716024445362,0.0008971428571428344,0.9299205759732327,1.0
1.07382,1.0725237896710405,1.0,0.0012962103289595461,0.0009328571428571163,1.3895057125141013,1.0
1.07367,1.072484341878512,1.0,0.0011856581214879647,0.0009178571428571132,1.2917676031775909,1.0
1.07376,1.072508986363235,1.0,0.0012510136367649416,0.0008885714285713973,1.4078931603464468,1.0
1.07415,1.072698357003612,1.0,0.0014516429963880029,0.0008235714285713998,1.7626194231945145,1.0
1.07413,1.0727027540337875,1.0,0.0014272459662125758,0.0008449999999999688,1.6890484807250041,1.0
1.07434,1.0728053133356945,1.0,0.0015346866643055623,0.0008128571428571073,1.888015228495502,1.0
1.07479,1.0729935086472357,1.0,0.0017964913527641624,0.0008578571428571007,2.0941614436885523,1.0
1.07579,1.0733999841871893,1.0,0.0023900158128107307,0.0009299999999999706,2.569909476140652,1.0
1.07642,1.0736583187102173,1.0,0.0027616812897826026,0.001006428571428551,2.744041026043806,1.0
1.07581,1.0736392640188648,1.0,0.0021707359811351523,0.0010007142857142595,2.169186562162236,1.0
1.07624,1.0736439210490079,1.0,0.002596078950992231,0.0009935714285714031,2.6128760110634195,1.0
1.07625,1.0736857824943193,1.0,0.0025642175056805883,0.0009542857142857011,2.687054272419815,1.0
1.07588,1.0736770290410393,1.0,0.002202970958960604,0.0009478571428571352,2.32415926340985,1.0
1.076,1.0736830352724938,1.0,0.00231696472750631,0.0009071428571428683,2.554134345282515,1.0
1.07617,1.0736949969723777,1.0,0.00247500302762238,0.0008642857142857301,2.86363986667047,1.0
1.07608,1.073700661511003,1.0,0.0023793384889969627,0.0008614285714285844,2.762084481422635,1.0
1.07621,1.0737669048986123,1.0,0.002443095101387849,0.0008714285714285865,2.8035517556909255,1.0
1.07618,1.073806452720575,1.0,0.002373547279424848,0.0008585714285714545,2.7645309410937493,1.0
1.07567,1.0738099827874066,1.0,0.0018600172125933234,0.0008514285714285823,2.1845839745223317,1.0
1.0753,1.0738230717819504,1.0,0.0014769282180495669,0.0008842857142857342,1.6701934614453529,1.0
1.0751,1.0738155674104979,1.0,0.0012844325895020603,0.0008335714285714493,1.5408788563006337,1.0
1.07564,1.073819619719378,1.0,0.001820380280622036,0.000783571428571439,2.323183585114691,1.0
1.07539,1.073830444477076,1.0,0.0015595555229239721,0.0007371428571428489,2.1156760969899087,1.0
1.07463,1.0738318834719454,1.0,0.0007981165280546154,0.0007328571428571383,1.0890478940316457,1.0
1.07431,1.0744820858869635,-1.0,-0.00017208588696338012,0.00071285714285715,0.2414030478444186,-1.0
1.0736,1.0741524921292673,-1.0,-0.0005524921292672236,0.0007757142857142764,0.712236630731236,-1.0
1.07427,1.074159415735083,-1.0,0.00011058426491716844,0.000791428571428554,0.13972741054516175,-1.0
1.0742,1.0741739363835563,-1.0,2.6063616443749993e-05,0.0007614285714285478,0.034229890263837826,-1.0
1.07504,1.0741822947303246,-1.0,0.000857705269675435,0.0008157142857142688,1.0514775635250735,-1.0
1.07593,1.0735715066474065,1.0,0.002358493352593527,0.0008992857142857057,2.6226296216290463,1.0
1.0754,1.073587369872345,1.0,0.0018126301276548684,0.0009092857142857077,1.993465969141268,1.0
1.07607,1.0736117918260446,1.0,0.0024582081739554784,0.0009678571428571393,2.5398460837916472,1.0
1.07597,1.0736591859640783,1.0,0.0023108140359218154,0.0009421428571428596,2.452721493775992,1.0
1.07557,1.0736700551625502,1.0,0.0018999448374497074,0.0009457142857142957,2.009005115128068,1.0
1.07656,1.0738971937907333,1.0,0.0026628062092666216,0.0010264285714285868,2.594244045214485,1.0
1.07597,1.0739038606206628,1.0,0.002066139379337306,0.0010521428571428823,1.9637441487251592,1.0
1.07594,1.0739092593534032,1.0,0.002030740646596696,0.0010314285714286037,1.9688621227391174,1.0
1.07523,1.0739092120030524,1.0,0.001320787996947459,0.0010507142857143017,1.2570382023972906,1.0
1.07488,1.0739118712152342,1.0,0.0009681287847658204,0.0010828571428571632,0.8940503289393953,1.0
1.07394,1.074759686203723,-1.0,-0.0008196862037230801,0.0011178571428571704,0.733265613554175,-1.0
1.0735,1.0745112458614732,-1.0,-0.0010112458614732756,0.0010985714285714568,0.9205098869067292,-1.0
1.07438,1.0745201783980014,-1.0,-0.00014017839800151144,0.0011685714285714552,0.11995706430446916,-1.0
1.07362,1.0745180256218614,-1.0,-0.0008980256218613647,0.001150000000000016,0.780891845096828,-1.0
1.07375,1.0745117898978511,-1.0,-0.0007617898978511395,0.0010592857142857229,0.7191543202910227,-1.0
1.07468,1.0745127744187952,-1.0,0.0001672255812048551,0.001057857142857142,0.1580795500923682,-1.0
1.07561,1.0745271085256625,-1.0,0.0010828914743374884,0.001054285714285706,1.0271328347374633,-1.0
1.0765,1.073835718112119,1.0,0.002664281887881037,0.0011335714285714163,2.3503431903172602,1.0
1.07617,1.0738440938295248,1.0,0.0023259061704752337,0.0011149999999999771,2.086014502668414,1.0
1.0758,1.0738645845916586,1.0,0.0019354154083415231,0.0010807142857142602,1.7908668682605395,1.0
1.07628,1.0738683662108093,1.0,0.002411633789190626,0.0010749999999999688,2.243380269014601,1.0
1.0766,1.074025077247641,1.0,0.0025749227523590434,0.0010978571428571188,2.345407842096773,1.0
1.07631,1.0740319159722826,1.0,0.002278084027717453,0.0010399999999999774,2.1904654112668296,1.0
1.07633,1.074055631408048,1.0,0.0022743685919519585,0.0010085714285713904,2.25503968040571,1.0
1.0761,1.0740764423277653,1.0,0.0020235576722347215,0.0009628571428570908,2.1016177604812785,1.0
1.07675,1.0742110367391773,1.0,0.002538963260822813,0.0010114285714285204,2.510274410418162,1.0
1.07665,1.0742390715610237,1.0,0.0024109284389763896,0.0009542857142856695,2.5264220168915448,1.0
1.07672,1.0743092938604253,1.0,0.0024107061395746143,0.0009342857142856811,2.5802665102481495,1.0
1.07751,1.0747041481189463,1.0,0.002805851881053645,0.0009785714285714,2.867293893047604,1.0
1.078,1.074904134275946,1.0,0.00309586572405407,0.0010057142857142606,3.0782755778947486,1.0
1.07719,1.074919191748245,1.0,0.0022708082517550743,0.0010092857142856967,2.2499161730057744,1.0
1.07729,1.0749473678684236,1.0,0.002342632131576483,0.0009635714285714288,2.431197171391457,1.0
1.07748,1.0749726769774495,1.0,0.0025073230225505228,0.0009192857142857098,2.727468711399183,1.0
1.07782,1.0750223517839324,1.0,0.0027976482160676497,0.0008942857142857205,3.1283606249957527,1.0
1.07861,1.0753536732550208,1.0,0.003256326744979221,0.000936428571428584,3.4773893539060627,1.0
1.07955,1.0758506401214492,1.0,0.0036993598785508564,0.0009614285714285893,3.847774019295024,1.0
1.07999,1.0761340977056695,1.0,0.0038559022943305266,0.0009735714285714467,3.960574623670313,1.0
1.08019,1.076340406720222,1.0,0.003849593279777963,0.0009635714285714446,3.9951301643358477,1.0
1.08115,1.0767220992602926,1.0,0.004427900739707447,0.0010342857142857495,4.281119499716999,1.0
1.08113,1.076815934540099,1.0,0.004314065459900984,0.0009721428571428976,4.4376867331823115,1.0
1.0805,1.0768579907232663,1.0,0.0036420092767337486,0.000999285714285758,3.6446125714274658,1.0
1.08106,1.0768985475192092,1.0,0.004161452480790695,0.0010235714285714728,4.065620009146351,1.0
1.08054,1.0769463017520695,1.0,0.0035936982479305435,0.0010042857142857592,3.5783624090345207,1.0
1.07978,1.0770062304770096,1.0,0.0027737695229903547,0.0009850000000000611,2.8160096680103375,1.0
1.08016,1.0770230628617465,1.0,0.0031369371382534705,0.0009692857142857836,3.2363389783010645,1.0
1.08026,1.0770463547860714,1.0,0.0032136452139286398,0.0009392857142857773,3.421371330418094,1.0
1.08089,1.0770967771640805,1.0,0.0037932228359194298,0.0010028571428572258,3.7824159332526794,1.0
1.08133,1.0772918649298138,1.0,0.004038135070186133,0.0010035714285715005,4.02376448274746,1.0
1.08065,1.0773870541682373,1.0,0.003262945831762787,0.000948571428571489,3.4398525334846464,1.0
1.08138,1.0774560644708653,1.0,0.0039239355291347255,0.0009650000000000412,4.066254434336329,1.0
1.08126,1.0774884117245072,1.0,0.003771588275492954,0.0009800000000000602,3.848559464788492,1.0
1.08055,1.0775564096654306,1.0,0.0029935903345692516,0.0010242857142857792,2.9226125999976893,1.0
1.08069,1.077592048538495,1.0,0.003097951461504822,0.0009521428571429251,3.253662450192379,1.0
1.08133,1.0776479901418123,1.0,0.0036820098581875627,0.000977857142857205,3.7653862684165524,1.0
1.08038,1.0776856979530134,1.0,0.0026943020469865075,0.001015714285714342,2.652618049072364,1.0
1.08135,1.0777216607972355,1.0,0.003628339202764508,0.0010285714285714898,3.5275520026875062,1.0
1.08216,1.0779544563904033,1.0,0.004205543609596685,0.0010835714285714853,3.881187246826005,1.0
1.0813,1.0779723435985655,1.0,0.003327656401434398,0.0011128571428571851,2.990191888323479,1.0
1.08068,1.0780122366929226,1.0,0.0026677633070775197,0.0011114285714286045,2.4003011760336865,1.0
1.08154,1.0780436955059285,1.0,0.003496304494071456,0.0011621428571428735,3.008498028088488,1.0
1.08101,1.0781108615658026,1.0,0.0028991384341974236,0.0011550000000000013,2.510076566404693,1.0
1.08153,1.078172612948809,1.0,0.003357387051191152,0.0011921428571428638,2.8162623557025683,1.0
1.0823,1.0782258763043155,1.0,0.004074123695684495,0.00125142857142857,3.255578295638299,1.0
1.08309,1.0786369104983051,1.0,0.0044530895016949845,0.0012407142857142933,3.5891337376931145,1.0
1.08224,1.0787142885609746,1.0,0.0035257114390254696,0.0012764285714285592,2.7621690065113063,1.0
1.0829,1.0787521218303207,1.0,0.00414787816967932,0.0012728571428571392,3.2587146114203507,1.0
1.08196,1.0787773478713873,1.0,0.003182652128612684,0.001305714285714275,2.437479748390478,1.0
1.08284,1.078818857332005,1.0,0.004021142667995026,0.0013228571428571337,3.0397406777500406,1.0
1.08212,1.078868736989671,1.0,0.003251263010328964,0.0013199999999999878,2.463078038128026,1.0
1.08123,1.0789063687822602,1.0,0.002323631217739708,0.0013278571428571187,1.7499105459040614,1.0
1.08085,1.078919965632466,1.0,0.0019300343675341392,0.0012542857142856998,1.5387517736604932,1.0
1.08092,1.0789494277727325,1.0,0.0019705722272675974,0.0011664285714285524,1.6894066859612256,1.0
1.08003,1.0798386551085646,-1.0,0.00019134489143546318,0.0011907142857142672,0.16069756929193318,-1.0
1.07955,1.0796474254472739,-1.0,-9.742544727386893e-05,0.0011849999999999916,0.0822155673197212,-1.0
1.07925,1.0794593246203528,-1.0,-0.00020932462035272437,0.0011599999999999863,0.18045225892476452,-1.0
1.07901,1.0793112510862555,-1.0,-0.0003012510862554496,0.001116428571428558,0.26983462620450066,-1.0
1.07908,1.07930882819718,-1.0,-0.0002288281971800643,0.0010371428571428634,0.22063324796975764,-1.0
1.07923,1.0793190615189299,-1.0,-8.906151892995595e-05,0.0009742857142857211,0.09141211620376646,-1.0
1.07901,1.0792166197307043,-1.0,-0.00020661973070423834,0.0009321428571428735,0.22166101378232078,-1.0
1.07825,1.0789018710231746,-1.0,-0.000651871023174655,0.0009464285714285861,0.6887693829769832,-1.0
1.07733,1.078525227736695,-1.0,-0.0011952277366951147,0.0009628571428571542,1.2413344446388286,-1.0
1.0777,1.078539889236262,-1.0,-0.0008398892362619925,0.0009099999999999982,0.9229552046835101,-1.0
1.07825,1.0785500934570076,-1.0,-0.0003000934570076552,0.0008807142857142823,0.34073871841907455,-1.0
1.07766,1.0785511971180928,-1.0,-0.0008911971180927125,0.0008699999999999898,1.0243645035548539,-1.0
1.07773,1.0785638091661665,-1.0,-0.0008338091661663771,0.0008828571428571218,0.9444440393470517,-1.0
1.0783,1.078583983249616,-1.0,-0.0002839832496159822,0.0009257142857142757,0.30677202890615696,-1.0
1.07795,1.0785968837731565,-1.0,-0.0006468837731565813,0.0008914285714285589,0.7256708993743802,-1.0
1.0786,1.0786163563196207,-1.0,-1.6356319620713933e-05,0.0009142857142857087,0.01788972458515597,-1.0
1.07846,1.0786378143809607,-1.0,-0.0001778143809607613,0.0009278571428571469,0.1916398255158312,-1.0
1.07894,1.0786527718633492,-1.0,0.00028722813665083,0.0009535714285714267,0.30121302719937293,-1.0
1.0789,1.0786780008124026,-1.0,0.00022199918759735482,0.0009478571428571352,0.23421165232577187,-1.0
1.07871,1.0786829544075962,-1.0,2.7045592403851515e-05,0.0009749999999999957,0.02773906913215552,-1.0
1.07881,1.0786915323695643,-1.0,0.00011846763043577013,0.000955714285714282,0.12395716189094083,-1.0
1.0795,1.077852757570649,1.0,0.0016472424293509924,0.0009714285714285596,1.6956907360966305,1.0
1.07979,1.0780662701895691,1.0,0.0017237298104308962,0.0009085714285714173,1.8971868982730224,1.0
1.07977,1.078181175037642,1.0,0.0015888249623579043,0.0008928571428571397,1.779483957840859,1.0
1.07918,1.0782011341347046,1.0,0.0009788658652953863,0.0009185714285714194,1.0656393556870565,1.0
1.07891,1.078208143908554,1.0,0.0007018560914460181,0.0008585714285714228,0.8174696572582628,1.0
1.07969,1.0782548177662286,1.0,0.0014351822337714815,0.0008921428571428493,1.6086910546678077,1.0
1.08033,1.0784555997024046,1.0,0.0018744002975954466,0.0009078571428571269,2.0646423419619757,1.0
1.0806,1.0786495504908657,1.0,0.0019504495091342555,0.0008778571428571207,2.2218301975492487,1.0
1.08085,1.0788679623761306,1.0,0.0019820376238695037,0.0008071428571428317,2.455621834882648,1.0
1.07992,1.0788862321113823,1.0,0.0010337678886176427,0.0008142857142856881,1.2695395123374968,1.0
1.0809,1.078899673355885,1.0,0.0020003266441148693,0.0008692857142856836,2.301115284930909,1.0
1.08121,1.0789680300335776,1.0,0.0022419699664224524,0.000896428571428544,2.501002352981298,1.0
1.08128,1.079087103488236,1.0,0.0021928965117639088,0.0008821428571428155,2.4858745882345077,1.0
1.08093,1.0791080218260278,1.0,0.0018219781739721164,0.0009135714285713707,1.9943467111502144,1.0
1.08018,1.0791233947019119,1.0,0.0010566052980880425,0.0008942857142856571,1.1815075218237652,1.0
1.07934,1.0801033098651875,-1.0,-0.000763309865187578,0.0009614285714285258,0.7939329949945468,-1.0
1.07971,1.0801304092983672,-1.0,-0.0004204092983672858,0.0009921428571428065,0.4237386736603529,-1.0
1.08023,1.0801478514826872,-1.0,8.214851731280781e-05,0.0009714285714285279,0.08456465017495302,-1.0
1.07941,1.0801998458090298,-1.0,-0.0007898458090298544,0.0010149999999999565,0.778173210866885,-1.0
1.07946,1.080243537285718,-1.0,-0.0007835372857178946,0.0009735714285713991,0.8048071900257415,-1.0
1.07881,1.0799857292623811,-1.0,-0.0011757292623810756,0.0009942857142856778,1.1824863271074468,-1.0
1.07794,1.079679968319429,-1.0,-0.0017399683194290194,0.001073571428571404,1.6207289735200818,-1.0
1.07862,1.0797041616728755,-1.0,-0.0010841616728756165,0.0011314285714285452,0.9582237007739257,-1.0
1.07859,1.0797325439868728,-1.0,-0.001142543986872857,0.001099999999999974,1.0386763517026218,-1.0
1.07798,1.0797282987768084,-1.0,-0.0017482987768084879,0.0010649999999999826,1.641595095594851,-1.0
1.07801,1.0796969953753264,-1.0,-0.001686995375326461,0.0010499999999999796,1.6066622622157085,-1.0
1.07806,1.0797094031134904,-1.0,-0.0016494031134903775,0.001060714285714272,1.5549928342670425,-1.0
1.07777,1.0795039773891548,-1.0,-0.0017339773891549282,0.00102142857142857,1.6976002411307012,-1.0
1.07753,1.0794138020409396,-1.0,-0.0018838020409395195,0.0010078571428571476,1.8691161285012863,-1.0
1.07709,1.0791634006006312,-1.0,-0.0020734006006311034,0.0009549999999999916,2.1711001053729024,-1.0
1.07756,1.0791908651615376,-1.0,-0.0016308651615375425,0.000987142857142869,1.6521065312246976,-1.0
1.07679,1.0791675227954516,-1.0,-0.0023775227954516698,0.0010150000000000198,2.3423869905927326,-1.0
1.07601,1.0787813349040283,-1.0,-0.0027713349040283664,0.0010014285714285975,2.7673815018827472,-1.0
1.07586,1.0786501566708004,-1.0,-0.0027901566708004033,0.0010142857142857295,2.750858689521483,-1.0
1.07507,1.0783267500221825,-1.0,-0.0032567500221825085,0.0010150000000000356,3.208620711509748,-1.0
1.0753,1.078306067893177,-1.0,-0.0030060678931771445,0.0009500000000000222,3.1642819928179726,-1.0
1.07535,1.0782724003912811,-1.0,-0.0029224003912811103,0.0008964285714285916,3.260048245253755,-1.0
1.07622,1.078260994173306,-1.0,-0.0020409941733059433,0.0009814285714285934,2.079615605988542,-1.0
1.07592,1.0782733761285503,-1.0,-0.002353376128550355,0.0009671428571428807,2.433328345620692,-1.0
1.076,1.0782801115683514,-1.0,-0.002280111568351284,0.0009671428571428807,2.357574738324756,-1.0
1.07514,1.0782485111548956,-1.0,-0.0031085111548956323,0.0010214285714285859,3.043297634163513,-1.0
1.07479,1.0780478863269223,-1.0,-0.0032578863269223657,0.001035000000000024,3.1477162578959326,-1.0
1.07409,1.0776599331323604,-1.0,-0.0035699331323604255,0.0010257142857143123,3.4804362014655057,-1.0
1.07344,1.0773540118650686,-1.0,-0.003914011865068678,0.0010528571428571728,3.717514661530525,-1.0
1.07442,1.0773241424652769,-1.0,-0.0029041424652769265,0.001077857142857162,2.694366766989811,-1.0
1.07379,1.0773125378357824,-1.0,-0.00352253783578238,0.001065714285714289,3.3053304089110704,-1.0
1.07395,1.0772708260139803,-1.0,-0.003320826013980316,0.0010464285714285593,3.1734856106296903,-1.0
1.07359,1.0772298955477582,-1.0,-0.0036398955477581207,0.0010364285714285731,3.5119598668927363,-1.0
1.07317,1.0769899924231296,-1.0,-0.0038199924231296922,0.0009799999999999967,3.897951452173168,-1.0
1.07352,1.0769448566341318,-1.0,-0.0034248566341317233,0.00097214285714285,3.5229972724353034,-1.0
1.07267,1.076693886394826,-1.0,-0.004023886394826093,0.0010449999999999943,3.8506089902642247,-1.0
1.07341,1.076669230667727,-1.0,-0.003259230667727042,0.001005000000000002,3.243015589778145,-1.0
1.0742,1.07666126191834,-1.0,-0.002461261918339952,0.0010028571428571306,2.4542497761224893,-1.0
1.07497,1.075731843342145,1.0,-0.0007618433421450188,0.0010449999999999785,0.7290366910478799,1.0
1.07574,1.0760329511704727,1.0,-0.0002929511704727883,0.0010407142857142837,0.2814904863842858,1.0
1.07547,1.0759858058836351,1.0,-0.0005158058836352009,0.0010285714285714104,0.5014779424231208,1.0
1.07488,1.0759424803678037,1.0,-0.0010624803678036532,0.0010285714285713946,1.0329670242535858,1.0
1.07562,1.0759205580981868,1.0,-0.00030055809818674284,0.0010328571428571051,0.2909967755611724,1.0
1.07523,1.0758893139354198,1.0,-0.0006593139354198474,0.0009692857142856726,0.6802059761148314,1.0
1.07466,1.0758656096910304,1.0,-0.0012056096910304515,0.0009542857142856853,1.2633634486846432,1.0
1.07554,1.0758246211985925,1.0,-0.0002846211985925162,0.0009978571428571298,0.2852324109015948,1.0
1.07531,1.0758154049870159,1.0,-0.0005054049870159005,0.000993571428571419,0.5086750408499408,1.0
1.07533,1.075784117506554,1.0,-0.0004541175065539971,0.0010049999999999862,0.45185821547662025,1.0
1.07453,1.075746068936823,1.0,-0.0012160689368230226,0.001026428571428571,1.1847574889020407,1.0
1.07436,1.075729019292981,1.0,-0.0013690192929809442,0.0009778571428571414,1.4000197298563364,1.0
1.07404,1.075694041165503,1.0,-0.0016540411655028286,0.0009571428571428468,1.7281027102268545,1.0
1.07495,1.0756568639905573,1.0,-0.0007068639905571938,0.00099857142857142,0.7078752409013447,1.0
1.07554,1.075624007100172,1.0,-8.400710017197888e-05,0.0009949999999999998,0.08442924640399889,1.0
1.07558,1.0756158797760054,1.0,-3.58797760053875e-05,0.000944285714285715,0.03799673707075829,1.0
1.0758,1.0757467824964282,1.0,5.321750357190069e-05,0.0009492857142857318,0.056060575621263806,1.0
1.07661,1.076061517755158,1.0,0.0005484822448420523,0.0009885714285714656,0.5548230800425177,1.0
1.07571,1.0760448287289346,1.0,-0.0003348287289346441,0.0009964285714286123,0.33602883190572225,1.0
1.07479,1.0760290124308338,1.0,-0.0012390124308339079,0.0010328571428571845,1.1995970976261419,1.0
1.07423,1.0769323707963987,-1.0,-0.0027023707963986787,0.0010635714285714653,2.5408456111202278,-1.0
1.07484,1.0768888108175059,-1.0,-0.002048810817505853,0.0010592857142857545,1.934143725224602,-1.0
1.07442,1.0768757771952857,-1.0,-0.00245577719528578,0.0010935714285714557,2.245648643631618,-1.0
1.07357,1.076518177912432,-1.0,-0.0029481779124320706,0.0011207142857143162,2.6306240136423114,-1.0
1.07306,1.076197026570735,-1.0,-0.003137026570735113,0.0011000000000000215,2.851842337031865,-1.0
1.07339,1.0761538577716667,-1.0,-0.0027638577716666557,0.0010850000000000185,2.5473343517664597,-1.0
1.07303,1.0760269035812686,-1.0,-0.002996903581268695,0.0010771428571428718,2.7822712292945067,-1.0
1.0724,1.0757107085372013,-1.0,-0.003310708537201279,0.001057857142857158,3.1296366995825284,-1.0
1.07198,1.0754239440300861,-1.0,-0.003443944030086188,0.0010257142857142965,3.3576056003625436,-1.0
1.07181,1.0752623519520195,-1.0,-0.003452351952019539,0.0010250000000000062,3.3681482458727006,-1.0
1.07151,1.075049837999924,-1.0,-0.003539837999924078,0.0010564285714285773,3.350759431976796,-1.0
1.07176,1.07500830074671,-1.0,-0.003248300746709898,0.0010057142857142765,3.2298444924672576,-1.0
1.07116,1.0747740056689656,-1.0,-0.0036140056689657474,0.0009992857142856945,3.616588946784951,-1.0
1.07045,1.074346541114902,-1.0,-0.003896541114902119,0.0009857142857142565,3.9530127252631364,-1.0
1.07054,1.0743289546030943,-1.0,-0.0037889546030942522,0.0009385714285713918,4.036937933281705,-1.0
1.06968,1.0739422925470763,-1.0,-0.0042622925470763295,0.000954999999999944,4.463133557148251,-1.0
1.06924,1.0737367951835926,-1.0,-0.0044967951835925835,0.000976428571428513,4.605349858836864,-1.0
1.06888,1.0735000801104397,-1.0,-0.004620080110439684,0.0009614285714285099,4.8054325071441095,-1.0
1.06948,1.0734709664266784,-1.0,-0.0039909664266783995,0.0010149999999999565,3.9319866272695276,-1.0
1.06924,1.0734374056384912,-1.0,-0.004197405638491247,0.0010271428571428296,4.086486713413007,-1.0
1.06986,1.0733719646046596,-1.0,-0.003511964604659523,0.0010428571428571232,3.3676372921393325,-1.0
1.0706,1.0733257205770155,-1.0,-0.002725720577015478,0.0010335714285714115,2.637186460139414,-1.0
1.06988,1.0732445361735552,-1.0,-0.003364536173555255,0.0010314285714285562,3.2620156807322895,-1.0
1.07028,1.0731913125585788,-1.0,-0.0029113125585789046,0.0010257142857142648,2.838327006971135,-1.0
1.07103,1.0721571968687234,1.0,-0.0011271968687234235,0.0010421428571428329,1.0816145416126317,1.0
1.07067,1.0721162165545457,1.0,-0.0014462165545456873,0.0010442857142856882,1.3848858935458364,1.0
1.0698,1.0720884686120433,1.0,-0.0022884686120432374,0.0010314285714285562,2.218736881482396,1.0
1.06936,1.072061967768351,1.0,-0.0027019677683508547,0.0010271428571428614,2.6305666729424066,1.0
1.06971,1.072021636924616,1.0,-0.0023116369246161117,0.0010385714285714442,2.2257852093964976,1.0
1.06945,1.0719356836573168,1.0,-0.0024856836573168284,0.0010128571428571645,2.4541305502422324,1.0
1.07006,1.0719105465573073,1.0,-0.0018505465573073199,0.0009885714285714656,1.8719401591258316,1.0
1.07061,1.0718588834733178,1.0,-0.0012488834733177523,0.001005714285714324,1.241787544492036,1.0
1.07106,1.0718201273440724,1.0,-0.000760127344072492,0.0009771428571428828,0.7779081006589627,1.0
1.07161,1.072058961176122,1.0,-0.00044896117612203135,0.0009907142857142892,0.4531691756098354,1.0
1.07083,1.0720301413510154,1.0,-0.0012001413510154268,0.0010257142857142806,1.1700542419370514,1.0
1.07084,1.0719456637338796,1.0,-0.0011056637338795472,0.0009435714285714404,1.171785940523351,1.0
1.0708,1.0718999650395846,1.0,-0.0010999650395846494,0.0009364285714285682,1.1746384862078676,1.0
1.0712,1.0718437824580107,1.0,-0.0006437824580107776,0.0009628571428571384,0.6686167961536297,1.0
1.07128,1.0717822096586773,1.0,-0.0005022096586773106,0.0009135714285714183,0.549721283931386,1.0
1.07064,1.071726382871835,1.0,-0.0010863828718350454,0.0009321428571428576,1.1654682149954505,1.0
1.07046,1.0716736639452948,1.0,-0.0012136639452948739,0.0008992857142857057,1.3495865952445112,1.0
1.06972,1.0716410727699066,1.0,-0.0019210727699066066,0.0009135714285714183,2.102816167216012,1.0
1.06873,1.0721818868508515,-1.0,-0.0034518868508515155,0.0009678571428571235,3.5665251595514524,-1.0
1.06846,1.0718720846475822,-1.0,-0.0034120846475822475,0.0009164285714285482,3.7232412366447916,-1.0
1.06855,1.0718082710910615,-1.0,-0.00325827109106136,0.0008964285714285282,3.634724723096513,-1.0
1.06789,1.071517933265353,-1.0,-0.003627933265353045,0.0008921428571428176,4.066538487985979,-1.0
1.06802,1.071418072852739,-1.0,-0.0033980728527389648,0.0008592857142856815,3.95453199820011,-1.0
1.06762,1.0710831264456795,-1.0,-0.0034631264456794764,0.0008242857142856901,4.201366571881637,-1.0
1.06696,1.0706939390394279,-1.0,-0.0037339390394279803,0.0007728571428571307,4.831344413307999,-1.0
1.06711,1.0706494242444338,-1.0,-0.0035394242444337642,0.0008285714285714008,4.2717189156960655,-1.0
1.06734,1.0706044129545726,-1.0,-0.003264412954572693,0.0008557142857142612,3.8148398467461613,-1.0
1.06682,1.0705680099300392,-1.0,-0.003748009930039098,0.000874999999999975,4.283439920044806,-1.0
1.06779,1.0704915973934748,-1.0,-0.002701597393474753,0.0009157142857142578,2.950262364169087,-1.0
1.06748,1.0704641885759234,-1.0,-0.002984188575923419,0.0009078571428571111,3.2870684549905054,-1.0
1.06736,1.0704233507209149,-1.0,-0.0030633507209147925,0.0009135714285714025,3.3531595068653886,-1.0
1.06817,1.0703749049039835,-1.0,-0.0022049049039833957,0.0009214285714285493,2.3929200508347503,-1.0
1.06872,1.0694342262209982,1.0,-0.0007142262209982597,0.0008678571428571345,0.8229767155535582,1.0
1.06961,1.0698345457968017,1.0,-0.00022454579680175613,0.0009135714285714183,0.2457889878987194,1.0
1.0704,1.0701679035446943,1.0,0.00023209645530575251,0.0009535714285714267,0.24339703178131397,1.0
1.06967,1.0701506579135507,1.0,-0.000480657913550786,0.0009614285714285575,0.4999413662489674,1.0
1.0703,1.0701211068020773,1.0,0.00017889319792274705,0.000994999999999984,0.17979215871633158,1.0
1.07102,1.0703478805017697,1.0,0.0006721194982304279,0.001049285714285705,0.6405495558356755,1.0
1.07119,1.0704415043930413,1.0,0.0007484956069587767,0.001057142857142836,0.7080363849610192,1.0
1.07206,1.0708094369972612,1.0,0.001250563002738847,0.0010957142857142793,1.1413221667760078,1.0
1.07207,1.0708072850054857,1.0,0.0012627149945143579,0.0010900000000000037,1.1584541234076637,1.0
1.07193,1.0708172658413333,1.0,0.0011127341586667505,0.0010371428571428634,1.0728841750230311,1.0
1.07261,1.071125357335112,1.0,0.001484642664888014,0.0010471428571428656,1.417803363467396,1.0
1.0727,1.0712444010876534,1.0,0.0014555989123465896,0.000998571428571436,1.457681314224042,1.0
1.07297,1.0713912855233065,1.0,0.0015787144766934436,0.001002142857142872,1.5753387507988512,1.0
1.07379,1.0717371377095382,1.0,0.0020528622904618654,0.0010100000000000029,2.032536921249366,1.0
1.07445,1.072058168251302,1.0,0.002391831748697948,0.0010157142857142784,2.3548273193932143,1.0
1.07434,1.0720473591095605,1.0,0.002292640890439568,0.0009850000000000136,2.327554203491915,1.0
1.0747,1.0722220060143282,1.0,0.0024779939856718336,0.0009600000000000243,2.5812437350747612,1.0
1.07443,1.0722290792066045,1.0,0.002200920793395511,0.0009007142857143181,2.4435282400900906,1.0
1.07484,1.0723487998887844,1.0,0.002491200111215619,0.000897142857142882,2.776815410590581,1.0
1.07533,1.0725998850790512,1.0,0.0027301149209486564,0.0008714285714286023,3.1329187617442487,1.0
1.07531,1.0726630785716957,1.0,0.0026469214283042497,0.0008457142857143227,3.1298057429271857,1.0
1.07607,1.073038640156962,1.0,0.0030313598430380395,0.0008207142857143016,3.6935629070958864,1.0
1.07678,1.0733175730674087,1.0,0.003462426932591356,0.0008628571428571652,4.012746445056103,1.0
1.07664,1.073352546122921,1.0,0.0032874538770790718,0.0008664285714286013,3.794258390692945,1.0
1.07652,1.0733625601090366,1.0,0.0031574398909632873,0.0008435714285714673,3.742943139160372,1.0
1.07571,1.073350970010761,1.0,0.00235902998923887,0.0009157142857143212,2.576163794800538,1.0
1.07613,1.0733317557179844,1.0,0.002798244282015583,0.0009050000000000288,3.091982632061319,1.0
1.07629,1.0733405295711602,1.0,0.002949470428839751,0.0008585714285714704,3.435323294821506,1.0
1.07563,1.0733582927858167,1.0,0.0022717072141833494,0.0008614285714286003,2.637139386282407,1.0
1.07571,1.0733547465186783,1.0,0.0023552534813215953,0.0008300000000000132,2.837654796772961,1.0
1.075,1.073369977720132,1.0,0.0016300222798679709,0.000840714285714274,1.938854028729984,1.0
1.07414,1.0738876605812209,-1.0,0.00025233941877922383,0.0009085714285714173,0.2777320646941177,-1.0
1.0737,1.0736470333333141,-1.0,5.296666668597183e-05,0.0008928571428571397,0.05932266668828866,-1.0
1.07306,1.0733348921273178,-1.0,-0.000274892127317905,0.0009071428571428365,0.3030306915315557,-1.0
1.07347,1.0733191548517804,-1.0,0.0001508451482195028,0.0009385714285714077,0.16071781393250276,-1.0
1.07311,1.073314492049827,-1.0,-0.00020449204982697644,0.0009599999999999767,0.2130125519031056,-1.0
1.07252,1.073068058221278,-1.0,-0.0005480582212780138,0.0009078571428571111,0.6036833279223023,-1.0
1.0727,1.0730497166623747,-1.0,-0.00034971666237471055,0.000910714285714241,0.38400260966636773,-1.0
1.07283,1.0730480222507377,-1.0,-0.00021802225073774828,0.0008792857142856698,0.24795381887316248,-1.0
1.07326,1.0730573754564339,-1.0,0.00020262454356623216,0.0008457142857142592,0.23958983191953878,-1.0
1.07255,1.0730359510223104,-1.0,-0.0004859510223105268,0.0009057142857142557,0.5365389836236278,-1.0
1.07258,1.0729685524959525,-1.0,-0.00038855249595237673,0.0008964285714285282,0.4334450154050627,-1.0
1.07296,1.0729736567340376,-1.0,-1.3656734037637008e-05,0.0008642857142856984,0.015801179878257986,-1.0
1.07358,1.0729705636222375,-1.0,0.0006094363777624512,0.0009192857142857098,0.6629455546755523,-1.0
1.07353,1.0729786896293345,-1.0,0.0005513103706655809,0.0008642857142857301,0.6378797677122306,-1.0
1.0738,1.0729693810106449,-1.0,0.0008306189893552141,0.0008485714285714366,0.9788439268495696,-1.0
1.07357,1.072976576173133,-1.0,0.0005934238268670011,0.0008471428571428559,0.7005003015293447,-1.0
1.07331,1.0729703133854347,-1.0,0.00033968661456529325,0.0008385714285714345,0.40507773457530427,-1.0
1.07299,1.0729783371429764,-1.0,1.1662857023697626e-05,0.0008214285714285761,0.014198260724501376,-1.0
1.07217,1.072844153013658,-1.0,-0.0006741530136580298,0.0008500000000000174,0.7931211925388424,-1.0
1.07237,1.0728410261838592,-1.0,-0.00047102618385919115,0.0008485714285714525,0.5550813614502096,-1.0
1.07187,1.072694278757772,-1.0,-0.0008242787577719124,0.0008878571428571704,0.9283911994212725,-1.0
1.072,1.0726946788438119,-1.0,-0.0006946788438118023,0.0009050000000000129,0.767600932388721,-1.0
1.07231,1.0726954392473427,-1.0,-0.0003854392473425783,0.0009021428571428672,0.4272485718761707,-1.0
1.07283,1.0727061619261287,-1.0,0.0001238380738712852,0.0008600000000000037,0.1439977603154473,-1.0
1.07194,1.0727078023740264,-1.0,-0.0007678023740265161,0.0009271428571428565,0.8281381538036389,-1.0
1.07207,1.0727138679312,-1.0,-0.0006438679311999707,0.0009257142857142757,0.6955363454320745,-1.0
1.0715,1.0724923826460582,-1.0,-0.0009923826460582763,0.0009135714285714183,1.0862671653491809,-1.0
1.07111,1.0723000702718997,-1.0,-0.001190070271899657,0.0009557142857142661,1.2452155311356905,-1.0
1.07088,1.0721685020174925,-1.0,-0.001288502017492421,0.0009249999999999854,1.3929751540458826,-1.0
1.0699,1.0717309256096454,-1.0,-0.001830925609645373,0.0009599999999999767,1.9072141767139765,-1.0
1.07006,1.0717351286334884,-1.0,-0.0016751286334883986,0.0009342857142856811,1.7929511367613464,-1.0
1.06944,1.0714936201494911,-1.0,-0.0020536201494911754,0.0009699999999999788,2.117134174733217,-1.0
1.06927,1.0713985101470596,-1.0,-0.0021285101470596146,0.0009164285714285482,2.322614345973138,-1.0
1.06895,1.0712488061288643,-1.0,-0.002298806128864239,0.0009342857142856811,2.4604958565826065,-1.0
1.06855,1.0710297316540858,-1.0,-0.0024797316540856595,0.0009157142857142578,2.707975285273034,-1.0
1.06929,1.0710260212460914,-1.0,-0.0017360212460912905,0.0009542857142856853,1.8191839405148806,-1.0
1.06902,1.0710292063228912,-1.0,-0.002009206322891144,0.0009564285714285248,2.1007385004090655,-1.0
1.06922,1.071020415881901,-1.0,-0.0018004158819009408,0.0009692857142856726,1.8574666430813749,-1.0
1.07003,1.071016619829975,-1.0,-0.000986619829975055,0.0009614285714285417,1.0262019033916194,-1.0
1.07051,1.0700516200902412,1.0,0.0004583799097588326,0.0009828571428571106,0.46637490818487404,1.0
1.07016,1.0700480090264972,1.0,0.00011199097350278464,0.0009607142857142513,0.1165705300400774,1.0
1.06934,1.0700431037485287,1.0,-0.0007031037485287772,0.0010021428571428245,0.7016003192732146,1.0
1.06985,1.0700417691507613,1.0,-0.00019176915076135614,0.0010357142857142668,0.18515642142476105,1.0
1.0704,1.070036465063362,1.0,0.0003635349366379881,0.0010321428571428465,0.352213779441653,1.0
1.07084,1.0702162949775809,1.0,0.000623705022419152,0.001029285714285701,0.6059590779922445,1.0
1.07061,1.0702112840711964,1.0,0.00039871592880369455,0.0009978571428571298,0.3995721548498065,1.0
1.06962,1.0702029218146634,1.0,-0.0005829218146633508,0.0010314285714285562,0.5651596541057501,1.0
1.06934,1.0701932923683213,1.0,-0.0008532923683213234,0.0010157142857142626,0.8400909392755836,1.0
1.0702,1.070188884058698,1.0,1.111594130209781e-05,0.0010757142857142593,0.010333544371140315,1.0
1.07052,1.0701880381730307,1.0,0.0003319618269692626,0.0010699999999999837,0.3102446981021193,1.0
1.07045,1.0701842043890524,1.0,0.0002657956109475279,0.0010421428571428487,0.2550471935068829,1.0
1.07006,1.0701839569855662,1.0,-0.00012395698556622037,0.0010250000000000062,0.12093364445484842,1.0
1.06976,1.0701773560450547,1.0,-0.00041735604505466206,0.0009907142857142892,0.4212678176470979,1.0
1.06937,1.0701685570849597,1.0,-0.0007985570849597945,0.0009835714285714328,0.8118953659721914,1.0
1.06983,1.070162698968537,1.0,-0.0003326989685370485,0.0010149999999999881,0.32778223501187426,1.0
1.07066,1.0701731079579528,1.0,0.00048689204204710457,0.0009878571428571276,0.4928769767649725,1.0
1.06986,1.0701934809049238,1.0,-0.00033348090492379967,0.0010192857142856829,0.3271711751179635,1.0
1.07048,1.0702087893000314,1.0,0.00027121069996871583,0.0010114285714285362,0.26814617228546284,1.0
1.06991,1.0702057991447769,1.0,-0.0002957991447769537,0.001049285714285689,0.28190524349063656,1.0
1.06934,1.0702090459145575,1.0,-0.000869045914557498,0.0010721428571428232,0.8105691408264729,1.0
1.069,1.0702229948895496,1.0,-0.001222994889549689,0.0010214285714285382,1.1973376541046294,1.0
1.06894,1.0702086685400212,1.0,-0.0012686685400211672,0.0009849999999999662,1.2879883655037674,1.0
1.06809,1.070772897278656,-1.0,-0.0026828972786561156,0.0009385714285714077,2.8584902512318457,-1.0
1.06807,1.0707682924526756,-1.0,-0.0026982924526754992,0.0009135714285714183,2.9535648426471783,-1.0
1.06857,1.0707719377725198,-1.0,-0.0022019377725197575,0.000978571428571416,2.250155387976424,-1.0
1.06788,1.0707571000504097,-1.0,-0.0028771000504097533,0.0010071428571428414,2.856695085513275,-1.0
1.06741,1.0705385287797453,-1.0,-0.003128528779745343,0.00102785714285712,3.043738910106725,-1.0
1.06771,1.0705666660229425,-1.0,-0.0028566660229425445,0.001017857142857118,2.8065490751716915,-1.0
1.06695,1.07035110345007,-1.0,-0.003401103450069831,0.001049285714285705,3.2413511437017055,-1.0
1.06618,1.0699228591557295,-1.0,-0.003742859155729583,0.0010414285714285582,3.5939662675044466,-1.0
1.06602,1.0697975290077357,-1.0,-0.003777529007735758,0.000977142857142835,3.865892259378787,-1.0
1.06653,1.0697837887779844,-1.0,-0.0032537887779844343,0.0009814285714285617,3.315359744671218,-1.0
1.06713,1.069787207099385,-1.0,-0.002657207099385106,0.0009735714285714149,2.729339647204109,-1.0
1.06642,1.0697607856597293,-1.0,-0.003340785659729395,0.0010042857142856956,3.3265291064162446,-1.0
1.06599,1.0697372908159628,-1.0,-0.0037472908159628115,0.0010271428571428456,3.6482664411321246,-1.0
1.06624,1.0697032119089598,-1.0,-0.003463211908959707,0.001049285714285721,3.300542323038502,-1.0
1.06715,1.0696958226082005,-1.0,-0.0025458226082004654,0.0010792857142857112,2.3588032107747594,-1.0
1.06649,1.069676762263364,-1.0,-0.003186762263364118,0.001088571428571407,2.9274718954789063,-1.0
1.06743,1.069636771980443,-1.0,-0.0022067719804428343,0.0010892857142856974,2.02588903122624,-1.0
1.06786,1.0696199838025016,-1.0,-0.0017599838025015302,0.0010942857142856826,1.6083402894923065,-1.0
1.06817,1.0686166531336592,1.0,-0.00044665313365910286,0.0010664285714285476,0.4188308018236825,1.0
1.0688,1.0689024862718572,1.0,-0.00010248627185727166,0.001099999999999974,0.09316933805206734,1.0
1.06915,1.0691543202335103,1.0,-4.320233510268778e-06,0.0010321428571428307,0.004185693366350481,1.0
1.06977,1.0694399964588894,1.0,0.0003300035411106794,0.0010364285714285573,0.3184045193349121,1.0
1.06902,1.069423564609778,1.0,-0.00040356460977797326,0.001064285714285724,0.37918822395245466,1.0
1.06976,1.0694124826112843,1.0,0.00034751738871574567,0.0010528571428571412,0.33007078982499644,1.0
1.06919,1.069383921428003,1.0,-0.0001939214280028967,0.0010357142857142984,0.18723448220969105,1.0
1.06965,1.0693610629861134,1.0,0.0002889370138865477,0.0010214285714285859,0.28287539821060215,1.0
1.07007,1.0694548318453232,1.0,0.0006151681546768817,0.0010207142857143112,0.6026839863874128,1.0
1.07063,1.0696482872962836,1.0,0.0009817127037163864,0.0010757142857143068,0.9126147312104343,1.0
1.06987,1.0696220290260623,1.0,0.00024797097393780554,0.0010664285714285793,0.23252469089948105,1.0
1.06983,1.0695945130006468,1.0,0.00023548699935327377,0.001036428571428589,0.22721006140219002,1.0
1.0693,1.0695456247184727,1.0,-0.0002456247184727811,0.0010250000000000062,0.2396338716807606,1.0
1.06901,1.0695227035283192,1.0,-0.0005127035283192249,0.0009728571428571563,0.5270080320461857,1.0
1.06979,1.0694886100645324,1.0,0.00030138993546757753,0.0009942857142857253,0.30312206153347976,1.0
1.07066,1.0695320369002128,1.0,0.0011279630997871326,0.0010064285714285986,1.1207582254804422,1.0
1.06991,1.0694889781490955,1.0,0.0004210218509044239,0.001085714285714309,0.38778328372775056,1.0
1.0703,1.0694417389186883,1.0,0.0008582610813117064,0.001102142857142861,0.7787203589347925,1.0
1.07,1.0694246741962974,1.0,0.0005753258037026754,0.0010914285714285685,0.5271309719788925,1.0
1.07091,1.0694245571789571,1.0,0.0014854428210429038,0.001117142857142864,1.3296802745908263,1.0
1.07139,1.0696663296293005,1.0,0.001723670370699537,0.0011342857142857068,1.5196086391557733,1.0
1.07236,1.0701498633494477,1.0,0.0022101366505522524,0.001127857142857125,1.9595891771837888,1.0
1.07321,1.0705334694452928,1.0,0.0026765305547071794,0.0011564285714285344,2.3144797878876906,1.0
1.07349,1.0707218793637743,1.0,0.0027681206362257793,0.0011192857142856877,2.4731135231117953,1.0
1.07294,1.0707359304955386,1.0,0.0022040695044613923,0.0010814285714285507,2.038109185103044,1.0
1.07326,1.0707418112843272,1.0,0.0025181887156728866,0.0010921428571428274,2.305731982957578,1.0
1.07303,1.0707477490213158,1.0,0.002282250978684175,0.0010478571428571243,2.1780172939045,1.0
1.0729,1.070750732265609,1.0,0.0021492677343910582,0.001045714285714269,2.0553106749641596,1.0
1.07345,1.0709067546740347,1.0,0.002543245325965282,0.001049285714285689,2.423787240538789,1.0
1.07246,1.070900269884762,1.0,0.0015597301152379117,0.0010628571428570957,1.467488011648638,1.0
1.07252,1.0708911958887657,1.0,0.0016288041112342277,0.000987857142857096,1.6488255645177348,1.0
1.07191,1.0708751126985439,1.0,0.0010348873014560667,0.0009928571428571128,1.0423325338406741,1.0
1.07272,1.0708794733734983,1.0,0.0018405266265015818,0.0010399999999999615,1.769737140866971,1.0
1.07188,1.0708629772126983,1.0,0.0010170227873016469,0.0010378571428571062,0.9799256037318347,1.0
1.07098,1.0717636468300293,-1.0,-0.0007836468300292943,0.0010957142857142474,0.7151926740815191,-1.0
1.0707,1.0715246148881596,-1.0,-0.0008246148881596582,0.001050714285714254,0.7848136257128188,-1.0
1.06985,1.071125876450123,-1.0,-0.001275876450123059,0.0010549999999999806,1.2093615640977085,-1.0
1.06984,1.0710446923360877,-1.0,-0.001204692336087776,0.0010471428571428337,1.1504565283239592,-1.0
1.07013,1.0710303833740396,-1.0,-0.0009003833740395262,0.0010357142857142668,0.869335671486455,-1.0
1.0701,1.0710000986090553,-1.0,-0.0009000986090552665,0.0010135714285714073,0.8880465487508101,-1.0
1.07054,1.070986180918443,-1.0,-0.00044618091844306207,0.0010371428571428476,0.4302019874795404,-1.0
1.07056,1.0709783358934248,-1.0,-0.00041833589342488153,0.0010621428571428368,0.3938602897073607,-1.0
1.07032,1.0709737987135857,-1.0,-0.0006537987135857293,0.0010028571428571306,0.6519360391880571,-1.0
1.06974,1.0706645197213138,-1.0,-0.00092451972131391,0.0009592857142857022,0.9637584585550932,-1.0
1.06879,1.0702533740083662,-1.0,-0.0014633740083662694,0.0010357142857142668,1.4129128356640102,-1.0
1.0685,1.0700753696620429,-1.0,-0.0015753696620428581,0.0009957142857142584,1.582150306212383,-1.0
1.0676,1.0697050921160303,-1.0,-0.0021050921160301606,0.000999999999999985,2.105092116030192,-1.0
1.06777,1.0696943148517981,-1.0,-0.0019243148517980035,0.0009471428571428289,2.0317049717324926,-1.0
1.06819,1.0696809431425829,-1.0,-0.0014909431425829123,0.0008871428571428483,1.6806122380161819,-1.0
1.06866,1.0696786406780059,-1.0,-0.0010186406780059443,0.000901428571428561,1.1300292782950385,-1.0
1.06788,1.069669403574201,-1.0,-0.0017894035742009873,0.0009035714285714162,1.9803675920011197,-1.0
1.06809,1.0696664578988895,-1.0,-0.001576457898889494,0.0009185714285714194,1.7162061107661848,-1.0
1.06719,1.0694661962967231,-1.0,-0.002276196296723043,0.0009614285714285575,2.367514721703051,-1.0
1.06697,1.0693170817148805,-1.0,-0.0023470817148805168,0.000988571428571418,2.37421560753812,-1.0
1.06709,1.0693021901754496,-1.0,-0.002212190175449491,0.0009749999999999799,2.268913000461063,-1.0
1.06637,1.0689827538736718,-1.0,-0.0026127538736717693,0.001009999999999987,2.5868850234374285,-1.0
1.06718,1.0689642372417314,-1.0,-0.001784237241731379,0.001077142857142856,1.656453672694916,-1.0
1.06722,1.0689561479933354,-1.0,-0.001736147993335324,0.0010292857142857167,1.6867503058080833,-1.0
1.06804,1.0689420350620602,-1.0,-0.0009020350620601025,0.000989999999999999,0.9111465273334379,-1.0
1.06838,1.068937687592073,-1.0,-0.0005576875920729751,0.0009842857142857233,0.5665911675632497,-1.0
1.06936,1.0684134317053324,1.0,0.0009465682946676601,0.0009735714285714307,0.9722638389836546,1.0
1.06877,1.0684083022978363,1.0,0.0003616977021636547,0.0010028571428571467,0.36066722437971127,1.0
1.06801,1.0684015231230752,1.0,-0.00039152312307533244,0.001032857142857137,0.3790680306400197,1.0
1.06715,1.0694072446433143,-1.0,-0.002257244643314227,0.001085714285714277,2.0790411188420674,-1.0
1.06681,1.0691655121562051,-1.0,-0.0023555121562051085,0.001021428571428554,2.306095817263782,-1.0
1.06645,1.0690037266860255,-1.0,-0.0025537266860256036,0.0010421428571428329,2.4504574094831586,-1.0
1.06729,1.0689943428662418,-1.0,-0.0017043428662417703,0.0010714285714285485,1.590720008492353,-1.0
1.06746,1.0689864606726325,-1.0,-0.0015264606726324015,0.0010649999999999826,1.4332964062276303,-1.0
1.06827,1.0689724385368897,-1.0,-0.0007024385368896713,0.0011078571428571207,0.6340515484497482,-1.0
1.0679,1.0689603366896665,-1.0,-0.0010603366896664301,0.0010914285714285527,0.9715126737781595,-1.0
1.06778,1.0689376657772405,-1.0,-0.001157665777240524,0.0010528571428571093,1.099546871191849,-1.0
1.06737,1.0689254487903583,-1.0,-0.0015554487903584047,0.0010821428571428252,1.4373784201332218,-1.0
1.06643,1.0688515486997516,-1.0,-0.002421548699751641,0.001101428571428539,2.1985526456889737,-1.0
1.06684,1.0688261985371486,-1.0,-0.0019861985371485424,0.001101428571428523,1.803293094687472,-1.0
1.06724,1.0688144032442388,-1.0,-0.0015744032442388534,0.0010549999999999488,1.4923253499895068,-1.0
1.06644,1.0687844532326134,-1.0,-0.0023444532326133416,0.0010778571428570988,2.175105716142354,-1.0
1.0656,1.0683512254651388,-1.0,-0.002751225465138729,0.0010592857142856754,2.5972458875214848,-1.0
1.06589,1.068325837310485,-1.0,-0.002435837310484912,0.0010107142857142617,2.4100157135540337,-1.0
1.06591,1.0682976042188614,-1.0,-0.0023876042188615276,0.000999999999999985,2.387604218861563,-1.0
1.06546,1.068135403942239,-1.0,-0.002675403942238974,0.0009999999999999692,2.6754039422390563,-1.0
1.06574,1.0681192796982755,-1.0,-0.0023792796982755604,0.0009164285714285482,2.596252203886102,-1.0
1.06482,1.0678254158759968,-1.0,-0.0030054158759966754,0.0009921428571428384,3.0292168656554535,-1.0
1.06412,1.0675109309014175,-1.0,-0.0033909309014175104,0.0010121428571428423,3.3502493027414144,-1.0
1.06423,1.0674327045346286,-1.0,-0.0032027045346285643,0.0009549999999999916,3.3536173137472174,-1.0
1.06367,1.0671061086637472,-1.0,-0.003436108663747328,0.0009742857142857053,3.5267977487142987,-1.0
1.06427,1.067079858649301,-1.0,-0.0028098586493010558,0.0010199999999999892,2.754763381667731,-1.0
1.06396,1.0670666668092919,-1.0,-0.003106666809291836,0.0009592857142857181,3.2385208734240902,-1.0
1.0649,1.0670375683948266,-1.0,-0.0021375683948265944,0.001008571428571438,2.1194020911878213,-1.0
1.0657,1.0660028229791825,1.0,-0.0003028229791823822,0.0010421428571428645,0.2905772247123592,1.0
1.06554,1.0660206750993728,1.0,-0.0004806750993728848,0.0010107142857142934,0.4755796036198117,1.0
1.0658,1.0660693329789424,1.0,-0.0002693329789422716,0.0010071428571428573,0.2674228159710498,1.0
1.06558,1.066071619074132,1.0,-0.000491619074131977,0.0009957142857142745,0.4937350816246597,1.0
1.06492,1.0660671742462036,1.0,-0.001147174246203475,0.0010642857142857082,1.0778818420703855,1.0
1.06401,1.066071453548225,1.0,-0.0020614535482250673,0.0010664285714285793,1.9330441845378923,1.0
1.0633,1.066912454389238,-1.0,-0.0036124543892381844,0.0011092857142857174,3.2565590115476137,-1.0
1.064,1.0668872553197875,-1.0,-0.0028872553197873962,0.0010571428571428518,2.7311874646637673,-1.0
1.06498,1.0668555139236813,-1.0,-0.001875513923681238,0.0010507142857142857,1.7849894582962156,-1.0
1.0655,1.0658038976090134,1.0,-0.0003038976090135037,0.0010750000000000007,0.28269545024511955,1.0
1.06546,1.0658361181380944,1.0,-0.00037611813809435013,0.001042857142857139,0.36066122830965214,1.0
1.06594,1.06605508714407,1.0,-0.00011508714406982534,0.001031428571428572,0.11158033358570317,1.0
1.06536,1.0660532845449464,1.0,-0.0006932845449463265,0.001087142857142858,0.6377124592147545,1.0
1.06564,1.0660473912124768,1.0,-0.00040739121247690413,0.0010528571428571412,0.3869387364095432,1.0
1.0658,1.0660231132079978,1.0,-0.00022311320799772716,0.0010128571428571328,0.2202810234110163,1.0
1.06629,1.0662053950907668,1.0,8.460490923312136e-05,0.0010171428571428434,0.08317898379660921,1.0
1.06654,1.0663008515573589,1.0,0.0002391484426411683,0.0010171428571428434,0.23511785091126414,1.0
1.06623,1.0662926122527419,1.0,-6.26122527418449e-05,0.0010349999999999923,0.06049493018535784,1.0
1.06657,1.066329924801143,1.0,0.00024007519885693718,0.0009907142857142734,0.24232536294139598,1.0
1.0664,1.0663196308391085,1.0,8.036916089149138e-05,0.0009328571428571321,0.08615377124662268,1.0
1.0661,1.0662899685746674,1.0,-0.00018996857466735406,0.0009364285714285682,0.20286499201700733,1.0
1.06706,1.0665018238481285,1.0,0.0005581761518713702,0.0009535714285714267,0.5853532678800897,1.0
1.06678,1.0664945574757323,1.0,0.00028544252426776495,0.0009071428571428365,0.3146610503739213,1.0
1.06604,1.0664692045791826,1.0,-0.0004292045791824961,0.00095214285714283,0.45077750251726306,1.0
1.06585,1.0664436912996138,1.0,-0.000593691299613841,0.0009671428571428331,0.6138610188031005,1.0
1.06494,1.0673641833133876,-1.0,-0.0024241833133875623,0.000984999999999982,2.4610998105457935,-1.0
1.06493,1.0672344426176887,-1.0,-0.0023044426176888066,0.0009214285714285493,2.5009454765615557,-1.0
1.06557,1.067200270268828,-1.0,-0.0016302702688280046,0.0009414285714285534,1.731698312867413,-1.0
1.06649,1.0671792454519213,-1.0,-0.0006892454519213942,0.0009899999999999829,0.6962075271933396,-1.0
1.06717,1.066332594942824,1.0,0.0008374050571759994,0.00099857142857142,0.8386030615496489,1.0
1.0672,1.0663848399800506,1.0,0.0008151600199493014,0.0009699999999999946,0.8403711545869134,1.0
1.06716,1.0663968215124842,1.0,0.0007631784875159475,0.0009428571428571342,0.8094317291835882,1.0
1.06731,1.0664418382340886,1.0,0.0008681617659114238,0.000960714285714283,0.9036628046661687,1.0
1.06634,1.0664059198136355,1.0,-6.591981363546218e-05,0.0010178571428571498,0.06476332567694486,1.0
1.06733,1.066393516623069,1.0,0.0009364833769309744,0.0010385714285714284,0.9017033890669631,1.0
1.0682,1.066620682690012,1.0,0.0015793173099880597,0.0010649999999999985,1.4829270516319832,1.0
1.06904,1.0670100874024304,1.0,0.002029912597569572,0.0010821428571428729,1.875826822836541,1.0
1.06817,1.0669852496197096,1.0,0.0011847503802904225,0.0010814285714285982,1.0955419632804164,1.0
1.0683,1.0669544001163604,1.0,0.001345599883639581,0.0010821428571428887,1.2434586383467714,1.0
1.0676,1.0669087731066633,1.0,0.0006912268933367827,0.0010721428571428707,0.6447152902541529,1.0
1.06689,1.0668976079352261,1.0,-7.607935226250362e-06,0.0011407142857143043,0.006669448538979545,1.0
1.06684,1.0668599007319046,1.0,-1.9900731904609614e-05,0.0010800000000000334,0.018426603615378703,1.0
1.06708,1.0668474698427315,1.0,0.0002325301572685401,0.0010257142857143281,0.22670071042892945,1.0
1.06789,1.0668524614332884,1.0,0.0010375385667116266,0.0010414285714286059,0.9962647416983739,1.0
1.06857,1.0668335779096698,1.0,0.001736422090330203,0.0011007142857143279,1.5775411592875996,1.0
1.06889,1.0668141584306763,1.0,0.002075841569323611,0.0011085714285714746,1.8725374981011178,1.0
1.06953,1.0670520285521223,1.0,0.002477971447877758,0.0011428571428571915,2.168225016892946,1.0
1.0687,1.0670452775397066,1.0,0.0016547224602934119,0.0011364285714286096,1.4560725609118157,1.0
1.06882,1.0670529664119286,1.0,0.0017670335880715093,0.0010685714285714823,1.6536410583556074,1.0
1.06982,1.067219413831607,1.0,0.002600586168393093,0.0010642857142857715,2.4435037823826407,1.0
1.07009,1.0673664422701283,1.0,0.0027235577298716507,0.001071428571428612,2.5419872145467775,1.0
1.07088,1.067771790251636,1.0,0.0031082097483641213,0.0010635714285714653,2.9224268957082735,1.0
1.07088,1.067807967845134,1.0,0.0030720321548660667,0.0010607142857143354,2.896191930513328,1.0
1.07065,1.0677981544857054,1.0,0.0028518455142947374,0.0010314285714286356,2.7649471745238117,1.0
1.06981,1.0678114749722083,1.0,0.001998525027791631,0.0010107142857143409,1.9773392501117533,1.0
1.06958,1.0678108498877092,1.0,0.0017691501122907294,0.0010228571428571825,1.7296160315690818,1.0
1.07049,1.0678352165213476,1.0,0.002654783478652334,0.0010671428571429015,2.487748909044922,1.0
1.07125,1.0680272211041946,1.0,0.003222778895805467,0.0010757142857143384,2.9959431966317616,1.0
1.07125,1.0681287935832204,1.0,0.0031212064167795983,0.0010000000000000484,3.1212064167794473,1.0
1.07191,1.0684347535094805,1.0,0.003475246490519446,0.0010378571428572014,3.348482509791431,1.0
1.0724,1.0686625631306315,1.0,0.00373743686936856,0.0010185714285714717,3.669292859127463,1.0
1.07306,1.0689590235617286,1.0,0.004100976438271342,0.0010307142857143292,3.9787713191820075,1.0
1.07251,1.0690051171114363,1.0,0.003504882888563765,0.0010650000000000301,3.2909698484165877,1.0
1.07254,1.0690237726765894,1.0,0.0035162273234106145,0.000997142857142887,3.526302473334322,1.0
1.07266,1.0690678531197149,1.0,0.0035921468802850853,0.0009857142857143358,3.6442069799991765,1.0
1.0732,1.0693087450075427,1.0,0.003891254992457238,0.0009535714285714743,4.080716846022376,1.0
1.07239,1.069322656953421,1.0,0.003067343046578852,0.0010028571428571784,3.0586041775001713,1.0
1.0725,1.0693736939148253,1.0,0.0031263060851747237,0.000979285714285738,3.192435097917219,1.0
1.07179,1.0693966637634587,1.0,0.0023933362365413657,0.001027142857142893,2.330090911792625,1.0
1.07196,1.0694385386738632,1.0,0.0025214613261368424,0.0010114285714286156,2.492970237705809,1.0
1.07216,1.0694666381958233,1.0,0.002693361804176675,0.0009771428571428986,2.7563644194789365,1.0
1.07311,1.0694961456049987,1.0,0.0036138543950012814,0.0009942857142857411,3.6346236731333743,1.0
1.07386,1.0697628395260428,1.0,0.004097160473957251,0.001033571428571459,3.964080624422932,1.0
1.07321,1.0697805132115374,1.0,0.0034294867884625546,0.0010107142857143092,3.393131804839198,1.0
1.07374,1.0697954071934423,1.0,0.0039445928065575675,0.0009950000000000317,3.964414880962253,1.0
1.07331,1.0698062036234974,1.0,0.003503796376502555,0.0009571428571428786,3.6606827814204976,1.0
1.07318,1.069835045106867,1.0,0.003344954893133023,0.0009535714285714425,3.5078178654578007,1.0
1.07226,1.0698568707382416,1.0,0.002403129261758341,0.0010335714285714431,2.325073231832502,1.0
1.0722,1.0698631952921118,1.0,0.002336804707888218,0.000977142857142867,2.391466806318328,1.0
1.07233,1.0698807471797573,1.0,0.0024492528202426644,0.0009807142857142872,2.4974172966786052,1.0
1.07317,1.0698859715763502,1.0,0.003284028423649721,0.0009535714285714267,3.44392493865889,1.0
1.07393,1.069946666060511,1.0,0.00398333393948902,0.001020000000000005,3.9052293524401964,1.0
1.07398,1.0700750209598375,1.0,0.003904979040162404,0.0009471428571428449,4.122903963972425,1.0
1.0746,1.070346601390597,1.0,0.004253398609403103,0.001029285714285701,4.132378940433325,1.0
1.07374,1.0703694542795197,1.0,0.0033705457204802336,0.0010564285714285613,3.1905098097852416,1.0
1.07458,1.0703897281674246,1.0,0.004190271832575476,0.0010235714285714253,4.093775691281008,1.0
1.07477,1.0704699602985284,1.0,0.004300039701471636,0.001009999999999987,4.257465050962071,1.0
1.07538,1.0707847680214777,1.0,0.004595231978522296,0.0010357142857142668,4.436775703400919,1.0
1.07616,1.0711752743708471,1.0,0.004984725629152864,0.0010607142857142562,4.699404633544918,1.0
1.07682,1.0715926423741857,1.0,0.005227357625814388,0.0010764285714285496,4.856204828228462,1.0
1.07584,1.0716632884887574,1.0,0.004176711511242548,0.0011085714285714113,3.7676521364301925,1.0
1.0749,1.071719736065825,1.0,0.0031802639341749206,0.0010778571428571304,2.9505430800827965,1.0
1.07452,1.0728035282547528,-1.0,0.001716471745247139,0.0011235714285713985,1.5276925895397704,-1.0
1.07372,1.0724898913057874,-1.0,0.0012301086942125838,0.001165714285714262,1.0552403014078753,-1.0
1.07366,1.0724121131302864,-1.0,0.0012478868697136658,0.0011235714285713985,1.1106431135404824,-1.0
1.07453,1.0724554892902698,-1.0,0.002074510709730193,0.0011142857142856868,1.8617403805271422,-1.0
1.07434,1.0725578897318138,-1.0,0.00178211026818631,0.0011321428571428355,1.5741037069153827,-1.0
1.0746,1.0726239782151845,-1.0,0.001976021784815485,0.0010828571428571157,1.8248222287214697,-1.0
1.074,1.072659196655057,-1.0,0.0013408033449431311,0.0010592857142856912,1.2657617551722349,-1.0
1.07309,1.0724343093058601,-1.0,0.0006556906941399543,0.0010742857142856943,0.6103503801834794,-1.0
1.07399,1.07247780376374,-1.0,0.0015121962362600883,0.0011142857142857026,1.3570991863872728,-1.0
1.07364,1.0724938764535064,-1.0,0.0011461235464935715,0.0010914285714285685,1.0501131970490867,-1.0
1.07344,1.0725513282645167,-1.0,0.0008886717354832374,0.0010521428571428665,0.8446302984905101,-1.0
1.07434,1.072579616438972,-1.0,0.0017603835610280338,0.001077142857142856,1.634308345781996,-1.0
1.0742,1.0726178036300575,-1.0,0.0015821963699425012,0.0010321428571428623,1.5329238186294052,-1.0
1.07341,1.0726564015323077,-1.0,0.0007535984676922958,0.0010535714285714315,0.7152799015384482,-1.0
1.07297,1.0727388423347244,-1.0,0.00023115766527559423,0.0010728571428571612,0.2154598744246514,-1.0
1.07283,1.072678562424808,-1.0,0.00015143757519187062,0.0010221428571428762,0.14815695686136612,-1.0
1.07223,1.0724668669143431,-1.0,-0.00023686691434310347,0.0010764285714285973,0.22004889189139806,-1.0
1.07263,1.0724972144354354,-1.0,0.0001327855645645304,0.0010550000000000123,0.12586309437396098,-1.0
1.07181,1.0723692453852858,-1.0,-0.0005592453852858448,0.0010978571428571504,0.5093972279766931,-1.0
1.07224,1.0723826671132661,-1.0,-0.00014266711326604842,0.0010964285714285854,0.1301198427182184,-1.0
1.07231,1.0723894172991937,-1.0,-7.941729919358487e-05,0.001090714285714294,0.07281219310479238,-1.0
1.07251,1.0724010257133085,-1.0,0.0001089742866915433,0.0010371428571428634,0.10507162628661136,-1.0
1.07207,1.072426036337057,-1.0,-0.00035603633705694193,0.000993571428571419,0.3583399510278386,-1.0
1.07108,1.0720479051986005,-1.0,-0.0009679051986004605,0.0010485714285714146,0.923070352888735,-1.0
1.07152,1.0720654549837763,-1.0,-0.0005454549837762279,0.0010399999999999774,0.5244759459386921,-1.0
1.07212,1.072073555439934,-1.0,4.6444560065861396e-05,0.0010142857142856978,0.045790411332540144,-1.0
1.07312,1.0720982404184367,-1.0,0.001021759581563364,0.0010821428571428252,0.9442002733919154,-1.0
1.0725,1.0721104843177527,-1.0,0.00038951568224732114,0.0010435714285713818,0.3732525360344107,-1.0
1.07311,1.072169702437852,-1.0,0.0009402975621479737,0.0010399999999999457,0.9041322712961757,-1.0
1.07304,1.072203113260845,-1.0,0.0008368867391550516,0.0010549999999999488,0.7932575726588552,-1.0
1.07302,1.072230852226837,-1.0,0.0007891477731631902,0.000989285714285661,0.7976944999483941,-1.0
1.07332,1.0713771006156987,1.0,0.0019428993843013664,0.0009935714285713873,1.9554702645737068,1.0
1.07409,1.0718009756435156,1.0,0.0022890243564843704,0.0009742857142856736,2.3494384890603026,1.0
1.07438,1.0720111139488724,1.0,0.0023688860511275056,0.0009757142857142385,2.4278480758262577,1.0
1.07342,1.0720548635509772,1.0,0.001365136449022808,0.0010149999999999406,1.3449620187417615,1.0
1.07408,1.0720908962013964,1.0,0.0019891037986035087,0.0010192857142856512,1.9514683378031425,1.0
1.07489,1.0723756412475614,1.0,0.0025143587524385502,0.0010371428571428,2.4243128467039696,1.0
1.0749,1.0724743588430394,1.0,0.002425641156960534,0.0009464285714285069,2.5629415998075316,1.0
1.0743,1.0725247996898117,1.0,0.0017752003101882963,0.0009771428571428034,1.8167254636430932,1.0
1.07454,1.0725354231644268,1.0,0.002004576835573202,0.0009385714285713918,2.13577440624246,1.0
1.07399,1.0725720714241347,1.0,0.0014179285758653126,0.000881428571428541,1.6086709936884167,1.0
1.0737,1.0725929803236594,1.0,0.001107019676340748,0.000869999999999974,1.2724364095871048,1.0
1.07353,1.0726435621653918,1.0,0.0008864378346082891,0.0008557142857142612,1.0359039803436063,1.0
1.07335,1.07268622418626,1.0,0.0006637758137399974,0.0008464285714285495,0.7842077124354603,1.0
1.07247,1.0733802373821069,-1.0,-0.0009102373821068266,0.000950714285714265,0.9574247445150901,-1.0
1.07323,1.0733898464933649,-1.0,-0.00015984649336497903,0.0009742857142857053,0.16406531577050784,-1.0
1.07367,1.073414100790286,-1.0,0.0002558992097139168,0.000944285714285715,0.270997650226538,-1.0
1.07294,1.0734405152470936,-1.0,-0.0005005152470936025,0.0009900000000000147,0.505570956660197,-1.0
1.07241,1.0734936716521575,-1.0,-0.001083671652157392,0.0009557142857143137,1.1338866315547864,-1.0
1.07242,1.073438434507856,-1.0,-0.001018434507856103,0.0009207142857143223,1.1061352296342029,-1.0
1.07298,1.0734643636617287,-1.0,-0.0004843636617286595,0.0009485714285714573,0.5106243421838124,-1.0
1.07296,1.073496325120014,-1.0,-0.0005363251200141139,0.0009764285714286082,0.549272251660374,-1.0
1.07319,1.0735192855647835,-1.0,-0.0003292855647833992,0.0009371428571428904,0.3513717916895904,-1.0
1.0728,1.0735506557175305,-1.0,-0.000750655717530524,0.0009421428571428755,0.7967536046570985,-1.0
1.07209,1.0733760341242873,-1.0,-0.0012860341242872941,0.0009621428571428796,1.3366353184871342,-1.0
1.07157,1.0731250773578254,-1.0,-0.0015550773578254518,0.0009550000000000233,1.628353254267449,-1.0
1.07242,1.0731541120929222,-1.0,-0.00073411209292229,0.0010007142857143072,0.733588101421259,-1.0
1.07244,1.0731703877223655,-1.0,-0.0007303877223654442,0.0009928571428571603,0.7356423102961179,-1.0
1.07307,1.0731986150636257,-1.0,-0.0001286150636257144,0.0009442857142857308,0.13620354695612483,-1.0
1.0729,1.0732190691521812,-1.0,-0.00031906915218127274,0.000872142857142861,0.36584505573610143,-1.0
1.07304,1.073223489877303,-1.0,-0.00018348987730298916,0.0008535714285714217,0.2149672202712861,-1.0
1.07388,1.072622646427532,1.0,0.001257353572468034,0.0008414285714285644,1.4943081506411395,1.0
1.0729,1.0726408794493678,1.0,0.00025912055063215256,0.0008907142857142844,0.29091320840819096,1.0
1.07222,1.072641540379807,1.0,-0.0004215403798071282,0.0009307142857142926,0.45292135973137,1.0
1.073,1.0726646609041883,1.0,0.00033533909581162646,0.000915000000000015,0.36649081509466774,1.0
1.07271,1.0726662224359642,1.0,4.3777564035840655e-05,0.0009135714285714343,0.04791914749818337,1.0
1.07194,1.0736198939875754,-1.0,-0.0016798939875755092,0.0009864285714285628,1.703006214776056,-1.0
1.07242,1.073615053374126,-1.0,-0.001195053374126065,0.0010071428571428414,1.1865778182812177,-1.0
1.07249,1.0736109691632822,-1.0,-0.0011209691632823038,0.000957142857142831,1.1711618123845284,-1.0
1.07168,1.0734752892923747,-1.0,-0.0017952892923747132,0.0010242857142856998,1.7527231585248495,-1.0
1.07083,1.0730621248410581,-1.0,-0.0022321248410581696,0.0010071428571428414,2.216294168426586,-1.0
1.0711,1.0730505028089423,-1.0,-0.0019505028089423782,0.0010149999999999881,1.9216776442782275,-1.0
1.07086,1.0729303234218754,-1.0,-0.0020703234218755195,0.0009664285714285585,2.142241530395984,-1.0
1.07044,1.072707534844521,-1.0,-0.002267534844520913,0.0010028571428571306,2.2610746312886874,-1.0
1.07088,1.0727071973106344,-1.0,-0.0018271973106342987,0.0010357142857142826,1.7641905068193282,-1.0
1.07054,1.0726917435532815,-1.0,-0.0021517435532814044,0.0010092857142856967,2.131946903463566,-1.0
1.06977,1.0723569147539802,-1.0,-0.0025869147539800963,0.000977142857142835,2.647427379804252,-1.0
1.06996,1.0723387892572729,-1.0,-0.002378789257272862,0.0009442857142856674,2.5191414222255464,-1.0
1.06919,1.0719766174257517,-1.0,-0.002786617425751592,0.0009407142857142313,2.9622356841704285,-1.0
1.06863,1.0717084201126927,-1.0,-0.00307842011269277,0.0009757142857142385,3.155042575234324,-1.0
1.06798,1.0713558118676318,-1.0,-0.003375811867631917,0.0009285714285713897,3.635489703603755,-1.0
1.0672,1.0709897831339874,-1.0,-0.003789783133987479,0.00095214285714283,3.9802673575263476,-1.0
1.06778,1.070984963952799,-1.0,-0.0032049639527991225,0.000984999999999982,3.2537705104560213,-1.0
1.06873,1.0709719813857994,-1.0,-0.002241981385799452,0.0009735714285714149,2.302842215788171,-1.0
1.06822,1.0709678177467619,-1.0,-0.002747817746761916,0.0009635714285714288,2.8517011456387555,-1.0
1.06731,1.0709551291699944,-1.0,-0.0036451291699943766,0.0010078571428571317,3.616712145990208,-1.0
1.06651,1.0706974216700866,-1.0,-0.004187421670086566,0.0010514285714285604,3.9826021318758524,-1.0
1.06703,1.0706968236845844,-1.0,-0.003666823684584486,0.0010799999999999857,3.3952071153560506,-1.0
1.06667,1.0706821923160685,-1.0,-0.00401219231606853,0.001073571428571404,3.7372383516274588,-1.0
1.06628,1.070501066999606,-1.0,-0.004221066999606116,0.0010914285714285527,3.8674697640370836,-1.0
1.06716,1.0704783683506593,-1.0,-0.00331836835065924,0.0010792857142856954,3.074596751107225,-1.0
1.06786,1.0704555225049683,-1.0,-0.002595522504968306,0.0011457142857142738,2.265418645234206,-1.0
1.06819,1.0704189308294936,-1.0,-0.0022289308294936028,0.0011221428571428493,1.9863164616747713,-1.0
1.0691,1.0695779100594809,1.0,-0.000477910059480946,0.0011514285714285652,0.4150583643134789,1.0
1.07009,1.070026863530809,1.0,6.313646919098304e-05,0.0011764285714285702,0.05366791552360434,1.0
1.07082,1.070383004556518,1.0,0.000436995443482191,0.0011721428571428438,0.3728175629951702,1.0
1.07084,1.0704602502779603,1.0,0.0003797497220396906,0.001142857142857128,0.3322810067847336,1.0
1.07167,1.070787758258486,1.0,0.0008822417415139672,0.0011321428571428355,0.7792671533877462,1.0
1.0721,1.0710124365646914,1.0,0.0010875634353086916,0.0011149999999999613,0.9753932155235241,1.0
1.07237,1.0711560309583672,1.0,0.0012139690416328452,0.0010857142857142454,1.1181293804513464,1.0
1.0717,1.0711529060145177,1.0,0.0005470939854823609,0.0011149999999999613,0.49066725155370394,1.0
1.07079,1.0711325825878095,1.0,-0.0003425825878096145,0.0010949999999999571,0.3128608107850483,1.0
1.07027,1.0711268961312053,1.0,-0.0008568961312052092,0.001096428571428538,0.7815339307409314,1.0
1.06999,1.0720098783866938,-1.0,-0.0020198783866938186,0.001065714285714257,1.8953282448870121,-1.0
1.07062,1.0719804474967487,-1.0,-0.0013604474967487956,0.0010985714285713932,1.2383787356621425,-1.0
1.07041,1.0719588567751819,-1.0,-0.001548856775181795,0.0010407142857142679,1.488263201959197,-1.0
1.07029,1.0719512975891055,-1.0,-0.0016612975891054926,0.0009964285714285648,1.6672520607510433,-1.0
1.07058,1.0719433880799305,-1.0,-0.0013633880799304166,0.0009564285714285565,1.4254991126979932,-1.0
1.07116,1.0719177798958275,-1.0,-0.0007577798958275928,0.0009485714285714097,0.7988643480110323,-1.0
1.07208,1.0709161363275492,1.0,0.0011638636724506934,0.00097214285714285,1.1972146520433378,1.0
1.07143,1.0709055990505334,1.0,0.0005244009494667079,0.0010107142857142934,0.5188419288009791,1.0
1.07242,1.0710064223645939,1.0,0.0014135776354060603,0.001015000000000004,1.3926873255232066,1.0
1.07276,1.0712190914642787,1.0,0.0015409085357211971,0.001003571428571437,1.5354248754517137,1.0
1.07223,1.0712061015516916,1.0,0.0010238984483084135,0.0010242857142857156,0.9996219160612113,1.0
1.07244,1.0712046284383097,1.0,0.0012353715616904015,0.0009728571428571563,1.269838609667062,1.0
1.07146,1.0711974992936844,1.0,0.00026250070631572697,0.001036428571428589,0.25327428590076606,1.0
1.07187,1.0711950098645446,1.0,0.0006749901354554666,0.0010192857142857306,0.6622187733970835,1.0
1.07269,1.0711981764825664,1.0,0.0014918235174334882,0.0010535714285714315,1.415968084343646,1.0
1.07337,1.0714700109603692,1.0,0.001899989039630734,0.0010242857142857156,1.8549404849951352,1.0
1.07322,1.0714774269132001,1.0,0.0017425730867999256,0.001054285714285706,1.6528471013007555,1.0
1.07224,1.0714764224271836,1.0,0.0007635775728165317,0.0011307142857142707,0.6753054971213889,1.0
1.07284,1.0714850337274857,1.0,0.001354966272514302,0.0011257142857142696,1.2036502420812498,1.0
1.07347,1.0715360259572335,1.0,0.0019339740427664065,0.0011221428571428493,1.7234650922170516,1.0
1.07262,1.0715395697806427,1.0,0.0010804302193572202,0.0010992857142857154,0.9828475029890232,1.0
1.07196,1.071543417277875,1.0,0.0004165827221249696,0.0011092857142857016,0.3755414108016511,1.0
1.0721,1.0715443836743446,1.0,0.0005556163256554836,0.001021428571428554,0.54396003910328,1.0
1.0714,1.0715356181099558,1.0,-0.00013561810995588175,0.0010614285714285623,0.12776941718589238,1.0
1.07113,1.072435824560492,-1.0,-0.0013058245604919971,0.0010278571428571517,1.2704339017990134,-1.0
1.0714,1.0724245851232097,-1.0,-0.001024585123209798,0.0010421428571428487,0.9831522772403899,-1.0
1.07113,1.0724036729351871,-1.0,-0.001273672935187209,0.0009792857142857222,1.3006142299504582,-1.0
1.07076,1.0721576802557018,-1.0,-0.0013976802557018608,0.0009764285714285924,1.431420890989439,-1.0
1.07163,1.0721501507906306,-1.0,-0.0005201507906305025,0.0010050000000000178,0.5175629757517346,-1.0
1.07236,1.0721386101347614,-1.0,0.00022138986523856374,0.0009921428571428859,0.223143132709849,-1.0
1.07181,1.0721293653024369,-1.0,-0.00031936530243692474,0.0010271428571428773,0.3109258855435924,-1.0
1.07084,1.0721114991641039,-1.0,-0.0012714991641038509,0.001037857142857154,1.225119635062197,-1.0
1.07038,1.0720804771925327,-1.0,-0.0017004771925326345,0.0010471428571428656,1.6239209205632121,-1.0
1.06953,1.0716584889558205,-1.0,-0.0021284889558204068,0.0010585714285714326,2.0107183118411323,-1.0
1.06907,1.0714234225593953,-1.0,-0.0023534225593953018,0.0010607142857142879,2.218714870810381,-1.0
1.06967,1.0714001362977128,-1.0,-0.0017301362977129031,0.0010428571428571548,1.6590348060260525,-1.0
1.06871,1.0712502576012075,-1.0,-0.002540257601207463,0.0011428571428571596,2.2227254010564974,-1.0
1.06873,1.0710989632020167,-1.0,-0.0023689632020167384,0.0010642857142857398,2.225871464982117,-1.0
1.06816,1.070809976704762,-1.0,-0.0026499767047620804,0.001085714285714309,2.440768017543969,-1.0
1.06784,1.0705922132477468,-1.0,-0.002752213247746882,0.0010792857142857429,2.5500321289513783,-1.0
1.067,1.0701439995610853,-1.0,-0.0031439995610853533,0.001079285714285727,2.913037316690564,-1.0
1.06743,1.0701294959457042,-1.0,-0.002699495945704067,0.0010928571428571335,2.4701270091409975,-1.0
1.06716,1.0700811589824355,-1.0,-0.00292115898243539,0.0010142857142857137,2.8800158981757384,-1.0
1.06657,1.0698126924512872,-1.0,-0.0032426924512871658,0.0010364285714285731,3.1287177338401273,-1.0
1.0657,1.0694497132023697,-1.0,-0.003749713202369609,0.0010592857142857229,3.539850629344174,-1.0
1.06584,1.06940565979901,-1.0,-0.0035656597990101346,0.0009778571428571573,3.646401547563269,-1.0
1.06637,1.0693779845715177,-1.0,-0.00300798457151763,0.0009535714285714425,3.154440749157019,-1.0
1.06577,1.0693016274166531,-1.0,-0.003531627416653027,0.0009257142857142916,3.8150296167547886,-1.0
1.06591,1.0692613101450181,-1.0,-0.003351310145018216,0.0008814285714285727,3.802134686406398,-1.0
1.06651,1.0692304612320171,-1.0,-0.0027204612320170796,0.0008792857142857173,3.0939445368187637,-1.0
1.06712,1.069194130823576,-1.0,-0.0020741308235758815,0.0008171428571428655,2.5382719868935353,-1.0
1.06772,1.0683420361091103,1.0,-0.0006220361091102689,0.0008749999999999909,0.7108984104117432,1.0
1.06725,1.0683151831888629,1.0,-0.0010651831888628394,0.0008785714285714111,1.2124036296000038,1.0
1.06672,1.0682816188234638,1.0,-0.0015616188234639505,0.0009128571428571279,1.7106935468306468,1.0
1.0677,1.0682573044882848,1.0,-0.0005573044882847267,0.0009442857142856991,0.5901862962168154,1.0
1.06742,1.0682278418471038,1.0,-0.0008078418471038074,0.0009328571428571479,0.8659866661143371,1.0
1.06766,1.0681924055309155,1.0,-0.0005324055309154918,0.0009514285714285713,0.5595853928541206,1.0
1.0681,1.0683122040145259,1.0,-0.0002122040145258186,0.0009278571428571311,0.22870332589387976,1.0
1.06755,1.0683001683639972,1.0,-0.0007501683639972168,0.0008749999999999909,0.8573352731396852,1.0
1.06685,1.0682800701785038,1.0,-0.0014300701785037173,0.0009321428571428417,1.5341749041419444,1.0
1.06659,1.0682439669033075,1.0,-0.0016539669033075466,0.0009314285714285672,1.7757313379068833,1.0
1.06605,1.0690989738881376,-1.0,-0.0030489738881376294,0.0009685714285714297,3.147908144094894,-1.0
1.06691,1.069071291569566,-1.0,-0.002161291569565904,0.001032857142857137,2.092536789344594,-1.0
1.06671,1.0690484573543335,-1.0,-0.0023384573543334675,0.0009907142857142734,2.3603751233359014,-1.0
1.06588,1.0689135618569927,-1.0,-0.0030335618569927725,0.0010242857142856998,2.961636401527156,-1.0
1.0667,1.0688644254747846,-1.0,-0.0021644254747845704,0.0010521428571428507,2.0571593107253343,-1.0
1.06575,1.0688185769497816,-1.0,-0.0030685769497815762,0.0010885714285714387,2.818902709773075,-1.0
1.06575,1.068763073871757,-1.0,-0.003013073871757088,0.0010307142857142976,2.923287193665887,-1.0
1.06665,1.068739748575465,-1.0,-0.002089748575464956,0.001047857142857156,1.9943067523182698,-1.0
1.06636,1.0687085976536808,-1.0,-0.002348597653680784,0.0010649999999999985,2.2052560128458096,-1.0
1.06576,1.0686946635861951,-1.0,-0.0029346635861950965,0.001080714285714292,2.7154851425466697,-1.0
1.06616,1.0686920327636111,-1.0,-0.002532032763611136,0.0010964285714285854,2.309345843032929,-1.0
1.06602,1.0686781943039525,-1.0,-0.0026581943039525324,0.0010542857142857378,2.521322510524026,-1.0
1.06634,1.068646768143615,-1.0,-0.002306768143614857,0.001027142857142893,2.2458104318919934,-1.0
1.06596,1.0686330027432263,-1.0,-0.002673002743226238,0.001040000000000041,2.5701949454097432,-1.0
1.06588,1.068505991595183,-1.0,-0.0026259915951829527,0.0009607142857143305,2.7333741511196745,-1.0
1.06645,1.068489887424227,-1.0,-0.002039887424227116,0.0009314285714286306,2.1900631855197705,-1.0
1.06595,1.0684676025047364,-1.0,-0.002517602504736427,0.0009971428571429186,2.5248162654948283,-1.0
1.0651,1.0681343534977001,-1.0,-0.003034353497700204,0.0009864285714286261,3.076100576958762,-1.0
1.06575,1.0681244019104088,-1.0,-0.00237440191040883,0.000948571428571489,2.5031345441055346,-1.0
1.06558,1.068110779017624,-1.0,-0.0025307790176241074,0.0008700000000000532,2.9089413995677615,-1.0
1.0647,1.0679075466371803,-1.0,-0.0032075466371803696,0.0009435714285714722,3.399368124187971,-1.0
1.06471,1.0677606370360615,-1.0,-0.0030506370360614543,0.0008285714285714642,3.681803319384356,-1.0
1.0645,1.067643892398305,-1.0,-0.003143892398304926,0.0008185714285714621,3.8407062457475707,-1.0
1.06505,1.0676296089210044,-1.0,-0.002579608921004395,0.0008114285714286058,3.179095501237676,-1.0
1.06431,1.067596735748066,-1.0,-0.0032867357480659276,0.0008457142857143227,3.8863429453480554,-1.0
1.06379,1.0673119107596194,-1.0,-0.0035219107596193844,0.0008771428571428779,4.015207706406369,-1.0
1.06325,1.0670183019375301,-1.0,-0.003768301937530083,0.0008771428571428779,4.2961097007670945,-1.0
1.06308,1.0669258911495383,-1.0,-0.003845891149538261,0.0008650000000000205,4.446116935882277,-1.0
1.06376,1.0669151442290628,-1.0,-0.003155144229062712,0.0009400000000000043,3.3565364138964866,-1.0
1.06382,1.0669030908561066,-1.0,-0.003083090856106585,0.0008907142857142685,3.4613690445463536,-1.0
1.0638,1.0668719243422622,-1.0,-0.003071924342262111,0.0008549999999999867,3.5928939675580804,-1.0
1.06426,1.0668326786235012,-1.0,-0.00257267862350119,0.0008271428571428517,3.1103195793624265,-1.0
1.06475,1.0667902555563218,-1.0,-0.0020402555563217017,0.0008342857142856922,2.445511796961009,-1.0
1.0649,1.06598490698092,1.0,-0.0010849069809200085,0.0008321428571428369,1.3037508783588403,1.0
1.06468,1.065942743189661,1.0,-0.0012627431896610197,0.0007492857142856904,1.6852625982130447,1.0
1.06559,1.066223399383878,1.0,-0.0006333993838778529,0.0008285714285714166,0.7644475322663852,1.0
1.06633,1.066543830657493,1.0,-0.00021383065749303043,0.0008435714285714198,0.2534825745048651,1.0
1.0664,1.066578776666907,1.0,-0.0001787766669070212,0.0008249999999999964,0.21669899019032968,1.0
1.06653,1.0666639641591273,1.0,-0.00013396415912736437,0.0007564285714285626,0.17710087136762256,1.0
1.06751,1.0670078373236525,1.0,0.0005021626763475062,0.0008264285714285613,0.6076298590203262,1.0
1.06687,1.0669835548910624,1.0,-0.00011355489106246175,0.0008414285714285644,0.13495487902160253,1.0
1.06665,1.0669687333891753,1.0,-0.00031873338917520755,0.0008228571428571252,0.38734960490043413,1.0
1.06706,1.0669610016489242,1.0,9.899835107574084e-05,0.0008192857142857049,0.12083495336184723,1.0
1.06658,1.0669523736117523,1.0,-0.0003723736117522414,0.0008385714285714345,0.44405711793282304,1.0
1.06659,1.0669183599925565,1.0,-0.00032835999255653725,0.0008264285714285613,0.397324105081381,1.0
1.06611,1.0668911798942986,1.0,-0.0007811798942987114,0.000824285714285706,0.9477052443831949,1.0
1.06683,1.066876085126942,1.0,-4.60851269421525e-05,0.000822857142857141,0.05600623065886601,1.0
1.06621,1.0668201520321205,1.0,-0.0006101520321204479,0.0008871428571428483,0.6877720168829594,1.0
1.06593,1.0667742539453564,1.0,-0.0008442539453563658,0.0008935714285714301,0.9448085719415747,1.0
1.06656,1.0667616815885128,1.0,-0.00020168158851285867,0.0008964285714285758,0.22498344535298864,1.0
1.06692,1.0667133695910977,1.0,0.00020663040890234186,0.0008921428571428651,0.23161134704825942,1.0
1.06651,1.0666943212160422,1.0,-0.00018432121604217144,0.0009171428571428544,0.20097328851950216,1.0
1.06611,1.066648434086428,1.0,-0.0005384340864280635,0.0009649999999999936,0.5579627838632819,1.0
1.06549,1.0674277946267705,-1.0,-0.0019377946267704615,0.000916428571428564,2.114506997255392,-1.0
1.06462,1.0670698309931668,-1.0,-0.0024498309931668683,0.0009699999999999946,2.525598962027713,-1.0
1.06403,1.0666974378473095,-1.0,-0.002667437847309495,0.000993571428571419,2.684696611238914,-1.0
1.06355,1.0664592558727102,-1.0,-0.0029092558727101814,0.0009757142857142861,2.981667805120243,-1.0
1.06448,1.066383420928759,-1.0,-0.0019034209287589476,0.0010407142857142837,1.8289562802076402,-1.0
1.0638,1.066312898707618,-1.0,-0.00251289870761795,0.0011092857142857174,2.265330451168783,-1.0
1.06475,1.066287498363975,-1.0,-0.0015374983639748763,0.0011585714285714216,1.3270639393124783,-1.0
1.06537,1.0662396372181573,-1.0,-0.0008696372181573597,0.0011799999999999905,0.7369806933537006,-1.0
1.06462,1.0662144123861501,-1.0,-0.0015944123861502124,0.0011614285714285513,1.3728027925032817,-1.0
1.06506,1.0661660560214952,-1.0,-0.001106056021495272,0.0011842857142857013,0.9339435645919165,-1.0
1.06584,1.0650938616619976,1.0,0.0007461383380023001,0.0011828571428571205,0.6307932809198309,1.0
1.06629,1.0653111789515006,1.0,0.0009788210484993343,0.0011799999999999747,0.8295093631350469,1.0
1.06645,1.0654112824781214,1.0,0.0010387175218784517,0.0011642857142856813,0.8921500187913335,1.0
1.06614,1.0654013348987892,1.0,0.0007386651012109002,0.001104999999999959,0.6684752047157716,1.0
1.0662,1.0654337316894906,1.0,0.0007662683105094104,0.0010378571428571062,0.7383177114337318,1.0
1.06623,1.0654995851678,1.0,0.0007304148322000437,0.0009471428571428131,0.771177047571726,1.0
1.06687,1.0656908737260253,1.0,0.001179126273974651,0.0009828571428571106,1.1996924299161087,1.0
1.06733,1.0658801673856009,1.0,0.001449832614399016,0.0009828571428571106,1.4751203925571865,1.0
1.06637,1.0658593646795702,1.0,0.0005106353204298308,0.0009907142857142417,0.5154213760647404,1.0
1.06621,1.065833291489227,1.0,0.00037670851077309386,0.0009421428571428121,0.39984224039602473,1.0
1.06567,1.0658243620702126,1.0,-0.000154362070212688,0.000915714285714242,0.16857012347720243,1.0
1.06648,1.0658153944304405,1.0,0.0006646055695596065,0.0009199999999999685,0.7223973582169884,1.0
1.06557,1.0657970865207411,1.0,-0.00022708652074121538,0.0009271428571428249,0.24493153238652743,1.0
1.06464,1.0664246904226138,-1.0,-0.001784690422613755,0.000963571428571397,1.852162039777123,-1.0
1.06402,1.0661048867839487,-1.0,-0.0020848867839486918,0.0009592857142856863,2.1733741604826906,-1.0
1.06442,1.0660888959815233,-1.0,-0.0016688959815234217,0.0009535714285714107,1.7501530892380779,-1.0
1.06394,1.0659970233209837,-1.0,-0.0020570233209835642,0.0009842857142857073,2.0898640416378886,-1.0
1.06323,1.0656582148548428,-1.0,-0.0024282148548429028,0.0010535714285714315,2.304746302901732,-1.0
1.06311,1.06549597947472,-1.0,-0.002385979474720079,0.0010764285714285654,2.216570182221718,-1.0
1.06364,1.0654774153815854,-1.0,-0.0018374153815854388,0.0011485714285714194,1.5997397600868377,-1.0
1.06456,1.0654707105850068,-1.0,-0.000910710585006802,0.0011664285714285683,0.7807684133554968,-1.0
1.0645,1.0654594077334756,-1.0,-0.0009594077334755813,0.0011499999999999844,0.8342675943266038,-1.0
1.06542,1.064437485861795,1.0,0.0009825141382049374,0.0011364285714285621,0.8645630380181795,1.0
1.06515,1.0644324700068453,1.0,0.0007175299931547752,0.001157857142857131,0.6197051143841428,1.0
1.06581,1.064684878547594,1.0,0.0011251214524059527,0.001137857142857143,0.9888073028049804,1.0
1.0655,1.0646805958616907,1.0,0.0008194041383091655,0.0011071428571428463,0.7401069636340922,1.0
1.06504,1.0646699418074332,1.0,0.00037005819256674677,0.0010792857142857112,0.34287324261644403,1.0
1.06584,1.0647200236170384,1.0,0.0011199763829614628,0.0010742857142857101,1.0425312075439188,1.0
1.06665,1.0650568406778143,1.0,0.0015931593221858442,0.0010999999999999899,1.448326656532599,1.0
1.06649,1.0650536841293072,1.0,0.001436315870692706,0.0010907142857142624,1.3168580346888221,1.0
1.06709,1.0652915839817934,1.0,0.0017984160182067388,0.001109999999999976,1.620194610997097,1.0
1.06791,1.065703704941067,1.0,0.0022062950589329944,0.0010935714285713921,2.0175134438316755,1.0
1.068,1.0658280941670957,1.0,0.002171905832904386,0.001099999999999974,1.9744598480949431,1.0
1.06891,1.0662331766077937,1.0,0.002676823392206318,0.001101428571428539,2.4303195519383625,1.0
1.06912,1.0664328688314557,1.0,0.0026871311685443544,0.001019285714285667,2.63628846248232,1.0
1.0692,1.066536989065412,1.0,0.0026630109345879838,0.0010099999999999554,2.6366444896911894,1.0
1.07,1.066912267166868,1.0,0.0030877328331320175,0.0010035714285713895,3.076744460060493,1.0
1.07086,1.0672857559569198,1.0,0.0035742440430801548,0.0010264285714285393,3.482214099034359,1.0
1.07179,1.0677387958834605,1.0,0.004051204116539475,0.0010721428571428074,3.7786047722555156,1.0
1.07122,1.0677416778070135,1.0,0.003478322192986605,0.0010878571428571007,3.197407137348283,1.0
1.07051,1.0677649649627385,1.0,0.002745035037261534,0.0010999999999999582,2.49548639751058,1.0
1.07089,1.0677753297168722,1.0,0.0031146702831277295,0.001084999999999939,2.8706638554174235,1.0
1.06999,1.067779903634853,1.0,0.0022100963651470185,0.0010614285714285149,2.0821903843916494,1.0
1.07002,1.0678020429501323,1.0,0.0022179570498677137,0.001030714285714234,2.1518640816458454,1.0
1.07059,1.067825260621245,1.0,0.002764739378754877,0.0009999999999999534,2.7647393787550056,1.0
1.0704,1.0678561574326806,1.0,0.002543842567319432,0.0009771428571428192,2.603347656613555,1.0
1.0713,1.0678839381926704,1.0,0.0034160618073295623,0.0010442857142856723,3.2711946171419832,1.0
1.0706,1.067896368662826,1.0,0.002703631337173995,0.001047142857142818,2.581912600302684,1.0
1.07101,1.0679416241644466,1.0,0.0030683758355534163,0.0010707142857142582,2.8657279318044653,1.0
1.07043,1.067978131229903,1.0,0.0024518687700969544,0.0010807142857142602,2.268748366249714,1.0
1.06957,1.0680060628029877,1.0,0.0015639371970121996,0.0010907142857142624,1.4338651446084651,1.0
1.06904,1.0688476913117944,-1.0,0.00019230868820563352,0.0010557142857142551,0.18215978585107898,-1.0
1.06885,1.0687494657704937,-1.0,0.00010053422950639934,0.0010314285714285562,0.09747085963224457,-1.0
1.069,1.0687662677802456,-1.0,0.00023373221975431235,0.0009928571428571287,0.2354137465151381,-1.0
1.06973,1.0687854816945386,-1.0,0.0009445183054614947,0.0010028571428571306,0.9418273701183111,-1.0
1.06929,1.0687922649811066,-1.0,0.000497735018893497,0.0009964285714285806,0.4995190153769817,-1.0
1.06902,1.0687612054049054,-1.0,0.0002587945950947024,0.0009521428571428617,0.2718022754182908,-1.0
1.06927,1.0687749065306429,-1.0,0.0004950934693570552,0.0009678571428571552,0.5115356878965819,-1.0
1.06836,1.0684985818206538,-1.0,-0.00013858182065384916,0.001008571428571438,0.1374040714698208,-1.0
1.06904,1.0685120324098436,-1.0,0.0005279675901563863,0.0010442857142857356,0.5055777197119875,-1.0
1.06992,1.0685259550186237,-1.0,0.0013940449813762967,0.001007142857142873,1.3841581375367267,-1.0
1.06916,1.0685599022571828,-1.0,0.0006000977428173293,0.0010007142857143072,0.5996694075262262,-1.0
1.06923,1.06859871226129,-1.0,0.0006312877387097959,0.0009557142857142978,0.6605402348233954,-1.0
1.07006,1.0686101761565638,-1.0,0.001449823843436171,0.001008571428571438,1.437502394341799,-1.0
1.06968,1.0686405751224681,-1.0,0.001039424877531836,0.0009714285714285754,1.0699961974592385,-1.0
1.06875,1.0686568830235617,-1.0,9.311697643843431e-05,0.000977142857142867,0.09529515132588211,-1.0
1.06893,1.0686771648474256,-1.0,0.00025283515257434885,0.0009357142857142937,0.2702055065680041,-1.0
1.0691,1.068691028431092,-1.0,0.0004089715689079565,0.000960714285714283,0.42569531336144295,-1.0
1.06955,1.068717823379293,-1.0,0.0008321766207068926,0.0009557142857142978,0.870737869200026,-1.0
1.0698,1.0687515259910536,-1.0,0.0010484740089464761,0.00094285714285715,1.1120178882765572,-1.0
1.06987,1.0687763328333697,-1.0,0.0010936671666303965,0.0009614285714285893,1.1375438583079693,-1.0
1.07068,1.068033933771451,1.0,0.0026460662285490155,0.0010164285714285848,2.603297765262525,1.0
1.06997,1.0680528623886487,1.0,0.0019171376113513716,0.0009842857142857233,1.9477450333032624,1.0
1.06943,1.0680761183976097,1.0,0.001353881602390361,0.0009664285714285585,1.4009122271592984,1.0
1.06845,1.0690054775389175,-1.0,-0.0005554775389176037,0.001017857142857134,0.5457323189365978,-1.0
1.06845,1.0689371134699033,-1.0,-0.00048711346990337745,0.0009535714285714267,0.5108306051421196,-1.0
1.06848,1.068848552210742,-1.0,-0.0003685522107419459,0.0009485714285714256,0.3885339571074743,-1.0
1.06861,1.068856849381245,-1.0,-0.00024684938124486244,0.0008842857142857184,0.279151158112121,-1.0
1.06885,1.0688635929908539,-1.0,-1.3592990853794618e-05,0.0008742857142857163,0.015547538558261782,-1.0
1.06873,1.0688674929668427,-1.0,-0.00013749296684273382,0.0008450000000000005,0.16271357022808727,-1.0
1.06792,1.068629940473144,-1.0,-0.0007099404731440995,0.0009235714285714362,0.7686903808211377,-1.0
1.06717,1.0683246129267492,-1.0,-0.0011546129267492322,0.0009628571428571542,1.1991528912825713,-1.0
1.06707,1.0682111683419255,-1.0,-0.0011411683419255692,0.0009207142857142747,1.2394380750161489,-1.0
1.06661,1.0679596469596557,-1.0,-0.0013496469596556704,0.0009264285714285661,1.4568278670146102,-1.0
1.06701,1.0679641628303747,-1.0,-0.0009541628303746386,0.0009642857142857032,0.9895021944625995,-1.0
1.06636,1.0679308392840943,-1.0,-0.0015708392840942942,0.0009649999999999778,1.6278127296314304,-1.0
1.06633,1.0678388542299206,-1.0,-0.001508854229920642,0.0009157142857142737,1.6477347284625012,-1.0
1.06551,1.0674452956782063,-1.0,-0.0019352956782063835,0.0009149999999999991,2.1150772439414047,-1.0
1.06508,1.0672190816500629,-1.0,-0.002139081650062824,0.0008614285714285685,2.4831793615986433,-1.0
1.06473,1.067056758854517,-1.0,-0.0023267588545170526,0.0008985714285714153,2.5893977713226723,-1.0
1.06408,1.0667432965928125,-1.0,-0.002663296592812614,0.0009514285714285713,2.7992606831363815,-1.0
1.06343,1.0664336779656656,-1.0,-0.0030036779656654744,0.000982142857142852,3.0582902923139534,-1.0
1.06326,1.0663494021480573,-1.0,-0.0030894021480571965,0.000987142857142853,3.1296403815340756,-1.0
1.06358,1.0663260867155202,-1.0,-0.002746086715520235,0.000987142857142853,2.781853402118918,-1.0
1.06302,1.066218573937864,-1.0,-0.0031985739378639355,0.0009799999999999809,3.2638509570040797,-1.0
1.06383,1.0662252756531303,-1.0,-0.0023952756531302466,0.00095214285714283,2.5156683528750494,-1.0
1.06337,1.0662021090139309,-1.0,-0.002832109013930939,0.0009992857142856945,2.8341333949273717,-1.0
1.06406,1.0662048031800309,-1.0,-0.002144803180030852,0.001024285714285684,2.093950106027393,-1.0
1.06368,1.0661998294993467,-1.0,-0.002519829499346704,0.0010114285714285362,2.4913568496366585,-1.0
1.06465,1.0661843603429897,-1.0,-0.0015343603429895936,0.001037857142857122,1.4783926222886952,-1.0
1.06391,1.0661789872787542,-1.0,-0.002268987278754242,0.0010757142857142593,2.1092843228791613,-1.0
1.06415,1.066159139998443,-1.0,-0.002009139998442988,0.0010728571428571135,1.872700398016152,-1.0
1.06398,1.0661509292084346,-1.0,-0.0021709292084346465,0.001065714285714257,2.0370649408904735,-1.0
1.06443,1.0661329424115205,-1.0,-0.0017029424115204694,0.0010592857142856912,1.6076327553126832,-1.0
1.06533,1.0652124970878578,1.0,0.00011750291214229769,0.001094999999999973,0.10730859556374484,1.0
1.06479,1.0652023837609021,1.0,-0.00041238376090224627,0.0010778571428571146,0.38259593456803176,1.0
1.06499,1.0651894274286127,1.0,-0.00019942742861256413,0.001052142857142819,0.18954405978112687,1.0
1.0658,1.0654333103981601,1.0,0.00036668960183994237,0.0011185714285713974,0.3278195674175821,1.0
1.06546,1.0654298811586378,1.0,3.0118841362281046e-05,0.0010749999999999688,0.028017526848634344,1.0
1.06501,1.0654260123014176,1.0,-0.00041601230141763423,0.0010857142857142613,0.3831692249899349,1.0
1.06409,1.0654031642659858,1.0,-0.0013131642659858223,0.0011157142857142674,1.1769718133035731,1.0
1.0636,1.0664728723468775,-1.0,-0.0028728723468773865,0.0011107142857142665,2.586508865355891,-1.0
1.06409,1.066460870534927,-1.0,-0.0023708705349270165,0.0010999999999999899,2.155336849933671,-1.0
1.06485,1.0664520572046827,-1.0,-0.0016020572046826498,0.0010649999999999826,1.5042790654297427,-1.0
1.06576,1.0664752015388255,-1.0,-0.0007152015388254274,0.0010964285714285538,0.6523010777561006,-1.0
1.06612,1.0654722059386752,1.0,0.0006477940613247579,0.0011114285714285568,0.5828481271559595,1.0
1.06566,1.065490172347767,1.0,0.00016982765223305663,0.0011185714285714132,0.1518254873092481,1.0
1.06471,1.0655193618739291,1.0,-0.0008093618739291042,0.0011599999999999863,0.697725753387167,1.0
1.06501,1.0655263389897047,1.0,-0.0005163389897047121,0.0011042857142857005,0.46757735160841274,1.0
1.06577,1.0655432369448277,1.0,0.00022676305517244089,0.0011292857142857057,0.20080219939368732,1.0
1.0652,1.065556849508112,1.0,-0.00035684950811210037,0.0011542857142857108,0.30915180158226613,1.0
1.0656,1.0655785764126688,1.0,2.1423587331259597e-05,0.0011285714285714152,0.018982925483394805,1.0
1.06621,1.0656397520422443,1.0,0.0005702479577558428,0.0011671428571428427,0.4885845415288799,1.0
1.06569,1.0656570303794974,1.0,3.296962050258756e-05,0.0011664285714285683,0.028265443174294372,1.0
1.06494,1.0656502524943112,1.0,-0.0007102524943112254,0.0011635714285714225,0.6104073002060901,1.0
1.06539,1.06565751175357,1.0,-0.00026751175356998225,0.0011671428571428586,0.2292022368408658,1.0
1.06508,1.0656581167538857,1.0,-0.000578116753885638,0.0011228571428571396,0.5148622490075672,1.0
1.0658,1.0656539712583517,1.0,0.0001460287416483741,0.0011349999999999971,0.12865968427169555,1.0
1.06652,1.0657827297668443,1.0,0.000737270233155618,0.0011485714285714352,0.6419019442897135,1.0
1.06742,1.0661697310301625,1.0,0.001250268969837487,0.0011792857142857319,1.0601917369911906,1.0
1.06663,1.066170730891293,1.0,0.0004592691087068612,0.0012278571428571774,0.374041158923553,1.0
1.06757,1.0661677844408624,1.0,0.001402215559137554,0.0012392857142857444,1.1314707681801315,1.0
1.06763,1.066309829589225,1.0,0.0013201704107750345,0.0012164285714286102,1.085283954835578,1.0
1.06823,1.0666739667957068,1.0,0.0015560332042932057,0.0011742857142857468,1.3250891034126688,1.0
1.06746,1.066659576458941,1.0,0.0008004235410590255,0.0012200000000000305,0.6560848697204963,1.0
1.06813,1.06665084510035,1.0,0.0014791548996500037,0.0011957142857143158,1.2370471084288848,1.0
1.06903,1.0670384978864762,1.0,0.0019915021135237243,0.0011685714285714713,1.7042194125508021,1.0
1.06938,1.0672685724849327,1.0,0.002111427515067321,0.0011385714285714649,1.8544532754668477,1.0
1.06848,1.067251853303858,1.0,0.0012281466961421295,0.0011164285714286054,1.1000674181695003,1.0
1.06783,1.067252479251587,1.0,0.0005775207484131073,0.0011028571428571832,0.5236587097009849,1.0
1.06735,1.0672359335311206,1.0,0.00011406646887945904,0.0011450000000000468,0.09962137020039684,1.0
1.06817,1.0672314522000406,1.0,0.0009385477999594993,0.001173571428571488,0.7997364089733613,1.0
1.06881,1.0672310353102623,1.0,0.0015789646897377274,0.0011578571428571788,1.3636955987863972,1.0
1.06797,1.0672235477686018,1.0,0.0007464522313982425,0.0011250000000000268,0.6635130945761997,1.0
1.06832,1.0672135516757622,1.0,0.0011064483242377854,0.0010757142857143068,1.0285708193445346,1.0
1.06841,1.0671988012356903,1.0,0.001211198764309751,0.0009957142857143061,1.2164119584172286,1.0
1.06774,1.0671801484525736,1.0,0.0005598515474263266,0.0010850000000000185,0.5159922096095089,1.0
1.0682,1.0671779180130616,1.0,0.0010220819869384279,0.0010878571428571643,0.9395369545067439,1.0
1.06855,1.0671525657421101,1.0,0.0013974342578899623,0.0010485714285714623,1.3327029707397033,1.0
1.06768,1.0671277557036158,1.0,0.000552244296384119,0.0011014285714286024,0.5013891147456192,1.0
1.06753,1.0671060091342641,1.0,0.0004239908657359681,0.0010700000000000154,0.396253145547628,1.0
1.06804,1.0671013439452797,1.0,0.0009386560547204326,0.001064285714285724,0.8819587091332843,1.0
1.06861,1.0671024408985237,1.0,0.0015075591014763745,0.0010335714285714431,1.4585920815942601,1.0
1.06807,1.067100701286869,1.0,0.000969298713131117,0.0010242857142857156,0.9463167352744505,1.0
1.0681,1.0670954571992475,1.0,0.0010045428007525725,0.000978571428571416,1.0265400883603064,1.0
1.06713,1.0679432287665294,-1.0,-0.0008132287665294502,0.000940714285714263,0.8644800859083203,-1.0
1.06675,1.0677176739004075,-1.0,-0.0009676739004074175,0.0008928571428571239,1.0837947684563307,-1.0
1.06754,1.067716313406121,-1.0,-0.0001763134061210092,0.000917857142857129,0.19209242690226974,-1.0
1.06694,1.0677034778661056,-1.0,-0.000763477866105644,0.000916428571428564,0.8331013347996183,-1.0
1.06775,1.0676925842886327,-1.0,5.74157113673035e-05,0.0009471428571428449,0.06061990642098487,-1.0
1.06785,1.0676887782021272,-1.0,0.00016122179787281254,0.0008735714285714101,0.18455479723789234,-1.0
1.06722,1.067676012682425,-1.0,-0.0004560126824249,0.0009235714285714046,0.49374923077716676,-1.0
1.06771,1.067661216231332,-1.0,4.8783768668014815e-05,0.0009199999999999685,0.05302583550871357,-1.0
1.06728,1.0676515649684046,-1.0,-0.00037156496840462516,0.0008949999999999791,0.41515638927892046,-1.0
1.06663,1.0676222291626487,-1.0,-0.000992229162648739,0.0009335714285714225,1.062831543770653,-1.0
1.0669,1.0676148263867,-1.0,-0.0007148263867000626,0.0009435714285714246,0.7575752773505616,-1.0
1.06674,1.067597683826015,-1.0,-0.0008576838260150321,0.0009378571428571332,0.9145143613260147,-1.0
1.06758,1.0675974302935725,-1.0,-1.74302935724846e-05,0.0010035714285714212,0.0173682640579919,-1.0
1.06689,1.0675917133238864,-1.0,-0.0007017133238864659,0.0010571428571428676,0.6637828739466504,-1.0
1.06689,1.0675668774450933,-1.0,-0.0006768774450933712,0.001015000000000004,0.6668743301412499,-1.0
1.06732,1.0675547500647697,-1.0,-0.0002347500647696954,0.0010128571428571645,0.23177016267811462,-1.0
1.06691,1.067547486172338,-1.0,-0.0006374861723379421,0.0009585714285714435,0.6650377356729547,-1.0
1.06631,1.0673456530948595,-1.0,-0.0010356530948594234,0.0009478571428571511,1.0926257217808442,-1.0
1.06608,1.067187405273981,-1.0,-0.0011074052739810103,0.0009321428571428735,1.1880209835811397,-1.0
1.06551,1.0669485879752294,-1.0,-0.001438587975229444,0.0009900000000000147,1.4531191668984065,-1.0
1.06452,1.0664862216506579,-1.0,-0.001966221650657962,0.000993571428571435,1.9789434298498412,-1.0
1.06485,1.0664664494532494,-1.0,-0.0016164494532493467,0.0009778571428571573,1.6530527644624193,-1.0
1.06419,1.0662551157148439,-1.0,-0.0020651157148439125,0.0009635714285714288,2.143189029489605,-1.0
1.06449,1.066236100042873,-1.0,-0.0017461000428731221,0.0009564285714285724,1.8256460493072209,-1.0
1.065,1.0662260816967422,-1.0,-0.0012260816967422095,0.0009857142857142881,1.243850996694992,-1.0
1.06486,1.0662090874263817,-1.0,-0.0013490874263817343,0.000993571428571435,1.357816245100227,-1.0
1.06546,1.0662023142978696,-1.0,-0.0007423142978695285,0.0009800000000000125,0.7574635692546112,-1.0
1.06602,1.0661929869804414,-1.0,-0.00017298698044143634,0.0009700000000000106,0.17833709323859223,-1.0
1.06647,1.0653404275115497,1.0,0.0011295724884503588,0.0009857142857142881,1.145943104224999,1.0
1.06677,1.065496563611179,1.0,0.0012734363888209366,0.0010042857142857115,1.2680020941318038,1.0
1.06659,1.0654959669472475,1.0,0.0010940330527524633,0.0009957142857142903,1.0987419468102164,1.0
1.06657,1.0655068419511835,1.0,0.0010631580488165149,0.0009742857142857211,1.0912179386679695,1.0
1.06699,1.0656823285070693,1.0,0.001307671492930762,0.0010071428571428573,1.2983972270234514,1.0
1.06742,1.0658940808797541,1.0,0.001525919120245911,0.0009878571428571434,1.5446758990197211,1.0
1.0676,1.0660473007556237,1.0,0.0015526992443763987,0.0009250000000000171,1.678593777704184,1.0
1.06705,1.0660484598632767,1.0,0.0010015401367233778,0.0009228571428571618,1.0852602100717494,1.0
1.06692,1.0660578358205002,1.0,0.0008621641794999135,0.0009114285714285948,0.9459481593258997,1.0
1.06642,1.066072418291552,1.0,0.00034758170844795266,0.0009278571428571469,0.3746069221148049,1.0
1.06721,1.0660968154622297,1.0,0.0011131845377703176,0.0009528571428571521,1.1682596348414014,1.0
1.06654,1.0661276584501245,1.0,0.00041234154987557226,0.0009764285714285765,0.42229566190621665,1.0
1.06705,1.0661390035752056,1.0,0.0009109964247944191,0.0009371428571428586,0.9720998435306286,1.0
1.067,1.0661657908493798,1.0,0.0008342091506201577,0.0008807142857142823,0.9471961158704179,1.0
1.06732,1.0661753791999624,1.0,0.0011446208000376323,0.0009028571428571576,1.2677762025733061,1.0
1.06737,1.066182915673723,1.0,0.0011870843262768993,0.0008750000000000067,1.356667801459303,1.0
1.06727,1.0662008608785718,1.0,0.001069139121428142,0.0008664285714285695,1.2339610634784848,1.0
1.068,1.0663876336445117,1.0,0.0016123663554883372,0.0009385714285714077,1.7178941382676731,1.0
1.06704,1.0664052507966588,1.0,0.0006347492033411672,0.0009642857142857032,0.6582584330945513,1.0
1.06745,1.066424105610444,1.0,0.0010258943895560257,0.0009621428571428479,1.0662599446016703,1.0
1.06743,1.0664442289660407,1.0,0.0009857710339593595,0.0009878571428571276,0.9978882484042839,1.0
1.06671,1.066449563967067,1.0,0.0002604360329330202,0.0010235714285714095,0.25443855276080607,1.0
1.06682,1.0664647885956589,1.0,0.0003552114043412491,0.0010157142857142784,0.34971586925299036,1.0
1.06757,1.066486313126143,1.0,0.0010836868738568484,0.0010392857142857187,1.04272276522308,1.0
1.06795,1.0665028363898124,1.0,0.0014471636101875962,0.0009857142857142881,1.4681369958424852,1.0
1.06709,1.0665129469703503,1.0,0.0005770530296498322,0.0009950000000000156,0.5799527936179127,1.0
1.06707,1.066521642443262,1.0,0.0005483575567379884,0.0009821428571428678,0.5583276941332185,1.0
1.06658,1.0665457978215747,1.0,3.420217842542428e-05,0.0010242857142857315,0.03339124811408172,1.0
1.06651,1.0665611299080544,1.0,-5.1129908054337037e-05,0.0010000000000000167,0.05112990805433618,1.0
1.06569,1.0673515862511673,-1.0,-0.0016615862511673019,0.0010564285714285931,1.5728335034713825,-1.0
1.06611,1.0673687022527147,-1.0,-0.0012587022527148495,0.0010607142857143195,1.186655322424736,-1.0
1.0655,1.0672051925129447,-1.0,-0.0017051925129447643,0.0010150000000000517,1.6799926235908151,-1.0
1.06605,1.067208845122894,-1.0,-0.0011588451228941032,0.0009871428571429006,1.1739386194295753,-1.0
1.06625,1.0672078472915945,-1.0,-0.000957847291594538,0.0009714285714286072,0.9860192707590468,-1.0
1.06634,1.0672074750667,-1.0,-0.0008674750666999298,0.0009385714285714711,0.9242504515828361,-1.0
1.06644,1.067212050060506,-1.0,-0.0007720500605059577,0.0008857142857143309,0.8716694231518433,-1.0
1.06603,1.0672217593601272,-1.0,-0.0011917593601271648,0.0009264285714286137,1.286401776544298,-1.0
1.06604,1.0672130385042156,-1.0,-0.0011730385042154623,0.0008442857142857577,1.3893857071925235,-1.0
1.06578,1.067188209280759,-1.0,-0.0014082092807590207,0.0008185714285714621,1.7203254738765692,-1.0
1.06548,1.0670290806810825,-1.0,-0.0015490806810825042,0.000777142857142873,1.9933023469811226,-1.0
1.06542,1.0669680384621878,-1.0,-0.0015480384621877619,0.000760714285714305,2.034980138087147,-1.0
1.06602,1.0669772110424813,-1.0,-0.0009572110424813651,0.0007642857142857253,1.2524256630597121,-1.0
1.06512,1.0668972833486001,-1.0,-0.001777283348600056,0.0007985714285714421,2.225578432951732,-1.0
1.06435,1.0666029258907703,-1.0,-0.0022529258907704186,0.0008071428571428793,2.7912356168836276,-1.0
1.06353,1.0662895467606222,-1.0,-0.002759546760622067,0.0008800000000000077,3.1358485916159577,-1.0
1.06281,1.065911165079745,-1.0,-0.003101165079745005,0.0009007142857142865,3.443006432706585,-1.0
1.06197,1.0655289427273642,-1.0,-0.0035589427273641228,0.0009207142857142905,3.865414909472262,-1.0
1.06151,1.0653000391043932,-1.0,-0.003790039104393239,0.0009528571428571363,3.977552283471193,-1.0
1.06126,1.0650978554779411,-1.0,-0.0038378554779410212,0.000982142857142852,3.9076346684490604,-1.0
1.06085,1.064883890860187,-1.0,-0.004033890860186906,0.001027857142857136,3.92456372777047,-1.0
1.06137,1.0648759876967069,-1.0,-0.003505987696706958,0.0010371428571428476,3.380428908670652,-1.0
1.06215,1.0648447745361729,-1.0,-0.0026947745361729503,0.0011185714285714132,2.409121552134216,-1.0
1.06254,1.0648085800779272,-1.0,-0.0022685800779271847,0.0011399999999999982,1.9899825244975335,-1.0
1.06199,1.064786945552009,-1.0,-0.0027969455520089337,0.001151428571428581,2.42910904020625,-1.0
1.06144,1.0647575091020212,-1.0,-0.003317509102021221,0.0011771428571428608,2.8182722954063686,-1.0
1.06143,1.0647358704738297,-1.0,-0.0033058704738295752,0.00117571428571428,2.8117974868538447,-1.0
1.06213,1.0646879096269166,-1.0,-0.002557909626916599,0.0011885714285714277,2.1520874264923324,-1.0
1.06294,1.0646699083897755,-1.0,-0.0017299083897754919,0.0012014285714285597,1.4398761864956673,-1.0
1.06229,1.0646454785543873,-1.0,-0.0023554785543873358,0.0011785714285714097,1.9985878643286805,-1.0
1.0618,1.064626984461949,-1.0,-0.002826984461948845,0.0011842857142857013,2.3870797628036344,-1.0
1.06218,1.0645965699727538,-1.0,-0.002416569972753857,0.0011392857142856919,2.1211272488122046,-1.0
1.06166,1.0645287423299983,-1.0,-0.0028687423299982306,0.0010949999999999888,2.619856009130831,-1.0
1.06083,1.0644609171504795,-1.0,-0.0036309171504795845,0.0011371428571428366,3.1930175946429085,-1.0
1.06076,1.0643137087285366,-1.0,-0.003553708728536664,0.0010928571428571177,3.251759620883297,-1.0
1.0602,1.0640106754829868,-1.0,-0.0038106754829867473,0.0010649999999999826,3.578099045058037,-1.0
1.05941,1.063599432341071,-1.0,-0.004189432341070942,0.0010692857142856932,3.9179727972608114,-1.0
1.05869,1.0631891839481917,-1.0,-0.0044991839481918205,0.0010957142857142474,4.106165272143917,-1.0
1.05948,1.0631385232909656,-1.0,-0.0036585232909656096,0.0011278571428570932,3.2437825252388084,-1.0
1.0597,1.0630958755085747,-1.0,-0.003395875508574564,0.001134285714285675,2.9938449068038757,-1.0
1.05892,1.0630320265288078,-1.0,-0.004112026528807711,0.00118214285714283,3.4784514443087176,-1.0
1.0589,1.0629905099680288,-1.0,-0.004090509968028844,0.0011349999999999655,3.6039735401136284,-1.0
1.0583,1.0627117876087246,-1.0,-0.004411787608724627,0.0010942857142856826,4.031659694657086,-1.0
1.05791,1.0624802388351111,-1.0,-0.004570238835111207,0.0010807142857142602,4.228905729779141,-1.0
1.05762,1.0622256032898127,-1.0,-0.004605603289812743,0.0010478571428571084,4.395258763284289,-1.0
1.05775,1.0621308209482345,-1.0,-0.004380820948234554,0.00102785714285712,4.262091263049695,-1.0
1.05802,1.0621194872687978,-1.0,-0.00409948726879783,0.0010335714285714115,3.9663318426517327,-1.0
1.05845,1.0620824247148348,-1.0,-0.0036324247148349365,0.00099857142857142,3.63762131671599,-1.0
1.05871,1.0620226944633218,-1.0,-0.0033126944633217192,0.0010235714285714253,3.2364077101538182,-1.0
1.05781,1.0619824001770288,-1.0,-0.004172400177028912,0.0010471428571428496,3.9845567857029462,-1.0
1.05732,1.0617511155071604,-1.0,-0.004431115507160355,0.0010092857142857126,4.390347990109347,-1.0
1.05747,1.0617139576106482,-1.0,-0.00424395761064833,0.0009592857142857181,4.424080904622218,-1.0
1.05666,1.0612667921965122,-1.0,-0.004606792196512277,0.0009578571428571532,4.809477311795018,-1.0
1.05721,1.0612343202572814,-1.0,-0.0040243202572813885,0.0009821428571428678,4.097489716504642,-1.0
1.05696,1.0611833980372156,-1.0,-0.00422339803721572,0.0009028571428571576,4.677814281726196,-1.0
1.05718,1.0611474707025002,-1.0,-0.003967470702500142,0.000910000000000014,4.359857914835254,-1.0
1.0579,1.061113882449851,-1.0,-0.00321388244985088,0.0009092857142857236,3.534513299128976,-1.0
1.05827,1.0610463316141088,-1.0,-0.002776331614108729,0.0008728571428571673,3.1807399834305334,-1.0
1.05921,1.0603277821164037,1.0,-0.001117782116403676,0.0009328571428571639,1.1982350405552153,1.0
1.06018,1.0607712437490893,1.0,-0.0005912437490893652,0.0009735714285714467,0.6072936527696962,1.0
1.06071,1.0609574014346714,1.0,-0.0002474014346713904,0.0010192857142857306,0.24272039841621657,1.0
1.06072,1.0610053301736722,1.0,-0.00028533017367204927,0.000985714285714304,0.28946539358033446,1.0
1.06082,1.061111800541554,1.0,-0.00029180054155397706,0.0009650000000000095,0.30238398088494733,1.0
1.06019,1.0610812317280625,1.0,-0.0008912317280624915,0.0009385714285714394,0.9495619629280622,1.0
1.06106,1.061144556522179,1.0,-8.455652217920218e-05,0.0009457142857143116,0.0894102198269485,1.0
1.06049,1.0611140677835778,1.0,-0.0006240677835778197,0.0009800000000000284,0.6368038607936751,1.0
1.06013,1.0610746976464962,1.0,-0.0009446976464961843,0.0009600000000000243,0.9840600484335004,1.0
1.06005,1.0610562264632923,1.0,-0.0010062264632924034,0.0009021428571428672,1.1153737518680515,1.0
1.06059,1.0610192957175753,1.0,-0.0004292957175753287,0.000949285714285716,0.4522302517723545,1.0
1.0611,1.0610269269837236,1.0,7.307301627634821e-05,0.0009714285714285596,0.07522222263741819,1.0
1.06142,1.0611654704485238,1.0,0.0002545295514762014,0.0009578571428571373,0.2657280925180343,1.0
1.06216,1.0614741226632463,1.0,0.0006858773367537374,0.0010035714285714053,0.6834364921389713,1.0
1.06116,1.0614554669457612,1.0,-0.00029546694576110255,0.0010021428571428562,0.29483515614080114,1.0
1.06178,1.0614431904424007,1.0,0.00033680955759929354,0.0010007142857142912,0.33656915106281826,1.0
1.06088,1.0614062373428563,1.0,-0.0005262373428562839,0.000998571428571436,0.5269901859791073,1.0
1.06049,1.0613546053631222,1.0,-0.0008646053631222728,0.0010257142857142806,0.8429300197570946,1.0
1.05969,1.0621245092019405,-1.0,-0.002434509201940438,0.0010549999999999965,2.307591660607058,-1.0
1.05897,1.0617778991229234,-1.0,-0.002807899122923452,0.0010921428571428432,2.5709998509436773,-1.0
1.05909,1.0617527667071291,-1.0,-0.0026627667071290606,0.0010585714285714007,2.5154341362893273,-1.0
1.05919,1.0616907655783268,-1.0,-0.0025007655783266802,0.001017857142857118,2.4568924980052196,-1.0
1.05925,1.0616375078851912,-1.0,-0.0023875078851911535,0.000984999999999982,2.4238658732905556,-1.0
1.05901,1.0614518857520343,-1.0,-0.0024418857520343007,0.0010092857142856967,2.419419711852852,-1.0
1.05827,1.0610921181906825,-1.0,-0.0028221181906824544,0.0010271428571428456,2.7475420493431715,-1.0
1.05851,1.0610140666812828,-1.0,-0.0025040666812827794,0.000998571428571436,2.5076490370499753,-1.0
1.05818,1.0608616501741333,-1.0,-0.0026816501741333543,0.0009828571428571425,2.728423142286844,-1.0
1.05719,1.0604178008796898,-1.0,-0.0032278008796897684,0.001015000000000004,3.180099388856902,-1.0
1.05637,1.0599969489949317,-1.0,-0.003626948994931656,0.000987142857142853,3.674188562159435,-1.0
1.05637,1.0598173904945425,-1.0,-0.003447390494542457,0.0009249999999999854,3.7269086427486613,-1.0
1.0555,1.059437377220247,-1.0,-0.003937377220246896,0.000940714285714263,4.185518685152458,-1.0
1.056,1.0594159194615638,-1.0,-0.003415919461563721,0.0009599999999999927,3.5582494391289035,-1.0
1.05598,1.0593085233990276,-1.0,-0.003328523399027672,0.0009135714285714343,3.6434188886932852,-1.0
1.05511,1.059030469233217,-1.0,-0.003920469233217094,0.0008992857142857373,4.359536875698008,-1.0
1.05481,1.058823107457406,-1.0,-0.004013107457405907,0.000903571428571448,4.4413837473266,-1.0
1.05456,1.0585349604708574,-1.0,-0.003974960470857436,0.0009042857142857384,4.39569088404444,-1.0
1.05404,1.0582063995812283,-1.0,-0.0041663995812282195,0.0009500000000000222,4.385683769713813,-1.0
1.05461,1.0580875309702638,-1.0,-0.003477530970263709,0.000946428571428602,3.6743723459388944,-1.0
1.05558,1.0579843700411344,-1.0,-0.0024043700411344737,0.0009571428571428786,2.5120284011852148,-1.0
1.05467,1.0579450895807168,-1.0,-0.0032750895807167613,0.0009764285714285765,3.3541517286052978,-1.0
1.05551,1.0578720977430058,-1.0,-0.0023620977430058865,0.0010335714285714431,2.285374457642152,-1.0
1.05584,1.0577880576747773,-1.0,-0.0019480576747774592,0.0009642857142857191,2.020207959028466,-1.0
1.05635,1.0569923716471932,1.0,-0.0006423716471932739,0.0009528571428571363,0.6741531529764541,1.0
1.0573,1.0574174651780197,1.0,-0.00011746517801980438,0.001016428571428569,0.115566584137545,1.0
1.05767,1.0576140067339013,1.0,5.599326609884159e-05,0.0009614285714285734,0.05823965270310406,1.0
1.05708,1.057601120548661,1.0,-0.0005211205486610471,0.00097214285714285,0.5360534666608899,1.0
1.05671,1.0575156325387831,1.0,-0.0008056325387830743,0.0010185714285714242,0.7909435864630496,1.0
1.05671,1.057479850209589,1.0,-0.0007698502095889737,0.000950714285714281,0.8097597997179328,1.0
1.05655,1.0574369576714353,1.0,-0.0008869576714352068,0.0009342857142857129,0.9493430734015988,1.0
1.05715,1.0574245508276063,1.0,-0.00027455082760630134,0.0009785714285714317,0.2805628895246866,1.0
1.05786,1.0574689607018972,1.0,0.00039103929810280214,0.0009964285714285806,0.39244087264796984,1.0
1.05789,1.0574666478665327,1.0,0.00042335213346733624,0.0009807142857142872,0.4316773392966277,1.0
1.05702,1.0574375764444774,1.0,-0.0004175764444773744,0.0009750000000000116,0.428283532797302,1.0
1.05797,1.05741176467063,1.0,0.0005582353293700493,0.0009992857142857422,0.5586343539085398,1.0
1.05756,1.0574034378731754,1.0,0.00015656212682468862,0.0009392857142857298,0.1666821122087912,1.0
1.05822,1.057512236919888,1.0,0.0007077630801120005,0.0009571428571428786,0.7394539642961033,1.0
1.05784,1.0574996924376954,1.0,0.0003403075623045204,0.0009478571428571669,0.3590283249633131,1.0
1.05689,1.0574848230287888,1.0,-0.0005948230287886602,0.0009621428571428796,0.6182273498916888,1.0
1.05708,1.0574440428380405,1.0,-0.0003640428380404792,0.0009421428571428755,0.3863987666843525,1.0
1.05791,1.0574252470206544,1.0,0.0004847529793454708,0.0009635714285714446,0.5030794448359139,1.0
1.05748,1.057405269783216,1.0,7.4730216784058e-05,0.0009585714285714277,0.07795998770319024,1.0
1.05811,1.0573847303473398,1.0,0.0007252696526602875,0.0010049999999999862,0.7216613459306443,1.0
1.05749,1.0573779035735622,1.0,0.00011209642643783546,0.0010221428571428445,0.10966806220333444,1.0
1.05736,1.0573702623149117,1.0,-1.0262314911635428e-05,0.0010085714285713904,0.010175099770743727,1.0
1.05644,1.057350397082918,1.0,-0.0009103970829178465,0.0009907142857142257,0.9189300043872115,1.0
1.05715,1.05732231674136,1.0,-0.00017231674135986808,0.001045714285714237,0.1647837690599908,1.0
1.05735,1.0573104574091976,1.0,3.9542590802410515e-05,0.0009921428571427907,0.03985574306938692,1.0
1.05696,1.0572951140185562,1.0,-0.00033511401855634837,0.000956428571428493,0.3503806019260091,1.0
1.05713,1.0572846077303966,1.0,-0.00015460773039666087,0.000939999999999925,0.16447630893263107,1.0
1.05712,1.0572479883739465,1.0,-0.00012798837394645268,0.0009271428571427931,0.1380460119607443,1.0
1.0564,1.0572182236612067,1.0,-0.0008182236612066518,0.0009342857142856495,0.8757745609246116,1.0
1.05611,1.0579991063653256,-1.0,-0.0018891063653254658,0.0009042857142856432,2.089059171766082,-1.0
1.05512,1.057557301635713,-1.0,-0.002437301635712874,0.000976428571428513,2.496139202632208,-1.0
1.05521,1.057507008933216,-1.0,-0.0022970089332159382,0.0008964285714285124,2.5624004035876697,-1.0
1.05486,1.0572398428849819,-1.0,-0.002379842884981942,0.0008771428571428144,2.7131759275039746,-1.0
1.05567,1.05720952313106,-1.0,-0.0015395231310599833,0.0009214285714285334,1.6708002972744695,-1.0
1.05656,1.0571804866314385,-1.0,-0.0006204866314385438,0.0009957142857142584,0.6231573056054412,-1.0
1.0565,1.0571715478284163,-1.0,-0.0006715478284162746,0.0009814285714285617,0.6842554292451192,-1.0
1.05609,1.0571497033350372,-1.0,-0.0010597033350372431,0.0009778571428571414,1.0836995391177082,-1.0
1.05592,1.0571449609122396,-1.0,-0.0012249609122396699,0.0009235714285714204,1.3263304540878214,-1.0
1.05578,1.0571172988622703,-1.0,-0.0013372988622704085,0.0009321428571428576,1.4346501204433493,-1.0
1.05499,1.0570884012512507,-1.0,-0.0020984012512506034,0.0009757142857142861,2.1506308577971036,-1.0
1.05403,1.0568561421456206,-1.0,-0.0028261421456206026,0.001049285714285705,2.6933961905165953,-1.0
1.05401,1.0567665395375028,-1.0,-0.002756539537502878,0.0010285714285714104,2.679968994794512,-1.0
1.05415,1.0567444521172664,-1.0,-0.002594452117266499,0.0009942857142857095,2.609362761618618,-1.0
1.05424,1.0567313041038906,-1.0,-0.002491304103890535,0.000965714285714284,2.5797527703008543,-1.0
1.05374,1.0564462618690473,-1.0,-0.0027062618690474327,0.0009192857142856939,2.9438746050244675,-1.0
1.05421,1.0564298022492458,-1.0,-0.0022198022492456726,0.0009535714285714107,2.3278825085722845,-1.0
1.05365,1.056374235850332,-1.0,-0.002724235850332102,0.0009649999999999778,2.8230423319504294,-1.0
1.05386,1.0563523875430882,-1.0,-0.002492387543088226,0.0009021428571428355,2.7627415362815517,-1.0
1.05483,1.0563203259874538,-1.0,-0.001490325987453911,0.0008514285714285348,1.750382871170776,-1.0
1.05494,1.05631611354166,-1.0,-0.0013761135416601178,0.0008821428571428155,1.5599667678738913,-1.0
1.05545,1.055378552192904,1.0,7.14478070960034e-05,0.0008957142857142378,0.07976629181372417,1.0
1.05617,1.0556976063212624,1.0,0.00047239367873763705,0.0009399999999999567,0.5025464667421902,1.0
1.05582,1.0556920357534865,1.0,0.00012796424651351224,0.0009492857142856843,0.13480056066134144,1.0
1.05487,1.0556837919283977,1.0,-0.0008137919283977002,0.0009557142857142661,0.8515012703713032,1.0
1.0542,1.0556747199558643,1.0,-0.0014747199558642343,0.0009714285714285754,1.5180940722131762,1.0
1.05507,1.0556611340972752,1.0,-0.0005911340972752921,0.0010400000000000092,0.5683981704570066,1.0
1.0548,1.0556491551930005,1.0,-0.0008491551930005503,0.0010607142857142879,0.8005503503035475,1.0
1.05406,1.0567151256048266,-1.0,-0.0026551256048266136,0.0011128571428571535,2.3858638297543155,-1.0
1.05393,1.0565463506105162,-1.0,-0.002616350610516127,0.001079285714285727,2.42415013548811,-1.0
1.0544,1.0565263004035639,-1.0,-0.0021263004035638744,0.0010878571428571484,1.9545768647336894,-1.0
1.05461,1.0565149935564988,-1.0,-0.0019049935564987575,0.0010864285714285676,1.753445745626739,-1.0
1.05402,1.0564882686923505,-1.0,-0.002468268692350506,0.0011071428571428463,2.2294039801875756,-1.0
1.05455,1.0564719389838948,-1.0,-0.0019219389838946999,0.001127857142857125,1.7040624303056509,-1.0
1.05549,1.0564536779411988,-1.0,-0.0009636779411987817,0.001145714285714258,0.8411154100238947,-1.0
1.05482,1.0564380158581144,-1.0,-0.0016180158581142745,0.0011192857142857035,1.4455789415188296,-1.0
1.05397,1.0563854277266644,-1.0,-0.0024154277266643653,0.001157857142857131,2.0861189496176102,-1.0
1.05447,1.0563402118806453,-1.0,-0.0018702118806452894,0.0011614285714285513,1.6102685319209413,-1.0
1.0549,1.056319886154562,-1.0,-0.0014198861545620112,0.0011128571428571218,1.2758925650750021,-1.0
1.0545,1.0562733447896027,-1.0,-0.001773344789602671,0.001065714285714257,1.6639964513698433,-1.0
1.05524,1.056238268051481,-1.0,-0.000998268051481066,0.001037857142857122,0.9618549704566555,-1.0
1.05424,1.0562233674836778,-1.0,-0.001983367483677778,0.0010964285714285538,1.8089345128006085,-1.0
1.05448,1.056157482406832,-1.0,-0.001677482406831965,0.0010685714285714187,1.5698364769817998,-1.0
1.05386,1.0561194971813288,-1.0,-0.0022594971813287845,0.0011207142857142843,2.016122405264692,-1.0
1.05334,1.0558164530732894,-1.0,-0.002476453073289475,0.0011099999999999919,2.2310388047653094,-1.0
1.053,1.055615609271702,-1.0,-0.002615609271702013,0.0011349999999999813,2.3045015609709747,-1.0
1.05234,1.055247920758791,-1.0,-0.0029079207587909828,0.001144285714285693,2.541254096321755,-1.0
1.05184,1.0549280536976209,-1.0,-0.003088053697620774,0.0011014285714285549,2.803680399915142,-1.0
1.0523,1.0548826673204075,-1.0,-0.0025826673204074613,0.0010678571428571443,2.4185513368364155,-1.0
1.05278,1.0548459789946683,-1.0,-0.002065978994668205,0.0010649999999999985,1.9398863799701485,-1.0
1.05222,1.0548166056777828,-1.0,-0.0025966056777828594,0.0010092857142857126,2.5727161704854984,-1.0
1.05129,1.054501459028193,-1.0,-0.0032114590281928646,0.001046428571428575,3.068971084962454,-1.0
1.05102,1.0542638541913996,-1.0,-0.003243854191399498,0.001020000000000005,3.180249207254394,-1.0
1.05158,1.054213737909345,-1.0,-0.0026337379093450686,0.0010100000000000029,2.6076612963812487,-1.0
1.0519,1.05418034591057,-1.0,-0.0022803459105700252,0.0010007142857142754,2.278718254673853,-1.0
1.05107,1.0541436644994113,-1.0,-0.003073664499411377,0.0009892857142856926,3.1069532846036263,-1.0
1.05112,1.0541135825853973,-1.0,-0.002993582585397281,0.0009664285714285427,3.0975725199972786,-1.0
1.05199,1.0540905814920736,-1.0,-0.0021005814920735943,0.0010085714285714062,2.0827295247189075,-1.0
1.05275,1.054069712510194,-1.0,-0.0013197125101940266,0.0010435714285714135,1.2646115771879973,-1.0
1.0531,1.0529992743054186,1.0,0.00010072569458130509,0.0010442857142857198,0.09645415349782926,1.0
1.05267,1.0529938893360107,1.0,-0.00032388933601068537,0.0010207142857142954,0.3173163543841534,1.0
1.05354,1.0531761242510655,1.0,0.00036387574893437247,0.0010664285714285793,0.34120967750041375,1.0
1.05269,1.053173629339931,1.0,-0.0004836293399310687,0.001089285714285729,0.44398759075638494,1.0
1.05341,1.053173432016799,1.0,0.00023656798320104144,0.0011000000000000215,0.21506180291003346,1.0
1.05377,1.053316730729669,1.0,0.00045326927033118025,0.001097142857142876,0.4131360536872666,1.0
1.05319,1.0533156266743016,1.0,-0.00012562667430149332,0.0010885714285714387,0.1154050813793235,1.0
1.05291,1.0533022005883779,1.0,-0.00039220058837785565,0.001102142857142861,0.35585276975307584,1.0
1.05341,1.0532832739255085,1.0,0.00012672607449148998,0.0011142857142857185,0.11372852838979827,1.0
1.0541,1.0534198884269284,1.0,0.0006801115730716845,0.0011600000000000024,0.5863030802342095,1.0
1.05319,1.0534133694939876,1.0,-0.00022336949398749084,0.0011685714285714394,0.1911474887423498,1.0
1.0539,1.0533987579365507,1.0,0.0005012420634493697,0.001228571428571436,0.40798772606343797,1.0
1.0542,1.0533818518374,1.0,0.000818148162599952,0.0011821428571428619,0.6920890801449718,1.0
1.05396,1.05335430187152,1.0,0.0006056981284801033,0.0011485714285714352,0.5273491168359078,1.0
1.05366,1.0533251619900308,1.0,0.0003348380099692516,0.0011271428571428663,0.29706794293849714,1.0
1.05292,1.0533157327561182,1.0,-0.00039573275611815006,0.0011685714285714394,0.3386466128150397,1.0
1.05213,1.053291097435144,1.0,-0.0011610974351439207,0.001187857142857169,0.977472284546875,1.0
1.05115,1.0541417522767818,-1.0,-0.002991752276781723,0.0011985714285714457,2.4960984430836426,-1.0
1.05061,1.0538165383982752,-1.0,-0.003206538398275116,0.0012028571428571405,2.6657682645992704,-1.0
1.05055,1.0536372502308637,-1.0,-0.0030872502308636474,0.0011578571428571469,2.6663481327631655,-1.0
1.04977,1.0532723275221558,-1.0,-0.003502327522155735,0.001185714285714298,2.9537701994084204,-1.0
1.05027,1.053230098075944,-1.0,-0.0029600980759438844,0.0012064285714285766,2.453604089000249,-1.0
1.05069,1.0532100784003249,-1.0,-0.0025200784003249765,0.0012042857142857213,2.0925917914916647,-1.0
1.05046,1.053196101638639,-1.0,-0.0027361016386391324,0.0011264285714285918,2.429005893528672,-1.0
1.04968,1.0529436171738762,-1.0,-0.003263617173876243,0.0010792857142857429,3.0238676660665913,-1.0
1.05025,1.05290257729424,-1.0,-0.002652577294240066,0.0010564285714285931,2.5108912859607955,-1.0
1.05016,1.052884702927368,-1.0,-0.002724702927368039,0.0010371428571428793,2.627124034652323,-1.0
1.05002,1.0528717031022072,-1.0,-0.0028517031022072814,0.0009971428571428711,2.8598741712680074,-1.0
1.04904,1.0525110972162652,-1.0,-0.003471097216265262,0.0010585714285714326,3.279039205648683,-1.0
1.0499,1.0524484887750165,-1.0,-0.0025484887750164553,0.001037857142857138,2.455529445989714,-1.0
1.04995,1.052400738766977,-1.0,-0.0024507387669769898,0.000960714285714283,2.550954850384978,-1.0
1.05036,1.052369454128357,-1.0,-0.002009454128357069,0.000950714285714281,2.113625679714433,-1.0
1.04947,1.0523330341430293,-1.0,-0.0028630341430293527,0.0009814285714285775,2.917210917206018,-1.0
1.05043,1.0522856083814913,-1.0,-0.001855608381491347,0.001075714285714291,1.7250011514527712,-1.0
1.05006,1.0522577048909492,-1.0,-0.0021977048909491703,0.0010064285714285668,2.1836670314612157,-1.0
1.051,1.0522302323315622,-1.0,-0.0012302323315622754,0.001049285714285705,1.1724474228639896,-1.0
1.05034,1.0522030683234527,-1.0,-0.0018630683234526213,0.0010549999999999965,1.7659415388176565,-1.0
1.04935,1.0521871407804322,-1.0,-0.002837140780432179,0.0011042857142857005,2.569208986161126,-1.0
1.0494,1.0521506144538848,-1.0,-0.002750614453884692,0.001073571428571404,2.562115925108887,-1.0
1.04963,1.0521029572129241,-1.0,-0.002472957212924065,0.0010421428571428329,2.372954145369275,-1.0
1.04935,1.05204490049329,-1.0,-0.002694900493289909,0.0010321428571428307,2.610976256474719,-1.0
1.04932,1.0520037909946534,-1.0,-0.0026837909946533234,0.0010499999999999796,2.5559914234794054,-1.0
1.0486,1.0517141650467616,-1.0,-0.003114165046761652,0.0010335714285714115,3.0130138669429063,-1.0
1.04935,1.0516902030052617,-1.0,-0.0023402030052617206,0.0010521428571428507,2.224225531138105,-1.0
1.04946,1.0516643810236468,-1.0,-0.0022043810236467287,0.0010335714285714115,2.132780534281597,-1.0
1.04947,1.0516503890914413,-1.0,-0.0021803890914413593,0.0009878571428571276,2.2071906927100144,-1.0
1.04899,1.0516208485290826,-1.0,-0.0026308485290824635,0.0009649999999999778,2.726267905784999,-1.0
1.04856,1.0515159163090266,-1.0,-0.002955916309026696,0.0009014285714285451,3.279146460093102,-1.0
1.04923,1.0514883949903857,-1.0,-0.0022583949903856038,0.0009378571428571173,2.408037308865142,-1.0
1.04872,1.0514765394536063,-1.0,-0.0027565394536062104,0.000868571428571409,3.1736473972440638,-1.0
1.04791,1.0511650684178113,-1.0,-0.003255068417811424,0.000897857142857109,3.625374530577697,-1.0
1.04732,1.0508233050646023,-1.0,-0.00350330506460228,0.000891428571428543,3.929989655803965,-1.0
1.04793,1.0507991366890197,-1.0,-0.002869136689019669,0.0009328571428571163,3.0756442301896256,-1.0
1.04846,1.0507859519042277,-1.0,-0.0023259519042277965,0.000940714285714263,2.4725380910546653,-1.0
1.04916,1.0507519149356503,-1.0,-0.0015919149356502516,0.0009657142857142682,1.6484326256733672,-1.0
1.04836,1.0507257636219638,-1.0,-0.0023657636219638345,0.0010085714285714062,2.345657982117168,-1.0
1.04811,1.0506999670560384,-1.0,-0.0025899670560383115,0.0009699999999999788,2.670069129936462,-1.0
1.04763,1.050671150284094,-1.0,-0.0030411502840939075,0.0009471428571428289,3.2108675699333316,-1.0
1.04685,1.0504126818964121,-1.0,-0.0035626818964120677,0.0009899999999999829,3.598668582234474,-1.0
1.04746,1.050387080433599,-1.0,-0.0029270804335990164,0.0010428571428571232,2.8067894568758223,-1.0
1.04754,1.0503507706403792,-1.0,-0.0028107706403792676,0.0009871428571428373,2.8473798093567684,-1.0
1.04805,1.0503270973826986,-1.0,-0.0022770973826986562,0.001009285714285681,2.256147442164348,-1.0
1.04812,1.0502933855003824,-1.0,-0.0021733855003824853,0.00095214285714283,2.2826254317596146,-1.0
1.04833,1.0502793706526894,-1.0,-0.0019493706526894083,0.0009371428571428428,2.0801211232966565,-1.0
1.04906,1.0494661309592717,1.0,-0.0004061309592715556,0.0009121428571428534,0.4452492897260612,1.0
1.04862,1.0494404854320343,1.0,-0.0008204854320341681,0.0009149999999999991,0.8967053902012775,1.0
1.04799,1.0494080232419445,1.0,-0.0014180232419445105,0.0009092857142857236,1.5594913894126428,1.0
1.04708,1.0502169319470793,-1.0,-0.0031369319470793133,0.0009585714285714435,3.272507247325611,-1.0
1.04659,1.0499152042494817,-1.0,-0.0033252042494817946,0.0009385714285714394,3.5428355778344436,-1.0
1.04575,1.0495585730684844,-1.0,-0.0038085730684844776,0.0009757142857143178,3.9033691770703465,-1.0
1.04517,1.0492555671961992,-1.0,-0.004085567196199236,0.0009828571428571742,4.156827089156066,-1.0
1.04602,1.0491898409016907,-1.0,-0.0031698409016907014,0.0010192857142857622,3.109864935085335,-1.0
1.04505,1.0491687115574568,-1.0,-0.0041187115574568,0.0010764285714286131,3.8262748377168525,-1.0
1.04476,1.0489839633993903,-1.0,-0.004223963399390351,0.0010207142857143272,4.138242658604795,-1.0
1.04479,1.048887833131151,-1.0,-0.004097833131150974,0.0010342857142857653,3.9619933588474314,-1.0
1.04458,1.048693194792968,-1.0,-0.004113194792968011,0.001017857142857213,4.041033480810399,-1.0
1.04512,1.0486549788416342,-1.0,-0.0035349788416341177,0.0010600000000000767,3.3348856996545866,-1.0
1.04608,1.0485853896797654,-1.0,-0.002505389679765546,0.001111428571428652,2.2542066527451867,-1.0
1.04664,1.04753874021089,1.0,-0.0008987402108899811,0.00110142857142865,0.8159768451659428,1.0
1.04598,1.0474947593582873,1.0,-0.0015147593582873764,0.0011007142857143595,1.3761603514615086,1.0
1.046,1.047459311389641,1.0,-0.0014593113896410603,0.0010721428571429184,1.3611165526298252,1.0
1.04677,1.0474938524744162,1.0,-0.0007238524744161978,0.0010414285714286217,0.6950572456670974,1.0
1.04602,1.047449886049343,1.0,-0.001429886049343132,0.0010850000000000501,1.3178673265834708,1.0
1.04698,1.0474161912625206,1.0,-0.00043619126252059104,0.0010528571428571887,0.41429292233975634,1.0
1.04719,1.0475226060699772,1.0,-0.00033260606997709274,0.0010328571428571845,0.3220252406417089,1.0
1.04787,1.0477789106856612,1.0,9.10893143388769e-05,0.0010107142857143092,0.09012370323280898,1.0
1.04821,1.047930250092627,1.0,0.00027974990737300587,0.0009478571428571511,0.29513931448545955,1.0
1.04901,1.0482561155133765,1.0,0.0007538844866235017,0.0010221428571428604,0.73755295686436,1.0
1.04952,1.0484765887885437,1.0,0.0010434112114563465,0.001064285714285724,0.9803863731804509,1.0
1.04891,1.0484485951100968,1.0,0.0004614048899032053,0.001062857142857159,0.43411750394118115,1.0
1.04973,1.0485217172588521,1.0,0.0012082827411479258,0.0010942857142857301,1.1041748287252426,1.0
1.04978,1.048576661163096,1.0,0.0012033388369039333,0.0010671428571428537,1.1276267547961927,1.0
1.04917,1.0485645122643001,1.0,0.0006054877356997945,0.001097142857142844,0.5518768424347151,1.0
1.04859,1.0485621435186114,1.0,2.7856481388477405e-05,0.001097142857142844,0.02539002209887294,1.0
1.04878,1.0485409623616084,1.0,0.00023903763839161485,0.0011099999999999919,0.21534922377623117,1.0
1.04968,1.0485359818162798,1.0,0.001144018183720119,0.0011142857142857185,1.0266829853898467,1.0
1.04892,1.048527425170501,1.0,0.0003925748294990594,0.0010942857142857143,0.358749844189741,1.0
1.04903,1.0485132383304294,1.0,0.0005167616695704869,0.0010285714285714262,0.5024071787490856,1.0
1.04928,1.0484928210238915,1.0,0.0007871789761084713,0.0010257142857142806,0.7674446842283185,1.0
1.04852,1.0484667758070572,1.0,5.3224192942735726e-05,0.0010185714285714242,0.05225376586243361,1.0
1.04914,1.0484357383755212,1.0,0.0007042616244787858,0.0010271428571428773,0.6856510947637557,1.0
1.04874,1.0484299471872627,1.0,0.000310052812737327,0.000980714285714319,0.3161499911378318,1.0
1.04972,1.0484134734105146,1.0,0.0013065265894853795,0.001002142857142872,1.3037328761792617,1.0
1.05051,1.0487505131080628,1.0,0.0017594868919372786,0.0010507142857143017,1.6745626435840602,1.0
1.05117,1.0491187855771482,1.0,0.0020512144228517215,0.0010057142857142923,2.039559795449142,1.0
1.05088,1.0491181384326231,1.0,0.001761861567376899,0.0010200000000000209,1.7273152621341792,1.0
1.05135,1.0492179069453638,1.0,0.0021320930546362415,0.0009957142857143061,2.14126992574654,1.0
1.0515,1.0492717772882938,1.0,0.002228222711706307,0.0009828571428571584,2.2670870613290557,1.0
1.05097,1.0492466569959402,1.0,0.0017233430040597408,0.000987142857142869,1.7457888608419743,1.0
1.05081,1.049231463759161,1.0,0.0015785362408389236,0.0009635714285714288,1.6382140379351318,1.0
1.0512,1.049237451138827,1.0,0.0019625488611729747,0.0009635714285714288,2.036744555702123,1.0
1.0522,1.0495623661320916,1.0,0.0026376338679083844,0.0010442857142857198,2.52577798568517,1.0
1.05182,1.0495257736363142,1.0,0.002294226363685814,0.0010357142857142984,2.2151151097655863,1.0
1.05135,1.0494923829364358,1.0,0.001857617063564243,0.0010278571428571676,1.807271639325836,1.0
1.0509,1.0494867582552585,1.0,0.0014132417447414447,0.0010264285714285868,1.3768534743479424,1.0
1.05036,1.0494779648609573,1.0,0.000882035139042614,0.0010421428571428645,0.8463668229332768,1.0
1.05099,1.0494798109039087,1.0,0.0015101890960913522,0.0009964285714285806,1.5156019602350348,1.0
1.05126,1.0494746369036267,1.0,0.001785363096373338,0.0009407142857142789,1.8978802846793403,1.0
1.05047,1.0494676657655648,1.0,0.001002334234435187,0.0009571428571428468,1.047214871797968,1.0
1.04964,1.0502328554011076,-1.0,-0.0005928554011076503,0.000982142857142852,0.6036345902187017,-1.0
1.05062,1.0502323665799098,-1.0,0.0003876334200902942,0.0009864285714285628,0.39296653738335746,-1.0
1.05076,1.0502435476487029,-1.0,0.0005164523512970476,0.0009892857142857084,0.5220456980620006,-1.0
1.05041,1.0502455875123111,-1.0,0.00016441248768894745,0.0009799999999999967,0.16776784458055918,-1.0
1.05126,1.050247322922339,-1.0,0.0010126770776610616,0.0010557142857142868,0.9592340383798951,-1.0
1.05086,1.050255821744485,-1.0,0.0006041782555148423,0.0010457142857142848,0.5777660913393305,-1.0
1.05064,1.0502642240877773,-1.0,0.0003757759122227089,0.000978571428571416,0.3840045818334301,-1.0
1.05149,1.0502649408763924,-1.0,0.001225059123607597,0.0010485714285714146,1.1683125157020835,-1.0
1.05069,1.0502670897061623,-1.0,0.00042291029383756396,0.0010478571428571243,0.40359537244212684,-1.0
1.05165,1.0502695323125812,-1.0,0.0013804676874187294,0.0010871428571428263,1.2698125902669357,-1.0
1.05131,1.0502852318290898,-1.0,0.0010247681709101286,0.001073571428571404,0.9545412104286181,-1.0
1.05119,1.0502938536929747,-1.0,0.0008961463070253917,0.0010478571428571243,0.8552180162478327,-1.0
1.05211,1.049400863622574,1.0,0.0027091363774260913,0.0011149999999999771,2.429718724149011,1.0
1.05176,1.0494280807655638,1.0,0.0023319192344362083,0.0010728571428571293,2.173559872310741,1.0
1.05092,1.049422146880166,1.0,0.0014978531198339695,0.0010692857142856932,1.4007978408601194,1.0
1.05017,1.049414679856652,1.0,0.0007553201433481149,0.0010728571428571293,0.704026764771887,1.0
1.05108,1.0494233769472647,1.0,0.0016566230527352843,0.0011171428571428482,1.482910661016251,1.0
1.05174,1.0494387842737631,1.0,0.0023012157262367605,0.00114928571428571,2.002300818353932,1.0
1.05273,1.0496290731404847,1.0,0.0031009268595152406,0.0011557142857142916,2.6831258364161403,1.0
1.05238,1.0496598254368539,1.0,0.002720174563146216,0.0011278571428571566,2.4118077190656466,1.0
1.05202,1.0496615583927182,1.0,0.002358441607281714,0.0011557142857143074,2.040678770206636,1.0
1.0523,1.0496617033415088,1.0,0.002638296658491246,0.0011228571428571715,2.349628067358556,1.0
1.05184,1.0496857475439594,1.0,0.0021542524560407283,0.001089285714285745,1.9776743858733996,1.0
1.05188,1.0497159940462073,1.0,0.002164005953792625,0.001040000000000041,2.08077495556975,1.0
1.05263,1.0498362614162926,1.0,0.0027937385837073503,0.0010871428571428896,2.569798960046106,1.0
1.05315,1.0501137147620587,1.0,0.0030362852379413052,0.0011292857142857374,2.688677630055497,1.0
1.05252,1.050132231795999,1.0,0.002387768204000995,0.0010592857142857387,2.254130469050112,1.0
1.05171,1.050135265930681,1.0,0.0015747340693188505,0.001113571428571444,1.4141293759117128,1.0
1.05234,1.0501584420414414,1.0,0.0021815579585586775,0.0011328571428571577,1.9257132042762348,1.0
1.05257,1.050163355854688,1.0,0.002406644145312109,0.0010957142857142951,2.196415777990172,1.0
1.05349,1.0503304230405655,1.0,0.0031595769594345846,0.0010914285714285845,2.8949003555028567,1.0
1.05287,1.0503491176203616,1.0,0.002520882379638323,0.0010892857142857132,2.314252676389282,1.0
1.05351,1.0503975257252658,1.0,0.003112474274734156,0.0010435714285714295,2.9825215500532614,1.0
1.05271,1.0504327382607022,1.0,0.0022772617392978756,0.001089999999999988,2.0892309534843125,1.0
1.05302,1.0504572284316085,1.0,0.0025627715683915753,0.001083571428571406,2.3651154882981413,1.0
1.05342,1.050469047950715,1.0,0.0029509520492849717,0.001077142857142824,2.7396106558349387,1.0
1.05351,1.0506719669791433,1.0,0.002838033020856612,0.0010442857142856882,2.717678679342925,1.0
1.05384,1.0509122739395171,1.0,0.0029277260604829713,0.0010285714285714104,2.846400336580717,1.0
1.05297,1.0509254655377083,1.0,0.0020445344622916917,0.001037857142857122,1.9699574997993294,1.0
1.05364,1.050959923945054,1.0,0.0026800760549459124,0.0010235714285714095,2.6183576252088954,1.0
1.0542,1.0510258245435784,1.0,0.003174175456421624,0.0010685714285714187,2.9704850528010125,1.0
1.05516,1.0514100596087412,1.0,0.003749940391258866,0.001117142857142864,3.356724135397941,1.0
1.05535,1.0516582310210956,1.0,0.0036917689789044417,0.001030000000000007,3.5842417270916664,1.0
1.05489,1.0516987522563925,1.0,0.0031912477436075726,0.0010657142857143048,2.9944683921250146,1.0
1.05528,1.05171582283482,1.0,0.0035641771651799825,0.0010007142857143072,3.5616331415074005,1.0
1.05564,1.0519445613626859,1.0,0.0036954386373140302,0.0009878571428571753,3.7408634072591993,1.0
1.05592,1.052125097008645,1.0,0.003794902991354876,0.0009635714285714446,3.938372266787797,1.0
1.0566,1.0525459015548941,1.0,0.004054098445105847,0.0009314285714285989,4.352559680328235,1.0
1.05714,1.0528552947248913,1.0,0.004284705275108713,0.000956428571428604,4.47990095978491,1.0
1.05709,1.0529291914227592,1.0,0.004160808577240882,0.0009264285714285979,4.491235164330816,1.0
1.0565,1.0529913618605222,1.0,0.003508638139477771,0.000990714285714305,3.541523716848438,1.0
1.05592,1.0530036502695217,1.0,0.0029163497304782737,0.0010321428571428784,2.825529150636332,1.0
1.05571,1.0530629480601936,1.0,0.0026470519398062997,0.0009435714285714562,2.8053540618688197,1.0
1.05489,1.0538766031339541,-1.0,0.001013396866045957,0.0009764285714286082,1.037860726016303,-1.0
1.05415,1.05357623474423,-1.0,0.0005737652557700201,0.0009578571428571848,0.5990092155689731,-1.0
1.0537,1.053390095479281,-1.0,0.00030990452071910646,0.0008914285714286065,0.3476493020887276,-1.0
1.0529,1.0531275283195198,-1.0,-0.0002275283195198874,0.0009728571428571721,0.2338763930453985,-1.0
1.05204,1.0527609288359736,-1.0,-0.0007209288359735222,0.0009835714285714645,0.7329704940907003,-1.0
1.05168,1.0526241926537563,-1.0,-0.0009441926537563372,0.001008571428571454,0.9361683535827471,-1.0
1.05123,1.0523575145101356,-1.0,-0.0011275145101354855,0.00099214285714287,1.1364437107196972,-1.0
1.05055,1.0520832356636314,-1.0,-0.0015332356636312827,0.0010292857142857326,1.4896113317722122,-1.0
1.05084,1.0520885322014948,-1.0,-0.0012485322014947897,0.0010385714285714442,1.2021630550843736,-1.0
1.05129,1.0521344412778777,-1.0,-0.0008444412778776389,0.0010292857142857167,0.8204148431843801,-1.0
1.05106,1.0521770487239719,-1.0,-0.0011170487239717808,0.001042857142857139,1.071142612027739,-1.0
1.05097,1.0521918034943871,-1.0,-0.0012218034943871636,0.0010092857142856967,1.2105625563638067,-1.0
1.05041,1.0520341261799757,-1.0,-0.001624126179975649,0.0009871428571428373,1.6452797771099525,-1.0
1.05084,1.0520650862129903,-1.0,-0.001225086212990334,0.001009999999999987,1.2129566465250987,-1.0
1.05086,1.0520890945067263,-1.0,-0.0012290945067263692,0.0009471428571428449,1.2976865078559119,-1.0
1.05149,1.0520874863719736,-1.0,-0.0005974863719735435,0.0009528571428571204,0.6270471669887411,-1.0
1.05201,1.05210925164654,-1.0,-9.925164654012164e-05,0.0009721428571428341,0.10209574221614519,-1.0
1.05131,1.05211976458523,-1.0,-0.0008097645852300772,0.0009314285714285513,0.8693791559218809,-1.0
1.05179,1.052127230933372,-1.0,-0.0003372309333720125,0.0009264285714285503,0.3640118016351798,-1.0
1.05105,1.052128470152672,-1.0,-0.0010784701526720397,0.0009314285714285513,1.1578667283289021,-1.0
1.05146,1.0521380487698506,-1.0,-0.0006780487698505588,0.0009549999999999916,0.7099987118854082,-1.0
1.05129,1.0521414330930658,-1.0,-0.0008514330930657898,0.0008721428571428451,0.9762541607634089,-1.0
1.05162,1.0521433556676707,-1.0,-0.0005233556676706996,0.000894999999999995,0.5847549359449191,-1.0
1.05155,1.0521462154133339,-1.0,-0.0005962154133338782,0.0008678571428571504,0.6869971840884134,-1.0
1.05135,1.052153180458536,-1.0,-0.0008031804585360014,0.0008764285714285876,0.9164243210679553,-1.0
1.05184,1.0521588530690074,-1.0,-0.0003188530690072522,0.0008857142857143151,0.359995400492047,-1.0
1.05194,1.0521818140983057,-1.0,-0.00024181409830559275,0.0008528571428571631,0.28353411861626615,-1.0
1.05114,1.0521884752152029,-1.0,-0.0010484752152029042,0.0008907142857142844,1.1771173226014982,-1.0
1.05122,1.0522139582943855,-1.0,-0.000993958294385422,0.0008850000000000088,1.1231167168196745,-1.0
1.05062,1.0522092370388423,-1.0,-0.0015892370388421728,0.0008850000000000088,1.795748066488313,-1.0
1.05046,1.0521664541475155,-1.0,-0.0017064541475155792,0.0008642857142857301,1.974409757456006,-1.0
1.05015,1.0519531017303154,-1.0,-0.001803101730315504,0.00083785714285716,2.152039575824087,-1.0
1.05014,1.051896560177705,-1.0,-0.00175656017770498,0.00078857142857144,2.2275219644809203,-1.0
1.05011,1.0518698097050156,-1.0,-0.001759809705015547,0.00076214285714287,2.3090286663746244,-1.0
1.04949,1.051561466210307,-1.0,-0.0020714662103069603,0.0007550000000000136,2.7436638547111563,-1.0
1.05024,1.0515574345277696,-1.0,-0.0013174345277695565,0.0008414285714285803,1.5657116628840064,-1.0
1.04978,1.0515650781211825,-1.0,-0.0017850781211825595,0.0008242857142857218,2.1656060395628773,-1.0
1.04979,1.0515521233471825,-1.0,-0.0017621233471825093,0.0008042857142857336,2.1909171279355717,-1.0
1.04919,1.0514232677402495,-1.0,-0.002233267740249456,0.0008042857142857336,2.7767094461360244,-1.0
1.04875,1.0511915277663197,-1.0,-0.0024415277663196733,0.0008092857142857346,3.016892209044534,-1.0
1.04863,1.051055563489962,-1.0,-0.002425563489962146,0.0008014285714285878,3.026549809221867,-1.0
1.04802,1.050841050259708,-1.0,-0.0028210502597081355,0.000815000000000026,3.4614113616049638,-1.0
1.04804,1.0508270567913163,-1.0,-0.0027870567913161892,0.0008407142857143057,3.3151057840633578,-1.0
1.04851,1.0508304871794183,-1.0,-0.0023204871794182402,0.0008400000000000312,2.7624847374025645,-1.0
1.04914,1.0508191954385648,-1.0,-0.0016791954385648733,0.0008392857142857409,2.000743501268722,-1.0
1.04817,1.0508179934637891,-1.0,-0.002647993463789078,0.000892142857142881,2.9681271811886387,-1.0
1.04784,1.0507778205393108,-1.0,-0.002937820539310687,0.0009114285714285948,3.2233140713439314,-1.0
1.04878,1.0507770004317591,-1.0,-0.0019970004317590995,0.0009764285714286082,2.0452089279170695,-1.0
1.04968,1.0497034615232868,1.0,-2.3461523286805175e-05,0.0010157142857143261,0.02309854613328125,1.0
1.04896,1.0497024644948323,1.0,-0.0007424644948323955,0.0009907142857143367,0.7494234266512619,1.0
1.04987,1.0497591458880682,1.0,0.00011085411193190176,0.0010150000000000517,0.10921587382452819,1.0
1.04972,1.0497460231203875,1.0,-2.6023120387463905e-05,0.0010578571428571898,0.024599843715359792,1.0
1.04909,1.049732577749229,1.0,-0.0006425777492289342,0.0010621428571429004,0.6049824135309154,1.0
1.04813,1.0497260418464411,1.0,-0.001596041846441132,0.0011164285714286054,1.4295960236836318,1.0
1.0486,1.0497070519188796,1.0,-0.001107051918879609,0.0011650000000000351,0.9502591578365457,1.0
1.04874,1.0496940574865141,1.0,-0.0009540574865141149,0.0010850000000000501,0.8793156557733371,1.0
1.04814,1.0496927825745381,1.0,-0.0015527825745380586,0.001127142857142898,1.3776271256991148,1.0
1.04719,1.0505671127148983,-1.0,-0.003377112714898267,0.0011514285714285968,2.9329763032614578,-1.0
1.04706,1.050435475055227,-1.0,-0.0033754750552268398,0.0011471428571428704,2.942506274792977,-1.0
1.04704,1.0503430952752026,-1.0,-0.003303095275202672,0.001105714285714313,2.987295468529475,-1.0
1.0473,1.0503207428182815,-1.0,-0.0030207428182815743,0.0011000000000000215,2.7461298348013776,-1.0
1.04797,1.0502898872896969,-1.0,-0.002319887289696787,0.0010550000000000123,2.198945298290768,-1.0
1.04782,1.0502902576804878,-1.0,-0.0024702576804878085,0.0009957142857142903,2.480890066487027,-1.0
1.04827,1.0502739034491937,-1.0,-0.002003903449193656,0.00099214285714287,2.0197730949395836,-1.0
1.04744,1.0502510331627453,-1.0,-0.0028110331627453355,0.0010207142857142795,2.753986303599366,-1.0
1.04671,1.0501712174484323,-1.0,-0.0034612174484323077,0.0010571428571428518,3.2741246133819293,-1.0
1.04686,1.050151317598186,-1.0,-0.0032913175981861276,0.001049285714285721,3.136722013247481,-1.0
1.04638,1.049947891401919,-1.0,-0.0035678914019188213,0.0010192857142857306,3.500383996276293,-1.0
1.04616,1.0497084485210537,-1.0,-0.0035484485210537375,0.0009800000000000284,3.6208658378098315,-1.0
1.04528,1.049300695729057,-1.0,-0.0040206957290569445,0.0010657142857143048,3.772770791340229,-1.0
1.04597,1.0492460311399576,-1.0,-0.003276031139957558,0.001062857142857159,3.082287362863247,-1.0
1.04542,1.0492333336141006,-1.0,-0.0038133336141006335,0.00104142857142859,3.661637215185728,-1.0
1.04443,1.0488470467676212,-1.0,-0.004417046767621224,0.0010792857142857429,4.092564840946095,-1.0
1.04512,1.0487982296825002,-1.0,-0.0036782296825002003,0.001102142857142861,3.337343846727325,-1.0
1.04598,1.0487592505656305,-1.0,-0.0027792505656305533,0.0011550000000000171,2.4062775460004433,-1.0
1.0455,1.0487009381414374,-1.0,-0.003200938141437293,0.0011721428571428755,2.730843021335856,-1.0
1.04475,1.048683079091722,-1.0,-0.003933079091722025,0.0012300000000000169,3.1976252778227408,-1.0
1.04456,1.0486379383769089,-1.0,-0.004077938376908952,0.0012207142857142892,3.340616575583684,-1.0
1.0441,1.0484159648563234,-1.0,-0.004315964856323351,0.0011628571428571638,3.7115176897128888,-1.0
1.04373,1.0481631503236108,-1.0,-0.004433150323610802,0.0011328571428571577,3.9132474483323083,-1.0
1.0439,1.0481269689343593,-1.0,-0.004226968934359254,0.0011078571428571524,3.81544584661696,-1.0
1.04431,1.0480971517408293,-1.0,-0.00378715174082922,0.001080714285714292,3.504304320661518,-1.0
1.04346,1.0477832026884826,-1.0,-0.004323202688482519,0.001118571428571429,3.8649321608400538,-1.0
1.04378,1.0477532245623613,-1.0,-0.003973224562361377,0.001075714285714291,3.6935686502695226,-1.0
1.04475,1.047706228192154,-1.0,-0.00295622819215402,0.0011014285714285865,2.6839944675846765,-1.0
1.04416,1.0476928638572285,-1.0,-0.0035328638572285076,0.001085714285714309,3.253953552710398,-1.0
1.04408,1.04763541077131,-1.0,-0.0035554107713100525,0.0010092857142857284,3.5226999857282406,-1.0
1.04402,1.0476178410702826,-1.0,-0.0035978410702826036,0.0009935714285714667,3.621119696905429,-1.0
1.04395,1.0475561054463844,-1.0,-0.003606105446384511,0.0009121428571428851,3.95344371569159,-1.0
1.04402,1.047494333277088,-1.0,-0.0034743332770881263,0.00085785714285718,4.050013811759506,-1.0
1.04386,1.0474029165614054,-1.0,-0.0035429165614053737,0.000787142857142891,4.500982927375055,-1.0
1.04453,1.0473810109959327,-1.0,-0.002851010995932768,0.0008271428571428993,3.4468181297976437,-1.0
1.0451,1.0473196927768185,-1.0,-0.0022196927768185493,0.0008450000000000322,2.626855357181615,-1.0
1.04582,1.0465862321763724,1.0,-0.0007662321763723945,0.0008464285714285971,0.9052532041530125,1.0
1.04627,1.0467709764074076,1.0,-0.0005009764074075385,0.0008750000000000384,0.5725444656085903,1.0
1.04563,1.046697551136299,1.0,-0.001067551136298972,0.0009128571428571755,1.1694613386686286,1.0
1.04639,1.0466390069367333,1.0,-0.0002490069367333536,0.0009371428571428904,0.26570862151423985,1.0
1.04665,1.0467182445247303,1.0,-6.824452473019882e-05,0.0009221428571428872,0.07400645594289329,1.0
1.04633,1.0466890108589686,1.0,-0.0003590108589686114,0.0008300000000000292,0.432543203576625,1.0
1.04724,1.0469709888174001,1.0,0.00026901118259980983,0.0008557142857143088,0.3143703302501866,1.0
1.04708,1.0469394717947411,1.0,0.0001405282052588941,0.0009078571428571745,0.15479109941970484,1.0
1.04707,1.0469129404915796,1.0,0.0001570595084203763,0.0008928571428571715,0.17590664943081583,1.0
1.04746,1.0470384023059403,1.0,0.0004215976940598054,0.0009357142857143254,0.45056242113259737,1.0
1.04798,1.0472257673675358,1.0,0.0007542326324641024,0.0009871428571428848,0.7640562123369854,1.0
1.04833,1.0474311578112885,1.0,0.0008988421887115017,0.0009900000000000306,0.9079214027388626,1.0
1.04817,1.0474034291042398,1.0,0.0007665708957602657,0.0009371428571428744,0.8179872363295367,1.0
1.04739,1.0473763583947049,1.0,1.3641605295156012e-05,0.0009607142857142989,0.014199440455924278,1.0
1.04694,1.0473545229117214,1.0,-0.00041452291172139333,0.0009550000000000233,0.43405540494385675,1.0
1.04744,1.0473409765212323,1.0,9.902347876766804e-05,0.000931428571428583,0.10631355082418215,1.0
1.04776,1.0473307442360134,1.0,0.000429255763986669,0.00091642857142858,0.468400677771887,1.0
1.04766,1.0473111714753403,1.0,0.0003488285246597833,0.0008628571428571494,0.404271468976567,1.0
1.04706,1.047287483551509,1.0,-0.0002274835515088114,0.0008814285714285727,0.25808506654160085,1.0
1.04729,1.0472609407727216,1.0,2.9059227278471766e-05,0.0008800000000000077,0.03302184918008126,1.0
1.04682,1.047242504788613,1.0,-0.0004225047886128319,0.00083785714285716,0.5042682899044779,1.0
1.04598,1.0478219133048532,-1.0,-0.001841913304853282,0.0008685714285714408,2.1206238707192093,-1.0
1.04569,1.0476468497259435,-1.0,-0.0019568497259434547,0.0009049999999999971,2.162264890545261,-1.0
1.04532,1.0474663582779038,-1.0,-0.0021463582779037704,0.0009271428571428565,2.315024336722096,-1.0
1.0459,1.0474333114144911,-1.0,-0.0015333114144910898,0.0008957142857142854,1.71183092526916,-1.0
1.04574,1.0474036972846241,-1.0,-0.0016636972846242326,0.0008942857142857205,1.860364375777883,-1.0
1.046,1.0473804854787232,-1.0,-0.001380485478723159,0.0009007142857143023,1.5326563602001484,-1.0
1.04553,1.0473569100213047,-1.0,-0.0018269100213046396,0.0008650000000000205,2.112034706710516,-1.0
1.04578,1.0473451887580585,-1.0,-0.0015651887580585555,0.000862142857142859,1.8154633482037887,-1.0
1.04641,1.047310910385445,-1.0,-0.0009009103854449307,0.0009135714285714343,0.9861411568591831,-1.0
1.04579,1.0472700124741803,-1.0,-0.0014800124741802811,0.0009121428571428693,1.622566533948603,-1.0
1.04545,1.0472276233074675,-1.0,-0.0017776233074675574,0.0009414285714285851,1.8882189912401701,-1.0
1.04518,1.0470664028045436,-1.0,-0.0018864028045435521,0.0009185714285714353,2.0536266923491087,-1.0
1.04433,1.0466412062434873,-1.0,-0.0023112062434873515,0.0009799999999999967,2.3583737178442443,-1.0
1.04475,1.0466275128819893,-1.0,-0.0018775128819892295,0.0009735714285714149,1.9284798494387074,-1.0
1.04453,1.0466079232568213,-1.0,-0.0020779232568213235,0.0009171428571428386,2.2656484108644173,-1.0
1.04458,1.0465618853415746,-1.0,-0.0019818853415745075,0.0008878571428571387,2.2322119695931804,-1.0
1.04363,1.0461504103964172,-1.0,-0.00252041039641715,0.0009099999999999822,2.769681754304614,-1.0
1.04448,1.046109580297038,-1.0,-0.0016295802970378581,0.0009399999999999885,1.7335960606785936,-1.0
1.04398,1.046065385298214,-1.0,-0.0020853852982141152,0.000999999999999985,2.0853852982141463,-1.0
1.04386,1.0460332468041984,-1.0,-0.002173246804198392,0.0010085714285714062,2.154777284616017,-1.0
1.04306,1.0458568671155795,-1.0,-0.00279686711557936,0.0010578571428571262,2.6438986912972084,-1.0
1.0423,1.045486594079108,-1.0,-0.0031865940791080405,0.001092142857142859,2.91774474215255,-1.0
1.04248,1.045463397206945,-1.0,-0.002983397206944849,0.0010450000000000101,2.854925556884995,-1.0
1.04321,1.045423050898489,-1.0,-0.0022130508984889996,0.00104142857142859,2.1250145801677256,-1.0
1.04311,1.0453898950564666,-1.0,-0.002279895056466641,0.001013571428571439,2.249367920403992,-1.0
1.04243,1.045355709730634,-1.0,-0.0029257097306341073,0.0010664285714285793,2.7434652531063097,-1.0
1.04298,1.0453163205082432,-1.0,-0.0023363205082431726,0.0010571428571428676,2.2100329132029795,-1.0
1.04228,1.0452651172311243,-1.0,-0.002985117231124157,0.0011064285714285876,2.6979755478203735,-1.0
1.0413,1.0447338180971135,-1.0,-0.003433818097113628,0.0011421428571428693,3.0064698786485478,-1.0
1.04203,1.0447206550369041,-1.0,-0.0026906550369041327,0.0011728571428571502,2.2941029547294534,-1.0
1.04206,1.0446672039028713,-1.0,-0.00260720390287128,0.0010771428571428718,2.4204810769361687,-1.0
1.04176,1.0446241220343877,-1.0,-0.002864122034387684,0.0010321428571428623,2.7749279225901295,-1.0
1.04171,1.044539739612817,-1.0,-0.0028297396128171837,0.0009700000000000106,2.9172573328011886,-1.0
1.04221,1.0445314212731498,-1.0,-0.0023214212731497152,0.0009614285714285734,2.414554073112626,-1.0
1.04159,1.044464160458674,-1.0,-0.0028741604586739466,0.0009407142857142947,3.055295855841676,-1.0
1.04218,1.0444504703683701,-1.0,-0.0022704703683700256,0.000926428571428582,2.450777575727062,-1.0
1.04204,1.0443813174354954,-1.0,-0.0023413174354953714,0.0009214285714285651,2.5409646586771646,-1.0
1.04277,1.044338340065753,-1.0,-0.0015683400657531266,0.0009392857142856981,1.6697156593569698,-1.0
1.04215,1.044304448199703,-1.0,-0.0021544481997031184,0.0009942857142857095,2.166830085908319,-1.0
1.04263,1.0442733237451889,-1.0,-0.0016433237451889404,0.0009778571428571573,1.6805356050142313,-1.0
1.04311,1.044234805976751,-1.0,-0.00112480597675102,0.0009835714285714487,1.1435935856582395,-1.0
1.04244,1.0442016713783335,-1.0,-0.0017616713783334959,0.0009621428571428638,1.8309873271469022,-1.0
1.04332,1.0441852091302954,-1.0,-0.000865209130295419,0.0009721428571428817,0.8900020443890934,-1.0
1.04344,1.043136781297975,1.0,0.00030321870202487666,0.0009457142857143116,0.3206240051622475,1.0
1.04337,1.0431754057564713,1.0,0.00019459424352863408,0.0009571428571428786,0.2033074186120012,1.0
1.04352,1.0432979234124606,1.0,0.000222076587539366,0.0009542857142857329,0.23271498694244486,1.0
1.04402,1.0435478006474552,1.0,0.0004721993525447221,0.0009750000000000116,0.4843070282509913,1.0
1.04499,1.0439602922575695,1.0,0.0010297077424306078,0.001000714285714323,1.0289727618863649,1.0
1.04454,1.0439568802654917,1.0,0.0005831197345083083,0.0009728571428571721,0.5993888607280522,1.0
1.04421,1.0439314510975422,1.0,0.0002785489024579313,0.0009657142857142999,0.2884382126043625,1.0
1.04436,1.043914148827743,1.0,0.00044585117225692805,0.0009735714285714467,0.45795424883322644,1.0
1.04499,1.0439154851059256,1.0,0.0010745148940745075,0.0009821428571428839,1.0940515285121961,1.0
1.04488,1.0439109938047557,1.0,0.0009690061952443152,0.0009457142857143116,1.024628907358009,1.0
1.04453,1.0439072633933355,1.0,0.0006227366066644535,0.0009128571428571597,0.6821840761582307,1.0
1.0453,1.0440209406325862,1.0,0.0012790593674136819,0.000898571428571447,1.4234364979166279,1.0
1.04549,1.044131740536515,1.0,0.001358259463485112,0.0008857142857143151,1.5335187490960434,1.0
1.04618,1.044453497474985,1.0,0.00172650252501505,0.0008678571428571662,1.9893856255316915,1.0
1.04607,1.0444618683197038,1.0,0.0016081316802962764,0.0008642857142857301,1.8606482251361536,1.0
1.04569,1.0444684525694603,1.0,0.0012215474305397045,0.0009200000000000161,1.327768946238786,1.0
1.04605,1.044465723601719,1.0,0.0015842763982809593,0.0009357142857143096,1.6931198149567073,1.0
1.04541,1.0444552427994263,1.0,0.0009547572005736971,0.0009750000000000274,0.9792381544345335,1.0
1.04522,1.044450715535635,1.0,0.0007692844643649721,0.0009407142857143105,0.8177663250652487,1.0
1.04553,1.0444585092480305,1.0,0.0010714907519695505,0.000930000000000034,1.1521405935156035,1.0
1.04625,1.0444710853068804,1.0,0.0017789146931195265,0.0009492857142857636,1.8739507677706606,1.0
1.04644,1.044571479829491,1.0,0.0018685201705090915,0.0009785714285714794,1.909436670593133,1.0
1.0456,1.0445854556658931,1.0,0.0010145443341069704,0.0009442857142857626,1.0744039846820619,1.0
1.04557,1.0445903163357884,1.0,0.0009796836642117501,0.0008942857142857681,1.0954929152526898,1.0
1.04474,1.0445913572183783,1.0,0.00014864278162174394,0.0009414285714286168,0.15789066333113164,1.0
1.04424,1.0454997203560172,-1.0,-0.00125972035601718,0.0009757142857143337,1.291075035449462,-1.0
1.0442,1.045404491186706,-1.0,-0.0012044911867059582,0.0009492857142857478,1.268839474332793,-1.0
1.04517,1.0454061130190655,-1.0,-0.0002361130190655647,0.000979285714285738,0.24110738635432716,-1.0
1.04568,1.0454128076025018,-1.0,0.0002671923974981727,0.0010142857142857453,0.26342912429396503,-1.0
1.04509,1.0454200186889928,-1.0,-0.00033001868899273923,0.0010378571428571698,0.3179808428009793,-1.0
1.04559,1.045422760707798,-1.0,0.00016723929220208156,0.0010757142857143068,0.15546813352118832,-1.0
1.04623,1.0443825331801326,1.0,0.0018474668198673605,0.0010735714285714515,1.7208606439216563,1.0
1.04641,1.0445081855827967,1.0,0.0019018144172033846,0.0010885714285714387,1.7470736116041428,1.0
1.0466,1.044664045224026,1.0,0.0019359547759740803,0.0010864285714285676,1.7819439095093503,1.0
1.04705,1.0449540014880567,1.0,0.002095998511943309,0.0010257142857142648,2.0434525882456076,1.0
1.04693,1.044955213150582,1.0,0.0019747868494179865,0.0010107142857142776,1.953852713205091,1.0
1.04781,1.0453442457301456,1.0,0.0024657542698542922,0.0010342857142857018,2.384016559251416,1.0
1.04736,1.0453454909043427,1.0,0.0020145090956573686,0.001083571428571406,1.8591382557154745,1.0
1.04773,1.0453644305370526,1.0,0.0023655694629474144,0.0010621428571428529,2.2271669456129075,1.0
1.04678,1.045373325675982,1.0,0.0014066743240179758,0.001085714285714277,1.2956210879113037,1.0
1.04723,1.0453692563104586,1.0,0.0018607436895414775,0.0011028571428571357,1.6872028273044595,1.0
1.04692,1.045363092765094,1.0,0.0015569072349059798,0.00104785714285714,1.4858010421733998,1.0
1.04767,1.045350371573396,1.0,0.002319628426604048,0.001082142857142841,2.1435510212843005,1.0
1.04777,1.0453604210789988,1.0,0.002409578921001243,0.0010199999999999892,2.3623322754914398,1.0
1.04848,1.0456587900797536,1.0,0.0028212099202464813,0.0010171428571428593,2.7736614384445684,1.0
1.04871,1.045856139880152,1.0,0.0028538601198480062,0.000970714285714285,2.939958916694048,1.0
1.04909,1.0460937866713915,1.0,0.0029962133286085546,0.0009564285714285724,3.132709977634035,1.0
1.0499,1.0464390629688558,1.0,0.003460937031144251,0.0010228571428571507,3.3835976561465886,1.0
1.0494,1.046440591369795,1.0,0.0029594086302051625,0.001046428571428591,2.8281038104349148,1.0
1.04912,1.0464583078718181,1.0,0.002661692128181903,0.001052857142857157,2.528065793388476,1.0
1.04996,1.0464978269740493,1.0,0.0034621730259507544,0.0010557142857143026,3.279460241089972,1.0
1.0505,1.046778489439744,1.0,0.003721510560255936,0.0010614285714285782,3.5061337714389484,1.0
1.05046,1.0467969865455586,1.0,0.0036630134544413107,0.0010421428571428645,3.514886111184235,1.0
1.05081,1.0469790967999804,1.0,0.003830903200019664,0.0009735714285714307,3.9348969039086703,1.0
1.04983,1.0469714073014398,1.0,0.0028585926985602583,0.0010250000000000062,2.7888709254246256,1.0
1.05029,1.0470015555362306,1.0,0.0032884444637693022,0.0010500000000000112,3.131851870256445,1.0
1.05125,1.0471216906706227,1.0,0.004128309329377355,0.0010342857142857337,3.991459296359247,1.0
1.05059,1.047135972117975,1.0,0.0034540278820249792,0.0010978571428571504,3.146154219150903,1.0
1.04969,1.0471683657173478,1.0,0.0025216342826521743,0.001093571428571424,2.305870669962808,1.0
1.04973,1.047197400404476,1.0,0.0025325995955240987,0.0010842857142856963,2.3357308522620532,1.0
1.04987,1.0472056411895045,1.0,0.0026643588104955374,0.0010685714285714187,2.4933839135653653,1.0
1.04896,1.048208859818298,-1.0,0.0007511401817019703,0.001042857142857139,0.720271407111481,-1.0
1.04823,1.047876779582802,-1.0,0.0003532204171980968,0.0010528571428571412,0.3354875061583015,-1.0
1.04734,1.0474869490178615,-1.0,-0.0001469490178616084,0.0010807142857142762,0.13597397554940752,-1.0
1.0473,1.0473806864156612,-1.0,-8.068641566127965e-05,0.0010128571428571328,0.07966218753581991,-1.0
1.04668,1.0471211187824858,-1.0,-0.000441118782485761,0.0010407142857142837,0.4238615617570807,-1.0
1.04572,1.0466764731822042,-1.0,-0.0009564731822042649,0.0010764285714285654,0.8885616822070195,-1.0
1.04586,1.0466777262849938,-1.0,-0.0008177262849937694,0.0010607142857142879,0.7709204033611279,-1.0
1.04541,1.046476511906495,-1.0,-0.0010665119064949824,0.0010350000000000081,1.030446286468574,-1.0
1.0456,1.046479286640582,-1.0,-0.000879286640582011,0.001005000000000002,0.8749120801811038,-1.0
1.04625,1.0464855809738154,-1.0,-0.0002355809738154857,0.000965714285714284,0.2439447953710655,-1.0
1.04659,1.0464939421597228,-1.0,9.60578402771084e-05,0.0009207142857142905,0.10432969463766567,-1.0
1.04596,1.046502202530494,-1.0,-0.0005422025304939737,0.0009035714285714322,0.6000660416534073,-1.0
1.04546,1.0464609191541616,-1.0,-0.0010009191541615614,0.000936428571428584,1.068868661957412,-1.0
1.04548,1.046425230450376,-1.0,-0.0009452304503760889,0.0009421428571428596,1.0032772028252623,-1.0
1.04554,1.0464379385419753,-1.0,-0.000897938541975396,0.0009135714285714183,0.9828881616618987,-1.0
1.04625,1.0464436951672862,-1.0,-0.00019369516728628966,0.0009442857142856991,0.20512347518972004,-1.0
1.0458,1.046451560913209,-1.0,-0.0006515609132089484,0.00092285714285713,0.7060257573471675,-1.0
1.04526,1.0464719723073155,-1.0,-0.001211972307315401,0.0009749999999999957,1.2430485203234936,-1.0
1.04534,1.046467513020377,-1.0,-0.0011275130203771688,0.0009200000000000001,1.2255576308447484,-1.0
1.04487,1.0462479241440978,-1.0,-0.0013779241440978751,0.0008971428571428504,1.5359027083893628,-1.0
1.04401,1.045812168607302,-1.0,-0.0018021686073019794,0.0009221428571428555,1.954326917291073,-1.0
1.04372,1.045657666612992,-1.0,-0.001937666612991995,0.0009142857142857087,2.1193228579600074,-1.0
1.04434,1.045668938667309,-1.0,-0.0013289386673089876,0.0009528571428571363,1.3946882565461736,-1.0
1.04418,1.0456732122424381,-1.0,-0.0014932122424380356,0.0009471428571428607,1.5765438457113439,-1.0
1.04336,1.04551055844312,-1.0,-0.0021505584431198432,0.0009485714285714415,2.2671549852166715,-1.0
1.04404,1.045518743014654,-1.0,-0.0014787430146538938,0.0009700000000000106,1.5244773346947194,-1.0
1.04404,1.0455398506644162,-1.0,-0.001499850664416158,0.0009414285714285851,1.5931645904268519,-1.0
1.04306,1.0454731049618653,-1.0,-0.002413104961865198,0.0010128571428571645,2.3824731640417522,-1.0
1.04338,1.0454831935148337,-1.0,-0.002103193514833679,0.00101214285714289,2.0779611296874063,-1.0
1.04419,1.0454764419969171,-1.0,-0.001286441996917187,0.0010214285714286175,1.2594537032755109,-1.0
1.04497,1.0455075505735587,-1.0,-0.0005375505735587538,0.001048571428571478,0.512650410750831,-1.0
1.04468,1.0455064013439772,-1.0,-0.0008264013439771567,0.0010407142857143312,0.7940712982621612,-1.0
1.04409,1.0455335950883444,-1.0,-0.0014435950883444626,0.0010564285714286248,1.3664862229088206,-1.0
1.04469,1.0455436815297126,-1.0,-0.0008536815297126576,0.0010735714285714832,0.7951790695925881,-1.0
1.0438,1.0455314690005402,-1.0,-0.001731469000540109,0.0011142857142857501,1.553882436382099,-1.0
1.04285,1.0455282915169124,-1.0,-0.0026782915169123456,0.0011542857142857585,2.3203020567309034,-1.0
1.04217,1.0452217814994853,-1.0,-0.003051781499485262,0.0011314285714286245,2.697281628332807,-1.0
1.04251,1.0452261639848799,-1.0,-0.002716163984879838,0.001137142857142916,2.3885864188640555,-1.0
1.0418,1.0450119072147959,-1.0,-0.003211907214795806,0.0011542857142857585,2.782592884105171,-1.0
1.0414,1.0447818956549582,-1.0,-0.003381895654958056,0.0011350000000000446,2.9796437488616063,-1.0
1.0408,1.0444046135787046,-1.0,-0.003604613578704674,0.0011542857142857585,3.1228087934321476,-1.0
1.04125,1.0443660046391874,-1.0,-0.0031160046391873752,0.0011064285714286193,2.816272753300282,-1.0
1.0404,1.0441615064508762,-1.0,-0.003761506450876251,0.0011400000000000457,3.2995670621720175,-1.0
1.04024,1.0440008416096351,-1.0,-0.0037608416096350794,0.001066428571428611,3.5265761912182962,-1.0
1.04105,1.043997496749304,-1.0,-0.002947496749303946,0.0010742857142857578,2.743680484724307,-1.0
1.04125,1.04396253570497,-1.0,-0.002712535704969987,0.0010607142857143195,2.5572727184901423,-1.0
1.04095,1.0439451964042714,-1.0,-0.002995196404271372,0.0010621428571428845,2.819956264949437,-1.0
1.04035,1.0439124191515066,-1.0,-0.0035624191515064574,0.0010592857142857387,3.3630389832157284,-1.0
1.03976,1.0436754581200356,-1.0,-0.003915458120035575,0.0010378571428571698,3.7726368672055495,-1.0
1.03923,1.0433987806667808,-1.0,-0.004168780666780725,0.001002142857142872,4.159866666780419,-1.0
1.03861,1.043097210788689,-1.0,-0.004487210788689078,0.0010250000000000062,4.377766623111269,-1.0
1.03885,1.0430373426607586,-1.0,-0.004187342660758597,0.001044285714285704,4.0097672538044415,-1.0
1.03879,1.0429837484236573,-1.0,-0.004193748423657162,0.0009849999999999978,4.25761261284992,-1.0
1.0391,1.0429435469144943,-1.0,-0.0038435469144944,0.0009921428571428542,3.873985370980688,-1.0
1.03944,1.0428978752295088,-1.0,-0.003457875229508911,0.0009857142857142881,3.507989363269901,-1.0
1.04031,1.0428638862330961,-1.0,-0.0025538862330960477,0.0010207142857142795,2.502057891066822,-1.0
1.04058,1.0428386826153289,-1.0,-0.0022586826153287998,0.0009971428571428393,2.2651544852868026,-1.0
1.04084,1.041894902397499,1.0,-0.001054902397499058,0.001012857142857117,1.041511534907418,1.0
1.04104,1.042048631415096,1.0,-0.0010086314150961062,0.0009407142857142471,1.0721974040505744,1.0
1.04166,1.0423258390238415,1.0,-0.0006658390238414302,0.0009564285714285406,0.696172243000771,1.0
1.04068,1.0423116570244098,1.0,-0.001631657024409705,0.000976428571428529,1.6710459650136698,1.0
1.04165,1.0422848221478391,1.0,-0.0006348221478391647,0.000974999999999964,0.6510996388094238,1.0
1.04233,1.0425430007898502,1.0,-0.000213000789850204,0.0009707142857142534,0.21942686224451471,1.0
1.042,1.0425212033556153,1.0,-0.0005212033556152296,0.0009399999999999726,0.5544716549098349,1.0
1.04241,1.0425722891127909,1.0,-0.00016228911279081437,0.0009378571428571173,0.17304246603743056,1.0
1.04161,1.0425622853050602,1.0,-0.0009522853050603075,0.0009385714285714077,1.0146114361373366,1.0
1.04241,1.0425572821522584,1.0,-0.0001472821522583434,0.0010199999999999734,0.14439426691994828,1.0
1.04222,1.042544379153845,1.0,-0.00032437915384497806,0.0010157142857142626,0.31936062966454265,1.0
1.04297,1.0427319309030696,1.0,0.00023806909693036005,0.0010464285714285434,0.22750630423379725,1.0
1.04246,1.042723769337361,1.0,-0.0002637693373610528,0.0010328571428571051,0.25537833492772294,1.0
1.04303,1.0427327852571535,1.0,0.0002972147428463856,0.001025714285714249,0.28976367686974563,1.0
1.04371,1.0430594295751863,1.0,0.0006505704248136457,0.001047142857142818,0.6212814425232865,1.0
1.04334,1.0430332414067032,1.0,0.00030675859329676314,0.0010628571428571115,0.288616956058791,1.0
1.044,1.0431969372491872,1.0,0.0008030627508128774,0.0010757142857142593,0.7465390777809137,1.0
1.04448,1.0434585585471217,1.0,0.0010214414528784133,0.001060714285714272,0.9629751070907724,1.0
1.04418,1.0434279588469448,1.0,0.0007520411530552717,0.001044285714285704,0.7201488469749595,1.0
1.04336,1.0434163695714727,1.0,-5.636957147259203e-05,0.0010528571428571251,0.053539620123222637,1.0
1.04338,1.0433928409026387,1.0,-1.284090263875548e-05,0.001045714285714269,0.012279551703728115,1.0
1.04276,1.0433716063803666,1.0,-0.0006116063803667249,0.0010478571428571243,0.583673437296135,1.0
1.04274,1.0433564960596677,1.0,-0.0006164960596677371,0.0010157142857142626,0.6069581459457466,1.0
1.04283,1.0433480361542649,1.0,-0.0005180361542649337,0.0009749999999999799,0.5313191325794301,1.0
1.04243,1.0443050868879684,-1.0,-0.0018750868879684468,0.000984999999999982,1.9036415106278997,-1.0
1.04265,1.0442622448033088,-1.0,-0.0016122448033086823,0.000924285714285695,1.7443143157899554,-1.0
1.0425,1.0441622074555852,-1.0,-0.0016622074555852073,0.0008864285714285579,1.8751736001767332,-1.0
1.04292,1.0441209183199418,-1.0,-0.001200918319941735,0.0008957142857142696,1.3407381562348162,-1.0
1.04206,1.043950080782083,-1.0,-0.0018900807820829701,0.0009171428571428544,2.060835743704179,-1.0
1.04231,1.0438912211823288,-1.0,-0.0015812211823287292,0.0009192857142857098,1.7200541221913221,-1.0
1.04257,1.0438728539690525,-1.0,-0.0013028539690524976,0.0008757142857142654,1.4877614654759699,-1.0
1.04344,1.043826507200973,-1.0,-0.0003865072009729964,0.0009007142857142547,0.42911188054100996,-1.0
1.0427,1.0437988779063394,-1.0,-0.001098877906339446,0.0009185714285714035,1.1962901002140485,-1.0
1.04244,1.043792412295415,-1.0,-0.0013524122954149398,0.0008992857142856898,1.5038738789364314,-1.0
1.04198,1.0437765845131273,-1.0,-0.0017965845131273639,0.0009549999999999916,1.881240327882073,-1.0
1.04145,1.0434689662778767,-1.0,-0.002018966277876677,0.0009235714285714362,2.1860423735710164,-1.0
1.04045,1.0430480042507568,-1.0,-0.002598004250756736,0.00099214285714287,2.618578798458879,-1.0
1.04127,1.0429671119807131,-1.0,-0.0016971119807132062,0.0010421428571428645,1.6284830520894256,-1.0
1.04098,1.042946911064818,-1.0,-0.0019669110648179444,0.001036428571428589,1.8977777331116992,-1.0
1.04163,1.0429092296944322,-1.0,-0.0012792296944321713,0.0011228571428571557,1.1392630866444142,-1.0
1.04239,1.0428547315409498,-1.0,-0.0004647315409498365,0.0011657142857143096,0.3986667630697045,-1.0
1.04331,1.04195283913126,1.0,0.0013571608687399372,0.0011942857142857508,1.1363787178444102,1.0
1.0437,1.0421792213564132,1.0,0.0015207786435869064,0.001155000000000033,1.3166914663089724,1.0
1.04414,1.042416496604842,1.0,0.0017235033951581435,0.0011642857142857446,1.480309664552968,1.0
1.04508,1.0428339463941758,1.0,0.0022460536058241942,0.0012128571428571902,1.8518698752377794,1.0
1.04583,1.043176064362457,1.0,0.0026539356375430145,0.0012085714285714794,2.1959278324823073,1.0
1.04596,1.0432542716883595,1.0,0.0027057283116405095,0.0011907142857143307,2.2723573103158787,1.0
1.04542,1.0432418440874165,1.0,0.0021781559125835237,0.0011921428571429113,1.82709303631923,1.0
1.04487,1.0432500425392348,1.0,0.0016199574607651535,0.0011757142857143274,1.3778496021088302,1.0
1.04473,1.0432493024349174,1.0,0.0014806975650825116,0.001186428571428604,1.2480292541333289,1.0
1.04377,1.0432450449300124,1.0,0.0005249550699877314,0.001170000000000036,0.44867954699804724,1.0
1.04314,1.0440830136431825,-1.0,-0.0009430136431824998,0.0011435714285714818,0.8246215493163263,-1.0
1.04308,1.0439147512597557,-1.0,-0.0008347512597557394,0.0010885714285714704,0.7668318659173164,-1.0
1.04388,1.0439121631615926,-1.0,-3.216316159271315e-05,0.0010557142857143345,0.030465782293502254,-1.0
1.04397,1.0439020402526242,-1.0,6.795974737583421e-05,0.0009885714285714656,0.06874540919520544,-1.0
1.04453,1.0438805737473245,-1.0,0.0006494262526755001,0.0009592857142857498,0.6769893922156861,-1.0
1.04496,1.0438881781352358,-1.0,0.0010718218647642885,0.000957857142857169,1.118978829731516,-1.0
1.04449,1.0438719623566972,-1.0,0.0006180376433027046,0.0009478571428571669,0.6520366997918345,-1.0
1.04483,1.0438727694239713,-1.0,0.0009572305760285893,0.0009157142857143054,1.0453376025272982,-1.0
1.04503,1.0438752058868368,-1.0,0.0011547941131631045,0.0008571428571428738,1.3472597986902624,-1.0
1.04531,1.0431438927891017,1.0,0.0021661072108982715,0.0008450000000000164,2.563440486270094,1.0
1.04459,1.0431504769883473,1.0,0.0014395230116526214,0.0008435714285714356,1.706462503229173,1.0
1.04495,1.0431646044024632,1.0,0.0017853955975368763,0.000822857142857157,2.1697515942288055,1.0
1.04547,1.0431879557866794,1.0,0.0022820442133204555,0.0008435714285714356,2.7052175263747764,1.0
1.04536,1.043200125688319,1.0,0.002159874311681076,0.00078857142857144,2.7389710474216145,1.0
1.04523,1.0431854603929454,1.0,0.0020445396070547517,0.0007428571428571404,2.7522648556506364,1.0
1.04437,1.0431798669691297,1.0,0.001190133030870344,0.0008121428571428486,1.4654232570083545,1.0
1.04373,1.0431808242287157,1.0,0.000549175771284327,0.0008121428571428486,0.6762058749323359,1.0
1.04346,1.0439240234531049,-1.0,-0.0004640234531048115,0.0008371428571428538,0.5542942272583095,-1.0
1.04259,1.0435509351972145,-1.0,-0.0009609351972146296,0.0008571428571428579,1.121091063417067,-1.0
1.04169,1.0431519216776748,-1.0,-0.0014619216776747823,0.0008942857142857205,1.6347367002753044,-1.0
1.04084,1.0427201865667275,-1.0,-0.0018801865667275042,0.0009200000000000001,2.0436810507907652,-1.0
1.0417,1.0427044729175021,-1.0,-0.0010044729175020528,0.0009385714285714235,1.0702146761817972,-1.0
1.04132,1.0426802148809475,-1.0,-0.0013602148809475079,0.0009614285714285734,1.4147851659186532,-1.0
1.04097,1.0426195501253632,-1.0,-0.001649550125363275,0.0009342857142856971,1.7655735286763208,-1.0
1.04117,1.0426146578544024,-1.0,-0.001444657854402509,0.0008992857142857057,1.6064503543792947,-1.0
1.04052,1.0423490864638354,-1.0,-0.0018290864638355053,0.0009135714285714025,2.0021274819153874,-1.0
1.03994,1.0421107824002775,-1.0,-0.00217078240027746,0.0009285714285714056,2.3377656618373224,-1.0
1.03908,1.0417191975482274,-1.0,-0.00263919754822739,0.0009857142857142406,2.677446788056895,-1.0
1.03991,1.0416972202391839,-1.0,-0.0017872202391839842,0.001067142857142822,1.6747713084723295,-1.0
1.04023,1.041680235855062,-1.0,-0.0014502358550620986,0.0010378571428571062,1.3973366807205847,-1.0
1.04043,1.041680006295728,-1.0,-0.0012500062957281344,0.001009285714285681,1.2385058839486525,-1.0
1.03961,1.041683458006356,-1.0,-0.002073458006356166,0.001040714285714252,1.9923412552496405,-1.0
1.04032,1.041677963637694,-1.0,-0.0013579636376941373,0.0010264285714285234,1.3229986727709682,-1.0
1.03948,1.04168487802629,-1.0,-0.0022048780262899914,0.0010185714285713768,2.164676884155782,-1.0
1.03937,1.0416992541027574,-1.0,-0.0023292541027575275,0.000976428571428529,2.3854833532265403,-1.0
1.03941,1.0416828117295758,-1.0,-0.00227281172957583,0.0009321428571428259,2.4382654570162976,-1.0
1.03959,1.0416703062642347,-1.0,-0.0020803062642347214,0.0009342857142856811,2.2266274999454994,-1.0
1.03876,1.0413981106414285,-1.0,-0.0026381106414286037,0.0009814285714285459,2.6880312212519226,-1.0
1.03927,1.0413945566982705,-1.0,-0.0021245566982706077,0.0010235714285713935,2.0756311078708674,-1.0
1.04017,1.0414049210164449,-1.0,-0.0012349210164448454,0.0010514285714285604,1.174517271075273,-1.0
1.03973,1.0414001047434986,-1.0,-0.0016701047434986016,0.0010349999999999923,1.6136277714962455,-1.0
1.03987,1.0413886930542224,-1.0,-0.0015186930542223642,0.0009942857142857095,1.5274211752236495,-1.0
1.03899,1.0413751515165837,-1.0,-0.0023851515165835835,0.0009892857142857084,2.4109834824671745,-1.0
1.0398,1.04140326744608,-1.0,-0.00160326744607997,0.0010071428571428573,1.5918967549730196,-1.0
1.03976,1.0414076303452617,-1.0,-0.0016476303452617191,0.0009864285714285628,1.6702986845520833,-1.0
1.03985,1.0414076844977986,-1.0,-0.0015576844977986948,0.0009807142857142712,1.5883163123949053,-1.0
1.04026,1.041424308964642,-1.0,-0.0011643089646420357,0.0009664285714285585,1.2047542871388557,-1.0
1.04077,1.0405707006299658,1.0,0.0001992993700341561,0.0009271428571428407,0.21496079972867757,1.0
1.04114,1.0407399348578643,1.0,0.0004000651421356416,0.0009685714285714139,0.41304660692470996,1.0
1.04157,1.0409756624528317,1.0,0.000594337547168422,0.0009935714285714031,0.59818300937154,1.0
1.04221,1.041246695472195,1.0,0.0009633045278050201,0.0010399999999999774,0.9262543536586934,1.0
1.04216,1.041301164058471,1.0,0.0008588359415289126,0.0009957142857142745,0.8625325094264643,1.0
1.0421,1.0413088838213502,1.0,0.0007911161786497978,0.0009599999999999927,0.8240793527602123,1.0
1.04132,1.0413100808009919,1.0,9.919199008168178e-06,0.0009671428571428331,0.01025618804389645,1.0
1.04202,1.0413084397086805,1.0,0.0007115602913194685,0.0009742857142856895,0.7303404749613499,1.0
1.04217,1.0413099533727246,1.0,0.000860046627275457,0.0009692857142857043,0.8872993943888373,1.0
1.04269,1.0414650043190328,1.0,0.0012249956809671225,0.000950714285714265,1.288500340611577,1.0
1.04252,1.0414686770993935,1.0,0.0010513229006063884,0.0009221428571428396,1.14008680158712,1.0
1.04321,1.0417256611297658,1.0,0.0014843388702341365,0.0009957142857142745,1.4907277032480735,1.0
1.04303,1.041732631677875,1.0,0.0012973683221249033,0.0009728571428571404,1.3335650888214898,1.0
1.04389,1.0420320593637047,1.0,0.0018579406362952966,0.0010192857142857145,1.8227868891474523,1.0
1.04378,1.0420449499203812,1.0,0.0017350500796187163,0.0010142857142857137,1.710612754553665,1.0
1.04281,1.0420438786817985,1.0,0.0007661213182015292,0.0010535714285714157,0.7271659969370535,1.0
1.04197,1.042038475776738,1.0,-6.847577673796401e-05,0.0010921428571428432,0.06269855293208033,1.0
1.04274,1.042033645460681,1.0,0.0007063545393191095,0.0010964285714285538,0.6442321531249311,1.0
1.04328,1.0420298751534418,1.0,0.001250124846558176,0.0011342857142856908,1.1021251795853166,1.0
1.04399,1.042022492710827,1.0,0.001967507289172943,0.0011992857142856886,1.640565934986408,1.0
1.04491,1.042331223376447,1.0,0.002578776623552992,0.001226428571428549,2.1026716790764444,1.0
1.04499,1.0424835811188702,1.0,0.0025064188811299015,0.0011757142857142641,2.1318265088590076,1.0
1.04503,1.0426138968735366,1.0,0.0024161031264633426,0.0011499999999999685,2.1009592404029642,1.0
1.04588,1.0430810413401326,1.0,0.0027989586598673455,0.001124999999999979,2.4879632532154643,1.0
1.04632,1.043345261981015,1.0,0.002974738018984846,0.0011314285714285452,2.629187643042223,1.0
1.0461,1.04336547224622,1.0,0.002734527753780025,0.0010892857142856974,2.5103861346177667,1.0
1.04572,1.0433722041745321,1.0,0.0023477958254678466,0.0010921428571428432,2.1497149481066233,1.0
1.04585,1.043392698797757,1.0,0.0024573012022428564,0.0010414285714285582,2.3595484795199195,1.0
1.04565,1.0433972087034222,1.0,0.0022527912965777386,0.001054285714285706,2.1367939127431295,1.0
1.04578,1.0434201472836775,1.0,0.0023598527163224414,0.0009835714285714328,2.399269283116488,1.0
1.04675,1.0436875828272636,1.0,0.0030624171727364757,0.0010042857142857273,3.0493485361529236,1.0
1.04675,1.0437911815732448,1.0,0.002958818426755272,0.0009371428571428586,3.157275760257145,1.0
1.04667,1.0438491276775068,1.0,0.002820872322493173,0.0008878571428571387,3.1771691484235407,1.0
1.04708,1.0440755275472018,1.0,0.0030044724527982236,0.0008371428571428538,3.588960267847722,1.0
1.04618,1.0441060053977083,1.0,0.002073994602291851,0.0008092857142857188,2.5627470813844444,1.0
1.04538,1.045066484594857,-1.0,0.0003135154051430167,0.0008550000000000026,0.36668468437779617,-1.0
1.04615,1.04508666874785,-1.0,0.0010633312521499683,0.0009028571428571418,1.1777403109255993,-1.0
1.04523,1.0450862163071886,-1.0,0.0001437836928115388,0.0009157142857142737,0.15701807327313336,-1.0
1.0449,1.0448653819858715,-1.0,3.4618014128406926e-05,0.0008999999999999801,0.03846446014267521,-1.0
1.04465,1.0447027013980255,-1.0,-5.2701398025378765e-05,0.0008799999999999761,0.05988795230156841,-1.0
1.04505,1.044715396384191,-1.0,0.00033460361580894826,0.0008971428571428186,0.3729658137997991,-1.0
1.04563,1.0447418584050405,-1.0,0.000888141594959535,0.0009214285714285334,0.9638745991809305,-1.0
1.04504,1.0447503456613672,-1.0,0.00028965433863281653,0.0009171428571428228,0.31582248760588655,-1.0
1.046,1.0447630710965163,-1.0,0.0012369289034837028,0.0009742857142856736,1.269575120877754,-1.0
1.04503,1.0447750422132485,-1.0,0.00025495778675144187,0.0009599999999999451,0.2655810278661005,-1.0
1.04603,1.0447793053876895,-1.0,0.0012506946123105322,0.0010321428571428148,1.211745645145202,-1.0
1.04664,1.0437831898372956,1.0,0.0028568101627044484,0.0010971428571428282,2.603863429548394,1.0
1.04687,1.0440090113728413,1.0,0.002860988627158667,0.0010649999999999826,2.686374297801609,1.0
1.04626,1.0440135414903922,1.0,0.002246458509607807,0.0010335714285714115,2.1734913016247286,1.0
1.04676,1.044025079213477,1.0,0.002734920786522821,0.0010435714285714135,2.6207317598439457,1.0
1.047,1.044111613774769,1.0,0.00288838622523091,0.001011428571428552,2.85574909274248,1.0
1.04611,1.044106129819427,1.0,0.0020038701805731307,0.0010307142857142817,1.9441567933488524,1.0
1.04631,1.0441038625762964,1.0,0.00220613742370368,0.0010314285714285879,2.138914399712675,1.0
1.04715,1.0441924871819852,1.0,0.002957512818014818,0.0010728571428571612,2.7566697371642306,1.0
1.04765,1.0444666113234498,1.0,0.003183388676550214,0.0010735714285714515,2.965232300179777,1.0
1.04758,1.0444695275481883,1.0,0.003110472451811619,0.0010450000000000262,2.9765286620206135,1.0
1.0467,1.0444840150869967,1.0,0.0022159849130032327,0.0010707142857143057,2.0696323403632206,1.0
1.04578,1.044483004618415,1.0,0.0012969953815848978,0.0010607142857143195,1.222756588699528,1.0
1.04596,1.044482769501203,1.0,0.0014772304987971108,0.0010178571428571973,1.451314174256733,1.0
1.04656,1.0445012443117128,1.0,0.0020587556882871727,0.0009664285714286221,2.1302719612726464,1.0
1.04605,1.0445180575549928,1.0,0.001531942445007095,0.000980714285714319,1.5620680429787768,1.0
1.04507,1.0453325875022683,-1.0,-0.00026258750226837435,0.0010571428571428834,0.2483935832268344,-1.0
1.04449,1.045088022035983,-1.0,-0.0005980220359831367,0.0010871428571428737,0.5500859726520227,-1.0
1.0442,1.0448400850860224,-1.0,-0.0006400850860224239,0.001020000000000005,0.6275343980611967,-1.0
1.04402,1.0446848709493946,-1.0,-0.0006648709493946026,0.00101857142857144,0.6527484776665029,-1.0
1.04313,1.0443084272364487,-1.0,-0.0011784272364487869,0.0010328571428571528,1.1409392330762695,-1.0
1.04401,1.0442997487709098,-1.0,-0.0002897487709097035,0.001104999999999991,0.26221608227122706,-1.0
1.0449,1.0443099535028324,-1.0,0.0005900464971675401,0.0011385714285714174,0.5182340627569412,-1.0
1.0442,1.0443119077646985,-1.0,-0.0001119077646984934,0.0011599999999999863,0.0964722109469782,-1.0
1.04465,1.044319975433791,-1.0,0.00033002456620900844,0.0011392857142857077,0.2896767352304793,-1.0
1.04517,1.0443232616374383,-1.0,0.0008467383625616609,0.0011078571428571366,0.7643028417706847,-1.0
1.04448,1.0443305828845608,-1.0,0.0001494171154392543,0.0011035714285714102,0.13539414991259513,-1.0
1.04532,1.0432925018054364,1.0,0.002027498194563604,0.0011199999999999782,1.8102662451461102,1.0
1.04504,1.043327313837754,1.0,0.0017126861622460687,0.0011342857142856908,1.5099248281766662,1.0
1.04583,1.0435630653668806,1.0,0.002266934633119444,0.0011378571428571269,1.9922840466837828,1.0
1.04653,1.0439367950631282,1.0,0.0025932049368717625,0.0011128571428571377,2.330222664711479,1.0
1.04581,1.0439478967261884,1.0,0.0018621032738115328,0.0010742857142857101,1.7333408133884016,1.0
1.04655,1.0439915737454317,1.0,0.002558426254568369,0.0011264285714285918,2.2712725151526008,1.0
1.04575,1.0440225350625187,1.0,0.0017274649374812157,0.001199285714285736,1.4404115023666815,1.0
1.04519,1.0440495728361854,1.0,0.0011404271638146835,0.0011635714285714385,0.9801092875018681,1.0
1.04467,1.0440879413607906,1.0,0.0005820586392093485,0.001089285714285729,0.5343489146839848,1.0
1.04471,1.044127665139198,1.0,0.0005823348608020584,0.000998571428571436,0.5831679578847466,1.0
1.04423,1.0450809830781564,-1.0,-0.0008509830781564531,0.0009850000000000136,0.8639422113263364,-1.0
1.04336,1.0446958884010915,-1.0,-0.0013358884010914451,0.0010442857142857198,1.279236498993169,-1.0
1.04247,1.0442888707945657,-1.0,-0.0018188707945656635,0.0010885714285714387,1.6708786826718538,-1.0
1.04193,1.044020466123143,-1.0,-0.002090466123142898,0.0010650000000000143,1.9628789888665443,-1.0
1.04268,1.0440177895159086,-1.0,-0.0013377895159085718,0.001089285714285729,1.2281346375553934,-1.0
1.04336,1.0440219416758505,-1.0,-0.0006619416758504304,0.0011142857142857343,0.5940502219170423,-1.0
1.04409,1.042919618305309,1.0,0.0011703816946908585,0.001110000000000008,1.05439792314491,1.0
1.0446,1.0432008390285255,1.0,0.0013991609714745223,0.0011128571428571377,1.257269165638216,1.0
1.04507,1.0435158311583828,1.0,0.0015541688416171873,0.0011157142857142835,1.3929810360205293,1.0
1.04565,1.0438311765714725,1.0,0.0018188234285274607,0.001116428571428558,1.6291444657315903,1.0
1.04647,1.0441808808423767,1.0,0.0022891191576233094,0.001119999999999994,2.0438563907351086,1.0
1.04679,1.0444775691183077,1.0,0.0023124308816924177,0.001085714285714293,2.1298705489272125,1.0
1.04681,1.0445841112069396,1.0,0.0022258887930604043,0.0011007142857142962,2.0222221351619316,1.0
1.04717,1.0448076910465471,1.0,0.0023623089534527963,0.0011585714285714374,2.0389843001441985,1.0
1.04627,1.0448249787188133,1.0,0.0014450212811867313,0.0011828571428571522,1.2216363488293527,1.0
1.04584,1.04485992746446,1.0,0.0009800725355399997,0.0011271428571428663,0.8695193597946695,1.0
1.0464,1.0449048506910255,1.0,0.0014951493089745416,0.001085714285714293,1.377111205634437,1.0
1.0455,1.0449242630967879,1.0,0.0005757369032122206,0.0011164285714285738,0.5156952428004524,1.0
1.0456,1.0449569245949013,1.0,0.0006430754050987808,0.0010621428571428529,0.6054509530183569,1.0
1.04612,1.0449873885798628,1.0,0.0011326114201370974,0.0010271428571428456,1.1026814938747942,1.0
1.04544,1.0450143844820545,1.0,0.0004256155179453991,0.001020000000000005,0.41727011563274213,1.0
1.04532,1.0450222765628214,1.0,0.0002977234371785986,0.0009692857142857202,0.30715756230658475,1.0
1.04448,1.045758614776796,-1.0,-0.0012786147767960276,0.0009942857142857253,1.2859631375821974,-1.0
1.04406,1.0455795197469757,-1.0,-0.0015195197469757282,0.0009907142857142892,1.533761821028127,-1.0
1.04427,1.04558709192895,-1.0,-0.0013170919289500205,0.0009142857142857087,1.4405692972890936,-1.0
1.04342,1.0453312622504902,-1.0,-0.0019112622504902088,0.000988571428571418,1.933357767836937,-1.0
1.04425,1.045349820253234,-1.0,-0.001099820253234185,0.0010307142857142657,1.0670466767345037,-1.0
1.04385,1.0453447373552835,-1.0,-0.001494737355283604,0.0010321428571428465,1.4481884411052368,-1.0
1.04299,1.0451713923387451,-1.0,-0.0021813923387450362,0.0010085714285714223,2.162853593656565,-1.0
1.04358,1.0451773118982914,-1.0,-0.001597311898291487,0.0010207142857142795,1.5648961914682262,-1.0
1.04407,1.0451921851562673,-1.0,-0.0011221851562672747,0.0010342857142857018,1.0849856483247262,-1.0
1.04505,1.0451965294222303,-1.0,-0.0001465294222302571,0.00104785714285714,0.13983721276234526,-1.0
1.04551,1.0442724129843217,1.0,0.001237587015678221,0.0010792857142856954,1.146672284546353,1.0
1.04533,1.0442915766321215,1.0,0.001038423367878627,0.001082142857142841,0.9595991518350492,1.0
1.04609,1.0446544726514353,1.0,0.0014355273485646691,0.0010578571428571262,1.3570143740652048,1.0
1.04542,1.0446740574375242,1.0,0.0007459425624758431,0.001097142857142844,0.6798955647566359,1.0
1.04601,1.0446927767654726,1.0,0.0013172232345275425,0.0010635714285714176,1.2384906167485417,1.0
1.04546,1.044699531615442,1.0,0.0007604683845581217,0.001032857142857137,0.7362764442471483,1.0
1.04615,1.0447856940722988,1.0,0.0013643059277010927,0.0010735714285714357,1.2708105780316148,1.0
1.0458,1.0447911695502519,1.0,0.0010088304497481992,0.0010057142857142923,1.0030984585564415,1.0
1.04515,1.0447914646307508,1.0,0.00035853536924923546,0.0009842857142857392,0.3642594462619136,1.0
1.04461,1.0447858601792563,1.0,-0.00017586017925630415,0.0009700000000000264,0.18129915387247358,1.0
1.04499,1.0447813434327466,1.0,0.00020865656725344017,0.0009400000000000201,0.22197507154620819,1.0
1.04555,1.0447781307894557,1.0,0.0007718692105442848,0.0009621428571428796,0.8022397140029499,1.0
1.04638,1.0448495677107588,1.0,0.0015304322892413236,0.0010128571428571803,1.5110050810562579,1.0
1.04587,1.0448488012780952,1.0,0.0010211987219048702,0.000980714285714319,1.0412805613013618,1.0
1.04647,1.0448507845401704,1.0,0.0016192154598295705,0.0010050000000000495,1.6111596615218813,1.0
1.04556,1.0448486043417895,1.0,0.0007113956582105452,0.0010392857142857664,0.6845044133984284,1.0
1.04606,1.0448489812322386,1.0,0.0012110187677614181,0.001050000000000059,1.153351207391762,1.0
1.04626,1.0448441830118897,1.0,0.001415816988110219,0.00100285714285721,1.4117833214773317,1.0
1.04666,1.0449954674641673,1.0,0.0016645325358326524,0.0010278571428571995,1.619420118252665,1.0
1.047,1.0451824112564925,1.0,0.001817588743507459,0.0010392857142857664,1.7488826398009036,1.0
1.04776,1.0455342486286048,1.0,0.002225751371395246,0.0010407142857143312,2.1386766780735815,1.0
1.04852,1.0459151749115365,1.0,0.0026048250884633806,0.001071428571428612,2.4311700825657296,1.0
1.04872,1.0460891895825686,1.0,0.0026308104174315172,0.0010378571428571698,2.534848303099813,1.0
1.04864,1.0461696597350618,1.0,0.002470340264938198,0.0009935714285714508,2.4863237749197693,1.0
1.04767,1.04617059613008,1.0,0.0014994038699200907,0.0010207142857143112,1.4689750999916547,1.0
1.04736,1.046188552446992,1.0,0.0011714475530080204,0.000980714285714319,1.1944840307437532,1.0
1.04792,1.04619665919906,1.0,0.0017233408009400542,0.0009064285714285937,1.9012428063956002,1.0
1.04695,1.046203804476965,1.0,0.0007461955230350092,0.0009450000000000212,0.7896248921005211,1.0
1.04609,1.0468277914828796,-1.0,-0.0007377914828796683,0.0009414285714285851,0.7836935326491052,-1.0
1.04524,1.0464607346372186,-1.0,-0.0012207346372186123,0.0009507142857143126,1.2840184012817497,-1.0
1.04528,1.046416276974624,-1.0,-0.0011362769746239287,0.0009135714285714343,1.2437746399323615,-1.0
1.04497,1.0462298410859217,-1.0,-0.001259841085921698,0.0009457142857142799,1.3321582479534653,-1.0
1.04568,1.046225797670389,-1.0,-0.0005457976703890921,0.0009407142857142789,0.5801949419474066,-1.0
1.04513,1.0462158733015785,-1.0,-0.0010858733015786104,0.0009742857142857211,1.1145327142302375,-1.0
1.04447,1.0460583965712864,-1.0,-0.001588396571286399,0.0009842857142857233,1.6137555876639609,-1.0
1.04455,1.0460508810643039,-1.0,-0.001500881064303794,0.0009635714285714446,1.5576230467199974,-1.0
1.04397,1.0457240801608838,-1.0,-0.001754080160883742,0.0009814285714286092,1.7872723618902069,-1.0
1.04298,1.045292021698864,-1.0,-0.0023120216988639086,0.0010692857142857567,2.162211341622808,-1.0
1.04346,1.0452801106300789,-1.0,-0.0018201106300788084,0.001072857142857177,1.6965079108590218,-1.0
1.04265,1.0451198005250912,-1.0,-0.002469800525091159,0.001128571428571447,2.188430845017447,-1.0
1.04352,1.0450996347063115,-1.0,-0.0015796347063115057,0.0011864285714285883,1.3314199812378547,-1.0
1.04325,1.04508939547426,-1.0,-0.0018393954742599306,0.0011142857142857343,1.6507395281819592,-1.0
1.04405,1.0450799826934047,-1.0,-0.0010299826934048184,0.001130000000000028,0.9114891092077814,-1.0
1.04339,1.0450702269528012,-1.0,-0.0016802269528011227,0.0011192857142857354,1.501160008884191,-1.0
1.04255,1.0450566460596802,-1.0,-0.0025066460596800955,0.0011607142857143244,2.159571989878164,-1.0
1.0426,1.044953699523104,-1.0,-0.002353699523103936,0.0011321428571428832,2.078977496747908,-1.0
1.04312,1.0449379539495816,-1.0,-0.0018179539495815078,0.0011478571428571766,1.5837806654723312,-1.0
1.04267,1.0449216639887902,-1.0,-0.0022516639887901757,0.0011050000000000226,2.0377049672308867,-1.0
1.04232,1.044749205306799,-1.0,-0.0024292053067991315,0.0010864285714285834,2.2359549175008193,-1.0
1.04252,1.0447294875284925,-1.0,-0.002209487528492593,0.0010714285714285804,2.062188359926403,-1.0
1.04314,1.0447323905611965,-1.0,-0.0015923905611965328,0.0010907142857142782,1.4599520534873354,-1.0
1.04336,1.0447410567428732,-1.0,-0.0013810567428731435,0.0010221428571428445,1.3511386722728336,-1.0
1.04273,1.0447309573569175,-1.0,-0.002000957356917521,0.0010399999999999934,1.9239974585745516,-1.0
1.04191,1.0444940283061797,-1.0,-0.002584028306179764,0.001031428571428572,2.505290601559327,-1.0
1.04155,1.0443099118214432,-1.0,-0.002759911821443195,0.0010092857142857126,2.7345198513945363,-1.0
1.04186,1.0442895355491753,-1.0,-0.0024295355491752435,0.0010221428571428445,2.3769041012196945,-1.0
1.04182,1.044272129354869,-1.0,-0.002452129354868937,0.0009807142857142712,2.5003503982640662,-1.0
1.04233,1.0442528549213044,-1.0,-0.0019228549213043955,0.000984999999999982,1.9521369759435845,-1.0
1.0423,1.0442375422683172,-1.0,-0.001937542268317216,0.0009385714285713918,2.0643524928799155,-1.0
1.04212,1.044231497918942,-1.0,-0.0021114979189420513,0.0009657142857142682,2.186462342099797,-1.0
1.04258,1.0442241108801533,-1.0,-0.00164411088015326,0.0009349999999999874,1.7584073584527082,-1.0
1.04279,1.0442150660642202,-1.0,-0.001425066064220104,0.0009399999999999885,1.5160277278937464,-1.0
1.04219,1.0441911009087292,-1.0,-0.002001100908729292,0.0009335714285714383,2.143489879281545,-1.0
1.04231,1.0441648305792388,-1.0,-0.001854830579238742,0.0009085714285714332,2.0414801972753347,-1.0
1.04325,1.0441461012187117,-1.0,-0.0008961012187116424,0.0009271428571428724,0.9665190340495214,-1.0
1.04364,1.0432350303599853,1.0,0.00040496964001457414,0.0009457142857142957,0.4282156314353458,1.0
1.04274,1.0432243686739522,1.0,-0.00048436867395218464,0.0009485714285714256,0.5106296261544131,1.0
1.04359,1.0432226165274159,1.0,0.0003673834725841374,0.0009642857142857191,0.3809902678650295,1.0
1.04432,1.0433913629410845,1.0,0.000928637058915438,0.0009835714285714487,0.9441480628043476,1.0
1.04478,1.0436574412856094,1.0,0.001122558714390598,0.0009914285714285956,1.1322638329587889,1.0
1.04447,1.0436575950933307,1.0,0.0008124049066693395,0.0009878571428571753,0.8223910841193334,1.0
1.04393,1.043667534141624,1.0,0.00026246585837608194,0.0009450000000000371,0.2777416490752081,1.0
1.0436,1.0436745557843765,1.0,-7.455578437642885e-05,0.0009728571428571879,0.07663590170851362,1.0
1.04366,1.04367473281825,1.0,-1.473281825004058e-05,0.000951428571428603,0.015484944106648744,1.0
1.04322,1.0436664275737368,1.0,-0.0004464275737368073,0.000957857142857169,0.46606905535534165,1.0
1.04247,1.0444680579509416,-1.0,-0.0019980579509415453,0.0009607142857143147,2.0797629229130696,-1.0
1.04157,1.0441041579667838,-1.0,-0.00253415796678369,0.0010014285714285817,2.5305429054901065,-1.0
1.04144,1.0439246307787502,-1.0,-0.002484630778750274,0.0009971428571428711,2.491750064649237,-1.0
1.04241,1.04389902017206,-1.0,-0.001489020172059874,0.0010064285714285668,1.4795090425009463,-1.0
1.04181,1.043853116502631,-1.0,-0.002043116502631115,0.0010257142857142806,1.9918963117573643,-1.0
1.0416,1.0438254438160908,-1.0,-0.0022254438160906886,0.0009514285714285872,2.3390550619571413,-1.0
1.04127,1.043743948648714,-1.0,-0.002473948648713975,0.0009285714285714373,2.664252390922717,-1.0
1.04035,1.043327194519412,-1.0,-0.0029771945194119187,0.0009464285714285703,3.145714963906937,-1.0
1.04032,1.0432260106938187,-1.0,-0.0029060106938187946,0.0009214285714285651,3.1538100553072406,-1.0
1.04096,1.0431890392038867,-1.0,-0.002229039203886618,0.0009171428571428386,2.4304165774465174,-1.0
1.04043,1.0431679236283078,-1.0,-0.0027379236283078257,0.0009385714285713918,2.917118021028239,-1.0
1.04019,1.0430163889844977,-1.0,-0.0028263889844977186,0.0009149999999999674,3.0889497098336824,-1.0
1.03921,1.0426121268567374,-1.0,-0.003402126856737464,0.0010099999999999712,3.368442432413427,-1.0
1.03946,1.0426082009637123,-1.0,-0.0031482009637122665,0.0009907142857142417,3.1777082546484277,-1.0
1.04011,1.0425922135169623,-1.0,-0.002482213516962206,0.0010364285714285254,2.3949682451738408,-1.0
1.0408,1.042565411437483,-1.0,-0.0017654114374829888,0.000986428571428531,1.7897002262681287,-1.0
1.04057,1.0425392898139494,-1.0,-0.001969289813949393,0.001017857142857102,1.9347408698450952,-1.0
1.04129,1.0415297068970126,1.0,-0.00023970689701258152,0.0009999999999999692,0.2397068970125889,1.0
1.04109,1.0415260052914617,1.0,-0.00043600529146159417,0.0009728571428571245,0.448169903117653,1.0
1.04067,1.0415240458548336,1.0,-0.0008540458548336183,0.000977142857142835,0.8740235356484595,1.0
1.04101,1.0415125832864822,1.0,-0.0005025832864822277,0.0009692857142856884,0.5185089175203667,1.0
1.0413,1.0416577365904205,1.0,-0.0003577365904205987,0.00089642857142856,0.39906870644529446,1.0
1.04171,1.0418354629149125,1.0,-0.00012546291491255523,0.0009321428571428576,0.13459623055753045,1.0
1.04087,1.0418083005574983,1.0,-0.0009383005574983283,0.0009749999999999957,0.9623595461521358,1.0
1.04029,1.0417896421690136,1.0,-0.0014996421690136597,0.000970714285714301,1.544885236658639,1.0
1.04046,1.0417770753315798,1.0,-0.0013170753315798756,0.0009978571428571614,1.3199036966440885,1.0
1.04083,1.041762453828677,1.0,-0.0009324538286770157,0.0009271428571428724,1.005728320606934,1.0
1.04119,1.041727579390852,1.0,-0.0005375793908519721,0.0009414285714285851,0.5710251496151366,1.0
1.04149,1.0417160904025917,1.0,-0.00022609040259169433,0.0009078571428571587,0.24903742220957242,1.0
1.04214,1.0418596238060256,1.0,0.0002803761939744742,0.000921428571428581,0.3042842415226821,1.0
1.04297,1.0422378378536294,1.0,0.0007321621463705075,0.0009528571428571521,0.7683860606586961,1.0
1.04305,1.0423218087244392,1.0,0.0007281912755607856,0.0009028571428571576,0.8065409697666797,1.0
1.04291,1.042307020103904,1.0,0.0006029798960960342,0.0009228571428571459,0.6533837883393537,1.0
1.04237,1.0422956278380062,1.0,7.437216199379648e-05,0.0009749999999999957,0.07627914050645826,1.0
1.04295,1.0422891099897313,1.0,0.0006608900102686999,0.000989999999999999,0.6675656669380814,1.0
1.04252,1.0422724176789262,1.0,0.0002475823210736916,0.0009964285714285648,0.2484697129054986,1.0
1.04177,1.042254444147943,1.0,-0.0004844441479430195,0.0010157142857142626,0.47694923144883455,1.0
1.0426,1.0422251288868392,1.0,0.0003748711131608129,0.00100142857142855,0.3743363469508911,1.0
1.04327,1.042211277337017,1.0,0.0010587226629830138,0.0010128571428571012,1.0452833061891962,1.0
1.04324,1.0422103250036696,1.0,0.001029674996330332,0.0009985714285713884,1.0311480649946514,1.0
1.04375,1.0424082087729167,1.0,0.0013417912270832222,0.0010421428571428329,1.287530992403396,1.0
1.04357,1.0423834115195798,1.0,0.001186588480420303,0.001026428571428555,1.1560360978346909,1.0
1.04365,1.0424529380101637,1.0,0.0011970619898362678,0.0009828571428571267,1.2179409780311063,1.0
1.04458,1.04285147359698,1.0,0.0017285264030200143,0.0010121428571428584,1.7077889655808165,1.0
1.04385,1.0428530275868302,1.0,0.000996972413169761,0.0010392857142857029,0.959286170747547,1.0
1.04354,1.04283904295441,1.0,0.0007009570455898118,0.0010635714285714176,0.6590596802053368,1.0
1.04403,1.0428058716245923,1.0,0.0012241283754077514,0.0010571428571428518,1.1579592740343654,1.0
1.04425,1.0427933337783046,1.0,0.0014566662216952686,0.0010271428571428614,1.4181729557533849,1.0
1.04339,1.042741139996569,1.0,0.0006488600034311176,0.0010364285714285731,0.626053759340843,1.0
1.04288,1.042739559215836,1.0,0.00014044078416408645,0.001077142857142856,0.13038269086851542,1.0
1.04215,1.0435874323824064,-1.0,-0.001437432382406456,0.001079285714285727,1.3318367540496459,-1.0
1.04226,1.043570279083105,-1.0,-0.0013102790831049926,0.0010435714285714453,1.255572016664586,-1.0
1.04322,1.0435495528033947,-1.0,-0.0003295528033946393,0.0010728571428571612,0.30717305243174914,-1.0
1.0423,1.0435167161664411,-1.0,-0.0012167161664411452,0.0011278571428571566,1.0787857080542005,-1.0
1.04301,1.0435115186060222,-1.0,-0.000501518606022211,0.001090714285714294,0.4598074973353569,-1.0
1.04394,1.043497150558229,-1.0,0.0004428494417711981,0.001118571428571429,0.3959062697826801,-1.0
1.04424,1.0434905673000285,-1.0,0.0007494326999715195,0.0011364285714285621,0.6594630923696643,-1.0
1.0438,1.0434829226953113,-1.0,0.00031707730468877315,0.0011014285714285549,0.28787822734389695,-1.0
1.04436,1.0434818385584075,-1.0,0.0008781614415924732,0.001064285714285724,0.8251181330399002,-1.0
1.0441,1.0434812215892069,-1.0,0.0006187784107931638,0.0010400000000000092,0.5949792411472675,-1.0
1.04471,1.0426337643500232,1.0,0.002076235649976832,0.0010700000000000154,1.94040714951103,1.0
1.04488,1.0427188913864769,1.0,0.002161108613523144,0.0010885714285714387,1.9852703798768854,1.0
1.04454,1.0427182682632066,1.0,0.0018217317367934527,0.0010442857142857356,1.744476355342532,1.0
1.04442,1.0427142440109118,1.0,0.0017057559890880647,0.0010214285714285859,1.6699708984078718,1.0
1.04448,1.0427161897847812,1.0,0.001763810215218875,0.0009792857142857222,1.8011191110914697,1.0
1.04452,1.0427223189090964,1.0,0.0017976810909035024,0.000950714285714281,1.8908741752553837,1.0
1.04509,1.0430197341088077,1.0,0.0020702658911924132,0.0008900000000000098,2.3261414507779667,1.0
1.04591,1.0433545906028727,1.0,0.002555409397127173,0.0008892857142857194,2.8735527357253186,1.0
1.04534,1.0433785413018626,1.0,0.0019614586981373527,0.0008792857142857015,2.2307410051927974,1.0
1.04548,1.0434014054500667,1.0,0.0020785945499333103,0.0008671428571428599,2.3970612602196253,1.0
1.04575,1.043403479394928,1.0,0.0023465206050719,0.0008978571428571566,2.6134676587912566,1.0
1.04484,1.043420707499918,1.0,0.0014192925000819923,0.0009178571428571448,1.546310895030961,1.0
1.04477,1.0434400861831015,1.0,0.0013299138168985092,0.0008785714285714111,1.5137230436243496,1.0
1.04485,1.0434521951179376,1.0,0.0013978048820624256,0.0008971428571428344,1.5580627666301317,1.0
1.0454,1.0434637645093834,1.0,0.0019362354906167223,0.0008557142857142612,2.2627125933751993,1.0
1.04614,1.04357599974736,1.0,0.0025640002526401418,0.0008892857142857036,2.8832131354989894,1.0
1.04679,1.0438939637069402,1.0,0.0028960362930599004,0.000917857142857129,3.1552146383532467,1.0
1.04721,1.0441227977503837,1.0,0.0030872022496162277,0.0009249999999999854,3.3375159455311096,1.0
1.04812,1.0445911222077469,1.0,0.0035288777922530823,0.0009585714285714277,3.6813926297722204,1.0
1.04845,1.0448235192989364,1.0,0.00362648070106375,0.0009785714285714478,3.705892687218358,1.0
1.04779,1.0448479673078686,1.0,0.0029420326921314466,0.0009928571428571445,2.9631983949525313,1.0
1.04833,1.0448735182897633,1.0,0.003456481710236714,0.0009735714285714307,3.550311367814665,1.0
1.04866,1.0450110611965795,1.0,0.0036489388034204318,0.0009821428571428839,3.715283145300702,1.0
1.04873,1.045136359638426,1.0,0.0035936403615739465,0.000964285714285735,3.726738152743272,1.0
1.04821,1.0451873328804626,1.0,0.00302266711953747,0.0009450000000000054,3.198589544484077,1.0
1.04882,1.045270501516888,1.0,0.0035494984831121457,0.0009328571428571639,3.8049754030297795,1.0
1.04812,1.0452877792151019,1.0,0.0028322207848980874,0.0010028571428571784,2.8241517798128077,1.0
1.04801,1.0453270403583985,1.0,0.00268295964160159,0.0010050000000000336,2.6696115836830847,1.0
1.04812,1.0453741735737607,1.0,0.0027458264262392174,0.0009728571428571563,2.822435386736308,1.0
1.0483,1.0453924699689339,1.0,0.002907530031066141,0.0009128571428571439,3.1850876709644704,1.0
1.0479,1.0454292677839034,1.0,0.002470732216096616,0.0009035714285714322,2.7344071956800384,1.0
1.04794,1.0454677835769308,1.0,0.0024722164230692734,0.0008657142857142951,2.8556955381987996,1.0
1.04751,1.0454805537075853,1.0,0.0020294462924146384,0.0008550000000000026,2.373621394636997,1.0
1.0485,1.0454974887209458,1.0,0.003002511279054154,0.0009099999999999982,3.2994629440155605,1.0
1.04946,1.0457716411223932,1.0,0.0036883588776068787,0.0009407142857142947,3.9208067036063636,1.0
1.04965,1.0459389889027122,1.0,0.0037110110972877752,0.0009142857142857405,4.058918387658387,1.0
1.04905,1.0459551900680135,1.0,0.0030948099319865197,0.0009171428571428704,3.374403352633228,1.0
1.04822,1.0459968176568846,1.0,0.0022231823431153597,0.0009400000000000201,2.3650875990588425,1.0
1.04855,1.0460120160842443,1.0,0.0025379839157557704,0.0009621428571428796,2.637845198261318,1.0
1.04789,1.0460314083536137,1.0,0.0018585916463862429,0.0009492857142857318,1.957884352852289,1.0
1.04793,1.0460614740347096,1.0,0.001868525965290413,0.0008585714285714387,2.1763197599056134,1.0
1.04738,1.046789984422705,-1.0,0.0005900155772948779,0.0008742857142857322,0.6748544184745197,-1.0
1.04812,1.0468323348651527,-1.0,0.0012876651348472379,0.0009600000000000401,1.34131784879915,-1.0
1.04744,1.0468750102543456,-1.0,0.0005649897456543318,0.0010035714285714528,0.562979105990068,-1.0
1.04773,1.0469290698317208,-1.0,0.0008009301682792014,0.001003571428571437,0.7980798829828274,-1.0
1.04857,1.0469473082538547,-1.0,0.0016226917461452661,0.001075714285714291,1.508478382870758,-1.0
1.04903,1.0469722510252664,-1.0,0.002057748974733542,0.0010735714285714198,1.9167322452608,-1.0
1.04973,1.0462978514003638,1.0,0.0034321485996362533,0.0010307142857142817,3.3298739012410072,1.0
1.04964,1.046332061953096,1.0,0.00330793804690388,0.000997142857142855,3.3174163794165055,1.0
1.04942,1.0464048451731918,1.0,0.003015154826808253,0.0009864285714285468,3.056637767944721,1.0
1.04849,1.0464261002917232,1.0,0.0020638997082766952,0.0010364285714285412,1.9913574028859113,1.0
1.04834,1.0464772304326266,1.0,0.0018627695673734124,0.0010128571428571012,1.8391236913419498,1.0
1.04775,1.046517779233275,1.0,0.001232220766725023,0.0010285714285713946,1.197992412093812,1.0
1.04812,1.0465414158562887,1.0,0.001578584143711259,0.0010107142857142457,1.561850036180813,1.0
1.04822,1.0465672082230362,1.0,0.001652791776963758,0.0010728571428570977,1.540551589713288,1.0
1.04861,1.0466321872831141,1.0,0.001977812716885907,0.0010528571428570777,1.8785195411400553,1.0
1.04878,1.0466803988674318,1.0,0.0020996011325682407,0.0009771428571427876,2.1487146093536156,1.0
1.04928,1.0467041220238056,1.0,0.0025758779761944073,0.000949999999999943,2.7114505012574335,1.0
1.04829,1.0467371478919842,1.0,0.001552852108015701,0.001009285714285665,1.5385654290319088,1.0
1.04792,1.0467507284553867,1.0,0.0011692715446132151,0.0009642857142856716,1.212577898117462,1.0
1.04839,1.0467711899514376,1.0,0.001618810048562347,0.0009707142857142692,1.667648320814808,1.0
1.04821,1.0467821800825816,1.0,0.0014278199174184714,0.0009857142857142565,1.4485129596999415,1.0
1.04839,1.0467998462167905,1.0,0.0015901537832094803,0.0009985714285714042,1.5924286813256987,1.0
1.048,1.0468556111931333,1.0,0.0011443888068667363,0.000983571428571417,1.1635035073445532,1.0
1.04848,1.0468744180134526,1.0,0.0016055819865474774,0.0009514285714285554,1.687548634509389,1.0
1.04885,1.0468999323473303,1.0,0.0019500676526698069,0.0009685714285714297,2.0133441841723645,1.0
1.04851,1.0469339667079058,1.0,0.0015760332920942144,0.0009228571428571459,1.7077760131051802,1.0
1.04844,1.046977466467165,1.0,0.0014625335328350975,0.0009092857142857077,1.6084422199286341,1.0
1.04798,1.046987007744084,1.0,0.000992992255915981,0.0009135714285714343,1.0869344474451639,1.0
1.0482,1.047005556809578,1.0,0.0011944431904220565,0.0008950000000000267,1.3345733971195763,1.0
1.04742,1.0478022805484988,-1.0,-0.00038228054849875903,0.0009542857142857329,0.4005933891453983,-1.0
1.04736,1.0476816502108885,-1.0,-0.00032165021088848,0.0009014285714285927,0.3568227379111421,-1.0
1.0476,1.0476990313420806,-1.0,-9.903134208055775e-05,0.0008092857142857346,0.12236882516573466,-1.0
1.04784,1.0477075000684692,-1.0,0.0001324999315308606,0.0008064285714285889,0.16430460951567832,-1.0
1.0488,1.0477390290742812,-1.0,0.0010609709257187738,0.0008542857142857122,1.241939210707598,-1.0
1.04837,1.0477566555122655,-1.0,0.0006133444877345351,0.0008378571428571442,0.7320394568016605,-1.0
1.04826,1.0477779283655035,-1.0,0.0004820716344964282,0.0007978571428571517,0.6042079572918461,-1.0
1.04742,1.0478033311163937,-1.0,-0.00038333111639365924,0.0008885714285714449,0.43140157793497835,-1.0
1.04688,1.0477771982151336,-1.0,-0.0008971982151335656,0.0008835714285714598,1.0154223938455518,-1.0
1.04761,1.0478076875753366,-1.0,-0.00019768757533666914,0.0009107142857143044,0.21706871017359303,-1.0
1.0468,1.047833283360512,-1.0,-0.001033283360512005,0.0009471428571428765,1.0909477411137085,-1.0
1.04603,1.047540012892382,-1.0,-0.0015100128923819511,0.0010171428571428911,1.484563236892318,-1.0
1.04591,1.047421465124946,-1.0,-0.0015114651249461541,0.0009835714285714487,1.5367110929009242,-1.0
1.04576,1.0472973760936188,-1.0,-0.0015373760936188141,0.0009864285714285945,1.5585275387880446,-1.0
1.04605,1.0473154291270488,-1.0,-0.001265429127048856,0.0009450000000000212,1.3390784413215107,-1.0
1.04679,1.0473334524325355,-1.0,-0.0005434524325353962,0.0010257142857142965,0.5298282768450883,-1.0
1.04656,1.0473442099704289,-1.0,-0.0007842099704289396,0.0010450000000000101,0.750440163089887,-1.0
1.04581,1.0473627104288306,-1.0,-0.0015527104288306504,0.001069285714285725,1.4521006014448152,-1.0
1.04594,1.0473647414561926,-1.0,-0.0014247414561925353,0.0009678571428571552,1.4720575931140398,-1.0
1.04653,1.0473896015421902,-1.0,-0.0008596015421902248,0.0009750000000000274,0.8816426073745648,-1.0
1.04561,1.0473311173805002,-1.0,-0.0017211173805002922,0.0010328571428571687,1.6663653753114445,-1.0
1.04588,1.0473537793230792,-1.0,-0.0014737793230792384,0.0009442857142857308,1.5607345327616473,-1.0
1.04549,1.0472501540415697,-1.0,-0.001760154041569706,0.0009271428571428724,1.8984712312770013,-1.0
1.04498,1.0470303972427044,-1.0,-0.0020503972427043937,0.0009107142857143044,2.251416580224386,-1.0
1.04511,1.0470213867758282,-1.0,-0.00191138677582825,0.0008835714285714598,2.1632509993204976,-1.0
1.04474,1.0469107104232753,-1.0,-0.002170710423275324,0.0008650000000000205,2.5094918188153437,-1.0
1.04457,1.0467909455782047,-1.0,-0.002220945578204736,0.0008664285714285855,2.563333725875169,-1.0
1.0438,1.0464697200913922,-1.0,-0.0026697200913921026,0.0009192857142857257,2.9041244195407128,-1.0
1.0434,1.0462922724079116,-1.0,-0.002892272407911456,0.0009521428571428776,3.03764543966688,-1.0
1.04365,1.0463196444055236,-1.0,-0.0026696444055236412,0.0009014285714286085,2.9615706558898127,-1.0
1.04359,1.0462753783007068,-1.0,-0.002685378300706809,0.0008814285714286203,3.0466204384030178,-1.0
1.04421,1.0462574564625235,-1.0,-0.002047456462523467,0.0008764285714286192,2.3361361430584333,-1.0
1.04521,1.0462536745343947,-1.0,-0.0010436745343946896,0.0009328571428571955,1.1187935284475368,-1.0
1.04574,1.0455131370116328,1.0,0.0002268629883670492,0.0009414285714286168,0.2409773776281135,1.0
1.04562,1.0455056346139329,1.0,0.00011436538606712787,0.0009114285714285948,0.1254792637100117,1.0
1.04516,1.0455076373034704,1.0,-0.0003476373034703162,0.000946428571428602,0.3673148866856052,1.0
1.04605,1.0456325096458776,1.0,0.0004174903541223074,0.000975714285714302,0.4278817685001615,1.0
1.04662,1.0459031405669448,1.0,0.000716859433055328,0.0009835714285714487,0.7288331200271886,1.0
1.04661,1.0459974343408804,1.0,0.0006125656591196016,0.0009514285714285713,0.6438377798554372,1.0
1.04641,1.0460063954004646,1.0,0.00040360459953547867,0.0009142857142857246,0.44144253074192485,1.0
1.04704,1.0462831379804385,1.0,0.0007568620195614884,0.000915000000000015,0.8271716060781158,1.0
1.04704,1.0463907809101758,1.0,0.0006492190898241823,0.00083785714285716,0.7748565436946604,1.0
1.04679,1.0464074376444006,1.0,0.000382562355599525,0.0008014285714285878,0.47735053283362217,1.0
1.04707,1.0464317478513323,1.0,0.0006382521486676396,0.000822857142857157,0.7756536528946876,1.0
1.04715,1.046442217373556,1.0,0.0007077826264441089,0.000860714285714294,0.8223200639184589,1.0
1.04768,1.0466975947881512,1.0,0.0009824052118487803,0.0008464285714285813,1.1606475076694316,1.0
1.04836,1.0469947029304763,1.0,0.0013652970695237077,0.000844285714285726,1.6171031280314418,1.0
1.04862,1.047127808921005,1.0,0.0014921910789951198,0.0008349999999999984,1.7870551844252967,1.0
1.04868,1.0471750248244398,1.0,0.0015049751755602525,0.000822857142857157,1.8289628869655532,1.0
1.04798,1.0471783563534638,1.0,0.000801643646536121,0.0008371428571428696,0.9575947996165125,1.0
1.04749,1.047177466585131,1.0,0.00031253341486903174,0.0008042857142857336,0.38858506289221484,1.0
1.04773,1.0471751626403596,1.0,0.0005548373596404588,0.0007650000000000157,0.7252775943012384,1.0
1.0485,1.0471736856662175,1.0,0.0013263143337824967,0.0008307142857143195,1.5965950707613241,1.0
1.04925,1.0473133936288792,1.0,0.0019366063711208081,0.0008942857142857522,2.165534280805924,1.0
1.05,1.0476569294876508,1.0,0.0023430705123492768,0.0009342857142857605,2.507873637070967,1.0
1.04958,1.0476659390381617,1.0,0.0019140609618382154,0.000961428571428621,1.9908509261317708,1.0
1.05021,1.047808665779419,1.0,0.002401334220581086,0.000997857142857193,2.40649098698164,1.0
1.05012,1.047845068030378,1.0,0.0022749319696220294,0.0009700000000000422,2.345290690331887,1.0
1.05081,1.0481574414808223,1.0,0.0026525585191776724,0.0009821428571428997,2.7007868558898767,1.0
1.05067,1.048171520101741,1.0,0.0024984798982590206,0.0009471428571429083,2.637912411434721,1.0
1.05142,1.0485451891911293,1.0,0.0028748108088707536,0.0009457142857143275,3.0398301604372184,1.0
1.05072,1.048562286613881,1.0,0.002157713386119031,0.0009671428571428965,2.231018272205702,1.0
1.05104,1.048574321628163,1.0,0.0024656783718368658,0.0009742857142857529,2.5307549271051872,1.0
1.05168,1.048665902137684,1.0,0.0030140978623158787,0.0009850000000000295,3.0599978297622217,1.0
1.05159,1.0486985343415718,1.0,0.0028914656584282383,0.0009557142857143296,3.025449866815656,1.0
1.05231,1.04902453560882,1.0,0.0032854643911801595,0.0009950000000000475,3.301974262492465,1.0
1.05237,1.04911214950046,1.0,0.0032578504995399715,0.0009578571428571848,3.401186203844713,1.0
1.05325,1.0495145590688044,1.0,0.0037354409311955994,0.0009535714285714583,3.917316332339832,1.0
1.05272,1.0495456457123868,1.0,0.003174354287613257,0.0009392857142857457,3.379540686432252,1.0
1.05189,1.0495664333649328,1.0,0.0023235666350671647,0.000987142857142869,2.353830165769893,1.0
1.05269,1.0496023637503202,1.0,0.0030876362496796705,0.0010107142857142934,3.0549051233579547,1.0
1.05226,1.0496059914754436,1.0,0.0026540085245563283,0.0010649999999999985,2.492026783620969,1.0
1.05211,1.0496121675695727,1.0,0.002497832430427449,0.001054285714285706,2.3692177524379785,1.0
1.05242,1.0496485614903621,1.0,0.0027714385096377914,0.0010892857142856974,2.5442714186839135,1.0
1.05324,1.0496731855655335,1.0,0.003566814434466492,0.0011142857142857026,3.200987312982783,1.0
1.05349,1.0496839040882908,1.0,0.0038060959117092175,0.0011028571428571357,3.4511232360057895,1.0
1.05422,1.0500702055638305,1.0,0.004149794436169474,0.0011171428571428482,3.7146497510468732,1.0
1.05402,1.0500819373558075,1.0,0.003938062644192497,0.0010999999999999899,3.5800569492659395,1.0
1.05405,1.0500792250747069,1.0,0.003970774925293075,0.0011078571428571207,3.584194000909359,1.0
1.05418,1.0501657596545777,1.0,0.004014240345422193,0.0011035714285713943,3.6374993421302557,1.0
1.05508,1.0506308301281249,1.0,0.004449169871875158,0.001149285714285678,3.8712478686298435,1.0
1.05533,1.0508572241496008,1.0,0.004472775850399291,0.0010892857142856815,4.10615487905521,1.0
1.05625,1.05125439524959,1.0,0.004995604750409832,0.0011328571428571102,4.409739376150042,1.0
1.0566,1.051452375695416,1.0,0.005147624304584042,0.0011135714285713963,4.622626059280223,1.0
1.05585,1.0515135538162979,1.0,0.004336446183702103,0.0011071428571428146,3.9167901014085014,1.0
1.05631,1.0515516553501922,1.0,0.004758344649807844,0.0010957142857142474,4.342687424857376,1.0
1.05546,1.051606314148267,1.0,0.0038536858517330685,0.001121428571428543,3.4364077658767087,1.0
1.05534,1.0516066164815996,1.0,0.003733383518400357,0.0010928571428571177,3.416167925333739,1.0
1.05618,1.0516143391175938,1.0,0.004565660882406064,0.001088571428571407,4.194176663627701,1.0
1.05619,1.0516386880237913,1.0,0.004551311976208616,0.0010621428571428368,4.2850280878898355,1.0
1.05572,1.0516909306136535,1.0,0.004029069386346507,0.0010464285714285434,3.8503052156213378,1.0
1.05503,1.0517044186300932,1.0,0.0033255813699066827,0.0010664285714285476,3.118428612102786,1.0
1.05588,1.051721381806003,1.0,0.004158618193996988,0.001127857142857125,3.6871852258365267,1.0
1.05684,1.0517972942582923,1.0,0.0050427057417077314,0.0011607142857142769,4.344484946702079,1.0
1.05772,1.052173734113179,1.0,0.005546265886821056,0.0011878571428571374,4.669135442904097,1.0
1.05865,1.0526774332249063,1.0,0.005972566775093835,0.0012285714285714202,4.861391561122922,1.0
1.0586,1.0528457132381126,1.0,0.005754286761887384,0.0011514285714285494,4.997519520249685,1.0
1.05931,1.0532092140384075,1.0,0.00610078596159247,0.0011828571428571363,5.157669291201392,1.0
1.05991,1.0535447797309736,1.0,0.006365220269026306,0.001169285714285714,5.443682575831906,1.0
1.05958,1.0535949108895495,1.0,0.005985089110450481,0.001161428571428583,5.153213256230376,1.0
1.06011,1.0537741996043275,1.0,0.006335800395672608,0.001147857142857145,5.51967676038683,1.0
1.06052,1.0541204743958625,1.0,0.006399525604137368,0.0011764285714285702,5.4397910417682604,1.0
1.06097,1.0545131603278595,1.0,0.006456839672140502,0.0011128571428571377,5.802038216300863,1.0
1.06167,1.0549755798546894,1.0,0.00669442014531052,0.0011392857142857235,5.875980064849312,1.0
1.06102,1.0550229638116553,1.0,0.005997036188344795,0.0011700000000000044,5.125671955850233,1.0
1.06095,1.0550344660817927,1.0,0.005915533918207316,0.0011128571428571535,5.315627397618847,1.0
1.06118,1.05509219124898,1.0,0.006087808751020107,0.001064285714285724,5.7200887593477,1.0
1.06145,1.0551406206808331,1.0,0.0063093793191668635,0.0009992857142857106,6.313889240052639,1.0
1.06158,1.0553203779634286,1.0,0.006259622036571377,0.0009149999999999833,6.841116979859553,1.0
1.06155,1.0553881972962342,1.0,0.006161802703765762,0.0008842857142857184,6.9681129121744965,1.0
1.06199,1.0557034862330132,1.0,0.0062865137669867455,0.0009035714285714322,6.9574065405386625,1.0
1.06261,1.0560477511766386,1.0,0.006562248823361427,0.0008985714285714153,7.302979612643986,1.0
1.06241,1.0561350943314314,1.0,0.006274905668568698,0.0008542857142857122,7.3452073043446475,1.0
1.06269,1.0561894747840026,1.0,0.00650052521599731,0.0008707142857142802,7.465738558159386,1.0
1.06198,1.0562601983449778,1.0,0.005719801655022172,0.0008907142857142844,6.421589668830034,1.0
1.06216,1.0563072543244423,1.0,0.005852745675557713,0.0008678571428571345,6.743904482124179,1.0
1.06127,1.0563839853954418,1.0,0.004886014604558175,0.0008957142857142696,5.454880738741283,1.0
1.06029,1.0571843621290657,-1.0,0.003105637870934208,0.0009335714285714067,3.326620519745978,-1.0
1.0598,1.0570972323420726,-1.0,0.0027027676579274296,0.0009314285714285672,2.9017444180202596,-1.0
1.05975,1.0570933980340995,-1.0,0.0026566019659004514,0.0009214285714285651,2.8831339164811296,-1.0
1.06073,1.0572053941094128,-1.0,0.003524605890587118,0.0010100000000000029,3.489708802561493,-1.0
1.06079,1.0572623159805283,-1.0,0.0035276840194715664,0.0010064285714285828,3.505150906501162,-1.0
1.06107,1.0573518578855539,-1.0,0.003718142114446099,0.001008571428571454,3.6865431729634617,-1.0
1.06048,1.0575085070134485,-1.0,0.002971492986551638,0.0010421428571428645,2.8513298020371924,-1.0
1.0603,1.0576075735299382,-1.0,0.0026924264700618483,0.0010278571428571676,2.619455912499303,-1.0
1.061,1.0577406157725564,-1.0,0.0032593842274435403,0.0010035714285714528,3.2477849953173283,-1.0
1.06052,1.0578032617427005,-1.0,0.002716738257299456,0.0010328571428571687,2.630313665435092,-1.0
1.06006,1.057853681290712,-1.0,0.002206318709288002,0.001035000000000024,2.1317088978627545,-1.0
1.06033,1.0579617611685692,-1.0,0.00236823883143078,0.00098928571428574,2.3938876274389935,-1.0
1.06102,1.0580032747567687,-1.0,0.0030167252432313774,0.0010192857142857464,2.9596463493509426,-1.0
1.06132,1.058153911407242,-1.0,0.0031660885927580207,0.0010135714285714708,3.1236955812974236,-1.0
1.06123,1.0583134591148924,-1.0,0.0029165408851075103,0.0009378571428571807,3.1097922613483244,-1.0
1.06195,1.0575214554421795,1.0,0.004428544557820491,0.0009478571428571828,4.6721645674065,1.0
1.06269,1.0579122327138153,1.0,0.00477776728618462,0.0010164285714286164,4.700544062303704,1.0
1.06293,1.0581952280145868,1.0,0.0047347719854131665,0.0009314285714285989,5.08334415611828,1.0
1.06279,1.0583058769596492,1.0,0.004484123040350729,0.0009321428571428893,4.810553453249659,1.0
1.06336,1.058576518039097,1.0,0.004783481960903169,0.000990714285714305,4.828316326794741,1.0
1.06291,1.058600082822314,1.0,0.004309917177685918,0.0009478571428571669,4.547011340437176,1.0
1.06322,1.0587500741042863,1.0,0.004469925895713711,0.0009392857142857298,4.758856466919462,1.0
1.06331,1.0589329522928101,1.0,0.0043770477071898295,0.0009057142857143033,4.832702515824639,1.0
1.06393,1.059385937092721,1.0,0.004544062907279045,0.0008921428571428651,5.093425196309533,1.0
1.06374,1.0594659347080733,1.0,0.004274065291926643,0.0008535714285714377,5.007273145353336,1.0
1.06297,1.0596067705661016,1.0,0.0033632294338983293,0.0008978571428571407,3.745840260507297,1.0
1.06281,1.0596497030271923,1.0,0.00316029697280773,0.0008678571428571345,3.641494454264086,1.0
1.06193,1.0605451960685381,-1.0,0.0013848039314618976,0.0009364285714285524,1.478814267007396,-1.0
1.0625,1.0605964663543883,-1.0,0.001903533645611688,0.0009892857142857084,1.9241495334703098,-1.0
1.06263,1.0606391098306758,-1.0,0.0019908901693241887,0.0009349999999999874,2.1292942987424768,-1.0
1.06232,1.0607370985864715,-1.0,0.0015829014135284591,0.0008799999999999761,1.798751606282389,-1.0
1.06159,1.0605661170612941,-1.0,0.0010238829387059223,0.0009185714285714035,1.114647056134005,-1.0
1.06165,1.0606592651196758,-1.0,0.0009907348803241955,0.0009192857142856939,1.0777224805391643,-1.0
1.06078,1.0603251363610187,-1.0,0.00045486363898139537,0.0009107142857142726,0.4994581133913433,-1.0
1.06048,1.0602173620966786,-1.0,0.0002626379033214832,0.0009349999999999874,0.28089615328501255,-1.0
1.05996,1.0600474438117309,-1.0,-8.744381173086957e-05,0.0009849999999999978,0.08877544338159367,-1.0
1.06067,1.0600936748709509,-1.0,0.0005763251290491489,0.0010392857142857187,0.5545396430713436,-1.0
1.06141,1.0601214041557305,-1.0,0.0012885958442694356,0.0010507142857142857,1.2263998517860026,-1.0
1.06169,1.0602221128926557,-1.0,0.0014678871073443567,0.001055714285714271,1.390420805332969,-1.0
1.06111,1.0602480834971226,-1.0,0.000861916502877369,0.0010092857142857126,0.8539866270547195,-1.0
1.06012,1.0603037753810183,-1.0,-0.00018377538101832513,0.0010928571428571493,0.16816047936317233,-1.0
1.06051,1.0603453178555682,-1.0,0.00016468214443188245,0.0010264285714285868,0.16044189436648015,-1.0
1.06099,1.060408780029185,-1.0,0.0005812199708150612,0.0010021428571428562,0.57997716260947,-1.0
1.06079,1.0604851058011655,-1.0,0.0003048941988343934,0.0010185714285714242,0.2993351180702332,-1.0
1.05994,1.060544635114479,-1.0,-0.0006046351144788353,0.001057857142857142,0.5715659421136867,-1.0
1.05998,1.060544012135803,-1.0,-0.0005640121358030381,0.001008571428571438,0.5592188315327521,-1.0
1.06053,1.060630667328832,-1.0,-0.00010066732883196039,0.001041428571428574,0.09666273001697133,-1.0
1.06151,1.060639617028114,-1.0,0.000870382971885908,0.0010549999999999965,0.8250075562899629,-1.0
1.06082,1.060664118994066,-1.0,0.00015588100593411092,0.0010821428571428568,0.14404845432855137,-1.0
1.06063,1.0607277309764171,-1.0,-9.773097641718742e-05,0.0010449999999999943,0.09352246547099326,-1.0
1.06132,1.0607863206049253,-1.0,0.0005336793950747598,0.0010371428571428476,0.5145669098517015,-1.0
1.06085,1.0608453225350274,-1.0,4.677464972679957e-06,0.0010285714285714262,0.0045475353901055235,-1.0
1.06129,1.0608968737541131,-1.0,0.00039312624588694334,0.0010442857142857356,0.37645468142387783,-1.0
1.06037,1.0609555739765795,-1.0,-0.0005855739765794343,0.0011014285714285865,0.5316495247802833,-1.0
1.06095,1.0609672507936634,-1.0,-1.7250793663325936e-05,0.001052857142857157,0.016384742963810033,-1.0
1.06095,1.060985405088271,-1.0,-3.540508827093447e-05,0.0010485714285714462,0.03376507055811132,-1.0
1.06001,1.0610422960556294,-1.0,-0.0010322960556294891,0.001113571428571444,0.927013776703826,-1.0
1.05911,1.0608566463679758,-1.0,-0.0017466463679758348,0.0011571428571428724,1.509447478497615,-1.0
1.05969,1.060866859067612,-1.0,-0.0011768590676120017,0.0011628571428571638,1.01204096723389,-1.0
1.06003,1.0608783552554573,-1.0,-0.0008483552554572338,0.0012092857142857222,0.7015341746249968,-1.0
1.0598,1.0608994710337267,-1.0,-0.0010994710337266511,0.0011628571428571638,0.9454910609442775,-1.0
1.0605,1.060903604741488,-1.0,-0.00040360474148792846,0.0011164285714286054,0.36151416384074386,-1.0
1.06146,1.0609553662228388,-1.0,0.0005046337771612563,0.0011264285714286076,0.4479944756028765,-1.0
1.06165,1.059984098963608,1.0,0.0016659010363919702,0.0011371428571429001,1.4649883485858481,1.0
1.06215,1.0602809264080526,1.0,0.0018690735919473234,0.0011278571428571884,1.6571900118594978,1.0
1.06153,1.0602947697365193,1.0,0.0012352302634808243,0.0011385714285714649,1.0848948361813668,1.0
1.06159,1.0603004096580175,1.0,0.001289590341982505,0.001122142857142881,1.1492211831798018,1.0
1.06244,1.0604904192345428,1.0,0.0019495807654572594,0.0011135714285714598,1.7507460369724737,1.0
1.06288,1.0607672221616506,1.0,0.0021127778383494,0.0011000000000000374,1.9207071257721167,1.0
1.06266,1.0608268495441215,1.0,0.0018331504558783962,0.0010900000000000354,1.6817894090626941,1.0
1.06303,1.0609713076557807,1.0,0.002058692344219182,0.001028571428571474,2.0015064457685607,1.0
1.06327,1.061176029610741,1.0,0.002093970389258848,0.0009607142857143305,2.179597431198699,1.0
1.0634,1.0613334616890004,1.0,0.002066538310999455,0.0009028571428571734,2.2888873697778,1.0
1.06401,1.061653304681285,1.0,0.002356695318714852,0.000895714285714333,2.631079303190286,1.0
1.06364,1.0616712845223923,1.0,0.0019687154776075744,0.000951428571428603,2.069220471959844,1.0
1.06329,1.0616837069246936,1.0,0.0016062930753064641,0.0009592857142857339,1.6744678372516781,1.0
1.06277,1.0617124351723723,1.0,0.001057564827627644,0.000915000000000015,1.1558085547842913,1.0
1.06202,1.062645065705156,-1.0,-0.0006250657051560804,0.0009585714285714435,0.6520804673759306,-1.0
1.06198,1.062569521335371,-1.0,-0.000589521335371046,0.0009185714285714511,0.641780613934249,-1.0
1.06147,1.0623077356981652,-1.0,-0.000837735698165254,0.0008971428571428979,0.9337818291650496,-1.0
1.06092,1.0620725111437697,-1.0,-0.0011525111437695745,0.0009271428571429041,1.2430782752521745,-1.0
1.06163,1.0620776415876003,-1.0,-0.00044764158760024486,0.0008950000000000426,0.500158198436004,-1.0
1.06097,1.0620810897396322,-1.0,-0.0011110897396322539,0.0009107142857143202,1.2200201062628209,-1.0
1.06097,1.0620677551482798,-1.0,-0.001097755148279811,0.0008914285714286065,1.2314560958266625,-1.0
1.06183,1.0620776330836101,-1.0,-0.0002476330836100882,0.0009128571428571755,0.2712725485556424,-1.0
1.06266,1.062080387092708,-1.0,0.0005796129072919154,0.0009707142857143168,0.5970993894103426,-1.0
1.06329,1.0613297615181327,1.0,0.001960238481867327,0.0010192857142857464,1.923149176323876,1.0
1.06388,1.061644615241069,1.0,0.002235384758930925,0.0010128571428571803,2.20700892983299,1.0
1.06414,1.0618387191314183,1.0,0.0023012808685818342,0.0009678571428571869,2.3777071704903476,1.0
1.06478,1.0621908684684613,1.0,0.0025891315315387242,0.0009585714285714753,2.7010314039895955,1.0
1.06512,1.0623467492925742,1.0,0.002773250707425845,0.0009735714285714625,2.848533375198861,1.0
1.06498,1.062355994151726,1.0,0.002624005848274047,0.0009107142857143202,2.8812613235949227,1.0
1.0652,1.062457852908743,1.0,0.0027421470912569745,0.0009471428571428924,2.8951779244039377,1.0
1.06469,1.062475043409879,1.0,0.0022149565901208312,0.0009550000000000233,2.319326272377777,1.0
1.06553,1.0625726094218806,1.0,0.002957390578119501,0.0009814285714285934,3.013352845245421,1.0
1.06539,1.0625830979893007,1.0,0.0028069020106993303,0.0009478571428571511,2.9613133496450854,1.0
1.06574,1.062836155430164,1.0,0.002903844569835945,0.0009035714285714322,3.2137410259053807,1.0
1.06509,1.0628586413248535,1.0,0.0022313586751465664,0.0009457142857142957,2.359442707858882,1.0
1.06499,1.0628597509227862,1.0,0.0021302490772139304,0.0008935714285714301,2.3839717890483594,1.0
1.06568,1.0628881699109904,1.0,0.002791830089009517,0.0008750000000000067,3.190662958867995,1.0
1.06666,1.0632215776249092,1.0,0.003438422375090733,0.0009328571428571639,3.685904536850626,1.0
1.06756,1.0636506473664125,1.0,0.003909352633587604,0.0009678571428571393,4.039183532858056,1.0
1.06853,1.0641889947507157,1.0,0.004341005249284269,0.0010142857142857137,4.279864330280268,1.0
1.06893,1.064492582559628,1.0,0.004437417440371849,0.0009914285714285637,4.4757812799140035,1.0
1.06876,1.0645164912502239,1.0,0.0042435087497760815,0.0009564285714285724,4.436827669668789,1.0
1.06963,1.064879597945607,1.0,0.0047504020543931436,0.0010114285714285679,4.696725195021486,1.0
1.06983,1.0651380616274784,1.0,0.004691938372521687,0.0009621428571428479,4.876550647015905,1.0
1.07039,1.0654566616215513,1.0,0.004933338378448671,0.0009928571428571445,4.968830021459085,1.0
1.07003,1.0654981305264055,1.0,0.004531869473594519,0.0009392857142857139,4.824804002305953,1.0
1.06997,1.0655241708293675,1.0,0.004445829170632631,0.0009321428571428735,4.7694719071920115,1.0
1.06992,1.0655965328664536,1.0,0.004323467133546366,0.0009542857142857329,4.5305793315604745,1.0
1.06984,1.0656321751867934,1.0,0.004207824813206473,0.0008978571428571566,4.686519282807456,1.0
1.06975,1.065676728658786,1.0,0.004073271341213935,0.0008892857142857353,4.58038544393524,1.0
1.06957,1.0656995810093075,1.0,0.0038704189906924036,0.0008700000000000056,4.448757460565952,1.0
1.07029,1.0658608142108479,1.0,0.004429185789152079,0.0008328571428571431,5.318061839462186,1.0
1.07019,1.065897266126749,1.0,0.00429273387325102,0.0007600000000000147,5.648334043751233,1.0
1.07017,1.0659941212887445,1.0,0.004175878711255576,0.0007057142857142937,5.917237040240629,1.0
1.06924,1.065998227223759,1.0,0.0032417727762410475,0.0007864285714285847,4.122145219561662,1.0
1.06998,1.066027758179382,1.0,0.00395224182061793,0.0008400000000000153,4.70504978644983,1.0
1.07061,1.0660673483610448,1.0,0.004542651638955286,0.0008200000000000111,5.539819071896615,1.0
1.06973,1.0661142394745875,1.0,0.00361576052541257,0.0008971428571428662,4.03030631813499,1.0
1.07052,1.06618084007375,1.0,0.0043391599262498914,0.0008914285714285748,4.867647353164924,1.0
1.07132,1.066426815479459,1.0,0.004893184520541105,0.0009471428571428607,5.166258166483802,1.0
1.07219,1.0668448689713712,1.0,0.005345131028628769,0.0010185714285714242,5.2476742216551955,1.0
1.07269,1.0671431661924569,1.0,0.005546833807543061,0.0010271428571428614,5.400255445452193,1.0
1.07293,1.0674291910128455,1.0,0.0055008089871544374,0.0010421428571428645,5.2783636614230005,1.0
1.07245,1.0675010729133838,1.0,0.004948927086616095,0.0010928571428571493,4.5284300138970535,1.0
1.07257,1.067562089086921,1.0,0.00500791091307895,0.0010771428571428718,4.649254163335832,1.0
1.07229,1.067619905035197,1.0,0.004670094964802862,0.0010264285714285868,4.549848956662428,1.0
1.07293,1.0677332534689556,1.0,0.005196746531044294,0.0010585714285714326,4.909207249299584,1.0
1.07351,1.0680554201373287,1.0,0.005454579862671283,0.0010928571428571493,4.991118828588072,1.0
1.07267,1.0680806914018048,1.0,0.004589308598195174,0.0010457142857143006,4.388683085705705,1.0
1.07338,1.06812196133409,1.0,0.005258038665910014,0.0010321428571428784,5.094293517144545,1.0
1.07423,1.0685022706337888,1.0,0.005727729366211243,0.0010585714285714484,5.4108104674059305,1.0
1.07428,1.068658293335361,1.0,0.0056217066646389036,0.0009957142857143061,5.645903393467936,1.0
1.07453,1.06888525480487,1.0,0.00564474519513003,0.0009657142857142999,5.845150349986632,1.0
1.07463,1.0691543336489489,1.0,0.005475666351051123,0.0008678571428571504,6.309409787219346,1.0
1.07521,1.069509053412828,1.0,0.005700946587172018,0.0008257142857143027,6.904260572699534,1.0
1.07605,1.0699193341914457,1.0,0.006130665808554259,0.0008400000000000153,7.298411676850175,1.0
1.07507,1.0699322195654362,1.0,0.00513778043456381,0.0009114285714285789,5.637063172718868,1.0
1.07512,1.0699699758841765,1.0,0.005150024115823548,0.000850714285714292,6.053764703738803,1.0
1.07571,1.0701144850120397,1.0,0.005595514987960293,0.0008807142857142981,6.353382792493349,1.0
1.07533,1.0702000586532443,1.0,0.005129941346755595,0.0008892857142857194,5.768608743339592,1.0
1.07545,1.0702406905246753,1.0,0.005209309475324719,0.000860714285714294,6.052309763862686,1.0
1.07481,1.0702905469839354,1.0,0.004519453016064601,0.0008814285714285727,5.127418332650269,1.0
1.07394,1.0711161901529513,-1.0,0.002823809847048553,0.0008985714285714153,3.1425546787504235,-1.0
1.07436,1.0712327065552314,-1.0,0.0031272934447685863,0.0008907142857142685,3.510995046251889,-1.0
1.07526,1.0712788172916157,-1.0,0.003981182708384434,0.0009149999999999833,4.3510193534256905,-1.0
1.07569,1.071317194215641,-1.0,0.004372805784359057,0.0009528571428571204,4.589151497828204,-1.0
1.07576,1.07139125367939,-1.0,0.0043687463206101285,0.000935714285714262,4.6688891975987294,-1.0
1.07544,1.0714834846582364,-1.0,0.003956515341763556,0.0009707142857142692,4.075880410941187,-1.0
1.07624,1.070863049953188,1.0,0.005376950046812157,0.0009764285714285448,5.5067520596468365,1.0
1.07641,1.071052876491425,1.0,0.005357123508574979,0.0009449999999999736,5.668913765687967,1.0
1.0766,1.0711735173806773,1.0,0.005426482619322659,0.0009142857142856929,5.935215364884297,1.0
1.07738,1.0716520308066406,1.0,0.0057279691933593835,0.0009764285714285448,5.8662449675957244,1.0
1.07772,1.0719144216795493,1.0,0.0058055783204506994,0.0009664285714285427,6.007250294627657,1.0
1.07839,1.072257353284062,1.0,0.006132646715937939,0.0010057142857142606,6.097802132324808,1.0
1.07847,1.0725363960231016,1.0,0.0059336039768984605,0.0010078571428571317,5.887346256313208,1.0
1.0793,1.0730705904179665,1.0,0.0062294095820334405,0.001009999999999987,6.167732259439129,1.0
1.07967,1.0733575011846312,1.0,0.006312498815368661,0.0010000000000000009,6.312498815368656,1.0
1.08025,1.0737672340765307,1.0,0.0064827659234691914,0.0009978571428571456,6.496687396461591,1.0
1.08111,1.0741757224045838,1.0,0.006934277595416205,0.0009807142857142872,7.070639937059484,1.0
1.08112,1.0743781482373467,1.0,0.006741851762653406,0.0009357142857142937,7.205032418102815,1.0
1.08147,1.0745985598385612,1.0,0.006871440161438702,0.0009835714285714328,6.986213671760451,1.0
1.08076,1.0746425994329325,1.0,0.006117400567067444,0.001026428571428571,5.959889209390693,1.0
1.08083,1.074722687561597,1.0,0.006107312438403012,0.0009664285714285745,6.319465937741456,1.0
1.08085,1.0748209355492677,1.0,0.006029064450732369,0.0009664285714285585,6.2384998012013515,1.0
1.08166,1.075104379575196,1.0,0.006555620424804065,0.000978571428571416,6.699174156734168,1.0
1.08117,1.0752338732627793,1.0,0.005936126737220659,0.0009349999999999874,6.348798649433946,1.0
1.08159,1.075358710858414,1.0,0.006231289141586105,0.0009399999999999885,6.6290310016874265,1.0
1.08257,1.075797723769797,1.0,0.006772276230202934,0.0009528571428571363,7.107336373526366,1.0
1.08356,1.0762983146690672,1.0,0.007261685330932854,0.0010057142857142606,7.220425755189098,1.0
1.08307,1.0764419282347448,1.0,0.00662807176525515,0.0009885714285714023,6.704696872368105,1.0
1.08279,1.0765563524860333,1.0,0.0062336475139666,0.000992857142857097,6.278493898959455,1.0
1.08316,1.0765898831777325,1.0,0.00657011682226738,0.0009857142857142406,6.665335906648371,1.0
1.08228,1.0766451045842702,1.0,0.0056348954157297015,0.0009549999999999599,5.900414047884752,1.0
1.08298,1.0767967976571082,1.0,0.006183202342891825,0.0010128571428571012,6.104713173518273,1.0
1.08348,1.0769231329044715,1.0,0.006556867095528496,0.0010242857142856682,6.401404416834245,1.0
1.08322,1.0771042633221932,1.0,0.006115736677806849,0.0009885714285713862,6.186438835932049,1.0
1.08315,1.0771750546853145,1.0,0.005974945314685565,0.000992857142857097,6.017930532777106,1.0
1.08318,1.0772766155500495,1.0,0.005903384449950533,0.0009692857142856726,6.090448216603612,1.0
1.08288,1.0773546273227095,1.0,0.005525372677290585,0.0009421428571428121,5.864686693106284,1.0
1.08204,1.0775149143459868,1.0,0.004525085654013106,0.0009842857142856756,4.59732940175515,1.0
1.08113,1.0784295472074805,-1.0,0.0027004527925194033,0.0010128571428571012,2.6661734199769533,-1.0
1.08099,1.0783988611034503,-1.0,0.002591138896549605,0.0009249999999999536,2.801231239513227,-1.0
1.08053,1.078211454841729,-1.0,0.0023185451582710126,0.0008999999999999643,2.576161286967894,-1.0
1.08062,1.0783069333217639,-1.0,0.002313066678236053,0.0008785714285713953,2.632758820756583,-1.0
1.08091,1.0784530135580335,-1.0,0.002456986441966569,0.0008264285714285613,2.973017302293205,-1.0
1.08128,1.0785036302111797,-1.0,0.002776369788820343,0.0008078571428571379,3.4367088455778108,-1.0
1.08225,1.078628433950299,-1.0,0.003621566049700986,0.0008221428571428506,4.405032553936943,-1.0
1.08311,1.0781783446544524,1.0,0.004931655345547625,0.0008392857142857091,5.876014879801462,1.0
1.08353,1.078437830585964,1.0,0.005092169414036007,0.0008371428571428538,6.082796228370682,1.0
1.08386,1.0787123292656666,1.0,0.0051476707343334205,0.0008378571428571442,6.143852538846358,1.0
1.08441,1.0791149769605561,1.0,0.005295023039443958,0.0009028571428571418,5.864740708244897,1.0
1.08351,1.079162207565147,1.0,0.004347792434852948,0.0009778571428571573,4.446245002771394,1.0
1.0837,1.0792082652229267,1.0,0.004491734777073431,0.0009850000000000136,4.56013682951611,1.0
1.08281,1.079371072212607,1.0,0.0034389277873929647,0.000990714285714305,3.4711599872747345,1.0
1.08374,1.0795165485123865,1.0,0.004223451487613383,0.0010128571428571645,4.169839268447539,1.0
1.08291,1.079562322402871,1.0,0.0033476775971290618,0.0010621428571428845,3.151814819085787,1.0
1.08213,1.0806733994690199,-1.0,0.0014566005309801788,0.0011035714285714576,1.3198969212765026,-1.0
1.08127,1.0803088911599366,-1.0,0.000961108840063396,0.0011614285714286149,0.8275229865244182,-1.0
1.0813,1.0803671030955482,-1.0,0.0009328969044517521,0.0012007142857143169,0.7769516158431999,-1.0
1.08067,1.080147878949251,-1.0,0.0005221210507491136,0.0012435714285714391,0.4198561005449471,-1.0
1.08066,1.0800816883096203,-1.0,0.0005783116903796959,0.001185714285714298,0.48773275092263,-1.0
1.08125,1.080111626075913,-1.0,0.0011383739240871105,0.0011557142857142916,0.9849959788145529,-1.0
1.082,1.0801213627953103,-1.0,0.001878637204689726,0.0011764285714286021,1.5968986560810854,-1.0
1.08232,1.0801951114158308,-1.0,0.002124888584169149,0.0011742857142857468,1.8095158259347481,-1.0
1.08153,1.0802629158704238,-1.0,0.0012670841295763235,0.00118642857142862,1.0679818069878269,-1.0
1.08114,1.0803029642868505,-1.0,0.0008370357131495254,0.0011457142857143213,0.7305797995070444,-1.0
1.08161,1.0803173902005443,-1.0,0.0012926097994556685,0.0011571428571428882,1.1170701970604242,-1.0
1.08185,1.0803953377328837,-1.0,0.0014546622671163245,0.0011378571428571588,1.2784225825253144,-1.0
1.08272,1.0804459431870843,-1.0,0.0022740568129155925,0.001125000000000011,2.0213838337027292,-1.0
1.08367,1.0797415414946012,1.0,0.003928458505398691,0.0011750000000000055,3.3433689407648277,1.0
1.08379,1.0798987525431474,1.0,0.0038912474568526534,0.001113571428571428,3.49438514406268,1.0
1.08405,1.080182409347818,1.0,0.003867590652181896,0.0010685714285714187,3.619403016747797,1.0
1.08453,1.080547526455553,1.0,0.003982473544446918,0.0010621428571428529,3.749470721066381,1.0
1.08552,1.0810568688701379,1.0,0.004463131129862186,0.0010842857142857123,4.116194717922972,1.0
1.08493,1.081073447639231,1.0,0.0038565523607689833,0.0011235714285714302,3.432405152623375,1.0
1.08588,1.0812899218757144,1.0,0.004590078124285579,0.001147857142857145,3.998823505911512,1.0
1.08498,1.0813824175090474,1.0,0.0035975824909526555,0.00112642857142856,3.193795489748744,1.0
1.08451,1.0814762569949061,1.0,0.0030337430050939584,0.0011514285714285652,2.634764396483601,1.0
1.08428,1.081608803188868,1.0,0.002671196811131926,0.0010999999999999899,2.4283607373926825,1.0
1.08482,1.0816587604729375,1.0,0.003161239527062376,0.0011014285714285707,2.8701266782667507,1.0
1.08388,1.0817028567730809,1.0,0.002177143226919087,0.0011300000000000119,1.9266754220522693,1.0
1.08337,1.0827400201868995,-1.0,0.0006299798131004231,0.0011392857142857396,0.5529603375176004,-1.0
1.08426,1.0828308492279306,-1.0,0.0014291507720693986,0.001125714285714317,1.2695501782342018,-1.0
1.08342,1.0829126508233355,-1.0,0.0005073491766645066,0.0011078571428571684,0.45795541413945384,-1.0
1.08418,1.0830007062114324,-1.0,0.0011792937885675148,0.0011350000000000446,1.039025364376624,-1.0
1.08423,1.0830573814972568,-1.0,0.0011726185027431946,0.001119285714285767,1.0476489494833408,-1.0
1.08509,1.0831143494129654,-1.0,0.0019756505870347496,0.0011721428571429074,1.6855032430521213,-1.0
1.08597,1.082127220931465,1.0,0.0038427790685351404,0.0011607142857143402,3.310701966737812,1.0
1.08647,1.082464878076927,1.0,0.004005121923073007,0.001150000000000048,3.4827147157155136,1.0
1.08734,1.0829517928140082,1.0,0.004388207185991755,0.0011278571428572043,3.8907473466675886,1.0
1.08711,1.083078320032472,1.0,0.004031679967527957,0.0010785714285714842,3.7379814268469196,1.0
1.08704,1.0831451479893017,1.0,0.00389485201069828,0.001042142857142912,3.7373494276746433,1.0
1.08707,1.0832438841659853,1.0,0.0038261158340147094,0.0010500000000000429,3.6439198419186223,1.0
1.08805,1.083757307124722,1.0,0.004292692875278004,0.0010935714285714715,3.9253886514624226,1.0
1.08712,1.0838202838690403,1.0,0.0032997161309598066,0.0010785714285714684,3.0593394591679197,1.0
1.0867,1.083826448590575,1.0,0.0028735514094249126,0.0010642857142857556,2.6999811900635713,1.0
1.08594,1.084838672658348,-1.0,0.0011013273416518032,0.001040000000000041,1.0589685977420769,-1.0
1.08589,1.0847667751330736,-1.0,0.0011232248669263978,0.0009607142857143305,1.169155995313668,-1.0
1.08579,1.0848080119027363,-1.0,0.0009819880972636863,0.0009471428571428924,1.0367898462813798,-1.0
1.08596,1.084844553241846,-1.0,0.001115446758154004,0.0009571428571428786,1.165392135384754,-1.0
1.08634,1.084890939827941,-1.0,0.0014490601720591467,0.0009092857142857394,1.5936246982582478,-1.0
1.08715,1.0849124253039313,-1.0,0.002237574696068778,0.0008985714285714629,2.490146720585191,-1.0
1.08633,1.085010380350731,-1.0,0.001319619649269077,0.0009307142857143244,1.4178568756535925,-1.0
1.08559,1.0851075910423034,-1.0,0.00048240895769668946,0.0009671428571428965,0.49879803602314454,-1.0
1.08506,1.0849860956504918,-1.0,7.390434950815816e-05,0.0010242857142857633,0.07215208459652474,-1.0
1.08557,1.085011069226411,-1.0,0.0005589307735889282,0.001056428571428609,0.5290757829780065,-1.0
1.08641,1.085049191429476,-1.0,0.001360808570524119,0.001117142857142896,1.218115088704412,-1.0
1.08715,1.0851410492706868,-1.0,0.0020089507293132858,0.0011207142857143162,1.7925627922488996,-1.0
1.08776,1.084250203779456,1.0,0.003509796220544148,0.001099285714285747,3.1927970817164786,1.0
1.08686,1.0842889875513584,1.0,0.002571012448641552,0.001137142857142884,2.2609405955389996,1.0
1.08627,1.0843349696282496,1.0,0.001935030371750468,0.0011571428571428724,1.6722484694139625,1.0
1.0853,1.0856014409510364,-1.0,-0.00030144095103645796,0.0012407142857142933,0.24295758863041944,-1.0
1.08437,1.0852105948285593,-1.0,-0.000840594828559249,0.0012842857142857061,0.6545232257969723,-1.0
1.08528,1.0852327907434576,-1.0,4.7209256542446454e-05,0.0013185714285714229,0.03580333648939617,-1.0
1.08538,1.085294391271019,-1.0,8.560872898111249e-05,0.0012878571428571264,0.06647377735638325,-1.0
1.08453,1.0853026571564959,-1.0,-0.0007726571564958817,0.0012707142857142678,0.6080494767252668,-1.0
1.08532,1.0853258602307798,-1.0,-5.86023077975284e-06,0.0012957142857142573,0.004522780094627429,-1.0
1.08473,1.08535933109899,-1.0,-0.0006293310989899936,0.0012749999999999626,0.4935930188156958,-1.0
1.08533,1.0853628522999688,-1.0,-3.285229996885519e-05,0.0012392857142856809,0.026509060493601445,-1.0
1.08521,1.0853760261447891,-1.0,-0.00016602614478911093,0.0011992857142856725,0.13843752394566014,-1.0
1.08446,1.085322205780322,-1.0,-0.000862205780322034,0.0011857142857142344,0.7271615014764456,-1.0
1.08379,1.0849677047558928,-1.0,-0.001177704755892739,0.0011449999999999516,1.0285631055832216,-1.0
1.08411,1.084978243545325,-1.0,-0.0008682435453251092,0.0011592857142856644,0.7489469891898984,-1.0
1.08326,1.0847550689192058,-1.0,-0.0014950689192059219,0.0011514285714285335,1.2984469521639947,-1.0
1.08294,1.0845533595279373,-1.0,-0.0016133595279372859,0.0011221428571428335,1.4377487836487892,-1.0
1.08387,1.084580570280826,-1.0,-0.0007105702808261061,0.0011071428571428463,0.641805414939715,-1.0
1.08421,1.0845890046283562,-1.0,-0.000379004628356272,0.0010585714285714168,0.3580340618750248,-1.0
1.08381,1.0845904581572594,-1.0,-0.0007804581572594671,0.0010250000000000062,0.761422592448256,-1.0
1.08464,1.0845965755588067,-1.0,4.342444119331823e-05,0.0010785714285714368,0.040261071305062957,-1.0
1.0837,1.084601373748697,-1.0,-0.0009013737486969209,0.0010828571428571473,0.8324031980050686,-1.0
1.08396,1.0846111444282782,-1.0,-0.0006511444282781831,0.0010057142857142923,0.6474447440265982,-1.0
1.08401,1.0846121528980222,-1.0,-0.0006021528980222346,0.0009300000000000022,0.6474762344325088,-1.0
1.08395,1.084620059944385,-1.0,-0.0006700599443849597,0.0009250000000000012,0.7243891290648203,-1.0
1.08434,1.0846299711593552,-1.0,-0.0002899711593551402,0.000931428571428583,0.3113187293690116,-1.0
1.08473,1.0846365943948366,-1.0,9.340560516335472e-05,0.0008992857142857373,0.10386643941913683,-1.0
1.08451,1.0846475287827464,-1.0,-0.00013752878274631009,0.0008885714285714608,0.15477515743153308,-1.0
1.08403,1.084648698820653,-1.0,-0.0006186988206529076,0.000875714285714313,0.7065076255416343,-1.0
1.08392,1.0846551424581814,-1.0,-0.0007351424581814037,0.0008057142857143143,0.9124108523527736,-1.0
1.08456,1.0846647860152858,-1.0,-0.00010478601528585152,0.0008171428571428814,0.12823463409107322,-1.0
1.08541,1.0839658670800976,1.0,0.0014441329199024189,0.0008192857142857367,1.762673136759661,1.0
1.08603,1.0842340975686557,1.0,0.0017959024313443095,0.0008650000000000364,2.0761877819008485,1.0
1.08646,1.0845191668557326,1.0,0.0019408331442674065,0.0008485714285714525,2.2871771060389667,1.0
1.08624,1.0845468405665515,1.0,0.00169315943344861,0.0007971428571428772,2.1240351315663033,1.0
1.08636,1.0846438677869021,1.0,0.001716132213097854,0.0007428571428571562,2.3101779791701467,1.0
1.08558,1.0846784877963829,1.0,0.0009015122036171164,0.0007692857142857264,1.1718821588337447,1.0
1.08458,1.0855456874203617,-1.0,-0.0009656874203616272,0.0008764285714285876,1.1018438374134094,-1.0
1.08494,1.085572285056767,-1.0,-0.0006322850567670457,0.000882142857142879,0.7167603882379289,-1.0
1.08545,1.0855860559940105,-1.0,-0.00013605599401045332,0.0009278571428571628,0.1466346355770828,-1.0
1.08515,1.0856001207129808,-1.0,-0.0004501207129807838,0.0009278571428571628,0.48511855132646947,-1.0
1.08429,1.085549201305175,-1.0,-0.001259201305175095,0.000977142857142867,1.2886563064657275,-1.0
1.08447,1.0855494148456728,-1.0,-0.0010794148456727548,0.0009357142857142937,1.1535731175128578,-1.0
1.08351,1.085148586306245,-1.0,-0.0016385863062451378,0.0010242857142857156,1.599735584897622,-1.0
1.08423,1.085144937694822,-1.0,-0.0009149376948218713,0.001057857142857158,0.8648972132009464,-1.0
1.08465,1.0851643792824124,-1.0,-0.0005143792824124915,0.0010292857142857326,0.4997439246200384,-1.0
1.08394,1.0851721513147414,-1.0,-0.0012321513147415253,0.0010271428571428773,1.199590987926357,-1.0
1.08375,1.0851758590748508,-1.0,-0.0014258590748508215,0.001062857142857159,1.3415340758004837,-1.0
1.08396,1.0851874346206343,-1.0,-0.001227434620634238,0.0010650000000000301,1.1525207705485476,-1.0
1.0849,1.0851971266357046,-1.0,-0.000297126635704581,0.0011507142857143224,0.25821060830937315,-1.0
1.08505,1.085217517109284,-1.0,-0.00016751710928386565,0.0010935714285714715,0.15318350946923756,-1.0
1.08556,1.0842488570759552,1.0,0.0013111429240448835,0.0010378571428571856,1.263317339065906,1.0
1.08628,1.084566316570819,1.0,0.001713683429180879,0.0010828571428571632,1.5825572564994628,1.0
1.0872,1.085066470605335,1.0,0.0021335293946649347,0.0010650000000000143,2.0033139856008506,1.0
1.08676,1.085078341048166,1.0,0.0016816589518340308,0.0010592857142857229,1.5875404804906432,1.0
1.08764,1.0853048701088182,1.0,0.0023351298911817864,0.001057857142857142,2.207415157092845,1.0
1.08718,1.0853217078444333,1.0,0.0018582921555667653,0.001085714285714293,1.7115848801272724,1.0
1.08667,1.0853300347569843,1.0,0.0013399652430157172,0.0010364285714285731,1.2928679119379745,1.0
1.08604,1.085340181071166,1.0,0.0006998189288338619,0.0009971428571428393,0.701824140664344,1.0
1.08586,1.085352126101336,1.0,0.0005078738986641351,0.0009821428571428362,0.5171079695489487,1.0
1.08573,1.085366898491876,1.0,0.00036310150812401965,0.0009249999999999695,0.39254217094489907,1.0
1.0849,1.0860316247631614,-1.0,-0.0011316247631614207,0.0009392857142856981,1.2047716109703546,-1.0
1.0848,1.0859143406993064,-1.0,-0.001114340699306382,0.000929285714285696,1.199136801713271,-1.0
1.08418,1.0856163386305282,-1.0,-0.0014363386305282777,0.0008835714285714122,1.625605564057903,-1.0
1.08349,1.0852869867516208,-1.0,-0.001796986751620766,0.0009449999999999736,1.90157328213843,-1.0
1.08311,1.0851140342851582,-1.0,-0.0020040342851581627,0.0009614285714285575,2.0844338775791,-1.0
1.08269,1.0848996920117293,-1.0,-0.0022096920117293806,0.0009271428571428565,2.383334989538625,-1.0
1.0834,1.0848910493963553,-1.0,-0.0014910493963553595,0.000937857142857149,1.58984703343297,-1.0
1.08248,1.0848841766539792,-1.0,-0.002404176653979073,0.001017142857142875,2.3636568227321932,-1.0
1.08341,1.0848818074362951,-1.0,-0.0014718074362951583,0.0010192857142857464,1.443959643176704,-1.0
1.08307,1.084871003892145,-1.0,-0.0018010038921449922,0.0010221428571428762,1.7619884339643201,-1.0
1.08338,1.0848704052364218,-1.0,-0.0014904052364217435,0.001017142857142875,1.4652860470438231,-1.0
1.08385,1.0848701376618854,-1.0,-0.0010201376618854674,0.0010457142857143165,0.9755414799450904,-1.0
1.08372,1.0848673732477092,-1.0,-0.0011473732477091936,0.0010314285714286037,1.1124117360061085,-1.0
1.08417,1.084868168350036,-1.0,-0.0006981683500359992,0.0010421428571428962,0.6699353598700221,-1.0
1.08357,1.0848709468162574,-1.0,-0.0013009468162574755,0.001022142857142892,1.2727641808248802,-1.0
1.08431,1.0848788362325739,-1.0,-0.000568836232573755,0.0011021428571428929,0.5161184222963261,-1.0
1.08368,1.0848679569308732,-1.0,-0.0011879569308732574,0.0010964285714286013,1.0834786340211824,-1.0
1.08362,1.0848605904544741,-1.0,-0.0012405904544741109,0.0010421428571428962,1.1904226430868337,-1.0
1.08379,1.0848554307145348,-1.0,-0.0010654307145347985,0.000977857142857173,1.0895566109194097,-1.0
1.08377,1.084839107442128,-1.0,-0.00106910744212807,0.0009335714285714543,1.1451801216367687,-1.0
1.0843,1.0848311567609854,-1.0,-0.0005311567609853629,0.0009350000000000191,0.5680820973105369,-1.0
1.08493,1.0841054242805563,1.0,0.0008245757194436099,0.0008721428571428769,0.945459465373487,1.0
1.08445,1.084088684305104,1.0,0.00036131569489583626,0.0008064285714285889,0.44804426293548255,1.0
1.08375,1.084073381535164,1.0,-0.00032338153516398016,0.0008335714285714493,0.3879470001967103,1.0
1.08328,1.084049458777452,1.0,-0.0007694587774520478,0.0008700000000000216,0.8844353763816423,1.0
1.08367,1.0840404789026228,1.0,-0.00037047890262287275,0.0008642857142857301,0.4286532757619937,1.0
1.08367,1.084030689533031,1.0,-0.00036068953303103335,0.000855714285714293,0.4215069668142257,1.0
1.08329,1.0840186909910008,1.0,-0.0007286909910007022,0.0008592857142857291,0.8480194408985582,1.0
1.08241,1.084559433863502,-1.0,-0.0021494338635019705,0.0008914285714285748,2.4112238853387398,-1.0
1.08151,1.0841104820706837,-1.0,-0.0026004820706837517,0.0008692857142857153,2.991515939981305,-1.0
1.08163,1.0840980402865887,-1.0,-0.0024680402865886464,0.0008635714285714238,2.8579457412937335,-1.0
1.08091,1.0837858205982376,-1.0,-0.002875820598237544,0.0009421428571428438,3.052425199039135,-1.0
1.07997,1.083306436744476,-1.0,-0.0033364367444759235,0.0010107142857142617,3.301068157078731,-1.0
1.08085,1.0832614399590834,-1.0,-0.002411439959083328,0.0010649999999999826,2.264262872378749,-1.0
1.08098,1.083245305350325,-1.0,-0.0022653053503249865,0.0010478571428571243,2.1618455967655335,-1.0
1.08008,1.0832238898350726,-1.0,-0.003143889835072633,0.0010764285714285338,2.920667398209582,-1.0
1.07918,1.0828831638239,-1.0,-0.003703163823900013,0.001127857142857109,3.283362478442162,-1.0
1.07937,1.0828373795787831,-1.0,-0.0034673795787831807,0.001094999999999973,3.1665566929527547,-1.0
1.0792,1.0826824449999402,-1.0,-0.003482444999940215,0.0010471428571428337,3.3256637107206073,-1.0
1.07886,1.0824126296142107,-1.0,-0.003552629614210767,0.0010071428571428414,3.5274336595001077,-1.0
1.07855,1.0822050522227302,-1.0,-0.003655052222730326,0.0010414285714285582,3.509652340070317,-1.0
1.07902,1.082160171733736,-1.0,-0.0031401717337358193,0.0010478571428571084,2.9967555741174445,-1.0
1.07923,1.0821345108013192,-1.0,-0.00290451080131926,0.0009742857142856736,2.981169444169453,-1.0
1.07921,1.082101741740388,-1.0,-0.0028917417403879764,0.0009278571428570993,3.116580782558396,-1.0
1.07956,1.0820686350054436,-1.0,-0.002508635005443516,0.000909285714285676,2.758907311564077,-1.0
1.08021,1.0820416386456833,-1.0,-0.0018316386456833644,0.0008935714285713983,2.049795446807991,-1.0
1.081,1.0814486877666396,1.0,-0.0004486877666396438,0.0008771428571428304,0.5115332844426063,1.0
1.08084,1.0814430741399161,1.0,-0.0006030741399161155,0.0008364285714285316,0.7210109273122134,1.0
1.08105,1.081490688847019,1.0,-0.00044068884701897737,0.0008271428571428359,0.5327844437189846,1.0
1.08052,1.0814711870589475,1.0,-0.000951187058947589,0.0008021428571428465,1.1858075534520411,1.0
1.07985,1.081461394788667,1.0,-0.0016113947886671198,0.0008035714285714114,2.0052912925635695,1.0
1.07972,1.0814529262263524,1.0,-0.0017329262263523493,0.0007871428571428434,2.2015396705021155,1.0
1.08062,1.0814427034564718,1.0,-0.0008227034564718405,0.0008278571428571262,0.9937746670065573,1.0
1.07992,1.0814242834601822,1.0,-0.0015042834601821653,0.0008828571428571218,1.7038809419539496,1.0
1.07996,1.081404673116576,1.0,-0.001444673116576034,0.0008549999999999867,1.6896761597380776,1.0
1.07923,1.0822325586294812,-1.0,-0.003002558629481289,0.0008635714285714398,3.4769082558095534,-1.0
1.0798,1.082223533529199,-1.0,-0.0024235335291988847,0.0009321428571428735,2.599959341669256,-1.0
1.07977,1.0822091435652585,-1.0,-0.00243914356525865,0.0009221428571428714,2.645082100202988,-1.0
1.07937,1.0821979014952234,-1.0,-0.002827901495223495,0.0009485714285714415,2.9812214558078605,-1.0
1.07884,1.0819671742717545,-1.0,-0.0031271742717544626,0.0009407142857143105,3.324255110445051,-1.0
1.07924,1.0819616793002609,-1.0,-0.002721679300260904,0.0009057142857143033,3.005008691139741,-1.0
1.0785,1.0817356474224566,-1.0,-0.0032356474224566334,0.0009250000000000171,3.497997213466566,-1.0
1.07874,1.081726768616072,-1.0,-0.0029867686160720552,0.000936428571428584,3.189531702899177,-1.0
1.07869,1.0816904484126215,-1.0,-0.0030004484126215925,0.0008857142857142992,3.3876030465081977,-1.0
1.07841,1.081534293990025,-1.0,-0.0031242939900248956,0.000842857142857161,3.706789479690474,-1.0
1.07846,1.0814971560379312,-1.0,-0.003037156037931199,0.0008450000000000164,3.5942675005102247,-1.0
1.07936,1.0814744426084284,-1.0,-0.002114442608428302,0.0008550000000000184,2.473032290559364,-1.0
1.07888,1.081442516659617,-1.0,-0.0025625166596170423,0.0008114285714285899,3.158031094598396,-1.0
1.07968,1.0814395295476156,-1.0,-0.0017595295476156014,0.000872142857142861,2.0174785967746365,-1.0
1.07927,1.0814116345426181,-1.0,-0.002141634542618176,0.0008378571428571283,2.5560855581121045,-1.0
1.07996,1.0813927306122308,-1.0,-0.0014327306122308148,0.0008349999999999984,1.7158450445878055,-1.0
1.07986,1.081372142131123,-1.0,-0.001512142131123051,0.0008478571428571462,1.78348692803055,-1.0
1.07909,1.0813169308608825,-1.0,-0.0022269308608824367,0.0008942857142857205,2.4901782789420044,-1.0
1.079,1.081278696404758,-1.0,-0.002278696404758085,0.0008514285714285665,2.6763212807561554,-1.0
1.0789,1.0812442823830275,-1.0,-0.0023442823830275294,0.0008457142857142909,2.771955520471724,-1.0
1.07852,1.0812165212894853,-1.0,-0.0026965212894853874,0.0008528571428571473,3.161750255677992,-1.0
1.0781,1.0810948526952102,-1.0,-0.0029948526952101595,0.0008371428571428538,3.5774690898415016,-1.0
1.07758,1.0808308213178588,-1.0,-0.0032508213178588097,0.0008821428571428472,3.6851415749007166,-1.0
1.07721,1.0806270826411357,-1.0,-0.003417082641135716,0.000916428571428564,3.72869500981297,-1.0
1.07767,1.0805764121022783,-1.0,-0.0029064121022783773,0.0009364285714285682,3.1037200176885906,-1.0
1.07674,1.0803709812120208,-1.0,-0.0036309812120207674,0.0009514285714285554,3.816346619241111,-1.0
1.07675,1.0802453544548105,-1.0,-0.0034953544548104176,0.0009199999999999843,3.7992983204461708,-1.0
1.07608,1.0798985884614265,-1.0,-0.0038185884614265753,0.0009071428571428365,4.209467595273486,-1.0
1.07517,1.0794649732033754,-1.0,-0.004294973203375463,0.0009692857142856884,4.431070364573182,-1.0
1.07615,1.0794263051764799,-1.0,-0.003276305176479921,0.0009835714285713853,3.3310292280843075,-1.0
1.07711,1.0793914265382731,-1.0,-0.0022814265382731236,0.001062142857142821,2.1479469761818977,-1.0
1.07636,1.0793428910751353,-1.0,-0.0029828910751352744,0.0010478571428571084,2.8466581494134435,-1.0
1.07704,1.0792877770638452,-1.0,-0.0022477770638451577,0.001101428571428539,2.0407833264483224,-1.0
1.07708,1.0792517877756298,-1.0,-0.0021717877756297632,0.001094999999999973,1.9833678316254035,-1.0
1.07622,1.0791747360872943,-1.0,-0.0029547360872943518,0.0011114285714285568,2.658502906306007,-1.0
1.07536,1.07912138913273,-1.0,-0.003761389132729942,0.001157857142857131,3.248577906120896,-1.0
1.07624,1.0790471070492913,-1.0,-0.002807107049291213,0.0011828571428571363,2.373158133458768,-1.0
1.07675,1.0789713019093843,-1.0,-0.002221301909384188,0.0011749999999999896,1.8904697101142192,-1.0
1.07742,1.0778668231702124,1.0,-0.0004468231702123848,0.0012235714285714033,0.3651794736119975,1.0
1.07821,1.0781460830916556,1.0,6.391690834428587e-05,0.0012178571428571277,0.052483091895601956,1.0
1.07905,1.0784883020078402,1.0,0.0005616979921598819,0.0012978571428571126,0.4327887666614491,1.0
1.07959,1.078776150849708,1.0,0.0008138491502920342,0.0012828571428571253,0.6344035692699685,1.0
1.07995,1.0789603814614295,1.0,0.0009896185385704914,0.001241428571428568,0.7971610782501104,1.0
1.08028,1.0791477226132304,1.0,0.0011322773867694647,0.0011878571428571533,0.9532100670338164,1.0
1.08042,1.0792675607146314,1.0,0.0011524392853685672,0.0011028571428571515,1.0449579012409207,1.0
1.08048,1.0793495257159935,1.0,0.0011304742840065884,0.0010421428571428645,1.084759422624546,1.0
1.08052,1.0794394004410517,1.0,0.0010805995589482364,0.0009714285714285754,1.1123818989172976,1.0
1.0809,1.0795921811930032,1.0,0.0013078188069968189,0.0010235714285714253,1.2777015560331837,1.0
1.08092,1.0796447645382392,1.0,0.001275235461760893,0.0009685714285714297,1.316614783528944,1.0
1.08085,1.0796717725312917,1.0,0.001178227468708437,0.0008842857142857026,1.3324058612211904,1.0
1.08102,1.079728294497512,1.0,0.0012917055024881385,0.0008449999999999847,1.528645565074748,1.0
1.08016,1.07971674771909,1.0,0.00044325228090991153,0.0008849999999999771,0.5008500349264667,1.0
1.08083,1.0797151749288516,1.0,0.001114825071148351,0.0008814285714285568,1.2647934356626558,1.0
1.08006,1.0797064963829257,1.0,0.0003535036170743133,0.0008492857142856953,0.4162363867990325,1.0
1.0809,1.0796825098949667,1.0,0.0012174901050332476,0.0008199999999999953,1.4847440305283592,1.0
1.08132,1.0796940134049893,1.0,0.0016259865950107866,0.0008342857142857081,1.9489565351156832,1.0
1.08053,1.07969050548963,1.0,0.0008394945103700202,0.0008457142857142751,0.9926455359105094,1.0
1.0812,1.0796659435106841,1.0,0.001534056489315816,0.0008835714285714122,1.7361997453857576,1.0
1.08051,1.0796395199012412,1.0,0.0008704800987588968,0.0009371428571428268,0.9288659590415357,1.0
1.08008,1.0796357650208335,1.0,0.00044423497916645793,0.0009742857142856895,0.4559596560359655,1.0
1.08031,1.0796259658755432,1.0,0.0006840341244569448,0.0010035714285714053,0.6815998393165444,1.0
1.08124,1.079600821732386,1.0,0.00163917826761395,0.001029285714285685,1.5925396076749445,1.0
1.08146,1.0795891014470185,1.0,0.0018708985529816147,0.0010328571428571051,1.8113817248785313,1.0
1.08221,1.0798954440114854,1.0,0.0023145559885144884,0.0011128571428571218,2.0798320821054848,1.0
1.08237,1.0799336532866528,1.0,0.0024363467133472483,0.0011321428571428355,2.1519781695181153,1.0
1.0823,1.0799400132975507,1.0,0.0023599867024493015,0.0010585714285714168,2.2294071413151544,1.0
1.0815,1.079927227268976,1.0,0.0015727727310239636,0.0010507142857142699,1.496860518989519,1.0
1.08133,1.0799197026300504,1.0,0.0014102973699494648,0.0010221428571428445,1.3797458545976764,1.0
1.08155,1.0799042845972737,1.0,0.0016457154027262888,0.0010185714285714084,1.615709371540568,1.0
1.08219,1.0798876183508879,1.0,0.0023023816491121174,0.001045714285714253,2.201731085216575,1.0
1.0829,1.080160958249135,1.0,0.0027390417508650344,0.001034285714285686,2.648244786748034,1.0
1.08242,1.08014890727007,1.0,0.002271092729929869,0.0009964285714285331,2.2792328472415333,1.0
1.0833,1.0803146994677673,1.0,0.002985300532232671,0.0010085714285714062,2.959929706179768,1.0
1.08377,1.080605091800411,1.0,0.0031649081995888118,0.0009907142857142576,3.1945720832187905,1.0
1.08449,1.0809061854923625,1.0,0.0035838145076374506,0.0010542857142856901,3.399282053314733,1.0
1.08404,1.0809155803317896,1.0,0.00312441966821031,0.0010335714285714115,3.0229354080818975,1.0
1.08404,1.0809159134292083,1.0,0.003124086570791551,0.0010357142857142668,3.016359447660863,1.0
1.08451,1.081027151782724,1.0,0.00348284821727618,0.0010121428571428423,3.441063870279974,1.0
1.08542,1.0814460394824592,1.0,0.003973960517540842,0.0010328571428571212,3.8475413032899692,1.0
1.08594,1.0817538310170853,1.0,0.004186168982914573,0.0010728571428571135,3.9018885326768062,1.0
1.08691,1.0821866593035572,1.0,0.004723340696442868,0.0011085714285713952,4.260745473595499,1.0
1.0876,1.0825752621340148,1.0,0.005024737865985118,0.0011385714285713857,4.4131951144162045,1.0
1.08763,1.0826960375938381,1.0,0.004933962406161951,0.001106428571428524,4.4593591792298435,1.0
1.08665,1.082729626318264,1.0,0.0039203736817359225,0.0011142857142856868,3.5182840733528375,1.0
1.08605,1.0827390985783825,1.0,0.003310901421617496,0.0011342857142856908,2.918930724347979,1.0
1.0856,1.0827604639532633,1.0,0.0028395360467365904,0.0011514285714285652,2.4660983036174,1.0
1.08578,1.0827699394230899,1.0,0.003010060576910112,0.0011028571428571196,2.7293295386491225,1.0
1.0851,1.0837495020680374,-1.0,0.0013504979319625132,0.0011599999999999705,1.1642223551401272,-1.0
1.08564,1.0837755262747888,-1.0,0.0018644737252111465,0.0011435714285713866,1.6303955123645852,-1.0
1.0862,1.083801547712957,-1.0,0.0023984522870430514,0.001127857142857109,2.126556809284593,-1.0
1.08671,1.0838456517228734,-1.0,0.0028643482771266715,0.001170714285714263,2.4466672287842695,-1.0
1.08768,1.082880483386302,1.0,0.0047995166136980405,0.0011928571428571066,4.02354686178291,1.0
1.08815,1.083218532794279,1.0,0.0049314672057210185,0.001165714285714262,4.23042529902547,1.0
1.08756,1.083268972402514,1.0,0.004291027597486119,0.0011785714285714097,3.6408719008973716,1.0
1.08682,1.0832761492459397,1.0,0.0035438507540601627,0.0011249999999999951,3.1500895591646025,1.0
1.08725,1.0833297842528986,1.0,0.003920215747101441,0.001102142857142861,3.5569034646416062,1.0
1.08672,1.0833381074692223,1.0,0.003381892530777586,0.0011321428571428832,2.9871605950085245,1.0
1.08752,1.0834080695238928,1.0,0.004111930476107251,0.0011150000000000088,3.6878300234145454,1.0
1.08721,1.0834594437667207,1.0,0.0037505562332793563,0.0010992857142857154,3.411812038070886,1.0
1.08746,1.0835079472619422,1.0,0.003952052738057876,0.0010585714285714168,3.7333831533610584,1.0
1.08674,1.08353438030677,1.0,0.0032056196932299663,0.0010964285714285696,2.9236922283530684,1.0
1.08702,1.083595825487719,1.0,0.003424174512281164,0.001049285714285721,3.263338541316269,1.0
1.08647,1.0836119769618358,1.0,0.0028580230381642924,0.0010335714285714431,2.765191605687597,1.0
1.08589,1.0846710848935845,-1.0,0.0012189151064154746,0.0010450000000000101,1.166425939153553,-1.0
1.08588,1.0846624845397017,-1.0,0.0012175154602982463,0.0010114285714285679,1.2037582234587223,-1.0
1.08608,1.0846674445382685,-1.0,0.0014125554617314684,0.0009771428571428511,1.4455976947544356,-1.0
1.08561,1.0845106720061692,-1.0,0.0010993279938307232,0.0009699999999999946,1.1333278286914734,-1.0
1.08574,1.0845162797358952,-1.0,0.0012237202641047773,0.0008857142857142833,1.3816196530215266,-1.0
1.08566,1.0845239298712122,-1.0,0.0011360701287879138,0.0008649999999999888,1.3133758714311312,-1.0
1.08502,1.084263220743635,-1.0,0.0007567792563651921,0.000889999999999994,0.8503137711968507,-1.0
1.08438,1.0840205513529364,-1.0,0.00035944864706349833,0.0009149999999999833,0.3928400514355245,-1.0
1.08443,1.0840430898076867,-1.0,0.0003869101923132945,0.0008564285714285676,0.4517717007828313,-1.0
1.08406,1.083904057240839,-1.0,0.00015594275916108735,0.0008592857142857133,0.181479520220717,-1.0
1.08491,1.0839230379542646,-1.0,0.000986962045735451,0.0009421428571428755,1.047571542099776,-1.0
1.0845,1.0839479286127887,-1.0,0.0005520713872113614,0.0008864285714285737,0.6228041435099951,-1.0
1.08429,1.0839548020983891,-1.0,0.00033519790161085083,0.0008857142857142833,0.3784492437541875,-1.0
1.08485,1.083980685001626,-1.0,0.00086931499837406,0.0008878571428571387,0.9791158469217134,-1.0
1.08482,1.0840250491197034,-1.0,0.0007949508802964633,0.0008457142857142751,0.9399757030532624,-1.0
1.08564,1.0840448013870883,-1.0,0.0015951986129116857,0.0008742857142857163,1.824573576859767,-1.0
1.08605,1.0832748318263583,1.0,0.002775168173641651,0.0008857142857142992,3.133254389595365,1.0
1.08605,1.0833173040226896,1.0,0.0027326959773104065,0.0008821428571428631,3.097793010716229,1.0
1.08672,1.083644478587337,1.0,0.003075521412662985,0.0009642857142857191,3.1894296131319684,1.0
1.08668,1.083740807485774,1.0,0.002939192514226141,0.0009421428571428596,3.1196887944780793,1.0
1.08712,1.0839750889411737,1.0,0.003144911058826416,0.0009521428571428617,3.3029823573570605,1.0
1.08632,1.084019029269835,1.0,0.0023009707301648863,0.0009507142857142968,2.4202547124198373,1.0
1.08667,1.084081750857838,1.0,0.002588249142162047,0.0009835714285714328,2.631480609315069,1.0
1.08739,1.0841749624168864,1.0,0.0032150375831137,0.0010100000000000029,3.1832055278353377,1.0
1.08673,1.0842512574189047,1.0,0.0024787425810952612,0.0010028571428571306,2.4716806364198063,1.0
1.08714,1.0843106136291458,1.0,0.00282938637085417,0.001031428571428572,2.7431723817145675,1.0
1.08804,1.084568888518006,1.0,0.0034711114819938604,0.0010750000000000007,3.228940913482659,1.0
1.08781,1.084614751171017,1.0,0.0031952488289830328,0.0010528571428571412,3.034836065519846,1.0
1.08744,1.0846642895616414,1.0,0.0027757104383585585,0.0010850000000000026,2.5582584685332272,1.0
1.08692,1.084723532374416,1.0,0.00219646762558412,0.0010514285714285604,2.0890317091153534,1.0
1.0865,1.0847717514564448,1.0,0.0017282485435552442,0.0010314285714285562,1.6755872305937518,1.0
1.08595,1.0848530354750467,1.0,0.0010969645249532256,0.001054285714285706,1.04048125673071,1.0
1.08625,1.0849374055551673,1.0,0.001312594444832671,0.001009999999999987,1.299598460230384,1.0
1.0862,1.0849845823837434,1.0,0.0012154176162566532,0.001016428571428569,1.1957727777648057,1.0
1.0867,1.0850232168582532,1.0,0.001676783141746796,0.000982142857142852,1.707270107960383,1.0
1.08626,1.0850704621390044,1.0,0.0011895378609956264,0.0009849999999999978,1.2076526507569838,1.0
1.0867,1.0851385809074485,1.0,0.0015614190925514748,0.0009585714285714277,1.6289021829896175,1.0
1.08664,1.0851882895703506,1.0,0.001451710429649422,0.0009071428571428683,1.600310709849737,1.0
1.0873,1.0852339795918735,1.0,0.0020660204081264233,0.0008900000000000098,2.3213712450858432,1.0
1.08828,1.085567963308729,1.0,0.002712036691270958,0.0009242857142857108,2.934197347588374,1.0
1.08737,1.0855785473742885,1.0,0.0017914526257114538,0.0009099999999999982,1.9686292590235797,1.0
1.08658,1.0856062429218465,1.0,0.0009737570781536142,0.0009578571428571532,1.0165994850224052,1.0
1.08742,1.0856321981428958,1.0,0.0017878018571042542,0.0009842857142857233,1.816344412152346,1.0
1.0881,1.0856744047846711,1.0,0.002425595215328924,0.0010435714285714453,2.3243212193432163,1.0
1.08808,1.0857165865366212,1.0,0.0023634134633787607,0.0010371428571428634,2.278773311797689,1.0
1.08764,1.0857383241219332,1.0,0.0019016758780667775,0.0010207142857142795,1.8630834354748107,1.0
1.08767,1.0857665045340528,1.0,0.001903495465947147,0.0010249999999999901,1.8570687472655272,1.0
1.08733,1.0857785420766768,1.0,0.0015514579233231185,0.001059285714285707,1.4646264953825898,1.0
1.0876,1.0858392234958922,1.0,0.001760776504107664,0.0010664285714285476,1.651096520931537,1.0
1.08692,1.0858766930037231,1.0,0.0010433069962769714,0.001067142857142822,0.977663851932937,1.0
1.08722,1.0859300185636347,1.0,0.0012899814363653839,0.0010892857142856815,1.1842452530567815,1.0
1.0882,1.085957262132,1.0,0.002242737868000111,0.0011399999999999663,1.967313919298401,1.0
1.08728,1.0860109717715818,1.0,0.0012690282284182341,0.0011478571428571132,1.1055628623432319,1.0
1.08748,1.0860750292958339,1.0,0.0014049707041661197,0.0010878571428571166,1.2915029453923934,1.0
1.08669,1.0860983217382307,1.0,0.0005916782617692018,0.0011007142857142643,0.537540276753341,1.0
1.0874,1.0861009195106672,1.0,0.0012990804893326935,0.0010564285714285296,1.2296907945002318,1.0
1.08822,1.08614379771029,1.0,0.0020762022897100607,0.0010428571428571073,1.990878907941222,1.0
1.08807,1.0861677607302904,1.0,0.0019022392697096713,0.0009778571428571098,1.945314081514704,1.0
1.08827,1.0862240580281177,1.0,0.002045941971882348,0.000984999999999982,2.077098448611559,1.0
1.08783,1.0862484671186472,1.0,0.0015815328813528762,0.000988571428571434,1.5998164984783343,1.0
1.08783,1.0862549582148984,1.0,0.0015750417851017051,0.0009792857142857222,1.6083577674269651,1.0
1.08876,1.08643158644912,1.0,0.002328413550879871,0.001031428571428572,2.2574646615178793,1.0
1.08899,1.0866464278109529,1.0,0.0023435721890470163,0.0010057142857142923,2.3302564379728703,1.0
1.08955,1.0869990552453472,1.0,0.002550944754652784,0.0009714285714285754,2.625972541554326,1.0
1.0894,1.0870391029071254,1.0,0.00236089709287457,0.0009385714285714394,2.5154154718602433,1.0
1.08842,1.08708705832604,1.0,0.0013329416739600308,0.0009457142857142799,1.4094549422538176,1.0
1.08904,1.0871228168549087,1.0,0.0019171831450912613,0.0009264285714285661,2.0694343894585825,1.0
1.08868,1.0871565520727753,1.0,0.001523447927224808,0.0009564285714285724,1.5928507080767207,1.0
1.08849,1.0871877779534058,1.0,0.001302222046594137,0.0009242857142857108,1.4088955681853157,1.0
1.08826,1.0872041319798935,1.0,0.0010558680201064874,0.0009185714285714511,1.1494675180008134,1.0
1.08802,1.0872286348687956,1.0,0.000791365131204369,0.0008842857142857342,0.8949201806834343,1.0
1.08768,1.0872441410132176,1.0,0.0004358589867823337,0.0009000000000000277,0.484287763091467,1.0
1.08766,1.0880824940709093,-1.0,-0.0004224940709092184,0.0008814285714285885,0.4793287676441607,-1.0
1.08824,1.0880938525271346,-1.0,0.00014614747286545438,0.0008657142857142951,0.16881721288088608,-1.0
1.08917,1.088111951101133,-1.0,0.001058048898866959,0.0009064285714285779,1.1672722288524287,-1.0
1.0899,1.087454691381152,1.0,0.0024453086188480633,0.000888571428571429,2.7519550372888157,1.0
1.09003,1.087568535859278,1.0,0.002461464140722125,0.0009050000000000129,2.719849879250928,1.0
1.08986,1.0875854363197184,1.0,0.0022745636802816716,0.0008678571428571504,2.6208964217237143,1.0
1.09008,1.0877553574025045,1.0,0.00232464259749543,0.0008642857142857142,2.6896691210690924,1.0
1.09061,1.0880110864018526,1.0,0.0025989135981474565,0.0008285714285714325,3.136619859833122,1.0
1.09118,1.088286613455303,1.0,0.002893386544696952,0.0008300000000000132,3.486007885176995,1.0
1.09089,1.088291386816235,1.0,0.002598613183764975,0.0007985714285714421,3.254077332084887,1.0
1.09131,1.0884096879066272,1.0,0.0029003120933728255,0.0007857142857142943,3.691306300656283,1.0
1.09122,1.0884708277494464,1.0,0.002749172250553711,0.000747142857142851,3.679580450071919,1.0
1.09158,1.0886674746426193,1.0,0.0029125253573807353,0.0007599999999999987,3.832270207079921,1.0
1.09152,1.088694845233566,1.0,0.0028251547664339682,0.0007464285714285605,3.7848963378063285,1.0
1.09123,1.0887289543117453,1.0,0.0025010456882545995,0.000796428571428555,3.14032642471436,1.0
1.09194,1.0888486663487793,1.0,0.003091333651220607,0.0008292857142856912,3.7277063839009217,1.0
1.0927,1.0892057921549296,1.0,0.003494207845070374,0.0008171428571428338,4.276128481729601,1.0
1.09267,1.0892718153288277,1.0,0.0033981846711723662,0.0007364285714285426,4.61441177462803,1.0
1.09272,1.089416719383473,1.0,0.00330328061652696,0.0007057142857142461,4.6807620072247005,1.0
1.09334,1.08971022120756,1.0,0.003629778792439975,0.0007628571428571128,4.758136993835361,1.0
1.09423,1.0900486253813564,1.0,0.004181374618643652,0.0008578571428571166,4.874208547961109,1.0
1.09519,1.0904777876017284,1.0,0.004712212398271687,0.0009157142857142578,5.145941776583903,1.0
1.09603,1.090898964281353,1.0,0.005131035718647148,0.0009399999999999567,5.458548636858919,1.0
1.09539,1.0909294079010028,1.0,0.004460592098997296,0.0009792857142856745,4.554944521222806,1.0
1.09444,1.090944363506431,1.0,0.0034956364935689876,0.0010321428571428307,3.386775841520213,1.0
1.0951,1.0910004874922212,1.0,0.004099512507778735,0.0010678571428571124,3.839008368488557,1.0
1.09545,1.0910444457889987,1.0,0.004405554211001306,0.0010692857142856615,4.120090778491738,1.0
1.09602,1.0911240289287685,1.0,0.00489597107123152,0.0010949999999999413,4.47120645774592,1.0
1.09639,1.0914103807751383,1.0,0.0049796192248616755,0.0010821428571428093,4.601628326605052,1.0
1.09641,1.091538678882217,1.0,0.004871321117783101,0.0010185714285713768,4.782503201189823,1.0
1.09665,1.0917538272385618,1.0,0.004896172761438056,0.000987857142857096,4.9563570976237195,1.0
1.09704,1.0920808744185333,1.0,0.004959125581466717,0.000997857142857098,4.969775099537378,1.0
1.09778,1.0925357047449173,1.0,0.005244295255082632,0.001062142857142821,4.937466951658329,1.0
1.09786,1.0926904950140517,1.0,0.00516950498594837,0.001045714285714237,4.943515696945393,1.0
1.09874,1.0931620337854406,1.0,0.0055779662145594155,0.0010135714285713915,5.503278858621189,1.0
1.09968,1.0936552273525173,1.0,0.00602477264748269,0.0010007142857142437,6.020472310118572,1.0
1.09926,1.0937854093060868,1.0,0.005474590693913095,0.0009921428571428223,5.51794598378589,1.0
1.10023,1.0940944340048473,1.0,0.0061355659951527475,0.0010199999999999574,6.0152607795617685,1.0
1.1,1.0941558794776864,1.0,0.005844120522313645,0.0009557142857142502,6.1149243133328905,1.0
1.10078,1.094531678740915,1.0,0.006248321259085143,0.001012857142857117,6.169005474414262,1.0
1.10159,1.0950407946988197,1.0,0.006549205301180416,0.0010307142857142817,6.354045337250602,1.0
1.10104,1.0951724152424365,1.0,0.005867584757563549,0.0010585714285714326,5.542927571247596,1.0
1.10146,1.0952483340410617,1.0,0.006211665958938406,0.001085714285714293,5.721271277969547,1.0
1.10133,1.0952902115911411,1.0,0.0060397884088587706,0.001097142857142876,5.505015476824306,1.0
1.10173,1.0955907139094272,1.0,0.006139286090572904,0.0011014285714285865,5.573930302724999,1.0
1.10092,1.0956804873968098,1.0,0.005239512603190111,0.001167857142857165,4.4864328100709585,1.0
1.10048,1.0957466827367732,1.0,0.004733317263226677,0.0011721428571428755,4.038174386664988,1.0
1.10024,1.09584326130196,1.0,0.004396738698040137,0.001177857142857183,3.732828488329886,1.0
1.09988,1.0959340839442229,1.0,0.003945916055777099,0.0011414285714285949,3.456997796049953,1.0
1.10051,1.0960061402019072,1.0,0.0045038597980928685,0.0011050000000000226,4.075891219993463,1.0
1.09972,1.0960485101574362,1.0,0.0036714898425638243,0.0010728571428571612,3.4221609717638257,1.0
1.09946,1.0970358085208876,-1.0,0.0024241914791125474,0.001017142857142875,2.3833343193521817,-1.0
1.09902,1.0968849844875024,-1.0,0.002135015512497729,0.0010292857142857167,2.0742690614134722,-1.0
1.09848,1.096678115472982,-1.0,0.0018018845270177941,0.000987142857142869,1.8253533558790749,-1.0
1.09798,1.0964971780108823,-1.0,0.0014828219891176442,0.0009942857142857095,1.4913439545723506,-1.0
1.09706,1.0961191577527947,-1.0,0.0009408422472052536,0.0010057142857142765,0.9354965526188687,-1.0
1.09779,1.096153021113302,-1.0,0.001636978886698115,0.0010135714285714073,1.6150602123871804,-1.0
1.09814,1.0961887080647839,-1.0,0.0019512919352160374,0.00102785714285712,1.89840772015463,-1.0
1.09835,1.0962765371304153,-1.0,0.0020734628695846524,0.001039285714285687,1.9950845480540134,-1.0
1.09822,1.0963445830494778,-1.0,0.0018754169505221796,0.0009742857142856895,1.9249147586005266,-1.0
1.09824,1.0964015921308938,-1.0,0.0018384078691062733,0.0009499999999999746,1.9351661780066551,-1.0
1.09905,1.0964529960357008,-1.0,0.0025970039642992937,0.0009607142857142513,2.7032011524305886,-1.0
1.09919,1.0955975486008862,1.0,0.003592451399113683,0.0009499999999999746,3.78152778854082,1.0
1.09957,1.0958929374761286,1.0,0.003677062523871344,0.0009385714285714235,3.917722628173447,1.0
1.1001,1.0962517437147121,1.0,0.0038482562852879543,0.000949285714285716,4.053844092854121,1.0
1.10033,1.0964600703546163,1.0,0.003869929645383685,0.0009207142857142905,4.2031819267161605,1.0
1.10081,1.096756328542279,1.0,0.004053671457721064,0.000931428571428583,4.352101258289432,1.0
1.10095,1.0968914638449383,1.0,0.004058536155061798,0.0009328571428571479,4.3506513147676005,1.0
1.10154,1.0971654779860796,1.0,0.004374522013920412,0.0009428571428571659,4.639644560218505,1.0
1.10209,1.0975420844695543,1.0,0.004547915530445756,0.000898571428571447,5.061273245329037,1.0
1.10161,1.0975650377865285,1.0,0.0040449622134715035,0.0008857142857143151,4.566892821661224,1.0
1.10168,1.0976113449540765,1.0,0.004068655045923464,0.0008957142857143172,4.542358105496531,1.0
1.10267,1.097969967759683,1.0,0.004700032240317009,0.0009207142857143381,5.104767367295142,1.0
1.10254,1.0980376846986886,1.0,0.00450231530131151,0.0009057142857143351,4.971010585043984,1.0
1.10297,1.098362352303813,1.0,0.004607647696186934,0.000917142857142902,5.0239149335369095,1.0
1.10269,1.0984656972340034,1.0,0.0042243027659965016,0.0008978571428571883,4.704871815747656,1.0
1.10274,1.098561122540638,1.0,0.004178877459362074,0.0008542857142857598,4.8916625778483205,1.0
1.10295,1.0987205637713424,1.0,0.004229436228657679,0.0008450000000000481,5.005249974742531,1.0
1.10285,1.098778667439003,1.0,0.004071332560997121,0.0008250000000000439,4.934948558784126,1.0
1.10254,1.098798113627451,1.0,0.0037418863725491303,0.0008778571428571842,4.262523125767726,1.0
1.10176,1.0988775305574765,1.0,0.002882469442523572,0.0009128571428571755,3.157634757067963,1.0
1.10167,1.0989963578256638,1.0,0.002673642174336077,0.000869285714285747,3.075677110986333,1.0
1.10182,1.099089873252014,1.0,0.002730126747986006,0.000815000000000026,3.34984877053487,1.0
1.1025,1.0991346959890562,1.0,0.003365304010943815,0.0008228571428571728,4.089779179966293,1.0
1.102,1.099161356972214,1.0,0.0028386430277860253,0.0008207142857143175,3.4587469442126038,1.0
1.10216,1.0992766342710318,1.0,0.00288336572896819,0.0008271428571428834,3.4859343873534874,1.0
1.10227,1.0993679922851811,1.0,0.002902007714818966,0.0007807142857142933,3.717118756401201,1.0
1.10261,1.0994129113841984,1.0,0.003197088615801702,0.000795000000000006,4.021495114215947,1.0
1.1021,1.0994674682759118,1.0,0.002632531724088283,0.0007964285714285868,3.3054209988551793,1.0
1.10306,1.0994837616172262,1.0,0.0035762383827737665,0.0008292857142857228,4.312432158383481,1.0
1.10396,1.0998899258571482,1.0,0.004070074142851876,0.0009200000000000001,4.423993633534647,1.0
1.10477,1.1002807012988072,1.0,0.0044892987011928565,0.0009735714285714149,4.6111652103228815,1.0
1.10504,1.100526572589418,1.0,0.004513427410582027,0.0009914285714285637,4.552448396840697,1.0
1.10463,1.1005948373966175,1.0,0.004035162603382547,0.0009678571428571393,4.169171693531799,1.0
1.10399,1.1007242052809332,1.0,0.00326579471906685,0.0009371428571428586,3.4848419258335235,1.0
1.1033,1.1007601987960685,1.0,0.002539801203931491,0.001009999999999987,2.5146546573579442,1.0
1.1029,1.1018188313557413,-1.0,0.0010811686442586677,0.0010485714285714146,1.0310872629169994,-1.0
1.10314,1.1018246791239263,-1.0,0.0013153208760736668,0.0010414285714285582,1.2629967259966783,-1.0
1.10273,1.1017131866099397,-1.0,0.0010168133900603227,0.0010171428571428434,0.9996760857334768,-1.0
1.10271,1.1017086312144937,-1.0,0.0010013687855063846,0.0009921428571428384,1.009298991871105,-1.0
1.10364,1.1018065185297723,-1.0,0.0018334814702276603,0.001027857142857136,1.7837901725634064,-1.0
1.10415,1.1018504204428652,-1.0,0.002299579557134779,0.0010614285714285623,2.1664948721323807,-1.0
1.10469,1.1009717550393407,1.0,0.0037182449606592005,0.001059285714285707,3.51014359064256,1.0
1.10449,1.101002824382638,1.0,0.003487175617362004,0.001005000000000002,3.4698264849373106,1.0
1.10488,1.101167999072703,1.0,0.0037120009272970655,0.0009735714285714307,3.812766909916273,1.0
1.10582,1.1016512208980804,1.0,0.004168779101919595,0.0009535714285714267,4.3717533653089475,1.0
1.1054,1.1017531545255002,1.0,0.0036468454744997825,0.0009371428571428428,3.8914509636431203,1.0
1.10563,1.101815053726769,1.0,0.003814946273230868,0.0009442857142856991,4.040033874828518,1.0
1.10531,1.101925014953343,1.0,0.003384985046656963,0.0009564285714285565,3.5391927298878434,1.0
1.10516,1.1019713842600172,1.0,0.0031886157399827475,0.0008942857142857046,3.565544757169245,1.0
1.10464,1.1019991943291079,1.0,0.002640805670892199,0.0008992857142857057,2.9365591256942922,1.0
1.10398,1.1020643854711867,1.0,0.0019156145288132809,0.0009342857142856971,2.0503519421549257,1.0
1.10388,1.1029928317135278,-1.0,0.000887168286472173,0.0008899999999999782,0.9968182994069604,-1.0
1.10376,1.1029891551094808,-1.0,0.0007708448905192622,0.0009092857142856918,0.8477477193456353,-1.0
1.10425,1.1030592689193228,-1.0,0.001190731080677132,0.0009199999999999685,1.2942729137795357,-1.0
1.10383,1.1031024422799316,-1.0,0.0007275577200684946,0.0009199999999999685,0.7908236087701299,-1.0
1.10454,1.1031276237926444,-1.0,0.0014123762073556811,0.0009399999999999567,1.5025278801656874,-1.0
1.10522,1.1031843549063203,-1.0,0.0020356450936798165,0.0009521428571427983,2.1379618388236454,-1.0
1.10552,1.10326536678921,-1.0,0.0022546332107900025,0.0009457142857142323,2.3840532440379016,-1.0
1.10526,1.103328046004103,-1.0,0.0019319539958968512,0.0009235714285713728,2.0918295392542574,-1.0
1.10598,1.1026357299202973,1.0,0.003344270079702616,0.0009535714285713791,3.5070997090516145,1.0
1.10529,1.1027048537385502,1.0,0.0025851462614499,0.0009699999999999471,2.6650992386082892,1.0
1.10436,1.1027506261222881,1.0,0.0016093738777118727,0.0009592857142856546,1.67767939597674,1.0
1.1048,1.1027857319693477,1.0,0.0020142680306522998,0.0009835714285713695,2.0479123042217786,1.0
1.10393,1.1037563837504294,-1.0,0.000173616249570685,0.0009842857142856598,0.1763880619731295,-1.0
1.10317,1.1034537896670171,-1.0,-0.0002837896670171425,0.0009771428571428034,0.29042802180118515,-1.0
1.10405,1.103482502799597,-1.0,0.0005674972004030554,0.001073571428571388,0.5286068400294794,-1.0
1.10418,1.1035125499685199,-1.0,0.0006674500314800547,0.0010585714285714007,0.6305195978894069,-1.0
1.10328,1.10356721539792,-1.0,-0.00028721539791987105,0.0010828571428571315,0.2652384941212557,-1.0
1.10287,1.1034772539678062,-1.0,-0.0006072539678061428,0.0010771428571428401,0.5637636305892662,-1.0
1.1023,1.1032333653225397,-1.0,-0.0009333653225396255,0.001067142857142838,0.8746395258068937,-1.0
1.10284,1.1032730897904517,-1.0,-0.0004330897904516462,0.0011042857142857005,0.39218997841676084,-1.0
1.1032,1.1033222698275753,-1.0,-0.00012226982757534977,0.001093571428571408,0.1118078109768079,-1.0
1.10262,1.10336107790127,-1.0,-0.000741077901269982,0.0010978571428571188,0.6750221612088468,-1.0
1.10334,1.1033925664076496,-1.0,-5.25664076496124e-05,0.0011199999999999782,0.0469342925442977,-1.0
1.10377,1.103422243737448,-1.0,0.00034775626255201253,0.0010864285714285518,0.3200912344331534,-1.0
1.1039,1.1034574986952554,-1.0,0.000442501304744658,0.001065714285714273,0.4152157015030353,-1.0
1.10466,1.1025146428479804,1.0,0.002145357152019578,0.0011014285714285549,1.9477950796546397,1.0
1.10439,1.1025273429045923,1.0,0.0018626570954076715,0.0010728571428571293,1.7361650689552417,1.0
1.10488,1.1026512286106542,1.0,0.0022287713893458516,0.0010771428571428401,2.0691511572176666,1.0
1.10577,1.1030741801992894,1.0,0.0026958198007105416,0.0010557142857142551,2.5535505554769062,1.0
1.10515,1.10310446808317,1.0,0.00204553191682999,0.0010807142857142443,1.8927592092280872,1.0
1.10496,1.1031157363347985,1.0,0.0018442636652014066,0.0010385714285713649,1.7757696913907342,1.0
1.10445,1.1031221836011547,1.0,0.0013278163988452718,0.0010621428571428052,1.250129763539658,1.0
1.1045,1.1031446473407636,1.0,0.001355352659236475,0.0010235714285713935,1.3241407696658272,1.0
1.10384,1.1031635764349284,1.0,0.0006764235650715822,0.001034285714285686,0.6540006844614924,1.0
1.10301,1.103961454022457,-1.0,-0.0009514540224568879,0.0010678571428571284,0.8909937334044555,-1.0
1.10391,1.1039829265278236,-1.0,-7.292652782364684e-05,0.0011007142857142802,0.06625382151402082,-1.0
1.10345,1.1040110489718795,-1.0,-0.0005610489718794742,0.0010514285714285762,0.5336063591244975,-1.0
1.10345,1.1040313892938123,-1.0,-0.00058138929381224,0.0010228571428571507,0.5683973542857051,-1.0
1.10394,1.1040374682416916,-1.0,-9.746824169165613e-05,0.001042857142857139,0.09346269751254732,-1.0
1.103,1.104064094215801,-1.0,-0.0010640942158011146,0.0010821428571428568,0.9833213875389841,-1.0
1.10394,1.1040954799304323,-1.0,-0.0001554799304324117,0.001129999999999996,0.13759285878974536,-1.0
1.10433,1.104126067982587,-1.0,0.00020393201741297773,0.0011000000000000057,0.18539274310270606,-1.0
1.1049,1.1041413746774427,-1.0,0.000758625322557327,0.001077142857142856,0.7042940660346545,-1.0
1.10403,1.1041593445000375,-1.0,-0.0001293445000374316,0.0011214285714285749,0.1153390446193654,-1.0
1.10456,1.104188865793399,-1.0,0.0003711342066010648,0.0011278571428571566,0.32906136114090206,-1.0
1.10419,1.1042204244219218,-1.0,-3.0424421921804168e-05,0.0010978571428571504,0.027712550872170165,-1.0
1.10437,1.104268617927092,-1.0,0.00010138207290810719,0.0010800000000000015,0.09387228972972875,-1.0
1.10437,1.1043074036493605,-1.0,6.259635063954327e-05,0.0010221428571428604,0.06124031509109735,-1.0
1.10387,1.1043186984804185,-1.0,-0.00044869848041861893,0.0010249999999999901,0.43775461504255925,-1.0
1.10348,1.1043243665498563,-1.0,-0.0008443665498563124,0.0009635714285714288,0.8762884876195977,-1.0
1.10277,1.1041228613929388,-1.0,-0.0013528613929387756,0.000993571428571419,1.3616146298449348,-1.0
1.10366,1.1041394888566343,-1.0,-0.0004794888566341804,0.001087142857142842,0.44105413882251104,-1.0
1.10447,1.104170334817349,-1.0,0.00029966518265100994,0.001089999999999988,0.2749221859183608,-1.0
1.10515,1.103311711347978,1.0,0.0018382886520220687,0.0010521428571428507,1.747185412648277,1.0
1.1054,1.1035331950299763,1.0,0.0018668049700236722,0.0009864285714285628,1.892488745860365,1.0
1.10573,1.103736694001943,1.0,0.0019933059980570267,0.000988571428571418,2.016349998034586,1.0
1.10656,1.1040685424615782,1.0,0.0024914575384218374,0.0010385714285714284,2.3989274785354695,1.0
1.10583,1.1040896170750563,1.0,0.0017403829249438285,0.0010157142857142945,1.713457169424289,1.0
1.10615,1.1041125519000272,1.0,0.0020374480999727496,0.0010157142857142945,2.005926399410566,1.0
1.10657,1.1041252923065492,1.0,0.0024447076934508427,0.0010335714285714273,2.3653011546863745,1.0
1.10623,1.104140308472277,1.0,0.002089691527723092,0.0010528571428571412,1.984781640985301,1.0
1.10706,1.104418271961712,1.0,0.0026417280382879937,0.0011064285714285557,2.3876173360898925,1.0
1.10724,1.1046043249769082,1.0,0.0026356750230918102,0.0010664285714285634,2.4714970075877845,1.0
1.10798,1.1049339754100533,1.0,0.0030460245899466276,0.0011371428571428366,2.678664840405374,1.0
1.10895,1.1054278601503071,1.0,0.0035221398496929623,0.0011521428571428238,3.05703396749553,1.0
1.10898,1.105520608242119,1.0,0.003459391757881125,0.001107857142857105,3.122597331420852,1.0
1.10835,1.1055414718366183,1.0,0.0028085281633816184,0.0011185714285713974,2.5108170043003675,1.0
1.10777,1.1055690217411387,1.0,0.0022009782588612303,0.0011135714285713963,1.9765038886502961,1.0
1.10844,1.105602165830423,1.0,0.002837834169577169,0.0011592857142856802,2.4479161043796385,1.0
1.10767,1.1056237410367777,1.0,0.0020462589632221917,0.0011735714285714088,1.7436168889294683,1.0
1.10794,1.1056574659035858,1.0,0.0022825340964141017,0.0011114285714285568,2.0536939170821236,1.0
1.10695,1.1056908088155446,1.0,0.0012591911844554993,0.0011199999999999782,1.1242778432638605,1.0
1.10755,1.1057177082343452,1.0,0.0018322917656548032,0.0011328571428571102,1.6174076115490532,1.0
1.10656,1.1068585017965826,-1.0,-0.00029850179658263976,0.001172142857142828,0.25466332432401345,-1.0
1.10575,1.1064773127334138,-1.0,-0.0007273127334137541,0.0012157142857142564,0.5982595927022799,-1.0
1.10513,1.1061148189916765,-1.0,-0.0009848189916765726,0.001170714285714263,0.841212073427229,-1.0
1.10603,1.1061411970747246,-1.0,-0.00011119707472451168,0.0012035714285713991,0.09238926089870632,-1.0
1.1064,1.1061570353195438,-1.0,0.00024296468045625907,0.001137857142857111,0.2135282816313699,-1.0
1.10666,1.1061760466397377,-1.0,0.0004839533602623014,0.0010857142857142613,0.4457465160310771,-1.0
1.10601,1.1061778733095529,-1.0,-0.0001678733095529239,0.0011221428571428493,0.14960065778109172,-1.0
1.10696,1.1061942356470136,-1.0,0.0007657643529863645,0.001137857142857143,0.6729881319403077,-1.0
1.1071,1.1062014859274178,-1.0,0.0008985140725821239,0.0010992857142857154,0.8173617294444264,-1.0
1.10642,1.106214126205992,-1.0,0.00020587379400804906,0.0010999999999999899,0.1871579945527736,-1.0
1.10543,1.106220717171599,-1.0,-0.0007907171715990646,0.0011064285714285557,0.7146572241695973,-1.0
1.10538,1.1062237893098192,-1.0,-0.0008437893098192095,0.0010771428571428401,0.7833587756942387,-1.0
1.10619,1.1062315870207757,-1.0,-4.158702077572407e-05,0.001073571428571404,0.03873707856687627,-1.0
1.10717,1.1062407500838352,-1.0,0.0009292499161648315,0.0010914285714285527,0.8514069912505148,-1.0
1.1065,1.1062652677316145,-1.0,0.00023473226838555128,0.0010642857142857082,0.22055380922132461,-1.0
1.10738,1.10628751447372,-1.0,0.0010924855262799404,0.0010792857142857112,1.0122301368576578,-1.0
1.1077,1.1053336621688574,1.0,0.0023663378311424843,0.0010785714285714368,2.1939556050327504,1.0
1.10779,1.1054181519339394,1.0,0.002371848066060611,0.0010621428571428687,2.233078206109495,1.0
1.10814,1.105581430750688,1.0,0.0025585692493119705,0.0011064285714285876,2.312457681753845,1.0
1.10826,1.105706250217291,1.0,0.0025537497827090583,0.0011092857142857332,2.30215691937709,1.0
1.10806,1.1057093661617323,1.0,0.002350633838267724,0.0010364285714285731,2.2680133518778827,1.0
1.10788,1.105721489932023,1.0,0.002158510067977071,0.001005000000000002,2.147771211917479,1.0
1.10787,1.1057284765703472,1.0,0.002141523429652681,0.0009735714285714307,2.1996572278163953,1.0
1.10715,1.1057292219164625,1.0,0.0014207780835375772,0.0009585714285714435,1.4821827995175687,1.0
1.10653,1.1057341979917026,1.0,0.0007958020082974304,0.0009657142857142999,0.8240553340357887,1.0
1.10726,1.10573660980603,1.0,0.0015233901939699646,0.001020000000000005,1.4935197980097619,1.0
1.10643,1.105745096096717,1.0,0.0006849039032830184,0.00101857142857144,0.6724161743311465,1.0
1.10585,1.1066724595067927,-1.0,-0.0008224595067927165,0.001008571428571438,0.8154697659417792,-1.0
1.10538,1.106481989619931,-1.0,-0.0011019896199309098,0.0010114285714285679,1.0895377598187,-1.0
1.10586,1.1064886352968006,-1.0,-0.0006286352968005726,0.0009492857142857002,0.6622192742820276,-1.0
1.1054,1.106367496487402,-1.0,-0.0009674964874020198,0.0009364285714285524,1.033177026973955,-1.0
1.10573,1.106373282599872,-1.0,-0.0006432825998718972,0.0009114285714285472,0.7057959559723197,-1.0
1.10586,1.106374877134117,-1.0,-0.00051487713411702,0.000863571428571408,0.5962183521619894,-1.0
1.10671,1.1063827617066446,-1.0,0.0003272382933554585,0.0009078571428571111,0.3604513066071266,-1.0
1.10763,1.1056020362719567,1.0,0.0020279637280431473,0.0009535714285714107,2.1267035350265613,1.0
1.10843,1.105963906070719,1.0,0.002466093929281099,0.0009792857142856906,2.518257841716719,1.0
1.10849,1.1060746044527345,1.0,0.002415395547265442,0.0009964285714285331,2.424052878976164,1.0
1.10775,1.10608330123287,1.0,0.0016666987671301037,0.0010099999999999554,1.6501967991387894,1.0
1.10736,1.1061021794787376,1.0,0.0012578205212623317,0.000948571428571378,1.326015609764577,1.0
1.10773,1.1061265820284492,1.0,0.0016034179715509467,0.0009414285714285217,1.703175387080003,1.0
1.10679,1.1061420164096587,1.0,0.000647983590341239,0.000943571428571377,0.6867350692488904,1.0
1.10696,1.106147385047419,1.0,0.0008126149525808923,0.000904285714285675,0.8986263298683244,1.0
1.10753,1.10616373239819,1.0,0.0013662676018098008,0.0008949999999999633,1.5265559796758177,1.0
1.10659,1.107263405823302,-1.0,-0.0006734058233019979,0.0009814285714285459,0.6861485826949212,-1.0
1.10707,1.1072878053441506,-1.0,-0.00021780534415061226,0.0010099999999999712,0.21564885559467176,-1.0
1.10661,1.107291200474688,-1.0,-0.000681200474687893,0.0010385714285713968,0.655901419919587,-1.0
1.10667,1.1073096732464718,-1.0,-0.0006396732464717392,0.0010635714285714018,0.601438915420052,-1.0
1.10603,1.1070436789339642,-1.0,-0.0010136789339640906,0.001045714285714269,0.9693651007853481,-1.0
1.10647,1.1070684861061104,-1.0,-0.0005984861061103519,0.0010285714285714104,0.5818614920517413,-1.0
1.10636,1.1070810495489924,-1.0,-0.0007210495489924362,0.0009785714285714,0.7368389551747738,-1.0
1.1061,1.1070065572596588,-1.0,-0.0009065572596587135,0.0009878571428571276,0.9177007689965426,-1.0
1.10655,1.107027127996358,-1.0,-0.0004771279963580177,0.0009642857142857032,0.4947994036305426,-1.0
1.10579,1.1068898916642191,-1.0,-0.0010998916642190881,0.0010128571428571328,1.085929710794597,-1.0
1.10545,1.1067085189872745,-1.0,-0.0012585189872744706,0.0009957142857142745,1.2639358552254512,-1.0
1.10638,1.1067144114165388,-1.0,-0.0003344114165388934,0.0010142857142856978,0.32970139658764674,-1.0
1.1073,1.1067232476657365,-1.0,0.000576752334263464,0.0010764285714285496,0.535801770384118,-1.0
1.10706,1.1067360999741902,-1.0,0.0003239000258097313,0.0010728571428571293,0.30190415188657094,-1.0
1.10697,1.106746517040093,-1.0,0.0002234829599070398,0.0009985714285714042,0.22380267801850026,-1.0
1.1079,1.1059139727577993,1.0,0.0019860272422007608,0.0010485714285714146,1.894031429891759,1.0
1.10855,1.1062757422890157,1.0,0.0022742577109842177,0.0010607142857142879,2.1440813436888204,1.0
1.10924,1.1066457637946994,1.0,0.0025942362053006374,0.0010800000000000015,2.4020705604635495,1.0
1.1102,1.1070942027739092,1.0,0.003105797226090834,0.0011078571428571366,2.803427541281233,1.0
1.11103,1.107528444152488,1.0,0.0035015558475119946,0.0011614285714285672,3.0148697334051726,1.0
1.1101,1.1075680336908142,1.0,0.00253196630918584,0.0012300000000000008,2.058509194460031,1.0
1.10953,1.1076206950621672,1.0,0.001909304937832701,0.001274285714285704,1.4983334713933874,1.0
1.11016,1.1076485076212723,1.0,0.00251149237872772,0.0012757142857142848,1.9686950337171392,1.0
1.11058,1.1076872926568901,1.0,0.002892707343109757,0.0012528571428571508,2.308888415252927,1.0
1.10971,1.1077193316518672,1.0,0.0019906683481327736,0.0012871428571428676,1.5465791827890458,1.0
1.10914,1.1077573993329897,1.0,0.0013826006670103475,0.0012428571428571647,1.112437318284168,1.0
1.10975,1.1077812270225798,1.0,0.0019687729774202634,0.001209285714285738,1.6280461715229264,1.0
1.10919,1.1078022676490324,1.0,0.0013877323509674522,0.00122214285714287,1.1354911112533095,1.0
1.10993,1.1078336851627553,1.0,0.002096314837244817,0.001282857142857157,1.6340984254692157,1.0
1.10902,1.1078616921447324,1.0,0.001158307855267493,0.0012935714285714336,0.8954340129069486,1.0
1.10845,1.1090672203308802,-1.0,-0.000617220330880297,0.0012707142857142837,0.485727073205406,-1.0
1.10792,1.108774217261315,-1.0,-0.0008542172613150711,0.0012535714285714253,0.6814268751231355,-1.0
1.1089,1.1088067276762876,-1.0,9.327232371236782e-05,0.001223571428571435,0.0762295698758402,-1.0
1.10824,1.108824088451001,-1.0,-0.000584088451001108,0.0011964285714285744,0.4881933321800293,-1.0
1.10884,1.1088688486295268,-1.0,-2.8848629526789793e-05,0.0011271428571428663,0.02559447486533928,-1.0
1.10829,1.1088733817438103,-1.0,-0.0005833817438103406,0.0011171428571428801,0.5222087220808568,-1.0
1.10857,1.1088858206077092,-1.0,-0.00031582060770918297,0.0011200000000000099,0.2819826854546252,-1.0
1.10847,1.1089031344586635,-1.0,-0.00043313445866344225,0.0010907142857142782,0.3971108330902576,-1.0
1.10795,1.1087244801843172,-1.0,-0.00077448018431725,0.0010671428571428537,0.7257511767363811,-1.0
1.10697,1.1082906049757173,-1.0,-0.0013206049757172877,0.0010957142857142793,1.205245740550335,-1.0
1.10699,1.1082247035839354,-1.0,-0.0012347035839355147,0.0010464285714285593,1.1799215136585262,-1.0
1.10724,1.1082331909232268,-1.0,-0.0009931909232268055,0.000989999999999999,1.003223154774552,-1.0
1.10662,1.1080418254950999,-1.0,-0.0014218254950999487,0.0009671428571428489,1.47012975859671,-1.0
1.10698,1.1080410395857894,-1.0,-0.0010610395857892918,0.0008935714285714143,1.1874144045603776,-1.0
1.10752,1.108044901125639,-1.0,-0.0005249011256389657,0.0009378571428571332,0.5596813220826806,-1.0
1.10695,1.1080416382525213,-1.0,-0.001091638252521232,0.00092285714285713,1.182889747314045,-1.0
1.1075,1.1080440678498724,-1.0,-0.0005440678498724871,0.0009235714285714204,0.5890912527621722,-1.0
1.10667,1.1080387948798163,-1.0,-0.0013687948798162264,0.0009699999999999946,1.4111287420785916,-1.0
1.10709,1.1080250991365583,-1.0,-0.000935099136558426,0.0009728571428571404,0.961188539781057,-1.0
1.10738,1.108013340030521,-1.0,-0.0006333400305209569,0.0009514285714285713,0.6656727047517565,-1.0
1.10833,1.1080164831422707,-1.0,0.00031351685772929017,0.0009807142857142872,0.31968215646103826,-1.0
1.10853,1.1080159741981639,-1.0,0.0005140258018361266,0.0010100000000000029,0.50893643746151,-1.0
1.1079,1.1080108777407394,-1.0,-0.00011087774073925694,0.0010014285714285659,0.11071956992507886,-1.0
1.10805,1.1080128059129066,-1.0,3.71940870933507e-05,0.0009550000000000074,0.038946688055864306,-1.0
1.10851,1.108020262896011,-1.0,0.0004897371039891407,0.0009650000000000095,0.5074995896260476,-1.0
1.10877,1.1072634717427077,1.0,0.001506528257292361,0.0009714285714285754,1.5508379119186007,1.0
1.10938,1.1075915230500943,1.0,0.001788476949905693,0.0009328571428571479,1.9172034685053265,1.0
1.10984,1.1078534554716661,1.0,0.0019865445283338,0.0009300000000000182,2.13606938530512,1.0
1.10971,1.1078576123868449,1.0,0.0018523876131550931,0.0008771428571428779,2.1118425557142255,1.0
1.10973,1.1078838026868998,1.0,0.0018461973131003173,0.000855714285714293,2.1574926864277315,1.0
1.10876,1.1079044962387885,1.0,0.0008555037612114624,0.0008614285714285685,0.9931221108590808,1.0
1.1096,1.1079160117087974,1.0,0.0016839882912025317,0.0008564285714285676,1.9662915827218974,1.0
1.11,1.1079388868913418,1.0,0.002061113108658308,0.0008828571428571376,2.334594136020751,1.0
1.10971,1.1079584607146455,1.0,0.001751539285354431,0.0008971428571428344,1.9523527066053068,1.0
1.1099,1.1079748699166223,1.0,0.0019251300833778018,0.0008585714285713911,2.2422480172454575,1.0
1.10959,1.1079901356247492,1.0,0.0015998643752508368,0.0008478571428571145,1.886950400464403,1.0
1.10938,1.1080002248238028,1.0,0.001379775176197251,0.0008542857142856963,1.6151214437091905,1.0
1.10998,1.1080151190859282,1.0,0.001964880914071765,0.0008949999999999791,2.1953976693539783,1.0
1.11059,1.1082562303808072,1.0,0.002333769619192738,0.0009271428571428407,2.5171629174652477,1.0
1.11145,1.108659959821032,1.0,0.0027900401789680007,0.0009899999999999829,2.818222402998029,1.0
1.11099,1.1086859991803908,1.0,0.002304000819609131,0.00099857142857142,2.3072969581207516,1.0
1.11188,1.1088942572269649,1.0,0.002985742773035094,0.001057857142857142,2.8224442148880042,1.0
1.11148,1.1089042115669288,1.0,0.002575788433071269,0.0010892857142856974,2.364658233639234,1.0
1.11204,1.108972101310113,1.0,0.003067898689886883,0.0011571428571428566,2.651270472741752,1.0
1.11284,1.1093776730264227,1.0,0.003462326973577401,0.0011507142857142907,3.0088502563676847,1.0
1.11234,1.1093858551446605,1.0,0.0029541448553396243,0.001092142857142859,2.7049069963868324,1.0
1.11333,1.1096141470771426,1.0,0.0037158529228573656,0.0011271428571428663,3.2967009455008047,1.0
1.11369,1.1098333940055918,1.0,0.003856605994408291,0.0011342857142857385,3.40003047365963,1.0
1.11275,1.1098462781128386,1.0,0.002903721887161259,0.001187857142857185,2.4445042946636315,1.0
1.11278,1.109887612865673,1.0,0.0028923871343271568,0.0011950000000000255,2.420407643788364,1.0
1.1119,1.1099152842879374,1.0,0.0019847157120627124,0.0012192857142857402,1.627769183882682,1.0
1.11101,1.1109453912033285,-1.0,6.460879667158359e-05,0.001227142857142871,0.05264977610024214,-1.0
1.11021,1.1105388733395662,-1.0,-0.0003288733395663268,0.001228571428571436,0.26768760197258995,-1.0
1.11057,1.1105536497435275,-1.0,1.6350256472508207e-05,0.0011814285714285872,0.013839394837673026,-1.0
1.11121,1.1105763113453682,-1.0,0.0006336886546318699,0.001212142857142868,0.522783804646205,-1.0
1.11152,1.110618755357147,-1.0,0.0009012446428531273,0.00114928571428571,0.784178060903905,-1.0
1.11053,1.1106539797836215,-1.0,-0.0001239797836214418,0.0011750000000000055,0.10551470946505635,-1.0
1.11065,1.1106651281569517,-1.0,-1.5128156951815797e-05,0.0011157142857142993,0.013559167562446772,-1.0
1.11082,1.110688994774522,-1.0,0.00013100522547793148,0.0010942857142857301,0.11971756897460928,-1.0
1.11076,1.110696270177262,-1.0,6.37298227379457e-05,0.0010542857142857378,0.060448341350353645,-1.0
1.10988,1.110362314874897,-1.0,-0.0004823148748969164,0.0010400000000000092,0.4637643027854924,-1.0
1.10927,1.1101072368437315,-1.0,-0.0008372368437314925,0.0010535714285714315,0.7946654787959907,-1.0
1.10887,1.1098836395046927,-1.0,-0.0010136395046926872,0.0010042857142857273,1.0093138738049385,-1.0
1.10948,1.109888657726755,-1.0,-0.000408657726755024,0.0010142857142857453,0.4029019841246592,-1.0
1.10969,1.109892143194077,-1.0,-0.00020214319407685366,0.0009785714285714636,0.20656968737779927,-1.0
1.10992,1.109907462823494,-1.0,1.2537176506066672e-05,0.0009278571428571787,0.013511968520779571,-1.0
1.11072,1.1099214644252893,-1.0,0.0007985355747106571,0.0009457142857143275,0.8443729641955215,-1.0
1.11022,1.1099339803094108,-1.0,0.00028601969058916765,0.0009400000000000361,0.30427626658420925,-1.0
1.11006,1.1099439461465876,-1.0,0.00011605385341240115,0.000895714285714333,0.12956570556407737,-1.0
1.10944,1.1099540549321625,-1.0,-0.0005140549321624999,0.0009350000000000509,0.5497913712967614,-1.0
1.11006,1.109963778636228,-1.0,9.622136377207546e-05,0.0009064285714286095,0.1061543808360126,-1.0
1.10953,1.1099807030796633,-1.0,-0.00045070307966343925,0.0009300000000000182,0.48462696738003275,-1.0
1.10853,1.1098657735150583,-1.0,-0.0013357735150583139,0.0009871428571428848,1.3531714334888474,-1.0
1.10874,1.1098833645541597,-1.0,-0.0011433645541596427,0.0010300000000000229,1.110062673941376,-1.0
1.10828,1.10979514753131,-1.0,-0.0015151475313099905,0.001017142857142875,1.489611336962043,-1.0
1.10823,1.109721483089479,-1.0,-0.0014914830894789954,0.0009657142857143157,1.5444351518273143,-1.0
1.10756,1.1094016506960582,-1.0,-0.001841650696058128,0.000975714285714302,1.8874897324167907,-1.0
1.10806,1.109414540897657,-1.0,-0.001354540897656964,0.0009764285714285765,1.3872401292755958,-1.0
1.10877,1.1094265818187274,-1.0,-0.0006565818187274086,0.0009957142857142745,0.6594078523804752,-1.0
1.10969,1.1084944631027531,1.0,0.0011955368972469405,0.0010307142857142657,1.1599110576200617,1.0
1.10997,1.1086918300862818,1.0,0.0012781699137180969,0.0009907142857142734,1.2901498768603878,1.0
1.10965,1.1087118595864416,1.0,0.0009381404135584415,0.0009942857142857095,0.943532025130621,1.0
1.11053,1.1089425152677435,1.0,0.001587484732256561,0.0010642857142857082,1.4915963927242941,1.0
1.10955,1.1089587244846841,1.0,0.0005912755153159033,0.0010685714285714187,0.5533327014988451,1.0
1.11022,1.108980670737493,1.0,0.0012393292625070274,0.0010892857142857132,1.137744896727764,1.0
1.11066,1.1090284574565967,1.0,0.0016315425434032527,0.0010864285714285676,1.5017485606604615,1.0
1.11162,1.1094631380549327,1.0,0.0021568619450673676,0.0010807142857142602,1.9957744369427535,1.0
1.11142,1.1094808332961168,1.0,0.0019391667038832772,0.001062142857142821,1.825711758867976,1.0
1.11168,1.109667903800134,1.0,0.002012096199865976,0.0010107142857142617,1.9907665581713307,1.0
1.11109,1.1096685486393727,1.0,0.0014214513606272128,0.001062142857142821,1.3382864188824248,1.0
1.11065,1.1096729676366357,1.0,0.0009770323633642164,0.0010692857142856774,0.9137243211155311,1.0
1.11113,1.1096801669316956,1.0,0.0014498330683043736,0.0010742857142856943,1.3495786540067558,1.0
1.11042,1.1096807829131348,1.0,0.0007392170868651959,0.0010721428571428548,0.6894762968762669,1.0
1.11028,1.109679012095481,1.0,0.0006009879045190125,0.0010292857142857167,0.5838883180614959,1.0
1.10934,1.1105951064621307,-1.0,-0.001255106462130673,0.0010999999999999899,1.1410058746642586,-1.0
1.11018,1.1106014840546474,-1.0,-0.00042148405464748073,0.0011235714285714143,0.37512884711155786,-1.0
1.10979,1.110601929808767,-1.0,-0.0008119298087669868,0.001084999999999971,0.7483224043935562,-1.0
1.1088,1.1103455619052265,-1.0,-0.001545561905226478,0.0010749999999999688,1.4377320048618818,-1.0
1.10912,1.1103406600660344,-1.0,-0.0012206600660342737,0.0010678571428571124,1.1430930384267772,-1.0
1.11002,1.1103491667965446,-1.0,-0.0003291667965445999,0.0011285714285713994,0.2916667817483872,-1.0
1.11091,1.1103565843459684,-1.0,0.0005534156540316637,0.0011192857142856877,0.4944364490391497,-1.0
1.1118,1.1095665310696756,1.0,0.0022334689303242783,0.001154285714285695,1.9349359544888873,1.0
1.11102,1.109577898334807,1.0,0.0014421016651928742,0.0012071428571428352,1.1946404327041777,1.0
1.11159,1.1095931506771146,1.0,0.0019968493228854634,0.0011678571428571174,1.7098403988010455,1.0
1.11228,1.1099043436852654,1.0,0.0023756563147345755,0.0011842857142857013,2.0059824129242716,1.0
1.11191,1.109923584302508,1.0,0.0019864156974920277,0.0011892857142856864,1.6702594453386812,1.0
1.11137,1.1099399090800932,1.0,0.0014300909199067569,0.0011942857142856716,1.1974445501612028,1.0
1.11059,1.1099472136396011,1.0,0.0006427863603988282,0.001229285714285663,0.5228941920734439,1.0
1.11135,1.1099643141614117,1.0,0.0013856858385883353,0.0012099999999999492,1.145194907924292,1.0
1.11079,1.1099887980979497,1.0,0.0008012019020502414,0.001227857142857098,0.6525204554219772,1.0
1.11035,1.1099927729589192,1.0,0.0003572270410807654,0.0012142857142856758,0.29418697500769847,1.0
1.11017,1.1100113068339006,1.0,0.00015869316609951056,0.00118214285714283,0.1342419531959637,1.0
1.11093,1.1100435982791395,1.0,0.000886401720860519,0.0011799999999999747,0.7511878990343543,1.0
1.11039,1.110067076283713,1.0,0.00032292371628694916,0.0011507142857142747,0.2806289278719635,1.0
1.11024,1.1100885187420733,1.0,0.00015148125792663336,0.001103571428571426,0.13726457028950628,1.0
1.10966,1.111106649610517,-1.0,-0.0014466496105169924,0.0011150000000000088,1.2974435968762161,-1.0
1.10984,1.1111127768399531,-1.0,-0.0012727768399531936,0.001080714285714292,1.1777181599038073,-1.0
1.11048,1.1111295029442383,-1.0,-0.0006495029442383782,0.0011300000000000119,0.5747813665826296,-1.0
1.10967,1.1111350313746011,-1.0,-0.001465031374601189,0.0011307142857142865,1.295668935212674,-1.0
1.10881,1.110765601787992,-1.0,-0.001955601787992034,0.001151428571428581,1.6984134635166408,-1.0
1.10955,1.1107778304701665,-1.0,-0.0012278304701665022,0.0011657142857142938,1.0532859425447862,-1.0
1.10914,1.1107688474711495,-1.0,-0.0016288474711494416,0.001127142857142882,1.4451118248473813,-1.0
1.10884,1.1106758933779137,-1.0,-0.0018358933779136777,0.0010842857142857282,1.693182298471091,-1.0
1.10797,1.1102774423600392,-1.0,-0.0023074423600393246,0.0010814285714285824,2.133698351423396,-1.0
1.10818,1.110275643167722,-1.0,-0.00209564316772215,0.0010771428571428718,1.9455573175139058,-1.0
1.10723,1.109905633763812,-1.0,-0.0026756337638120797,0.0011357142857142874,2.3559039429791864,-1.0
1.10703,1.1096689447426353,-1.0,-0.002638944742635374,0.001069285714285725,2.4679509951165572,-1.0
1.10639,1.1093520880056351,-1.0,-0.002962088005635133,0.001069285714285709,2.7701557834931236,-1.0
1.10698,1.1093329009154862,-1.0,-0.0023529009154861225,0.0010971428571428601,2.1445711469274498,-1.0
1.1068,1.1093223921036066,-1.0,-0.0025223921036066077,0.0010528571428571412,2.3957591214716802,-1.0
1.10678,1.1093207461720387,-1.0,-0.002540746172038588,0.0010385714285714284,2.4463855851815848,-1.0
1.10647,1.1092672296310944,-1.0,-0.0027972296310943,0.0010092857142857126,2.771494326632715,-1.0
1.10605,1.109049051980358,-1.0,-0.002999051980357992,0.000982142857142852,3.0535801981826984,-1.0
1.10516,1.108664705601312,-1.0,-0.003504705601311997,0.0009949999999999998,3.522317187248239,-1.0
1.1042,1.1082536239052767,-1.0,-0.004053623905276638,0.001020000000000005,3.974141083604527,-1.0
1.10338,1.1078115481624908,-1.0,-0.004431548162490806,0.0010728571428571451,4.130604146129904,-1.0
1.10355,1.107767639133802,-1.0,-0.00421763913380202,0.0010500000000000112,4.0167991750495,-1.0
1.10277,1.1074173146165374,-1.0,-0.004647314616537335,0.0010542857142857218,4.408021994005571,-1.0
1.10242,1.1071306998190198,-1.0,-0.004710699819019837,0.0010292857142857167,4.576668804044244,-1.0
1.10156,1.1066622822810328,-1.0,-0.005102282281032711,0.0010114285714285679,5.044629373902415,-1.0
1.10108,1.1063827708625937,-1.0,-0.005302770862593675,0.001082142857142841,4.900250302066836,-1.0
1.10167,1.1063517775505685,-1.0,-0.004681777550568533,0.0010942857142856985,4.278386795558774,-1.0
1.102,1.106300022411114,-1.0,-0.004300022411113824,0.0010778571428571146,3.9894177439095504,-1.0
1.10253,1.1062577329845669,-1.0,-0.003727732984566856,0.0010878571428571007,3.4266751007181884,-1.0
1.10305,1.1062164912419223,-1.0,-0.0031664912419222535,0.0011307142857142388,2.8004344527424756,-1.0
1.10321,1.1061601679046449,-1.0,-0.0029501679046448626,0.0011042857142856688,2.671562138747075,-1.0
1.10332,1.10518446242487,1.0,-0.0018644624248698172,0.0010885714285713912,1.7127607577544839,1.0
1.10287,1.1051118668083335,1.0,-0.0022418668083334925,0.0010271428571428137,2.182624152758708,1.0
1.10219,1.1050945374913508,1.0,-0.002904537491350778,0.0010285714285713787,2.823855894368949,1.0
1.10218,1.105013972752853,1.0,-0.00283397275285302,0.0009442857142856516,3.001181432673594,1.0
1.10263,1.104955658911513,1.0,-0.00232565891151304,0.0009749999999999481,2.3852911912955523,1.0
1.10301,1.1049073140016388,1.0,-0.001897314001638728,0.0009235714285713728,2.054322971612049,1.0
1.10346,1.1050522449448192,1.0,-0.0015922449448191323,0.0009428571428571024,1.6887446384446068,1.0
1.10344,1.1050658560542612,1.0,-0.0016258560542612432,0.0008907142857142526,1.8253395958025862,1.0
1.10427,1.105392584135734,1.0,-0.0011225841357338506,0.0008907142857142685,1.260318997616216,1.0
1.10332,1.1053487335410466,1.0,-0.00202873354104649,0.000916428571428564,2.213738860066336,1.0
1.10282,1.1052937312334579,1.0,-0.002473731233457954,0.0009364285714285682,2.6416656955310054,1.0
1.10258,1.10525126458553,1.0,-0.00267126458553002,0.0009292857142857278,2.8745352957278816,1.0
1.10235,1.1061637469408696,-1.0,-0.0038137469408696667,0.0009314285714285989,4.094513586823141,-1.0
1.1031,1.1061401633012427,-1.0,-0.003040163301242682,0.0009607142857143147,3.1644822466465623,-1.0
1.10218,1.1061016670654307,-1.0,-0.003921667065430734,0.0010164285714286006,3.8582810201004003,-1.0
1.10207,1.1059577883264398,-1.0,-0.0038877883264396562,0.0010150000000000356,3.830333326541399,-1.0
1.10286,1.1059122390189875,-1.0,-0.003052239018987546,0.00098571428571432,3.096474367088707,-1.0
1.10356,1.1058706843430721,-1.0,-0.0023106843430720225,0.0010821428571429045,2.135285861584614,-1.0
1.10277,1.105828880931879,-1.0,-0.0030588809318790045,0.0011014285714286182,2.7771941015761508,-1.0
1.10301,1.1057962750314512,-1.0,-0.002786275031451124,0.001114285714285766,2.500503233353457,-1.0
1.10228,1.1057594165327078,-1.0,-0.0034794165327078908,0.0011507142857143224,3.0237015181818077,-1.0
1.10308,1.1057313211404671,-1.0,-0.0026513211404670667,0.001204285714285753,2.2015715282643975,-1.0
1.10295,1.1057007807472985,-1.0,-0.002750780747298398,0.0011621428571428893,2.3669901943562697,-1.0
1.10307,1.105668481855099,-1.0,-0.002598481855099033,0.0010642857142857398,2.4415265752607778,-1.0
1.10313,1.1056416528888529,-1.0,-0.002511652888852911,0.001023571428571457,2.4538130107424827,-1.0
1.10403,1.1056174911484038,-1.0,-0.0015874911484037302,0.0010671428571428856,1.487608840538931,-1.0
1.10344,1.1056066822321624,-1.0,-0.0021666822321624313,0.0010478571428571718,2.067726738259932,-1.0
1.10262,1.105581686553144,-1.0,-0.002961686553144105,0.0010700000000000154,2.767931358078563,-1.0
1.10215,1.1055611097572946,-1.0,-0.003411109757294639,0.0010285714285714423,3.316356708480855,-1.0
1.10229,1.1055428106526772,-1.0,-0.0032528106526772405,0.001036428571428589,3.138480298930434,-1.0
1.10197,1.1054304845477327,-1.0,-0.003460484547732845,0.0010078571428571634,3.433506992789429,-1.0
1.10191,1.1053021848096871,-1.0,-0.003392184809687171,0.0009378571428571648,3.616952576970242,-1.0
1.10198,1.1052769742528068,-1.0,-0.003296974252806839,0.0008914285714285748,3.6985288092384274,-1.0
1.10252,1.105257635209605,-1.0,-0.002737635209605127,0.0009242857142857267,2.961892807918954,-1.0
1.10179,1.1051932667587905,-1.0,-0.0034032667587904353,0.0009142857142857246,3.7223230174269966,-1.0
1.1008,1.1047183961258464,-1.0,-0.003918396125846435,0.0009135714285714343,4.289096619378401,-1.0
1.0999,1.1043160606070292,-1.0,-0.004416060607029149,0.0009942857142857095,4.441440265690257,-1.0
1.09983,1.1041994297818603,-1.0,-0.004369429781860168,0.0010242857142857156,4.26583102831536,-1.0
1.10049,1.1041805098553912,-1.0,-0.003690509855391211,0.0010549999999999965,3.4981136070058985,-1.0
1.1009,1.1041250446668833,-1.0,-0.0032250446668833366,0.0010199999999999892,3.161808496944481,-1.0
1.10155,1.1040954820973172,-1.0,-0.0025454820973171977,0.0010642857142856923,2.391728145130302,-1.0
1.10077,1.10403657000827,-1.0,-0.003266570008269909,0.0010564285714285613,3.092087905056063,-1.0
1.10006,1.1039895602892893,-1.0,-0.003929560289289258,0.0010549999999999965,3.7247016960087875,-1.0
1.09995,1.1039300086277681,-1.0,-0.00398000862776815,0.001045714285714269,3.8060191795597675,-1.0
1.09967,1.1037294183110196,-1.0,-0.004059418311019636,0.0010514285714285604,3.8608598066763244,-1.0
1.09995,1.103659380200622,-1.0,-0.003709380200622059,0.001055714285714271,3.5136212996420535,-1.0
1.10064,1.1036205263294359,-1.0,-0.0029805263294357953,0.0011007142857142802,2.7078110715185817,-1.0
1.1009,1.1035892795804156,-1.0,-0.002689279580415649,0.0010528571428571251,2.5542682581967244,-1.0
1.10072,1.1035711071434409,-1.0,-0.002851107143440945,0.0010414285714285582,2.7376886151010797,-1.0
1.1005,1.103514141184073,-1.0,-0.0030141411840729493,0.001005000000000002,2.999145456788998,-1.0
1.10007,1.1034525261791845,-1.0,-0.003382526179184442,0.0009500000000000064,3.5605538728257042,-1.0
1.0997,1.1033757132353177,-1.0,-0.00367571323531779,0.0009585714285714435,3.834574165011048,-1.0
1.09885,1.1029503653132404,-1.0,-0.004100365313240317,0.0009778571428571573,4.193215075629189,-1.0
1.09955,1.1028872037987396,-1.0,-0.0033372037987395853,0.0009864285714285786,3.3831175367381503,-1.0
1.10045,1.1028536545415137,-1.0,-0.002403654541513811,0.000987142857142869,2.434961185325105,-1.0
1.10111,1.101829135915927,1.0,-0.0007191359159268718,0.0009785714285714317,0.734883417735487,1.0
1.10155,1.1020433052126846,1.0,-0.0004933052126845361,0.0009685714285714297,0.5093121664884585,1.0
1.10186,1.1021509221544488,1.0,-0.00029092215444870284,0.000989999999999999,0.29386076206939715,1.0
1.10174,1.1020961450080082,1.0,-0.00035614500800829063,0.0009514285714285713,0.3743265849936989,1.0
1.1024,1.1022953851331931,1.0,0.0001046148668069069,0.001005000000000002,0.10409439483274298,1.0
1.1019,1.102249665383777,1.0,-0.00034966538377689815,0.0009714285714285754,0.35994965977033483,1.0
1.10199,1.1022143911388302,1.0,-0.00022439113883021555,0.0009478571428571511,0.23673518791431727,1.0
1.10238,1.102322744084114,1.0,5.7255915886011977e-05,0.0009278571428571469,0.06170768455767237,1.0
1.10271,1.1024511465446172,1.0,0.0002588534553829014,0.0009421428571428438,0.2747496872904224,1.0
1.10349,1.1026874974928065,1.0,0.0008025025071936032,0.000978571428571416,0.8200755547963934,1.0
1.10312,1.1026617308284203,1.0,0.00045826917157976155,0.0009735714285713991,0.47070934718392193,1.0
1.10264,1.1026399117569046,1.0,8.824309549737563e-08,0.0009671428571428331,9.124101454677176e-05,1.0
1.10228,1.102572668489909,1.0,-0.0002926684899091647,0.0009742857142857053,0.30039287820589033,1.0
1.10174,1.1025191717597451,1.0,-0.0007791717597451786,0.0009328571428571321,0.8352530349488995,1.0
1.10094,1.1031256845425592,-1.0,-0.0021856845425591853,0.0009200000000000001,2.375744067999114,-1.0
1.10106,1.103070622887077,-1.0,-0.002010622887077096,0.0009042857142857067,2.2234376318388294,-1.0
1.10067,1.1027967822951026,-1.0,-0.0021267822951025472,0.0008978571428571248,2.368731275372813,-1.0
1.10061,1.1026460019268374,-1.0,-0.002036001926837283,0.0008892857142856877,2.2894800783713105,-1.0
1.1016,1.102599524995432,-1.0,-0.0009995249954319885,0.0008999999999999801,1.1105833282577895,-1.0
1.10215,1.102586944148746,-1.0,-0.00043694414874595466,0.0009121428571428217,0.4790303901678624,-1.0
1.10134,1.102516412735422,-1.0,-0.0011764127354219056,0.0009992857142856787,1.1772536308725707,-1.0
1.10055,1.1024575641318826,-1.0,-0.0019075641318826442,0.0010428571428571232,1.8291710853669536,-1.0
1.09968,1.102223857323642,-1.0,-0.0025438573236420403,0.0010814285714285507,2.352311924107612,-1.0
1.10006,1.1021634910986229,-1.0,-0.002103491098622845,0.0010578571428571262,1.9884453329318226,-1.0
1.10007,1.102099111245858,-1.0,-0.0020291112458579175,0.0010249999999999901,1.97962072766628,-1.0
1.10107,1.1020553712593846,-1.0,-0.000985371259384582,0.0010407142857142837,0.9468220749062577,-1.0
1.10167,1.1020093711966585,-1.0,-0.00033937119665861104,0.0010364285714285731,0.32744291889872823,-1.0
1.10252,1.1011554836150832,1.0,0.0013645163849167474,0.0010764285714285654,1.2676330052312257,1.0
1.10329,1.1015210671488584,1.0,0.001768932851141658,0.001092142857142859,1.61968998796489,1.0
1.10284,1.1015102861980077,1.0,0.001329713801992316,0.0011300000000000119,1.1767378778692938,1.0
1.10371,1.101730538057661,1.0,0.0019794619423390003,0.001150000000000016,1.7212712542078024,1.0
1.10359,1.1017562280879099,1.0,0.0018337719120902207,0.0011621428571428893,1.5779229729110251,1.0
1.1037,1.1019137880866743,1.0,0.0017862119133256193,0.0010757142857143226,1.660489162454038,1.0
1.10297,1.101910463734074,1.0,0.001059536265926031,0.001104285714285764,0.9594765668152501,1.0
1.10364,1.1019061145970974,1.0,0.0017338854029025352,0.0010942857142857618,1.5844905770649111,1.0
1.1036,1.1019013535817925,1.0,0.0016986464182073835,0.0010242857142857473,1.6583716774688007,1.0
1.10384,1.1019811090723621,1.0,0.0018588909276378018,0.0009764285714286082,1.9037653977270115,1.0
1.1035,1.1019821059334176,1.0,0.0015178940665823148,0.0009250000000000329,1.640966558467309,1.0
1.10368,1.102002360011742,1.0,0.001677639988258095,0.0009371428571428904,1.7901646216168061,1.0
1.10433,1.1022680113158885,1.0,0.0020619886841115598,0.0009342857142857287,2.2070215273364977,1.0
1.10402,1.1022855230891029,1.0,0.0017344769108971203,0.0009057142857142875,1.9150375987823058,1.0
1.10385,1.1022969014241637,1.0,0.001553098575836298,0.0008414285714285803,1.8457877811297065,1.0
1.10347,1.1023059458099356,1.0,0.0011640541900643786,0.0008249999999999964,1.4109747758356166,1.0
1.10324,1.1023056922236498,1.0,0.0009343077763501739,0.000781428571428552,1.1956406644335247,1.0
1.10267,1.102296173342877,1.0,0.00037382665712293317,0.0007814285714285678,0.47838877511161687,1.0
1.10287,1.1022990029729294,1.0,0.000570997027070641,0.0008171428571428496,0.6987725855759658,1.0
1.1035,1.1022968241578792,1.0,0.0012031758421207073,0.0008692857142856836,1.3840971067946177,1.0
1.10295,1.1023042768422222,1.0,0.0006457231577778888,0.0008414285714285327,0.767412920958477,1.0
1.10379,1.102307841711563,1.0,0.0014821582884370077,0.0008292857142856753,1.7872709765821777,1.0
1.10281,1.1023058437696074,1.0,0.0005041562303926828,0.0008885714285713973,0.5673783943326212,1.0
1.10352,1.102311032877005,1.0,0.0012089671229951193,0.0008949999999999791,1.3508012547431816,1.0
1.10308,1.1023055375302144,1.0,0.0007744624697856306,0.000935714285714262,0.8276698150380996,1.0
1.10368,1.102306354358197,1.0,0.0013736456418029785,0.000963571428571397,1.4255773895657768,1.0
1.10357,1.1023063111198095,1.0,0.001263688880190461,0.0009142857142856929,1.3821597127083491,1.0
1.10364,1.1023065361731583,1.0,0.00133346382684163,0.0009078571428571269,1.4688035858208612,1.0
1.10426,1.1023208771091129,1.0,0.0019391228908871572,0.0009278571428571311,2.0898938008021974,1.0
1.10512,1.1026507259341043,1.0,0.00246927406589581,0.0009828571428571267,2.5123427996033363,1.0
1.10458,1.1026701733020379,1.0,0.0019098266979620249,0.0010371428571428476,1.841430700514366,1.0
1.10461,1.102675784434923,1.0,0.001934215565077002,0.0009828571428571267,1.9679518830725635,1.0
1.10496,1.1026858122246082,1.0,0.0022741877753917894,0.0009735714285713991,2.3359228800796785,1.0
1.10436,1.1027014150927443,1.0,0.001658584907255678,0.0009814285714285459,1.6899700656171832,1.0
1.10349,1.1027028670581696,1.0,0.0007871329418305262,0.000997142857142855,0.7893883370793259,1.0
1.10408,1.1026938258021215,1.0,0.0013861741978784536,0.0010000000000000009,1.3861741978784523,1.0
1.10376,1.102700242001019,1.0,0.001059757998981059,0.00097214285714285,1.0901257888122657,1.0
1.10447,1.1027043740006914,1.0,0.0017656259993086287,0.0009685714285714139,1.8229176984012667,1.0
1.10469,1.102728218819395,1.0,0.001961781180604971,0.0009764285714285606,2.0091394680665617,1.0
1.10565,1.1029226872923124,1.0,0.002727312707687668,0.0010171428571428593,2.6813467631760726,1.0
1.10493,1.1029422263509847,1.0,0.0019877736490152564,0.0010621428571428529,1.8714748544864628,1.0
1.10541,1.1029489989370778,1.0,0.002461001062922241,0.0010900000000000037,2.2577991402956266,1.0
1.10579,1.1030226531620415,1.0,0.0027673468379585398,0.001107142857142862,2.4995390794464116,1.0
1.10572,1.103109177446332,1.0,0.0026108225536680685,0.0010007142857142912,2.6089590115169705,1.0
1.105,1.103129157581355,1.0,0.0018708424186448802,0.000998571428571436,1.8735188741794084,1.0
1.10403,1.1031358422071271,1.0,0.0008941577928729405,0.0010828571428571473,0.8257393865581211,1.0
1.10446,1.1031422255429633,1.0,0.0013177744570367356,0.0011092857142857332,1.1879486412436564,1.0
1.10452,1.1031547002244961,1.0,0.0013652997755038143,0.0010814285714285982,1.2624964898978155,1.0
1.10431,1.1031621217089929,1.0,0.0011478782910070429,0.0010385714285714442,1.1052473228403272,1.0
1.10488,1.1031805733481606,1.0,0.0016994266518395307,0.0010335714285714431,1.6442275829822457,1.0
1.10469,1.1031872473423778,1.0,0.0015027526576221195,0.000990714285714305,1.516837577989132,1.0
1.10444,1.10319194237332,1.0,0.0012480576266800103,0.0009900000000000147,1.260664269373729,1.0
1.10535,1.1032134937421718,1.0,0.0021365062578282412,0.0010128571428571487,2.1093855860081243,1.0
1.10633,1.103485774549428,1.0,0.0028442254505720577,0.0010028571428571467,2.8361222441601606,1.0
1.10712,1.1039443627778582,1.0,0.0031756372221418694,0.0009800000000000125,3.2404461450426822,1.0
1.10802,1.1043258557202242,1.0,0.0036941442797757684,0.001041428571428574,3.547189294709234,1.0
1.10891,1.1047723344081537,1.0,0.004137665591846362,0.00104785714285714,3.9486924530231238,1.0
1.10795,1.1047984545154534,1.0,0.0031515454845465474,0.0011500000000000002,2.740474334388302,1.0
1.10715,1.1048039129165712,1.0,0.0023460870834288716,0.0011699999999999885,2.0052026354093115,1.0
1.10733,1.1048320440580595,1.0,0.0024979559419404662,0.001088571428571423,2.2947101828849545,1.0
1.10818,1.1048432683867122,1.0,0.0033367316132877356,0.0010907142857142782,3.059216934252038,1.0
1.10853,1.10487941311156,1.0,0.0036505868884399995,0.001093571428571408,3.3382244570973842,1.0
1.10813,1.1049187677120678,1.0,0.0032112322879322974,0.0011271428571428346,2.8490020298512713,1.0
1.10879,1.1049731702769094,1.0,0.003816829723090498,0.0011285714285713994,3.3820010204600224,1.0
1.10821,1.1049874972520741,1.0,0.003222502747925793,0.001193571428571397,2.6998826134627345,1.0
1.10896,1.1050638898852285,1.0,0.0038961101147714228,0.0012242857142856778,3.182353652672202,1.0
1.10907,1.105196016814022,1.0,0.0038739831859779805,0.001160714285714261,3.337585514073408,1.0
1.10886,1.1052483493565188,1.0,0.0036116506434811235,0.0011078571428571207,3.26003281810037,1.0
1.1085,1.1052860712034356,1.0,0.003213928796564458,0.0011178571428571069,2.8750800736040807,1.0
1.10895,1.105336166090599,1.0,0.003613833909401176,0.001062142857142821,3.4023991077080153,1.0
1.10937,1.1055139269696403,1.0,0.003856073030359619,0.0010642857142856763,3.6231558674521205,1.0
1.10862,1.1055622853003824,1.0,0.0030577146996175752,0.0010264285714285393,2.9789843976790116,1.0
1.10795,1.1056129705568682,1.0,0.002337029443131744,0.0010007142857142595,2.3353613278975924,1.0
1.10711,1.1067202513947993,-1.0,0.00038974860520069043,0.001088571428571407,0.3580367764310875,-1.0
1.10666,1.1065292054682483,-1.0,0.00013079453175168787,0.0010892857142856974,0.12007366849335466,-1.0
1.10718,1.106543756969898,-1.0,0.0006362430301021238,0.0010942857142857143,0.5814231345580766,-1.0
1.10788,1.1065537928955902,-1.0,0.0013262071044097823,0.001104999999999991,1.2001874248052427,-1.0
1.10775,1.1065922721572066,-1.0,0.0011577278427934434,0.0010607142857142879,1.0914605925325371,-1.0
1.10737,1.106606507064476,-1.0,0.0007634929355240239,0.0010407142857142995,0.7336239600093475,-1.0
1.10638,1.1063597161537162,-1.0,2.0283846283719598e-05,0.001028571428571458,0.019720406109171265,-1.0
1.10574,1.1061187726735164,-1.0,-0.000378772673516492,0.0010914285714286004,0.34704302547321647,-1.0
1.10526,1.1058623133726155,-1.0,-0.000602313372615626,0.0010985714285714568,0.5482696499751981,-1.0
1.10435,1.1054598325781282,-1.0,-0.0011098325781282448,0.001117142857142896,0.9934562719817702,-1.0
1.10337,1.1050552293227485,-1.0,-0.001685229322748505,0.0011657142857143254,1.445662409220482,-1.0
1.10385,1.1050643595001066,-1.0,-0.001214359500106621,0.0011428571428571915,1.062564562593248,-1.0
1.10358,1.1050457796652375,-1.0,-0.0014657796652375321,0.0010950000000000365,1.3386115664269254,-1.0
1.10336,1.1048762261818612,-1.0,-0.0015162261818613132,0.0010557142857143345,1.4362088326155213,-1.0
1.10356,1.1049005626942199,-1.0,-0.0013405626942197824,0.000979285714285754,1.3689188708297735,-1.0
1.10405,1.104898370557351,-1.0,-0.0008483705573509859,0.0009757142857143178,0.8694866619995177,-1.0
1.10398,1.1048988241354747,-1.0,-0.0009188241354747273,0.0009885714285714498,0.9294463798154556,-1.0
1.10388,1.1049329476134462,-1.0,-0.001052947613446209,0.0009414285714286168,1.1184572525224747,-1.0
1.10298,1.1047629182286256,-1.0,-0.0017829182286255296,0.0010164285714286164,1.7541008573967891,-1.0
1.10296,1.1046638529087827,-1.0,-0.0017038529087827214,0.0009728571428571879,1.7513906551363432,-1.0
1.10327,1.104675612576435,-1.0,-0.0014056125764350114,0.0009800000000000444,1.4342985473825995,-1.0
1.1033,1.104681875819216,-1.0,-0.0013818758192161162,0.0009107142857143202,1.5173538407078349,-1.0
1.10375,1.104715349428035,-1.0,-0.0009653494280350561,0.000941428571428601,1.0254091041343218,-1.0
1.10424,1.1047392008266164,-1.0,-0.0004992008266162529,0.0009092857142857394,0.5490032657209228,-1.0
1.10431,1.1047842957188139,-1.0,-0.00047429571881396626,0.0008571428571428896,0.5533450052829396,-1.0
1.10444,1.1047831765485365,-1.0,-0.0003431765485364391,0.0008514285714285982,0.40305970465687885,-1.0
1.10353,1.104807611631252,-1.0,-0.0012776116312520625,0.0009364285714286158,1.364344991420902,-1.0
1.1038,1.104816424610512,-1.0,-0.0010164246105122121,0.0009414285714286168,1.0796619535030565,-1.0
1.10338,1.1048155086036893,-1.0,-0.0014355086036892395,0.0009785714285714636,1.4669430986604841,-1.0
1.10384,1.1048225489640653,-1.0,-0.000982548964065355,0.0009764285714286082,1.006268141690889,-1.0
1.10459,1.104822578800277,-1.0,-0.00023257880027705014,0.0010278571428571834,0.22627541375111698,-1.0
1.10557,1.1040390202404473,1.0,0.0015309797595526309,0.0011128571428571693,1.3757199379805085,1.0
1.10631,1.104452590955562,1.0,0.0018574090444378744,0.0010628571428571748,1.747562272992571,1.0
1.10592,1.104468086059287,1.0,0.0014519139407129789,0.0011185714285714449,1.298007354404943,1.0
1.10543,1.1044794585177322,1.0,0.0009505414822676972,0.0011064285714285876,0.8591078600224381,1.0
1.10478,1.1044857525609983,1.0,0.0002942474390017491,0.001145000000000031,0.2569846628836167,1.0
1.10533,1.1044913373353702,1.0,0.0008386626646297302,0.0011114285714286045,0.7545808036514057,1.0
1.10497,1.1044943528849274,1.0,0.00047564711507264157,0.001105714285714329,0.43017180949720424,1.0
1.105,1.1045019885176235,1.0,0.0004980114823764925,0.0010550000000000281,0.47204879846111775,1.0
1.1055,1.1045065651866808,1.0,0.0009934348133191495,0.0010600000000000292,0.9372026540746435,1.0
1.10619,1.1046206226967195,1.0,0.0015693773032805503,0.0010378571428571698,1.512132294970897,1.0
1.10568,1.1046342950010208,1.0,0.0010457049989791578,0.001057857142857158,0.9885124905947333,1.0
1.10622,1.1046640913945718,1.0,0.0015559086054282023,0.00106142857142861,1.4658627507398412,1.0
1.10719,1.1051145849936665,1.0,0.0020754150063333476,0.0010792857142857429,1.9229523553054995,1.0
1.10728,1.1052032213759446,1.0,0.00207677862405542,0.0010214285714286017,2.0332098417325186,1.0
1.10723,1.1052285341590178,1.0,0.002001465840982153,0.0009571428571428944,2.0910837144588843,1.0
1.10677,1.1052476989646356,1.0,0.0015223010353644373,0.0009828571428571742,1.5488527976091164,1.0
1.10634,1.1052698721969332,1.0,0.0010701278030669226,0.0009600000000000401,1.1147164615279976,1.0
1.10627,1.1052778792061968,1.0,0.000992120793803286,0.0009121428571428851,1.0876813714366156,1.0
1.10692,1.1052849470023554,1.0,0.0016350529976445483,0.0009435714285714404,1.7328343654067666,1.0
1.10608,1.105308161541748,1.0,0.0007718384582520166,0.0009685714285714456,0.7968833639769943,1.0
1.10665,1.1053238741468756,1.0,0.0013261258531243048,0.0009735714285714467,1.3621248674790845,1.0
1.10596,1.1053338775046953,1.0,0.0006261224953048039,0.0010300000000000229,0.6078859177716408,1.0
1.10577,1.1053445788513003,1.0,0.0004254211486995896,0.0010428571428571548,0.40793808779412233,1.0
1.10664,1.1053585490665903,1.0,0.0012814509334098112,0.0010192857142857145,1.257204840065687,1.0
1.10693,1.1053772502870736,1.0,0.0015527497129264045,0.0010078571428571476,1.5406446478362552,1.0
1.10678,1.1053862321669086,1.0,0.0013937678330915304,0.0009592857142857022,1.452922536357533,1.0
1.10704,1.1054056031336328,1.0,0.0016343968663672381,0.0009278571428571469,1.7614746827668386,1.0
1.10787,1.1057446847725423,1.0,0.002125315227457625,0.000970714285714285,2.189434377071874,1.0
1.10772,1.1057495100532053,1.0,0.001970489946794718,0.0009557142857142661,2.0617981506073706,1.0
1.10693,1.1057676277202977,1.0,0.001162372279702284,0.0009499999999999746,1.2235497681077,1.0
1.10632,1.1057826064867546,1.0,0.0005373935132453322,0.0009785714285714,0.5491612544113044,1.0
1.10665,1.1057920648386395,1.0,0.0008579351613604569,0.0010264285714285393,0.8358449727937908,1.0
1.10668,1.1058139673427314,1.0,0.0008660326572687005,0.0009528571428571204,0.9088798502070534,1.0
1.10685,1.1058228587071124,1.0,0.0010271412928875012,0.0009221428571428238,1.113863524432652,1.0
1.10592,1.1058341213126992,1.0,8.587868730081105e-05,0.0009357142857142461,0.0917787497871302,1.0
1.10497,1.106334131427828,-1.0,-0.001364131427828097,0.0009421428571428279,1.4479029559965086,-1.0
1.10448,1.1061145796088043,-1.0,-0.0016345796088044207,0.0009478571428571193,1.724499964074036,-1.0
1.10396,1.1058242996302527,-1.0,-0.001864299630252697,0.0009328571428571163,1.9984835240075423,-1.0
1.10394,1.10570437624992,-1.0,-0.0017643762499199855,0.000891428571428543,1.9792682290769699,-1.0
1.10449,1.1056950244556765,-1.0,-0.0012050244556764955,0.0009478571428571193,1.271314421964684,-1.0
1.10411,1.105692640429603,-1.0,-0.0015826404296030994,0.0009414285714285375,1.681105160428239,-1.0
1.10333,1.105506206449074,-1.0,-0.002176206449074014,0.0009442857142856832,2.304605921863631,-1.0
1.1041,1.1054946167235844,-1.0,-0.0013946167235843188,0.0009728571428571245,1.4335267349618819,-1.0
1.10479,1.1054937664721227,-1.0,-0.0007037664721227799,0.0009721428571428341,0.7239331821983213,-1.0
1.10428,1.1054855524207534,-1.0,-0.0012055524207534862,0.0009735714285713991,1.238278348536267,-1.0
1.1037,1.105484404858354,-1.0,-0.0017844048583541827,0.0009871428571428373,1.807646021487631,-1.0
1.10463,1.105480408748461,-1.0,-0.0008504087484610956,0.001065714285714273,0.7979706754996971,-1.0
1.10466,1.1054790005179664,-1.0,-0.0008190005179664617,0.0010421428571428487,0.7858812372536365,-1.0
1.10454,1.1054780956043664,-1.0,-0.0009380956043663069,0.0009864285714285628,0.9510020609071985,-1.0
1.10386,1.105466872682591,-1.0,-0.0016068726825908541,0.000994999999999984,1.6149474196893268,-1.0
1.10293,1.1052852465858527,-1.0,-0.0023552465858527327,0.0010128571428571328,2.325349238500605,-1.0
1.10222,1.1049578446778696,-1.0,-0.0027378446778696386,0.0010471428571428656,2.6145856405303296,-1.0
1.102,1.1047895738746583,-1.0,-0.002789573874658169,0.0010992857142857154,2.5376240575187996,-1.0
1.10157,1.1045497656900436,-1.0,-0.0029797656900436564,0.0010900000000000037,2.7337299908657307,-1.0
1.10109,1.1043226121350103,-1.0,-0.00323261213501036,0.001113571428571428,2.902923020535283,-1.0
1.10112,1.104167112874201,-1.0,-0.003047112874200897,0.0010128571428571487,3.0084330210728005,-1.0
1.10184,1.1041502146584585,-1.0,-0.002310214658458598,0.001030000000000007,2.24292685287241,-1.0
1.1016,1.1041070833887972,-1.0,-0.0025070833887972377,0.0009992857142857264,2.508875442684839,-1.0
1.10103,1.1040900659284931,-1.0,-0.003060065928493172,0.0010271428571428773,2.9792018775315414,-1.0
1.1016,1.1040592923138548,-1.0,-0.0024592923138548883,0.001013571428571439,2.4263631003501116,-1.0
1.10111,1.1040534010596716,-1.0,-0.002943401059671613,0.000950714285714281,3.0959890935689547,-1.0
1.10049,1.1037421712770408,-1.0,-0.003252171277040805,0.0009992857142857106,3.254495916981518,-1.0
1.10143,1.1037267889431863,-1.0,-0.002296788943186412,0.0010892857142857132,2.1085275544006423,-1.0
1.10228,1.1036809297208858,-1.0,-0.0014009297208859017,0.0011107142857142824,1.261287208514642,-1.0
1.10324,1.1028461319777867,1.0,0.0003938680222133062,0.0011142857142857026,0.3534713019863041,1.0
1.10235,1.1027937558878784,1.0,-0.0004437558878784831,0.0011235714285713985,0.39495120345193446,1.0
1.10291,1.10277700809478,1.0,0.00013299190521998128,0.00112928571428569,0.11776639298417318,1.0
1.10354,1.1028887971517172,1.0,0.0006512028482827947,0.0011399999999999663,0.571230568669135,1.0
1.10401,1.1031294364146162,1.0,0.0008805635853836868,0.0011221428571428335,0.7847161168282544,1.0
1.10478,1.1035201351633503,1.0,0.001259864836649749,0.0011928571428571225,1.0561741145566939,1.0
1.1047,1.1035469014237518,1.0,0.0011530985762482349,0.001149285714285694,1.0033175927579598,1.0
1.1046,1.103540842734556,1.0,0.0010591572654439219,0.0011449999999999833,0.9250281794270195,1.0
1.10559,1.1039653436718713,1.0,0.001624656328128804,0.0011499999999999844,1.412744633155501,1.0
1.10623,1.1042749240775755,1.0,0.0019550759224244985,0.0011599999999999863,1.6854102779521736,1.0
1.10632,1.1044261290148472,1.0,0.0018938709851528124,0.001132857142857126,1.6717650562509312,1.0
1.10536,1.1044279909323254,1.0,0.0009320090676745441,0.0011849999999999916,0.7865055423413929,1.0
1.10555,1.104431749318513,1.0,0.0011182506814870763,0.001116428571428558,1.0016320883441623,1.0
1.10581,1.1044399414419424,1.0,0.0013700585580576075,0.0010485714285714146,1.3065953550958285,1.0
1.10586,1.1044448047862683,1.0,0.0014151952137317902,0.0009764285714285606,1.4493586680501305,1.0
1.10487,1.1044488640292605,1.0,0.0004211359707395612,0.000989999999999999,0.42538986943390067,1.0
1.10452,1.1044496999333293,1.0,7.03000666706366e-05,0.0009942857142857095,0.07070409004230727,1.0
1.10401,1.1053225029492388,-1.0,-0.0013125029492389029,0.0009721428571428659,1.3501132468291313,-1.0
1.10443,1.105328159757872,-1.0,-0.0008981597578718858,0.0009592857142857181,0.9362797178113441,-1.0
1.10499,1.1053330250411186,-1.0,-0.00034302504111871635,0.0009471428571428607,0.3621682183757173,-1.0
1.10585,1.1053385509846518,-1.0,0.0005114490153481643,0.0010028571428571306,0.509991895646324,-1.0
1.10662,1.104639249150152,1.0,0.0019807508498479454,0.001009999999999987,1.9611394552950205,1.0
1.10744,1.1050559736415257,1.0,0.002384026358474234,0.0009699999999999946,2.4577591324476775,1.0
1.10756,1.10520081557633,1.0,0.002359184423670113,0.0009321428571428576,2.5309258184966716,1.0
1.1079,1.1053557110124403,1.0,0.002544288987559762,0.0009907142857142892,2.5681359643717765,1.0
1.10764,1.1053811034925305,1.0,0.0022588965074694656,0.000894999999999995,2.5239067122564003,1.0
1.10817,1.1056228187411674,1.0,0.002547181258832687,0.0009035714285714162,2.8190148319097315,1.0
1.10899,1.1060480070902425,1.0,0.002941992909757385,0.0009378571428571173,3.1369307491701837,1.0
1.10923,1.106223053479733,1.0,0.0030069465202668955,0.0009471428571428449,3.1747549987735355,1.0
1.10901,1.1062409948860301,1.0,0.0027690051139699356,0.0008821428571428472,3.1389531656339704,1.0
1.10982,1.106505814451324,1.0,0.0033141855486760186,0.0008992857142857215,3.6853532709661545,1.0
1.10889,1.1065338705321714,1.0,0.0023561294678284828,0.0009407142857142947,2.5046175056642705,1.0
1.10813,1.1065652142335765,1.0,0.0015647857664236042,0.0009735714285714307,1.6072634431350263,1.0
1.10884,1.1066085192927324,1.0,0.0022314807072676413,0.0009735714285714307,2.29205648582149,1.0
1.10878,1.1066296313992536,1.0,0.002150368600746466,0.0009171428571428704,2.344638661250007,1.0
1.1096,1.1066545525322549,1.0,0.002945447467745055,0.0009485714285714415,3.1051404027432383,1.0
1.10875,1.1066606309422249,1.0,0.0020893690577750146,0.0009600000000000085,2.1764261018489544,1.0
1.10934,1.1066618179402208,1.0,0.0026781820597792105,0.0009957142857142903,2.6897093857179897,1.0
1.10917,1.1066689684360984,1.0,0.002501031563901579,0.0009457142857142957,2.6445953092614602,1.0
1.10842,1.1066728242625672,1.0,0.0017471757374327712,0.00099214285714287,1.7610122623512223,1.0
1.10919,1.1067094445969976,1.0,0.0024805554030022936,0.0010278571428571517,2.4133270077853934,1.0
1.10894,1.1067268889569126,1.0,0.0022131110430874124,0.000980714285714319,2.2566317992150564,1.0
1.10805,1.1067410121920505,1.0,0.0013089878079495243,0.0010442857142857356,1.2534766970788622,1.0
1.10764,1.1075370912824916,-1.0,0.0001029087175083987,0.0010371428571428793,0.09922328134418396,-1.0
1.10781,1.1075557763483657,-1.0,0.00025422365163429994,0.0010064285714285828,0.25259979580412767,-1.0
1.10719,1.1073506888718985,-1.0,-0.00016068887189857328,0.0009828571428571425,0.1634915847805252,-1.0
1.10723,1.1073413213108199,-1.0,-0.00011132131081992291,0.0009450000000000054,0.11780032890997066,-1.0
1.10815,1.1073420659782702,-1.0,0.0008079340217297393,0.0010071428571428573,0.8022039932068332,-1.0
1.10826,1.1073450839488523,-1.0,0.000914916051147685,0.0009928571428571445,0.9214981810120554,-1.0
1.10913,1.1063673169605457,1.0,0.002762683039454261,0.000987142857142853,2.79866588656728,1.0
1.10828,1.106367312361738,1.0,0.0019126876382620228,0.0010028571428571467,1.9072383857313544,1.0
1.10913,1.10637090660608,1.0,0.002759093393919887,0.0010471428571428656,2.634877729527838,1.0
1.11012,1.1066781060688546,1.0,0.0034418939311453567,0.0011378571428571588,3.024891088263297,1.0
1.10982,1.1066969346201068,1.0,0.003123065379893264,0.001135000000000013,2.7515994536504214,1.0
1.11034,1.106904188486073,1.0,0.003435811513927023,0.0010985714285714568,3.127526735694219,1.0
1.11093,1.1071948139277217,1.0,0.003735186072278296,0.0011528571428571618,3.2399383526577004,1.0
1.11129,1.1073853846234527,1.0,0.0039046153765471825,0.0011250000000000268,3.470769223597413,1.0
1.11119,1.1074410617574335,1.0,0.003748938242566391,0.0011085714285714587,3.3817741878819616,1.0
1.11069,1.107454847276211,1.0,0.0032351527237890476,0.0011171428571428801,2.895916760424919,1.0
1.11014,1.107474838007743,1.0,0.0026651619922568592,0.001105714285714313,2.4103532229712603,1.0
1.10922,1.107479340506964,1.0,0.0017406594930360342,0.0011400000000000299,1.526894292136832,1.0
1.1087,1.1083130312753244,-1.0,0.00038696872467558485,0.0010792857142857429,0.35854150532482093,-1.0
1.108,1.1079721709818973,-1.0,2.7829018102831782e-05,0.0011214285714286065,0.024815684932460686,-1.0
1.10701,1.10751633742654,-1.0,-0.0005063374265399379,0.001132142857142899,0.4472381054611273,-1.0
1.10674,1.1073228814251697,-1.0,-0.0005828814251696013,0.0010785714285714684,0.5404198643956368,-1.0
1.10587,1.1069667739246578,-1.0,-0.0010967739246579011,0.0010721428571429023,1.0229736805602911,-1.0
1.10517,1.1066337019164716,-1.0,-0.0014637019164716047,0.001040000000000041,1.4074056889149493,-1.0
1.10563,1.1066266111910306,-1.0,-0.0009966111910306719,0.0010328571428571845,0.9649071005829075,-1.0
1.10569,1.106618616018066,-1.0,-0.0009286160180659309,0.0010292857142857484,0.9021946046441778,-1.0
1.10507,1.1065031637145148,-1.0,-0.0014331637145148513,0.001027142857142893,1.3952915162174697,-1.0
1.10556,1.1065017543510225,-1.0,-0.0009417543510223947,0.0010164285714286006,0.9265327416945289,-1.0
1.10541,1.1065058504853635,-1.0,-0.0010958504853635365,0.0010264285714286028,1.0676344325044567,-1.0
1.10466,1.1062775964558604,-1.0,-0.0016175964558604594,0.0010557142857143345,1.532229389854221,-1.0
1.10518,1.1062854502549093,-1.0,-0.0011054502549092682,0.0010442857142857673,1.0585706955354972,-1.0
1.10443,1.1061493757102352,-1.0,-0.0017193757102351714,0.0010357142857143303,1.6600868926407837,-1.0
1.10456,1.1061532750280876,-1.0,-0.001593275028087593,0.0010100000000000506,1.577500027809419,-1.0
1.10504,1.1061618593490588,-1.0,-0.0011218593490587292,0.0009928571428571922,1.1299302796274409,-1.0
1.10442,1.1060830901085765,-1.0,-0.0016630901085765704,0.0009607142857143305,1.7310975107859403,-1.0
1.10392,1.1058305783375222,-1.0,-0.001910578337522173,0.0009742857142857529,1.9610041587470206,-1.0
1.10409,1.1058306664122712,-1.0,-0.001740666412271219,0.0009071428571429,1.9188448639209383,-1.0
1.10413,1.1058406751114531,-1.0,-0.0017106751114530638,0.0008535714285714693,2.004138205886339,-1.0
1.10468,1.105843363330291,-1.0,-0.0011633633302909896,0.0008500000000000332,1.3686627415187578,-1.0
1.10449,1.1058405822907234,-1.0,-0.0013505822907233789,0.0008342857142857556,1.6188486361409562,-1.0
1.10376,1.1056597885513917,-1.0,-0.0018997885513916124,0.0008135714285714611,2.335122012245962,-1.0
1.10388,1.1056594406240094,-1.0,-0.0017794406240094762,0.0007985714285714739,2.228279851174531,-1.0
1.10347,1.1054679873772641,-1.0,-0.0019979873772641987,0.0008050000000000398,2.4819718972224845,-1.0
1.10274,1.1052128401980714,-1.0,-0.002472840198071369,0.0008207142857143175,3.0130341838988532,-1.0
1.10287,1.1051981095251546,-1.0,-0.002328109525154609,0.0008085714285714442,2.879287398601051,-1.0
1.10376,1.1052189392591154,-1.0,-0.0014589392591153327,0.0008221428571428824,1.7745568746841036,-1.0
1.10385,1.105234193787723,-1.0,-0.0013841937877230315,0.0008450000000000164,1.6380991570686445,-1.0
1.10423,1.1052398631902347,-1.0,-0.001009863190234661,0.0008764285714285876,1.152248138817033,-1.0
1.10463,1.104354722054243,1.0,0.00027527794575710196,0.0008957142857143012,0.3073278501275407,1.0
1.10552,1.1047530166053128,1.0,0.0007669833946872817,0.0009407142857143105,0.8153202373289036,1.0
1.1063,1.1051775512690614,1.0,0.0011224487309386966,0.0009657142857142999,1.1622989817412368,1.0
1.10623,1.105249799161188,1.0,0.0009802008388120065,0.0009514285714285872,1.0302411218744643,1.0
1.1057,1.10527203946821,1.0,0.0004279605317898394,0.0009835714285714487,0.43510874691776535,1.0
1.1052,1.1052700896964236,1.0,-7.008969642363638e-05,0.001010000000000019,0.06939573903330205,1.0
1.10442,1.105299353417762,1.0,-0.0008793534177620188,0.0010378571428571698,0.8472778973618681,1.0
1.10518,1.1053099693350399,1.0,-0.00012996933503983676,0.0010585714285714484,0.12277804929539006,1.0
1.10481,1.105341805625001,1.0,-0.0005318056250009917,0.0010550000000000281,0.5040811611383673,1.0
1.10551,1.1053589409734939,1.0,0.00015105902650613956,0.001050000000000027,0.143865739529653,1.0
1.10582,1.105398566479764,1.0,0.0004214335202359365,0.0010757142857143226,0.39177086874521305,1.0
1.10567,1.105411596063675,1.0,0.00025840393632492464,0.001025000000000022,0.252101401292604,1.0
1.10608,1.1054242035569635,1.0,0.0006557964430364827,0.0010285714285714423,0.6375798751743497,1.0
1.10549,1.1054242403102765,1.0,6.575968972355462e-05,0.0010357142857142826,0.06349211421584602,1.0
1.10605,1.105424826775562,1.0,0.0006251732244380026,0.001042857142857139,0.5994811741186349,1.0
1.10686,1.1056821620580077,1.0,0.0011778379419922214,0.0010021428571428403,1.1753194004199128,1.0
1.1077,1.1060713774906987,1.0,0.0016286225093011808,0.0010249999999999901,1.5889000090743381,1.0
1.10694,1.1060800500368493,1.0,0.0008599499631507523,0.0010835714285714218,0.7936255427890975,1.0
1.10603,1.1060808890964902,1.0,-5.08890964900921e-05,0.0010928571428571493,0.046565186330802956,1.0
1.10571,1.106075778775224,1.0,-0.0003657787752240349,0.0010621428571428687,0.34437813403741985,1.0
1.10504,1.1069041720886488,-1.0,-0.0018641720886487523,0.001062857142857159,1.7539253522232618,-1.0
1.10545,1.1069043254575426,-1.0,-0.001454325457542538,0.0010442857142857356,1.3926509169353705,-1.0
1.10523,1.1069063853844223,-1.0,-0.0016763853844223853,0.0010650000000000143,1.5740707834951764,-1.0
1.10611,1.106905184980632,-1.0,-0.0007951849806320244,0.0010335714285714431,0.7693565811228876,-1.0
1.10647,1.1069116117810553,-1.0,-0.0004416117810552844,0.001037857142857154,0.42550343666716556,-1.0
1.10625,1.1069306778623893,-1.0,-0.000680677862389345,0.0010214285714285859,0.6663979072343144,-1.0
1.1065,1.1069332613108611,-1.0,-0.0004332613108610772,0.001035000000000024,0.418609962184606,-1.0
1.10575,1.1069443640379495,-1.0,-0.0011943640379494802,0.0010214285714286017,1.1693074497407152,-1.0
1.1055,1.1069493769853285,-1.0,-0.0014493769853285432,0.0009785714285714636,1.4811151674889693,-1.0
1.10472,1.106702286466967,-1.0,-0.001982286466966965,0.001010714285714325,1.9612728295078747,-1.0
1.10533,1.1066925560661276,-1.0,-0.0013625560661276737,0.0010000000000000484,1.3625560661276077,-1.0
1.10597,1.106685780156975,-1.0,-0.0007157801569750433,0.001005714285714324,0.7117132242649308,-1.0
1.10602,1.1066746509027312,-1.0,-0.000654650902731202,0.0009600000000000243,0.6819280236783181,-1.0
1.10612,1.1066729465769147,-1.0,-0.0005529465769147368,0.0009592857142857339,0.5764148977517615,-1.0
1.10536,1.1066583690667358,-1.0,-0.0012983690667358605,0.0009714285714285913,1.3365563922280643,-1.0
1.10596,1.106641272445862,-1.0,-0.0006812724458620245,0.001002142857142872,0.6798156979378619,-1.0
1.1052,1.106608141699837,-1.0,-0.001408141699837051,0.0010042857142857273,1.4021325602929202,-1.0
1.10588,1.10659685482523,-1.0,-0.0007168548252300955,0.001013571428571439,0.7072563462453301,-1.0
1.10639,1.1065873779852304,-1.0,-0.00019737798523045136,0.0010078571428571476,0.19583924827968152,-1.0
1.10585,1.1065800789402285,-1.0,-0.0007300789402284735,0.0010500000000000112,0.6953132764080626,-1.0
1.10598,1.106563926804332,-1.0,-0.0005839268043319468,0.0010471428571428814,0.5576381487480945,-1.0
1.10633,1.1065473256627385,-1.0,-0.00021732566273846565,0.0010228571428571667,0.212469223347657,-1.0
1.10584,1.1065225647983696,-1.0,-0.0006825647983697003,0.0010378571428571698,0.6576673900327292,-1.0
1.10578,1.106509065598968,-1.0,-0.000729065598968015,0.0009800000000000125,0.743944488742863,-1.0
1.1065,1.106491942066655,-1.0,8.057933345018142e-06,0.0009928571428571445,0.008115904088507467,-1.0
1.10688,1.1055427283638823,1.0,0.0013372716361177428,0.0010007142857142912,1.336317123886388,1.0
1.10651,1.105538392155784,1.0,0.0009716078442161269,0.0009957142857142903,0.9757898005039967,1.0
1.10719,1.105692030386927,1.0,0.0014979696130728026,0.0010521428571428507,1.4237321509178116,1.0
1.10738,1.105854382710402,1.0,0.0015256172895981024,0.0009899999999999829,1.5410275652506351,1.0
1.10763,1.10601062393627,1.0,0.0016193760637299714,0.0009428571428571183,1.7175200675924387,1.0
1.10701,1.1060006465162435,1.0,0.0010093534837565254,0.0009414285714285534,1.0721508932163601,1.0
1.10616,1.1059916611765757,1.0,0.00016833882342437434,0.0009314285714285513,0.18073186563966961,1.0
1.1068,1.10598696776143,1.0,0.0008130322385699884,0.000924285714285695,0.8796330247279811,1.0
1.10771,1.1059831076052178,1.0,0.0017268923947821868,0.0009557142857142661,1.8069128196525495,1.0
1.10675,1.1059819099459993,1.0,0.0007680900540005808,0.0009807142857142554,0.7831945197384169,1.0
1.10606,1.1059766065290737,1.0,8.339347092634064e-05,0.0010371428571428318,0.08040692789041305,1.0
1.10578,1.1070683327863935,-1.0,-0.001288332786393509,0.001050714285714254,1.2261494907892365,-1.0
1.10526,1.106802704859697,-1.0,-0.0015427048596969861,0.0010971428571428282,1.4061112002446858,-1.0
1.10543,1.106773703510215,-1.0,-0.0013437035102150663,0.0010328571428571212,1.3009577553949738,-1.0
1.10564,1.1067650222227543,-1.0,-0.001125022222754346,0.00099857142857142,1.1266316966066507,-1.0
1.10634,1.1067529206433737,-1.0,-0.00041292064337361545,0.001020000000000005,0.4048241601702092,-1.0
1.10563,1.1067179210026743,-1.0,-0.001087921002674408,0.0010242857142857315,1.0621265019136301,-1.0
1.1054,1.1066748098184662,-1.0,-0.0012748098184662826,0.0010450000000000101,1.2199137018815984,-1.0
1.10505,1.106434248422663,-1.0,-0.001384248422662937,0.0010592857142857229,1.306775314718878,-1.0
1.10451,1.1061273751622647,-1.0,-0.0016173751622645671,0.0010521428571428507,1.537220113489754,-1.0
1.10466,1.1061134226646399,-1.0,-0.0014534226646398807,0.001003571428571437,1.4482503419899044,-1.0
1.10553,1.1061043108551951,-1.0,-0.0005743108551952147,0.0010457142857143006,0.5492043697221921,-1.0
1.10502,1.1060852085477417,-1.0,-0.001065208547741836,0.0010150000000000198,1.0494665494993254,-1.0
1.10432,1.1060322340621753,-1.0,-0.0017122340621753551,0.0010207142857143112,1.6774861350912789,-1.0
1.10414,1.1059064607421474,-1.0,-0.0017664607421474798,0.0009750000000000274,1.8117546073306976,-1.0
1.10358,1.1056282366804466,-1.0,-0.0020482366804466245,0.0009835714285714645,2.0824483316086924,-1.0
1.10441,1.1055965081889572,-1.0,-0.0011865081889572693,0.0010021428571429039,1.183971108011475,-1.0
1.10382,1.1055836939169852,-1.0,-0.001763693916985165,0.0010178571428571814,1.7327519184415001,-1.0
1.10318,1.1053933584497029,-1.0,-0.002213358449702829,0.0010450000000000262,2.1180463633519366,-1.0
1.10264,1.105074379617716,-1.0,-0.002434379617715976,0.0010307142857143134,2.3618374669454436,-1.0
1.1031,1.1050597828738717,-1.0,-0.0019597828738717737,0.0009950000000000156,1.969631029016827,-1.0
1.10292,1.1050488803463328,-1.0,-0.002128880346332851,0.0009685714285714615,2.197959059635612,-1.0
1.10376,1.1050371914298096,-1.0,-0.0012771914298095322,0.0010207142857143112,1.251272219547446,-1.0
1.10343,1.1050230071148515,-1.0,-0.0015930071148515523,0.0010378571428571698,1.5349001794852826,-1.0
1.10422,1.1050118208974,-1.0,-0.0007918208974000418,0.001085714285714309,0.7293087212894965,-1.0
1.10379,1.1050078100119305,-1.0,-0.0012178100119304425,0.0010557142857143026,1.1535412832899812,-1.0
1.10374,1.105001556328325,-1.0,-0.0012615563283251419,0.0010342857142857178,1.219736781529829,-1.0
1.10361,1.1049995403986055,-1.0,-0.0013895403986055044,0.0009635714285714288,1.4420730600798413,-1.0
1.10311,1.1049997614303166,-1.0,-0.0018897614303166055,0.000944285714285715,2.001260213648446,-1.0
1.10218,1.1046742892366366,-1.0,-0.0024942892366366376,0.0009685714285714297,2.575224875583546,-1.0
1.10222,1.1046481478894785,-1.0,-0.002428147889478538,0.0009350000000000033,2.5969496144155393,-1.0
1.10138,1.1042490034763683,-1.0,-0.0028690034763683148,0.0009678571428571552,2.9642840346240513,-1.0
1.10176,1.1042239019868116,-1.0,-0.0024639019868115675,0.0009521428571428617,2.587744022157673,-1.0
1.10092,1.1039962831994883,-1.0,-0.0030762831994883832,0.0009778571428571414,3.14594337420288,-1.0
1.10102,1.1039428872157833,-1.0,-0.0029228872157831542,0.0009514285714285713,3.072103680252565,-1.0
1.10146,1.1039224395090477,-1.0,-0.002462439509047565,0.001017857142857134,2.4192388159064007,-1.0
1.10192,1.1039228873292162,-1.0,-0.002002887329216163,0.000987142857142853,2.0289741395822287,-1.0
1.10145,1.1039213537889854,-1.0,-0.002471353788985331,0.001005000000000002,2.459058496502812,-1.0
1.10048,1.1037802442990354,-1.0,-0.0033002442990355263,0.001029285714285701,3.206344218355168,-1.0
1.10125,1.1037638716924865,-1.0,-0.0025138716924864024,0.0010307142857142657,2.43896075501111,-1.0
1.10161,1.1037545473426633,-1.0,-0.002144547342663339,0.0010628571428571432,2.0177192740112053,-1.0
1.10195,1.1037433170600104,-1.0,-0.001793317060010402,0.0010742857142857101,1.6693110930947956,-1.0
1.1028,1.1027208878220016,1.0,7.91121779983861e-05,0.001119999999999994,0.0706358732128451,1.0
1.10307,1.102916522062109,1.0,0.00015347793789088904,0.0010549999999999965,0.1454767183799901,1.0
1.10378,1.1032774935398666,1.0,0.0005025064601333895,0.0010549999999999965,0.476309440884731,1.0
1.10347,1.1032663937217844,1.0,0.00020360627821558452,0.0010457142857142848,0.19470545730998537,1.0
1.10414,1.1033888728981402,1.0,0.0007511271018596499,0.0010714285714285804,0.7010519617356674,1.0
1.10314,1.1033672354525828,1.0,-0.00022723545258274136,0.0011207142857142843,0.20275948605215952,1.0
1.10285,1.103352279774488,1.0,-0.0005022797744878016,0.0011249999999999951,0.44647091065582556,1.0
1.10223,1.10334993528571,1.0,-0.001119935285709861,0.0011092857142857174,1.0096003863450103,1.0
1.1028,1.103330564819275,1.0,-0.0005305648192750478,0.0010992857142857154,0.4826450597693738,1.0
1.102,1.1044003969883833,-1.0,-0.0024003969883832355,0.0010914285714285685,2.1993166123930226,-1.0
1.10183,1.1042777803063903,-1.0,-0.002447780306390257,0.0010564285714285773,2.3170334205181478,-1.0
1.10159,1.1041179833559847,-1.0,-0.0025279833559845866,0.0010421428571428804,2.425755105125663,-1.0
1.10077,1.103791578592339,-1.0,-0.0030215785923388694,0.0010885714285714387,2.775728365665602,-1.0
1.10146,1.1037832351811017,-1.0,-0.0023232351811015572,0.0011307142857142865,2.054661562566126,-1.0
1.10108,1.103771606880263,-1.0,-0.002691606880262931,0.0010949999999999888,2.4580884751259897,-1.0
1.10131,1.1037394724568426,-1.0,-0.002429472456842552,0.0011157142857142674,2.1775041226502103,-1.0
1.10102,1.1037073161124749,-1.0,-0.002687316112474747,0.0010892857142856974,2.467044299976855,-1.0
1.10166,1.1036843072249116,-1.0,-0.002024307224911537,0.0011071428571428304,1.8284065257265936,-1.0
1.10081,1.103623146817967,-1.0,-0.0028131468179668495,0.0010957142857142635,2.5674090907129528,-1.0
1.10036,1.1033591313936315,-1.0,-0.0029991313936315045,0.0010271428571428456,2.919877573772012,-1.0
1.10119,1.1033401389688908,-1.0,-0.0021501389688909356,0.0010978571428571346,1.9584870243639119,-1.0
1.10065,1.1033199746553042,-1.0,-0.0026699746553042747,0.0010878571428571324,2.4543430843243734,-1.0
1.10106,1.1032998505284715,-1.0,-0.002239850528471532,0.0010814285714285665,2.071195997265627,-1.0
1.1002,1.1032460790619962,-1.0,-0.0030460790619961653,0.0010949999999999888,2.781807362553604,-1.0
1.10028,1.1032073542649705,-1.0,-0.002927354264970594,0.0010757142857142593,2.7213120657097827,-1.0
1.10014,1.1030962483654587,-1.0,-0.0029562483654588245,0.0010757142857142593,2.7481724512898116,-1.0
1.09921,1.102619997866292,-1.0,-0.003409997866292036,0.0010357142857142668,3.292411732971681,-1.0
1.0986,1.1022975863787678,-1.0,-0.0036975863787678254,0.0010385714285714284,3.560261987809461,-1.0
1.09771,1.1018786524008863,-1.0,-0.0041686524008863746,0.0010821428571428729,3.8522200404229965,-1.0
1.09862,1.1018409516993883,-1.0,-0.003220951699388408,0.0011000000000000057,2.928137908534901,-1.0
1.09952,1.101802172228497,-1.0,-0.002282172228496915,0.001129999999999996,2.019621441147719,-1.0
1.10023,1.1007718377883198,1.0,-0.0005418377883197323,0.001118571428571429,0.4844015987532726,1.0
1.10069,1.100989319158867,1.0,-0.00029931915886716176,0.0011128571428571377,0.26896458434790016,1.0
1.10012,1.1009692949657603,1.0,-0.000849294965760361,0.0010999999999999899,0.7720863325094262,1.0
1.09993,1.1009230486383177,1.0,-0.0009930486383176174,0.0010342857142857178,0.9601298989258699,1.0
1.10043,1.100910860428317,1.0,-0.00048086042831707587,0.0010307142857142976,0.4665312540844757,1.0
1.10009,1.1008964649321518,1.0,-0.0008064649321517514,0.0010392857142857187,0.7759800034449809,1.0
1.10078,1.101016710376963,1.0,-0.00023671037696293418,0.0010271428571428614,0.23045516533248014,1.0
1.10075,1.1010379698177544,1.0,-0.0002879698177544743,0.001017142857142875,0.283116393859731,1.0
1.10081,1.1011049974875053,1.0,-0.00029499748750527743,0.0009864285714285786,0.29905610608789673,1.0
1.10155,1.101415847628219,1.0,0.00013415237178104888,0.0009857142857142881,0.13609660905323767,1.0
1.10082,1.101372836703978,1.0,-0.000552836703977988,0.0009814285714285775,0.5632979516515126,1.0
1.1012,1.1013396286857164,1.0,-0.00013962868571648634,0.0009407142857142789,0.14842836750423866,1.0
1.10165,1.101329074259275,1.0,0.0003209257407250643,0.0009407142857142789,0.3411511290927056,1.0
1.10247,1.1016936800721189,1.0,0.0007763199278811861,0.0009449999999999895,0.8215025691864495,1.0
1.10152,1.1016817619381476,1.0,-0.00016176193814754214,0.0009378571428571332,0.17248036055335975,1.0
1.10099,1.1016657434433124,1.0,-0.0006757434433124487,0.0009278571428571311,0.7282839265877138,1.0
1.10019,1.1025623092869763,-1.0,-0.002372309286976293,0.0009814285714285617,2.4172001468463193,-1.0
1.10068,1.1025129216587053,-1.0,-0.0018329216587051889,0.0010349999999999923,1.7709388006813551,-1.0
1.10008,1.1024816074120913,-1.0,-0.002401607412091389,0.0010628571428571273,2.2595768662150495,-1.0
1.09927,1.1020862960620836,-1.0,-0.0028162960620836675,0.0011021428571428452,2.5552913071401018,-1.0
1.09936,1.1019726793744344,-1.0,-0.0026126793744345456,0.0010528571428571251,2.481513652787263,-1.0
1.10015,1.1019504438134904,-1.0,-0.0018004438134904266,0.0010949999999999888,1.6442409255620503,-1.0
1.10074,1.1019138898120298,-1.0,-0.0011738898120297048,0.001146428571428564,1.0239537301193753,-1.0
1.10003,1.101897685276779,-1.0,-0.001867685276778941,0.0011349999999999813,1.6455376887920456,-1.0
1.10016,1.101861779622725,-1.0,-0.001701779622724997,0.0010778571428571146,1.5788545207521925,-1.0
1.0998,1.1018239693718104,-1.0,-0.0020239693718102636,0.001093571428571408,1.8507884523412295,-1.0
1.10002,1.10179293274178,-1.0,-0.00177293274177992,0.0010678571428571284,1.660271463874195,-1.0
1.09951,1.1017824201737176,-1.0,-0.0022724201737176486,0.0010792857142857112,2.105485270155339,-1.0
1.09954,1.1016978390928913,-1.0,-0.002157839092891356,0.0010414285714285582,2.071999128976637,-1.0
1.09903,1.1014462646253609,-1.0,-0.002416264625360931,0.0010649999999999826,2.26879307545631,-1.0
1.09858,1.1011753990294104,-1.0,-0.002595399029410528,0.0010142857142856818,2.5588441135034192,-1.0
1.09766,1.100717598655784,-1.0,-0.003057598655783922,0.0010114285714285204,3.0230495184305837,-1.0
1.0977,1.1006298731337574,-1.0,-0.002929873133757477,0.0009535714285713632,3.0725261327795867,-1.0
1.09696,1.1002319357154875,-1.0,-0.0032719357154875617,0.0009407142857142313,3.478139712743243,-1.0
1.09643,1.0999146108556284,-1.0,-0.003484610855628345,0.000979999999999965,3.5557253628861933,-1.0
1.09591,1.099587518404296,-1.0,-0.0036775184042960873,0.0009535714285713791,3.856573607501715,-1.0
1.09621,1.0995393348889702,-1.0,-0.003329334888970248,0.0009064285714285303,3.673025094214782,-1.0
1.09642,1.099508368287012,-1.0,-0.0030883682870119777,0.0009157142857142578,3.3726330747401723,-1.0
1.09643,1.0994390158335148,-1.0,-0.003009015833514761,0.0009299999999999546,3.235500896252589,-1.0
1.09595,1.0993441462780682,-1.0,-0.003394146278068222,0.0009114285714285154,3.723984944589187,-1.0
1.09652,1.0992989494536536,-1.0,-0.002778949453653645,0.0009228571428570824,3.011245538014983,-1.0
1.0958,1.0991552508344462,-1.0,-0.0033552508344460996,0.0008942857142856571,3.7518779298920446,-1.0
1.09641,1.0991137741207566,-1.0,-0.002703774120756508,0.0009671428571428173,2.7956305532195476,-1.0
1.09678,1.0990792807122391,-1.0,-0.00229928071223906,0.0009592857142856705,2.3968674587750045,-1.0
1.09611,1.0990363664300595,-1.0,-0.0029263664300596126,0.0009699999999999788,3.0168726083089448,-1.0
1.09529,1.0988828479474195,-1.0,-0.003592847947419431,0.0009664285714285585,3.717654934506482,-1.0
1.09611,1.0988493228233827,-1.0,-0.0027393228233827394,0.0010249999999999901,2.672510071592942,-1.0
1.09704,1.098813513722229,-1.0,-0.0017735137222290032,0.0010371428571428476,1.7099994566946468,-1.0
1.09742,1.097672261507208,1.0,-0.0002522615072080292,0.0010571428571428518,0.23862575006165046,1.0
1.09758,1.0977938172757296,1.0,-0.00021381727572955533,0.001046428571428575,0.2043305024036699,1.0
1.09678,1.0977445648925204,1.0,-0.000964564892520281,0.0010785714285714368,0.8942985758466113,1.0
1.09774,1.097716930453637,1.0,2.3069546362997073e-05,0.0011114285714285727,0.020756661252053898,1.0
1.09863,1.0980848339050024,1.0,0.0005451660949975512,0.0011800000000000224,0.46200516525215324,1.0
1.09797,1.0980622429918334,1.0,-9.224299183352436e-05,0.001187857142857185,0.07765495403904361,1.0
1.09862,1.098106265995983,1.0,0.0005137340040168858,0.0011921428571428955,0.43093325681462974,1.0
1.09879,1.0982067084503235,1.0,0.0005832915496764013,0.0012007142857143169,0.4857871323896137,1.0
1.09836,1.0981793721835746,1.0,0.00018062781642536052,0.001165000000000019,0.1550453359874314,1.0
1.09744,1.0981474027567568,1.0,-0.0007074027567568475,0.0011800000000000224,0.599493861658334,1.0
1.09833,1.0981245928333745,1.0,0.00020540716662553749,0.0012271428571428553,0.1673865152943847,1.0
1.09827,1.0980992049033165,1.0,0.00017079509668360693,0.0011828571428571363,0.14439198994991004,1.0
1.09894,1.098114552017483,1.0,0.0008254479825169359,0.0011814285714285713,0.6986863213565359,1.0
1.09923,1.098306446997376,1.0,0.0009235530026239225,0.0011285714285714313,0.8183381035908155,1.0
1.09964,1.098526001828177,1.0,0.0011139981718228942,0.0010999999999999899,1.0127256107480949,1.0
1.09888,1.0985212043011687,1.0,0.000358795698831349,0.0011421428571428535,0.31414257558717334,1.0
1.09883,1.0985153272437,1.0,0.0003146727562999274,0.0011157142857142835,0.2820370414980149,1.0
1.09884,1.098508106914096,1.0,0.00033189308590397815,0.0010278571428571517,0.32289806828739775,1.0
1.09826,1.0984903401571453,1.0,-0.00023034015714529232,0.0009721428571428659,0.2369406465858974,1.0
1.09855,1.0984709564857755,1.0,7.904351422438616e-05,0.0009714285714285754,0.08136832346627954,1.0
1.09868,1.098445360167069,1.0,0.00023463983293114943,0.0009650000000000095,0.24315008593901258,1.0
1.09799,1.0984152209810887,1.0,-0.0004252209810886587,0.0009914285714285795,0.42889724317299516,1.0
1.09896,1.0983933947573805,1.0,0.0005666052426194224,0.0010014285714285817,0.5657969612462077,1.0
1.09832,1.0983801529982316,1.0,-6.0152998231588484e-05,0.0009592857142857339,0.06270602942980057,1.0
1.09891,1.0983389409890312,1.0,0.0005710590109688773,0.0009035714285714638,0.6320020674754128,1.0
1.09811,1.0983002364004142,1.0,-0.0001902364004142676,0.0009557142857143137,0.19905154004481826,1.0
1.09784,1.0982559966859358,1.0,-0.0004159966859358377,0.0008828571428571694,0.4711936572088635,1.0
1.09737,1.0991192683165862,-1.0,-0.0017492683165862832,0.0008950000000000267,1.9544897392024927,-1.0
1.09814,1.0991163557661268,-1.0,-0.0009763557661268685,0.0009178571428571766,1.0637339086206736,-1.0
1.09759,1.0990655252636525,-1.0,-0.0014755252636524663,0.0008942857142857363,1.6499483778861037,-1.0
1.09668,1.0988069161100773,-1.0,-0.002126916110077204,0.000957857142857169,2.2204940746517554,-1.0
1.09596,1.0984084548312836,-1.0,-0.002448454831283531,0.0009978571428571614,2.453712787256177,-1.0
1.09696,1.0983801459080866,-1.0,-0.0014201459080867007,0.0010271428571428773,1.3826177130190138,-1.0
1.09644,1.0983626173097942,-1.0,-0.0019226173097941501,0.001007142857142873,1.9089817260367146,-1.0
1.09728,1.0983601922170696,-1.0,-0.0010801922170695644,0.0010457142857143006,1.0329706993834484,-1.0
1.09726,1.0983406454619122,-1.0,-0.001080645461912333,0.000987142857142869,1.094720438984984,-1.0
1.09758,1.0983210194149748,-1.0,-0.0007410194149748417,0.0009721428571428659,0.762253623045385,-1.0
1.09684,1.0982925271394537,-1.0,-0.001452527139453652,0.0010085714285714223,1.4401827161721852,-1.0
1.09783,1.0982704034943418,-1.0,-0.00044040349434171233,0.0010564285714285613,0.41687957544178716,-1.0
1.09761,1.0982651057735713,-1.0,-0.0006551057735713073,0.0010307142857142817,0.6355842571031419,-1.0
1.09837,1.0973389076668199,1.0,0.0010310923331802169,0.0011014285714285549,0.9361408991260216,1.0
1.09851,1.0974411967692845,1.0,0.0010688032307155648,0.0010942857142856826,0.9767131351186906,1.0
1.09922,1.0978065283829808,1.0,0.001413471617019324,0.0010742857142856626,1.3157315583957105,1.0
1.09824,1.097793515035491,1.0,0.000446484964509164,0.001106428571428524,0.4035370886461306,1.0
1.09734,1.0977813105506,1.0,-0.0004413105506000381,0.0011014285714285072,0.40067105761354693,1.0
1.09761,1.0977702364754163,1.0,-0.0001602364754162977,0.0010621428571427893,0.15086151014312785,1.0
1.09682,1.098632880041025,-1.0,-0.001812880041025089,0.001044999999999931,1.7348134363877594,-1.0
1.09653,1.0984303576362786,-1.0,-0.0019003576362786045,0.0010528571428570777,1.8049529788264662,-1.0
1.09625,1.0981948246720439,-1.0,-0.0019448246720439322,0.0009771428571428034,1.990317646828695,-1.0
1.09546,1.0978205288938843,-1.0,-0.0023605288938841618,0.0010214285714285223,2.3110073086978917,-1.0
1.09619,1.0978014371229923,-1.0,-0.0016114371229922764,0.001035714285714251,1.5558703256477673,-1.0
1.09525,1.0977598083472064,-1.0,-0.002509808347206377,0.0010442857142856882,2.4033732462989166,-1.0
1.09615,1.0977279128346802,-1.0,-0.0015779128346802285,0.0010164285714285531,1.5524089729812787,-1.0
1.0963,1.0977050288261645,-1.0,-0.001405028826164445,0.0009864285714285628,1.424359418269544,-1.0
1.09692,1.097693574600132,-1.0,-0.0007735746001320543,0.0009571428571428628,0.8082122687946788,-1.0
1.09785,1.0969320945391527,1.0,0.0009179054608472459,0.0009864285714285786,0.9305341384403584,1.0
1.09704,1.096922691152696,1.0,0.00011730884730409841,0.0010207142857143112,0.11492819190044344,1.0
1.09618,1.096902817139392,1.0,-0.0007228171393920402,0.00103857142857146,0.6959724863471978,1.0
1.09595,1.096869527884753,1.0,-0.0009195278847529131,0.0009714285714286072,0.9465728225397286,1.0
1.09664,1.0968537459984515,1.0,-0.00021374599845147557,0.0010292857142857484,0.20766439821794302,1.0
1.0969,1.0968325131864005,1.0,6.748681359947106e-05,0.0010300000000000229,0.0655211782519122,1.0
1.09646,1.0968137672503393,1.0,-0.00035376725033930967,0.0010392857142857345,0.34039460513747344,1.0
1.09644,1.0967863427638438,1.0,-0.00034634276384371,0.0010550000000000123,0.3282869799466407,1.0
1.09587,1.0967549046604614,1.0,-0.0008849046604615385,0.0010564285714285931,0.8376379476985317,1.0
1.0952,1.0974305575955843,-1.0,-0.002230557595584326,0.0010514285714285762,2.1214542349307353,-1.0
1.09545,1.0974233210004585,-1.0,-0.001973321000458439,0.0010092857142857126,1.9551658886353993,-1.0
1.09546,1.097402802300287,-1.0,-0.0019428023002869832,0.000965714285714284,2.0117775298829743,-1.0
1.09596,1.097376125161633,-1.0,-0.0014161251616329196,0.001017857142857134,1.3912808605516525,-1.0
1.09657,1.097367037315276,-1.0,-0.0007970373152759169,0.001046428571428575,0.7616738849053104,-1.0
1.09588,1.0973407160375108,-1.0,-0.0014607160375108563,0.001046428571428575,1.3959061109318716,-1.0
1.09672,1.0973132333915911,-1.0,-0.0005932333915912302,0.0010485714285714304,0.5657539156864584,-1.0
1.09574,1.0972903371716192,-1.0,-0.0015503371716192316,0.0010599999999999974,1.4625822373766373,-1.0
1.09632,1.0972661042493983,-1.0,-0.0009461042493983385,0.0011178571428571388,0.8463552390783889,-1.0
1.09632,1.0972531918708661,-1.0,-0.0009331918708661568,0.0011007142857142962,0.8478057230451701,-1.0
1.09717,1.09722896094788,-1.0,-5.896094788004902e-05,0.0011435714285714502,0.0515586052667502,-1.0
1.09659,1.097220618712997,-1.0,-0.0006306187129969665,0.0011692857142857457,0.5393196079387473,-1.0
1.0965,1.0971887180688071,-1.0,-0.0006887180688071037,0.0011678571428571807,0.5897280099877149,-1.0
1.09743,1.0960641731232852,1.0,0.0013658268767147153,0.0012107142857143188,1.1281165943366072,1.0
1.09696,1.0960574696518601,1.0,0.0009025303481398073,0.0012000000000000263,0.7521086234498229,1.0
1.09615,1.0960450964187722,1.0,0.00010490358122772214,0.0012021428571428977,0.0872638227681557,1.0
1.09559,1.0960382509614495,1.0,-0.00044825096144940346,0.0012550000000000378,0.3571720808361673,1.0
1.09622,1.0960145929054907,1.0,0.00020540709450922456,0.0012178571428571752,0.16866271689906553,1.0
1.09666,1.0960112491332152,1.0,0.0006487508667847308,0.0011950000000000255,0.5428877546315624,1.0
1.09643,1.0960060535157872,1.0,0.00042394648421284487,0.0011492857142857416,0.3688782336221061,1.0
1.09626,1.095994301481717,1.0,0.000265698518282953,0.0010857142857143248,0.2447223194711321,1.0
1.09565,1.0959845240330155,1.0,-0.00033452403301548195,0.001060000000000045,0.3155887103919507,1.0
1.09477,1.0969599869789644,-1.0,-0.002189986978964331,0.0010742857142857737,2.038551709142217,-1.0
1.09403,1.0965288271620452,-1.0,-0.002498827162045192,0.0010642857142857715,2.347891293196698,-1.0
1.09435,1.0965231691911657,-1.0,-0.0021731691911657247,0.0009907142857143367,2.1935377560431566,-1.0
1.09381,1.0963161453986892,-1.0,-0.002506145398689208,0.0009542857142857646,2.626200268087355,-1.0
1.09312,1.0960523617493436,-1.0,-0.002932361749343526,0.0010257142857143281,2.858848502145381,-1.0
1.09329,1.0960222688536834,-1.0,-0.002732268853683273,0.0009442857142857626,2.8934768495887946,-1.0
1.09383,1.0960082858202265,-1.0,-0.002178285820226389,0.0009578571428572166,2.274123898819321,-1.0
1.09439,1.096008558132307,-1.0,-0.0016185581323069353,0.0009585714285714911,1.6885107192470654,-1.0
1.09369,1.0959812143155383,-1.0,-0.002291214315538248,0.000950000000000054,2.411804542671703,-1.0
1.09422,1.0959656382487686,-1.0,-0.0017456382487686106,0.0009842857142857867,1.773507654772043,-1.0
1.0947,1.0959673626645081,-1.0,-0.0012673626645081093,0.0009885714285714972,1.282014256005224,-1.0
1.09563,1.0950469458550636,1.0,0.0005830541449365345,0.0010750000000000798,0.5423759487781313,1.0
1.09566,1.0951013137101766,1.0,0.0005586862898234735,0.0010950000000000681,0.5102157897930947,1.0
1.09467,1.0950834345711618,1.0,-0.00041343457116171933,0.0010907142857143417,0.3790493776204174,1.0
1.09414,1.0950741456775783,1.0,-0.0009341456775784351,0.0010585714285714642,0.882458804729936,1.0
1.09453,1.095061836605239,1.0,-0.0005318366052389223,0.0010514285714286079,0.5058228582435227,1.0
1.09536,1.0950564209467415,1.0,0.00030357905325839596,0.0010785714285714526,0.28146402288857275,1.0
1.095,1.0950431398352305,1.0,-4.313983523052123e-05,0.0010714285714285962,0.040263846215152214,1.0
1.09445,1.0950380426227144,1.0,-0.0005880426227145019,0.0010228571428571825,0.5749020054471164,1.0
1.09455,1.0950173021818295,1.0,-0.0004673021818295542,0.001040000000000025,0.4493290209899451,1.0
1.0936,1.0949867538480231,1.0,-0.0013867538480232255,0.001037857142857154,1.33617025962319,1.0
1.09402,1.094960682904607,1.0,-0.0009406829046070264,0.0010178571428571656,0.924179695754251,1.0
1.09437,1.0949413187842723,1.0,-0.0005713187842721901,0.0009957142857143061,0.5737778321241389,1.0
1.09364,1.0949293912987108,1.0,-0.0012893912987108624,0.0010078571428571634,1.2793393467010423,1.0
1.0934,1.0957900170766854,-1.0,-0.0023900170766855133,0.0009678571428571711,2.4693903375347754,-1.0
1.09359,1.0957671111105998,-1.0,-0.0021771111105997054,0.0008971428571428662,2.4267162060824496,-1.0
1.09363,1.095735397551697,-1.0,-0.0021053975516969192,0.0008471428571428717,2.4852922195410088,-1.0
1.09443,1.0957105242349314,-1.0,-0.0012805242349314128,0.0008264285714285931,1.5494675271425504,-1.0
1.09441,1.095688711847772,-1.0,-0.0012787118477719517,0.0007871428571428751,1.6244978102365621,-1.0
1.09435,1.0956639195380449,-1.0,-0.0013139195380449387,0.0007757142857143082,1.6938189256564096,-1.0
1.09472,1.095647064617589,-1.0,-0.0009270646175891795,0.000775714285714324,1.1951109250688647,-1.0
1.09436,1.0956224061850628,-1.0,-0.0012624061850627921,0.0007742857142857432,1.6304138921474567,-1.0
1.09396,1.0956117382748602,-1.0,-0.0016517382748602039,0.0007700000000000167,2.145114642675543,-1.0
1.09348,1.0954632871152303,-1.0,-0.0019832871152303255,0.0007550000000000136,2.6268703512983973,-1.0
1.09358,1.0954333363823494,-1.0,-0.0018533363823494131,0.0007121428571428596,2.6024783704003704,-1.0
1.09266,1.0950804820437,-1.0,-0.002420482043699934,0.0007850000000000039,3.0834166161782446,-1.0
1.09358,1.0950598258381852,-1.0,-0.001479825838185178,0.0008542857142857281,1.732237603226769,-1.0
1.09279,1.0950538000783494,-1.0,-0.002263800078349476,0.0008571428571428579,2.64110009140772,-1.0
1.09336,1.0950298131205047,-1.0,-0.0016698131205046263,0.0008828571428571376,1.8913740847139893,-1.0
1.09389,1.0950082469000413,-1.0,-0.0011182469000412532,0.0008914285714285748,1.2544436378667856,-1.0
1.09466,1.0941330414444521,1.0,0.0005269585555478518,0.0009592857142857022,0.5493238851578568,1.0
1.09452,1.0941325770062194,1.0,0.000387422993780584,0.0009192857142856939,0.42143915407368265,1.0
1.09443,1.0941191322246377,1.0,0.00031086777536226684,0.0009435714285714246,0.32945865670490193,1.0
1.09357,1.0940991012353396,1.0,-0.0005291012353396685,0.0009978571428571298,0.5302374584649574,1.0
1.09392,1.0940927143092702,1.0,-0.00017271430927023879,0.0009614285714285575,0.17964341231674427,1.0
1.09373,1.094079070903979,1.0,-0.0003490709039788431,0.000988571428571418,0.3531064057589491,1.0
1.09361,1.0940577878918298,1.0,-0.000447787891829865,0.0009735714285714149,0.4599435425985472,1.0
1.09415,1.0940413326968592,1.0,0.00010866730314074147,0.0010042857142857115,0.10820357353985667,1.0
1.09404,1.0940298610032244,1.0,1.0138996775488351e-05,0.0010307142857142817,0.009836864508443345,1.0
1.09324,1.093997573684244,1.0,-0.0007575736842440062,0.0009821428571428362,0.7713477512302773,1.0
1.09321,1.093986444147334,1.0,-0.0007764441473339101,0.0009014285714285451,0.8613484994195767,1.0
1.09365,1.093969432800819,1.0,-0.00031943280081891956,0.0008957142857142696,0.3566235415841272,1.0
1.09382,1.0939494860202243,1.0,-0.0001294860202243342,0.0008628571428571176,0.15006657973019302,1.0
1.0938,1.0939313588704338,1.0,-0.00013135887043369543,0.0008599999999999719,0.15274287259732525,1.0
1.09377,1.0939146408721099,1.0,-0.000144640872109969,0.0008178571428571242,0.1768534680820622,1.0
1.09421,1.0938873700715175,1.0,0.0003226299284824208,0.0008649999999999888,0.37298257628026005,1.0
1.09496,1.094091886003023,1.0,0.0008681139969768381,0.0009071428571428365,0.9569760596595284,1.0
1.09488,1.0940819122171628,1.0,0.0007980877828372979,0.0008557142857142612,0.9326568413791728,1.0
1.0939,1.094074174741821,1.0,-0.00017417474182090942,0.0009321428571428259,0.18685412915653746,1.0
1.09478,1.094054999326775,1.0,0.000725000673225118,0.0009364285714285365,0.7742188730093081,1.0
1.09514,1.0940922530925152,1.0,0.00104774690748477,0.0009514285714285396,1.1012354883473927,1.0
1.09582,1.094424139496987,1.0,0.0013958605030131022,0.0009449999999999578,1.477101061389592,1.0
1.09488,1.0944166039163363,1.0,0.0004633960836637474,0.0009842857142856756,0.4707942794842321,1.0
1.09578,1.094421726024145,1.0,0.0013582739758550844,0.000997857142857114,1.3611908133122212,1.0
1.09609,1.0944929043876832,1.0,0.0015970956123168012,0.0010164285714285373,1.5712816986954299,1.0
1.09596,1.0944965238324553,1.0,0.0014634761675447194,0.0009664285714285427,1.5143138466834207,1.0
1.09518,1.09448942869609,1.0,0.000690571303910037,0.001045714285714269,0.6603823944494994,1.0
1.09608,1.094481692670827,1.0,0.0015983073291729877,0.0010800000000000015,1.4799141936786901,1.0
1.09648,1.0946443800123187,1.0,0.0018356199876812251,0.0010999999999999899,1.6687454433465836,1.0
1.09611,1.09464771974953,1.0,0.001462280250470016,0.0010635714285714176,1.3748773342229976,1.0
1.09616,1.094638998344171,1.0,0.001521001655828913,0.0009957142857142745,1.5275482913633445,1.0
1.0964,1.0947420376430217,1.0,0.0016579623569783486,0.0010142857142856978,1.6346107744857223,1.0
1.09569,1.0947341551798702,1.0,0.0009558448201298919,0.0010042857142856956,0.951765823742442,1.0
1.09626,1.0947364335259047,1.0,0.0015235664740953503,0.0009821428571428362,1.551267682715299,1.0
1.09615,1.0947413788622458,1.0,0.0014086211377541957,0.0009721428571428341,1.4489857405260256,1.0
1.09626,1.094741410226154,1.0,0.001518589773846113,0.0009435714285714088,1.609406270540956,1.0
1.09646,1.0948429921122942,1.0,0.0016170078877058014,0.0008857142857142675,1.8256540667646521,1.0
1.09593,1.094841791877116,1.0,0.0010882081228840157,0.0008657142857142633,1.2570060825393246,1.0
1.09559,1.0948438007507253,1.0,0.0007461992492747704,0.000863571428571408,0.864085152179242,1.0
1.09607,1.0948481362386155,1.0,0.0012218637613845562,0.0009007142857142547,1.3565497747330988,1.0
1.09582,1.0948539806969824,1.0,0.0009660193030176512,0.0008449999999999529,1.1432181100801242,1.0
1.09567,1.0948516744764616,1.0,0.0008183255235383324,0.000802142857142799,1.0201742947050298,1.0
1.09581,1.0948516163469582,1.0,0.0009583836530417944,0.0007857142857142309,1.2197610129623688,1.0
1.09589,1.0948492612807352,1.0,0.0010407387192647999,0.0007714285714285182,1.349105747195204,1.0
1.09508,1.0948382660660867,1.0,0.0002417339339133573,0.0008342857142856605,0.28974957832082365,1.0
1.09602,1.0948342890177383,1.0,0.0011857109822617229,0.0008671428571428123,1.3673767505490098,1.0
1.09587,1.0948333753920347,1.0,0.0010366246079651642,0.000838571428571387,1.2361792599244479,1.0
1.09681,1.0948863383516287,1.0,0.001923661648371322,0.0008735714285713943,2.202065664529809,1.0
1.09719,1.0951119347684988,1.0,0.002078065231501336,0.0008728571428571197,2.380762131016324,1.0
1.09649,1.095109765671852,1.0,0.0013802343281479335,0.0009349999999999874,1.476186447217061,1.0
1.09707,1.095120256298446,1.0,0.0019497437015540964,0.0009642857142857191,2.021956431241275,1.0
1.09711,1.0951150925666489,1.0,0.0019949074333511785,0.0009407142857142947,2.1206305289989547,1.0
1.09752,1.0952430726281226,1.0,0.0022769273718774574,0.0009585714285714435,2.375334069022646,1.0
1.09692,1.0952390722973586,1.0,0.0016809277026412772,0.0009528571428571521,1.7640920417524477,1.0
1.09695,1.095250313635441,1.0,0.0016996863645590832,0.0009207142857143065,1.8460519087530356,1.0
1.09782,1.095404502119771,1.0,0.0024154978802291005,0.0009628571428571542,2.508677323680045,1.0
1.09716,1.0954087887301007,1.0,0.0017512112698991888,0.001023571428571457,1.710883306251777,1.0
1.09795,1.095419102553445,1.0,0.0025308974465549916,0.0010771428571428718,2.349639539242003,1.0
1.09726,1.0954256939626044,1.0,0.0018343060373955389,0.0010671428571428856,1.7188945464214764,1.0
1.0974,1.0954323109933404,1.0,0.0019676890066595565,0.0010200000000000367,1.9291068692740054,1.0
1.0979,1.095476880153123,1.0,0.002423119846877153,0.0009928571428571762,2.4405523637610793,1.0
1.09879,1.0958708648000441,1.0,0.0029191351999557913,0.0010078571428571634,2.8963779446761335,1.0
1.09892,1.0960276701889948,1.0,0.0028923298110050677,0.000985714285714304,2.934247634352913,1.0
1.09826,1.0960419449045098,1.0,0.0022180550954902234,0.0009650000000000095,2.298502689627152,1.0
1.09872,1.0960798223287256,1.0,0.0026401776712743352,0.0009735714285714307,2.7118479382128107,1.0
1.09967,1.0963259898867634,1.0,0.003344010113236484,0.0010585714285714326,3.1589839126390418,1.0
1.10024,1.0966681388497688,1.0,0.003571861150231337,0.0010471428571428656,3.4110543044500896,1.0
1.10102,1.0970182589258881,1.0,0.004001741074111997,0.001069285714285741,3.742443222282336,1.0
1.10106,1.0971901890771893,1.0,0.0038698109228105793,0.0010814285714285982,3.578424895597541,1.0
1.10046,1.0972415596446883,1.0,0.0032184403553117136,0.0010500000000000429,3.0651812907729354,1.0
1.10093,1.0972661876560164,1.0,0.003663812343983608,0.0010442857142857356,3.5084386330895665,1.0
1.10081,1.0972674197759353,1.0,0.0035425802240647286,0.000980714285714319,3.612244948062966,1.0
1.10103,1.0974634437465536,1.0,0.0035665562534463735,0.0009192857142857415,3.8797037722026224,1.0
1.10137,1.0976505608528395,1.0,0.0037194391471604415,0.0009371428571428744,3.9689137241040564,1.0
1.10045,1.097690740479301,1.0,0.002759259520698887,0.0009685714285714456,2.8487930154707772,1.0
1.10064,1.0977322926217723,1.0,0.002907707378227764,0.0008914285714286065,3.261851225575889,1.0
1.10146,1.0977907799767417,1.0,0.0036692200232584238,0.0009450000000000212,3.882772511384488,1.0
1.10104,1.0978077195460374,1.0,0.0032322804539626215,0.0009307142857143085,3.4729030203741824,1.0
1.10098,1.097818631788107,1.0,0.0031613682118931674,0.000892142857142881,3.5435672511211496,1.0
1.10129,1.0978677650680801,1.0,0.003422234931919954,0.0008357142857143206,4.094981969818578,1.0
1.10223,1.0982531094413295,1.0,0.003976890558670565,0.0008607142857143099,4.6204537611109,1.0
1.10267,1.0985488974444468,1.0,0.004121102555553202,0.0008250000000000122,4.995275824912898,1.0
1.10272,1.098600821441332,1.0,0.004119178558667835,0.0008500000000000016,4.84609242196215,1.0
1.10219,1.0986449238974987,1.0,0.003545076102501321,0.0008471428571428559,4.184744134487232,1.0
1.10227,1.0986949798826842,1.0,0.003575020117315919,0.0007800000000000029,4.583359124763982,1.0
1.10215,1.0987449034789307,1.0,0.0034050965210692397,0.0007999999999999911,4.256370651336597,1.0
1.10148,1.0988023816461665,1.0,0.0026776183538335108,0.0008657142857142792,3.092958494527181,1.0
1.10113,1.0988405043708183,1.0,0.0022894956291816815,0.0008585714285714228,2.6666338443048048,1.0
1.10079,1.0996983802697318,-1.0,0.0010916197302681674,0.0008528571428571473,1.2799561326427358,-1.0
1.10163,1.0997337704196957,-1.0,0.0018962295803044427,0.0009142857142857087,2.074001103457997,-1.0
1.10198,1.0997657871725215,-1.0,0.002214212827478468,0.0009021428571428672,2.454392682873967,-1.0
1.10106,1.0997918030183544,-1.0,0.0012681969816454863,0.0009014285714285768,1.4068746230615454,-1.0
1.10126,1.0998193621944181,-1.0,0.0014406378055817903,0.0009142857142857087,1.5756975998550928,-1.0
1.10026,1.0996959456043633,-1.0,0.0005640543956366706,0.0009414285714285534,0.5991473094775068,-1.0
1.10116,1.0997491371842705,-1.0,0.0014108628157294412,0.0009414285714285693,1.498640320198196,-1.0
1.10034,1.0997793605356008,-1.0,0.0005606394643993262,0.0009785714285714317,0.5729162409920103,-1.0
1.09967,1.0996478400303822,-1.0,2.2159969617741027e-05,0.0010092857142857284,0.021956091624088465,-1.0
1.09977,1.099661074216541,-1.0,0.00010892578345900183,0.0009950000000000156,0.10947314920502525,-1.0
1.09878,1.0992344875498832,-1.0,-0.00045448754988308693,0.0010714285714285962,0.4241883798908713,-1.0
1.09874,1.0991363554188434,-1.0,-0.00039635541884330827,0.0010635714285714653,0.3726645979722044,-1.0
1.09924,1.0991663410937846,-1.0,7.365890621535698e-05,0.0010257142857143123,0.07181230410967765,-1.0
1.09963,1.0991974864345986,-1.0,0.00043251356540152663,0.001050000000000027,0.4119176813347767,-1.0
1.09901,1.0992297292963962,-1.0,-0.0002197292963961317,0.0010914285714286004,0.2013226537660839,-1.0
1.09853,1.099143602355454,-1.0,-0.0006136023554539349,0.0010521428571428823,0.5831930058625175,-1.0
1.09753,1.0987095703671663,-1.0,-0.001179570367166427,0.0010850000000000185,1.0871616287247992,-1.0
1.09694,1.098432170044454,-1.0,-0.0014921700444538999,0.0010900000000000196,1.3689633435356634,-1.0
1.09757,1.098464454398354,-1.0,-0.0008944543983540054,0.0011250000000000268,0.7950705763146525,-1.0
1.0978,1.0984947788207746,-1.0,-0.0006947788207745109,0.0010807142857143237,0.6428885321112234,-1.0
1.09842,1.0985277735870715,-1.0,-0.00010777358707159124,0.0010457142857143165,0.10306217342911428,-1.0
1.09828,1.0985666541532437,-1.0,-0.00028665415324380383,0.001002142857142872,0.28604120779851705,-1.0
1.09904,1.0985912914391993,-1.0,0.00044870856080070354,0.001015000000000004,0.4420773998036471,-1.0
1.0988,1.098625562793691,-1.0,0.00017443720630905268,0.001016428571428569,0.17161777149168964,-1.0
1.09976,1.0979089192618119,1.0,0.0018510807381881822,0.0010321428571428465,1.7934346252342435,1.0
1.10008,1.0980921486871105,1.0,0.001987851312889477,0.0010949999999999888,1.8153893268397236,1.0
1.10072,1.0984033907525572,1.0,0.0023166092474427025,0.0011535714285714205,2.008206158773874,1.0
1.10056,1.0984269098877346,1.0,0.002133090112265368,0.0011242857142857046,1.8972847250136853,1.0
1.10059,1.0985216725175,1.0,0.0020683274824999653,0.0010428571428571232,1.9833277229452098,1.0
1.10146,1.0989196280243925,1.0,0.002540371975607636,0.0010992857142856996,2.3109296724176334,1.0
1.10231,1.099326061317122,1.0,0.002983938682877829,0.0010942857142856985,2.7268369164680295,1.0
1.10276,1.0995625217838707,1.0,0.003197478216129257,0.0011178571428571388,2.8603638994127643,1.0
1.10212,1.0996146156571478,1.0,0.0025053843428521905,0.0011249999999999951,2.227008304757512,1.0
1.10253,1.0996612716775047,1.0,0.0028687283224952953,0.0011228571428571238,2.5548471065480163,1.0
1.10215,1.0996907430396643,1.0,0.002459256960335665,0.0011471428571428386,2.14381055072851,1.0
1.10297,1.0998045341275224,1.0,0.0031654658724775686,0.0011949999999999778,2.64892541629927,1.0
1.10285,1.09985057866837,1.0,0.0029994213316300034,0.0011357142857142716,2.640999914642803,1.0
1.10312,1.1000297841554088,1.0,0.0030902158445913486,0.0011614285714285672,2.660702449217653,1.0
1.10212,1.1000499991534511,1.0,0.0020700008465488473,0.001141428571428579,1.8135176377774511,1.0
1.10154,1.10007515532528,1.0,0.0014648446747198562,0.0011371428571428682,1.2881799903315192,1.0
1.10072,1.1011570455205373,-1.0,-0.00043704552053736023,0.001123571428571446,0.3889788485392847,-1.0
1.10151,1.1011812711448234,-1.0,0.00032872885517654105,0.0011785714285714416,0.27892145287706205,-1.0
1.10244,1.1012118566487874,-1.0,0.001228143351212685,0.0012678571428571697,0.9686764460268859,-1.0
1.1027,1.1012421305558657,-1.0,0.0014578694441342854,0.0011957142857143158,1.2192456522030755,-1.0
1.10263,1.1012763351257857,-1.0,0.0013536648742142887,0.001160000000000034,1.1669524777709044,-1.0
1.10326,1.1002498102986786,1.0,0.0030101897013212753,0.0011635714285714543,2.5870261398708974,1.0
1.10379,1.1005441812255836,1.0,0.0032458187744164313,0.0011492857142857257,2.824205272953983,1.0
1.10319,1.1005760720079414,1.0,0.002613927992058507,0.0011935714285714447,2.190005499031634,1.0
1.10416,1.1007099942170253,1.0,0.003450005782974719,0.001227142857142871,2.811413327220344,1.0
1.10486,1.1011350220878375,1.0,0.0037249779121624194,0.0011821428571428777,3.151038717237037,1.0
1.10561,1.1015584606056206,1.0,0.004051539394379411,0.0012357142857143083,3.278702400075764,1.0
1.10644,1.101993076443613,1.0,0.004446923556387095,0.0012750000000000103,3.487783181480046,1.0
1.10633,1.1020684918936825,1.0,0.004261508106317535,0.0012450000000000041,3.4228980773634707,1.0
1.10653,1.1022759840973202,1.0,0.00425401590267982,0.0012049999999999958,3.5303036536762114,1.0
1.10663,1.1024522090869053,1.0,0.00417779091309467,0.0011521428571428555,3.6261049462694026,1.0
1.10649,1.1024786564223876,1.0,0.004011343577612347,0.0011249999999999951,3.565638735655435,1.0
1.10593,1.1025351963131822,1.0,0.003394803686817882,0.001085714285714277,3.1267928694375478,1.0
1.10645,1.1025605587723812,1.0,0.003889441227618695,0.0011342857142856908,3.4289784122583664,1.0
1.10611,1.1026484942241037,1.0,0.003461505775896212,0.0011649999999999716,2.971249593044031,1.0
1.1058,1.1026533300864738,1.0,0.003146669913526079,0.0011149999999999613,2.8221254829831284,1.0
1.10585,1.1026938907766064,1.0,0.0031561092233935994,0.0010592857142856912,2.979469260115398,1.0
1.10648,1.1028017278875808,1.0,0.003678272112419112,0.0010185714285714084,3.6112068424872783,1.0
1.10733,1.1031965273941782,1.0,0.004133472605821753,0.001026428571428555,4.027043596486115,1.0
1.1065,1.1032783121889733,1.0,0.003221687811026719,0.0010714285714285485,3.006908623625002,1.0
1.10744,1.1033659177149149,1.0,0.004074082285085101,0.0010649999999999826,3.825429375666824,1.0
1.10743,1.1035129105473824,1.0,0.003917089452617484,0.0009621428571428321,4.071213981933645,1.0
1.10705,1.1035753187182156,1.0,0.0034746812817845196,0.0009485714285713939,3.663067616339236,1.0
1.10785,1.1038459656979303,1.0,0.004004034302069748,0.000969999999999963,4.127870414505052,1.0
1.10782,1.1039338610254608,1.0,0.003886138974539266,0.0009585714285713801,4.054094310249812,1.0
1.10753,1.1039602763995862,1.0,0.0035697236004137434,0.0009349999999999557,3.817886203651243,1.0
1.10809,1.1041847158840934,1.0,0.0039052841159066265,0.0009242857142856632,4.225191470069227,1.0
1.10872,1.1045218178603737,1.0,0.004198182139626194,0.0009285714285713897,4.521119227289937,1.0
1.10835,1.1045394096550778,1.0,0.003810590344922149,0.0008978571428570932,4.244094258465635,1.0
1.10835,1.1045645609810841,1.0,0.003785439018915815,0.0008928571428570921,4.239691701185953,1.0
1.10743,1.1045826355331336,1.0,0.0028473644668662867,0.0009642857142856556,2.952822410083736,1.0
1.10791,1.104634231229506,1.0,0.0032757687704938476,0.000971428571428512,3.372114910802696,1.0
1.10848,1.1046782605194077,1.0,0.003801739480592259,0.0009099999999999506,4.177735692958753,1.0
1.10894,1.1048296107157727,1.0,0.004110389284227356,0.000866428571428522,4.744060179652618,1.0
1.10933,1.1051002552868896,1.0,0.004229744713110328,0.000823571428571368,5.135856546708495,1.0
1.10929,1.1051520205985406,1.0,0.004137979401459546,0.00085642857142852,4.831669025891337,1.0
1.10873,1.1052138620019818,1.0,0.0035161379980181984,0.000877857142857089,4.005364684479885,1.0
1.10829,1.1052749866550164,1.0,0.0030150133449835526,0.0009049999999999495,3.331506458545548,1.0
1.10803,1.1053066281555983,1.0,0.002723371844401745,0.0009221428571428079,2.9533079644946914,1.0
1.10799,1.105321593062833,1.0,0.002668406937166967,0.0008899999999999464,2.9982100417608177,1.0
1.10887,1.1053603303724375,1.0,0.003509669627562495,0.0009192857142856622,3.8178224386851367,1.0
1.10901,1.1053649691825327,1.0,0.003645030817467365,0.0008814285714285093,4.1353672159276105,1.0
1.10899,1.1053936319597257,1.0,0.0035963680402741893,0.0008599999999999401,4.181823302644697,1.0
1.10898,1.1054579325278349,1.0,0.0035220674721652134,0.0008535714285713901,4.126271515507549,1.0
1.10996,1.1057952845274341,1.0,0.004164715472565916,0.0008449999999999529,4.928657363983608,1.0
1.10919,1.1058521031869342,1.0,0.0033378968130657327,0.0008692857142856677,3.839815561456266,1.0
1.10916,1.105860514294903,1.0,0.0032994857050969717,0.0008499999999999382,3.881747888349661,1.0
1.10825,1.1059030648209172,1.0,0.0023469351790827986,0.0008878571428570911,2.643370274107892,1.0
1.10903,1.1059370689734604,1.0,0.003092931026539514,0.000943571428571377,3.2778981356211627,1.0
1.10843,1.1059499602833567,1.0,0.002480039716643345,0.0009957142857142268,2.4907142060981986,1.0
1.10905,1.1059911231142912,1.0,0.003058876885708939,0.000987857142857096,3.096476963118379,1.0
1.10865,1.106010470840213,1.0,0.0026395291597869353,0.0009607142857142355,2.747465296432641,1.0
1.10929,1.1060645113959167,1.0,0.0032254886040834485,0.000987857142857096,3.2651366924924385,1.0
1.1084,1.1061018950495631,1.0,0.002298104950436919,0.0010499999999999637,2.18867138136857,1.0
1.10847,1.1061280649466951,1.0,0.0023419350533049332,0.000991428571428532,2.3621823304229372,1.0
1.10817,1.107149199029633,-1.0,0.0010208009703671639,0.0010285714285713946,0.9924453878569977,-1.0
1.10839,1.107204765598552,-1.0,0.001185234401448021,0.0010478571428571243,1.13110304160004,-1.0
1.1089,1.1072347332346357,-1.0,0.0016652667653642705,0.0010807142857142602,1.5408945614739153,-1.0
1.10916,1.1072850430256849,-1.0,0.0018749569743150563,0.0010507142857142699,1.7844593909185034,-1.0
1.11015,1.1073256358235704,-1.0,0.002824364176429617,0.0010849999999999868,2.6031006234374665,-1.0
1.10938,1.1073704665969148,-1.0,0.002009533403085184,0.0011249999999999951,1.7862519138535047,-1.0
1.1096,1.1074316584772295,-1.0,0.002168341522770456,0.0010942857142857143,1.9815131409129494,-1.0
1.11004,1.1074689462745693,-1.0,0.00257105372543065,0.0010864285714285676,2.3665188794233547,-1.0
1.11035,1.1064965066522485,1.0,0.0038534933477514244,0.0010671428571428537,3.6110379430067012,1.0
1.11013,1.106551649299829,1.0,0.0035783507001709847,0.0010528571428571412,3.3987048712614563,1.0
1.11033,1.10669414238125,1.0,0.0036358576187500713,0.001037857142857138,3.503235145388936,1.0
1.11108,1.1071407965329882,1.0,0.00393920346701182,0.0010221428571428445,3.8538678223735965,1.0
1.1104,1.1071958070885604,1.0,0.003204192911439696,0.001021428571428554,3.136972081129826,1.0
1.11043,1.1072793841173447,1.0,0.0031506158826553055,0.0009921428571428542,3.1755667643754073,1.0
1.11059,1.107368968732524,1.0,0.00322103126747586,0.0009614285714285734,3.3502554045068313,1.0
1.11049,1.1074435535406737,1.0,0.0030464464593262797,0.0009678571428571393,3.1476199579755035,1.0
1.11027,1.107486434448256,1.0,0.0027835655517440827,0.000960714285714283,2.8973916523730314,1.0
1.10983,1.1075434671205877,1.0,0.002286532879412384,0.0009528571428571521,2.399659693536212,1.0
1.10987,1.107581197891918,1.0,0.002288802108082022,0.0008521428571428727,2.6859370924683756,1.0
1.10928,1.107666820172052,1.0,0.0016131798279479526,0.0008614285714285844,1.872679733936235,1.0
1.1097,1.1077487994577844,1.0,0.0019512005422155365,0.0008492857142857112,2.297460688899715,1.0
1.10921,1.10781866939477,1.0,0.0013913306052300012,0.0008128571428571549,1.7116545231300289,1.0
1.10971,1.1078671325366,1.0,0.0018428674633998998,0.0008221428571428824,2.241541658349071,1.0
1.10907,1.108891353902541,-1.0,0.00017864609745910087,0.0008621428571428748,0.2072117120486629,-1.0
1.10974,1.10897027646463,-1.0,0.0007697235353698595,0.0008764285714286034,0.8782501626061646,-1.0
1.10919,1.1089961155658281,-1.0,0.00019388443417178713,0.0008950000000000426,0.2166306527058971,-1.0
1.10828,1.1087127481147026,-1.0,-0.0004327481147026191,0.0009071428571429,0.4770451658138883,-1.0
1.10764,1.1084804051078616,-1.0,-0.0008404051078616526,0.0009835714285714645,0.8544423754584392,-1.0
1.10803,1.108533585512592,-1.0,-0.0005035855125918864,0.0009964285714286123,0.5053904785868187,-1.0
1.1079,1.1085365791928332,-1.0,-0.0006365791928331088,0.000984285714285755,0.6467422858971811,-1.0
1.10886,1.1085496156055736,-1.0,0.0003103843944263218,0.0010050000000000336,0.30884019345901637,-1.0
1.10952,1.1085897024783535,-1.0,0.0009302975216465281,0.0010421428571428804,0.8926775396196781,-1.0
1.1094,1.1086265725402658,-1.0,0.0007734274597341884,0.0010628571428571432,0.7276871260939942,-1.0
1.10979,1.1077418769309495,1.0,0.002048123069050556,0.001021428571428554,2.0051554522173616,1.0
1.11017,1.1080227166922851,1.0,0.0021472833077149645,0.0010135714285714231,2.1185318046518438,1.0
1.11073,1.1083423150951668,1.0,0.0023876849048332094,0.0010157142857142784,2.350744632043964,1.0
1.11064,1.108383181627056,1.0,0.002256818372944114,0.0009685714285714139,2.3300484676414506,1.0
1.11093,1.1085382908653814,1.0,0.0023917091346186137,0.0009399999999999885,2.544371419807067,1.0
1.11163,1.1088864962792448,1.0,0.0027435037207550472,0.0009628571428571384,2.8493362084993206,1.0
1.11135,1.1089318351911666,1.0,0.0024181648088335006,0.0009199999999999843,2.628440009601676,1.0
1.11176,1.1091233888319945,1.0,0.0026366111680056203,0.0008928571428571397,2.9530045081663054,1.0
1.11088,1.1091852567246507,1.0,0.001694743275349353,0.0009014285714285768,1.8800638553796196,1.0
1.11155,1.1091990784478782,1.0,0.0023509215521217985,0.000916428571428564,2.5653080069918506,1.0
1.1112,1.1092286519362946,1.0,0.001971348063705358,0.000940714285714263,2.0955864002942812,1.0
1.11043,1.1092528352064117,1.0,0.0011771647935883145,0.0009757142857142702,1.2064646493584674,1.0
1.10957,1.1102364661148698,-1.0,-0.0006664661148698681,0.0009878571428571276,0.674658395385271,-1.0
1.11018,1.1102798157563563,-1.0,-9.981575635631401e-05,0.0010357142857142826,0.09637383372333795,-1.0
1.11116,1.1102874490433357,-1.0,0.0008725509566642753,0.001102142857142861,0.7916858971678427,-1.0
1.11083,1.1103364872242718,-1.0,0.0004935127757281776,0.0011321428571428513,0.4359103381826197,-1.0
1.11096,1.1103709534024577,-1.0,0.0005890465975422199,0.0010921428571428432,0.5393494025893515,-1.0
1.11093,1.1103735819571074,-1.0,0.0005564180428925258,0.0010949999999999888,0.5081443314087046,-1.0
1.11114,1.1104178126368218,-1.0,0.000722187363178195,0.0010892857142856974,0.6629916776717959,-1.0
1.11073,1.1104454555636267,-1.0,0.00028454443637326854,0.0010792857142856796,0.2636414367455915,-1.0
1.11103,1.110477113872688,-1.0,0.0005528861273118579,0.0011121428571428313,0.4971358883985993,-1.0
1.11007,1.1104958781174648,-1.0,-0.0004258781174648618,0.0011249999999999633,0.3785583266354451,-1.0
1.11105,1.1105155313137034,-1.0,0.0005344686862966963,0.001119285714285656,0.4775087178145589,-1.0
1.11151,1.110537171166899,-1.0,0.0009728288331010138,0.0010992857142856677,0.8849645005467687,-1.0
1.11246,1.1098622748223153,1.0,0.002597725177684751,0.0010935714285713921,2.3754508483074934,1.0
1.11327,1.1102493366448063,1.0,0.003020663355193687,0.0010664285714285318,2.832504150885009,1.0
1.11372,1.110518294627553,1.0,0.003201705372447128,0.0010399999999999615,3.078562858122352,1.0
1.11348,1.1105311791181722,1.0,0.002948820881827796,0.0010278571428571043,2.8689014833628,1.0
1.11398,1.1107072721674025,1.0,0.0032727278325974662,0.00098142857142853,3.3346571802304554,1.0
1.11497,1.1111953497440554,1.0,0.0037746502559445894,0.0009914285714285479,3.807284119828927,1.0
1.11421,1.1112230352567365,1.0,0.0029869647432634316,0.0010585714285714007,2.8216940894527087,1.0
1.11444,1.1112753050274438,1.0,0.0031646949725563367,0.001072142857142839,2.951747476068585,1.0
1.1148,1.1113092588087508,1.0,0.003490741191249258,0.0010764285714285654,3.2428916176171123,1.0
1.11511,1.111465439821565,1.0,0.0036445601784349524,0.0010678571428571443,3.4129660533838972,1.0
1.11432,1.1115148443927532,1.0,0.002805155607246812,0.0010728571428571451,2.6146590214018164,1.0
1.11389,1.1115268969128467,1.0,0.002363103087153373,0.0010607142857142879,2.2278412942860037,1.0
1.11411,1.1115432686768816,1.0,0.002566731323118354,0.0010100000000000029,2.5413181417013337,1.0
1.11418,1.111582018898761,1.0,0.0025979811012388776,0.0009878571428571434,2.6299157930111545,1.0
1.1145,1.1116246830378953,1.0,0.002875316962104746,0.0009907142857142892,2.902266580350851,1.0
1.11467,1.11167339371868,1.0,0.0029966062813200356,0.0009457142857142957,3.1686169137824813,1.0
1.11376,1.1116854903468654,1.0,0.002074509653134715,0.0009750000000000116,2.127702208343272,1.0
1.11286,1.1126599787902642,-1.0,0.00020002120973572346,0.0010014285714285817,0.19973587277461483,-1.0
1.11191,1.1122230934249688,-1.0,-0.00031309342496887993,0.001013571428571439,0.30890119447246467,-1.0
1.111,1.111820956701846,-1.0,-0.0008209567018460096,0.0010157142857142945,0.8082555433083006,-1.0
1.1119,1.1118318727006502,-1.0,6.812729934990713e-05,0.0010371428571428634,0.06568747871203127,-1.0
1.11134,1.111841810234509,-1.0,-0.0005018102345089037,0.0010599999999999974,0.4734058816121745,-1.0
1.11125,1.1118526355148473,-1.0,-0.0006026355148471829,0.0010242857142857156,0.588347085624864,-1.0
1.11066,1.1117004083693292,-1.0,-0.001040408369329171,0.0010550000000000123,0.986169070454179,-1.0
1.11163,1.1117238259588085,-1.0,-9.382595880857991e-05,0.0010764285714285813,0.08716412895289362,-1.0
1.11261,1.111746386024354,-1.0,0.0008636139756461603,0.0011178571428571546,0.7725620229422439,-1.0
1.11257,1.1117664631604278,-1.0,0.0008035368395722386,0.0011142857142857343,0.7211228047443038,-1.0
1.11324,1.1108766630348352,1.0,0.002363336965164775,0.0011592857142857277,2.038614757381791,1.0
1.11358,1.1111170395536778,1.0,0.0024629604463222154,0.0011435714285714502,2.1537443003441825,1.0
1.11422,1.1114159125759668,1.0,0.0028040874240331526,0.0012014285714285913,2.3339609950335007,1.0
1.11411,1.1114607691503873,1.0,0.0026492308496126604,0.001138571428571449,2.326802502796523,1.0
1.11473,1.1117619860630061,1.0,0.002968013936993863,0.001130000000000028,2.626561006189194,1.0
1.11427,1.1117881476285585,1.0,0.0024818523714416063,0.0011228571428571873,2.210301094159104,1.0
1.1134,1.1118203750979883,1.0,0.0015796249020116893,0.0011135714285714757,1.4185214001387245,1.0
1.11364,1.1118324131457302,1.0,0.0018075868542697382,0.0010378571428572014,1.741652853391253,1.0
1.11437,1.111854918805184,1.0,0.0025150811948160268,0.0010542857142857695,2.3855783690665673,1.0
1.11401,1.1118874777436518,1.0,0.002122522256348125,0.001081428571428614,1.9627022185516896,1.0
1.11352,1.1118902114120695,1.0,0.001629788587930614,0.0010721428571428865,1.5201226003349748,1.0
1.11351,1.111920017261209,1.0,0.0015899827387910737,0.0010114285714285995,1.5720168321380235,1.0
1.11341,1.1119399738358835,1.0,0.0014700261641165113,0.0009228571428571776,1.5929076081757263,1.0
1.11267,1.1119580947468903,1.0,0.0007119052531097125,0.0009471428571428924,0.7516345055456716,1.0
1.11309,1.1119816296043794,1.0,0.001108370395620506,0.0009578571428571848,1.157135386926652,1.0
1.11394,1.1119954780612251,1.0,0.0019445219387748125,0.0010028571428571784,1.938981990231226,1.0
1.11479,1.1121269243998153,1.0,0.002663075600184639,0.0009721428571428817,2.7393870979121235,1.0
1.1151,1.1123261498853056,1.0,0.0027738501146943317,0.0009907142857143209,2.799848709857193,1.0
1.11494,1.1123499831898274,1.0,0.0025900168101726795,0.000969285714285736,2.6720880871346133,1.0
1.11581,1.1127009123190033,1.0,0.003109087680996714,0.0009842857142857233,3.1587247847571547,1.0
1.1164,1.1130233678426646,1.0,0.003376632157335413,0.0009792857142857064,3.4480561781689394,1.0
1.1174,1.1135461704648413,1.0,0.0038538295351586704,0.0010364285714285731,3.7183744653495037,1.0
1.11723,1.1135759373511798,1.0,0.0036540626488201777,0.0009914285714285637,3.6856539685506404,1.0
1.1177,1.1137588080464962,1.0,0.003941191953503731,0.001030000000000007,3.826399954857965,1.0
1.11772,1.1139041048059073,1.0,0.0038158951940927555,0.0009550000000000074,3.9957017739190848,1.0
1.1178,1.1140796171179337,1.0,0.00372038288206622,0.0009421428571428755,3.9488521871816573,1.0
1.11756,1.1141067597895347,1.0,0.003453240210465447,0.0009585714285714435,3.6024860615883387,1.0
1.11695,1.1141168943723943,1.0,0.0028331056276058586,0.0009742857142857211,2.90787967642828,1.0
1.1171,1.1141421311449409,1.0,0.0029578688550591092,0.0009314285714285672,3.1756260713824935,1.0
1.11717,1.114185556365208,1.0,0.002984443634791889,0.0008728571428571355,3.419166193705957,1.0
1.11799,1.1143040159976019,1.0,0.0036859840023981683,0.0008857142857142833,4.1615948414172985,1.0
1.11897,1.114786824370111,1.0,0.004183175629889124,0.0009192857142856939,4.550463000656491,1.0
1.11956,1.1150900480389305,1.0,0.004469951961069585,0.000940714285714263,4.751657361805292,1.0
1.1194,1.115109410872066,1.0,0.004290589127933897,0.0008921428571428334,4.809307269101374,1.0
1.11968,1.1153231334745255,1.0,0.004356866525474512,0.0008557142857142771,5.091496774344222,1.0
1.12039,1.1156657167049802,1.0,0.004724283295019838,0.000869999999999974,5.43021068393101,1.0
1.12018,1.115692843394301,1.0,0.004487156605698983,0.0008757142857142812,5.123996123962976,1.0
1.11942,1.1157532944926265,1.0,0.00366670550737358,0.0008914285714285589,4.113291434553753,1.0
1.11845,1.1168593332786956,-1.0,0.001590666721304368,0.0009678571428571393,1.6434932913845928,-1.0
1.11757,1.1165585026867721,-1.0,0.001011497313227805,0.001072142857142839,0.9434352022111597,-1.0
1.11812,1.1166030613062161,-1.0,0.001516938693783887,0.0011199999999999782,1.3544095480213538,-1.0
1.11884,1.1166640901711604,-1.0,0.0021759098288396395,0.0011457142857142738,1.8991731673164134,-1.0
1.11908,1.1166838889320128,-1.0,0.0023961110679873165,0.0011457142857142896,2.0913687625824386,-1.0
1.11914,1.116780206841344,-1.0,0.002359793158656087,0.0011571428571428566,2.039327421060817,-1.0
1.11958,1.116870922571131,-1.0,0.0027090774288689445,0.0011550000000000013,2.345521583436313,-1.0
1.11945,1.1168922625390103,-1.0,0.0025577374609897507,0.0010942857142857301,2.33735799307154,-1.0
1.11968,1.1169093001141128,-1.0,0.0027706998858871845,0.0010435714285714612,2.655017002218985,-1.0
1.1202,1.1161800948329943,1.0,0.004019905167005788,0.0010657142857143206,3.772028977083056,1.0
1.12006,1.1162181103034485,1.0,0.003841889696551526,0.0010721428571428707,3.5833748002478805,1.0
1.11978,1.1162720911807018,1.0,0.003507908819298189,0.0010471428571428656,3.349981137119662,1.0
1.11985,1.1163385074934518,1.0,0.0035114925065482527,0.001031428571428572,3.4044941199221266,1.0
1.1191,1.1163613302783244,1.0,0.0027386697216755795,0.0010064285714285828,2.721176444532128,1.0
1.11923,1.1164105108745597,1.0,0.0028194891254402776,0.0009514285714285872,2.9634270087209633,1.0
1.11868,1.1164428986887827,1.0,0.0022371013112172378,0.0008950000000000109,2.4995545376728607,1.0
1.11819,1.1173435912476535,-1.0,0.0008464087523465391,0.0008642857142857301,0.9793159118058952,-1.0
1.11743,1.1170915943904631,-1.0,0.000338405609536796,0.0008692857142857312,0.38929158040386624,-1.0
1.11681,1.1168786006984446,-1.0,-6.860069844449868e-05,0.0009185714285714353,0.07468194231904933,-1.0
1.11708,1.1169097100439669,-1.0,0.0001702899560331872,0.0009292857142857278,0.18324822324862308,-1.0
1.11808,1.1169146590319852,-1.0,0.0011653409680147941,0.0009542857142857171,1.2211656850454393,-1.0
1.11822,1.1169662575542167,-1.0,0.0012537424457832458,0.0009914285714285795,1.2645817176487966,-1.0
1.11903,1.1159849010308571,1.0,0.0030450989691428454,0.0010299999999999912,2.9564067661581275,1.0
1.11835,1.1160199283667447,1.0,0.0023300716332552707,0.0010628571428571432,2.1922716979552272,1.0
1.11813,1.1160873980904156,1.0,0.002042601909584496,0.0010750000000000165,1.9000947996134556,1.0
1.11873,1.1161213763025644,1.0,0.0026086236974356414,0.0010628571428571748,2.4543502529635672,1.0
1.11896,1.1161593191499617,1.0,0.002800680850038262,0.0010821428571428729,2.588087914226739,1.0
1.11995,1.1166214805858412,1.0,0.0033285194141587926,0.0011207142857143002,2.969998202563575,1.0
1.12051,1.1169306163530837,1.0,0.0035793836469162343,0.0011535714285714363,3.1028712728685415,1.0
1.11976,1.116986960055291,1.0,0.0027730399447090104,0.0011907142857143147,2.328887776000312,1.0
1.1199,1.1170072920723293,1.0,0.0028927079276706014,0.0011807142857143127,2.449964367053085,1.0
1.1195,1.1170550572812674,1.0,0.0024449427187325234,0.0011435714285714502,2.137988635993422,1.0
1.11933,1.1171052161718058,1.0,0.0022247838281941323,0.0010764285714285973,2.0668197474928403,1.0
1.12016,1.1171601759402536,1.0,0.0029998240597464143,0.001095714285714311,2.7377794547880594,1.0
1.11973,1.1172248978992354,1.0,0.002505102100764489,0.0010471428571428814,2.392321242203413,1.0
1.11927,1.1172596912705623,1.0,0.0020103087294376376,0.001065714285714289,1.886348673735043,1.0
1.11899,1.11727674165223,1.0,0.0017132583477699193,0.0010507142857143017,1.630565388768083,1.0
1.11937,1.117311270447232,1.0,0.0020587295527678684,0.0009857142857142881,2.088566212952905,1.0
1.11923,1.117336145757156,1.0,0.0018938542428439398,0.0009571428571428628,1.9786536865533582,1.0
1.11872,1.1173538968758931,1.0,0.0013661031241067878,0.0009657142857142999,1.4146038267377772,1.0
1.11945,1.117371909815359,1.0,0.0020780901846411126,0.0009985714285714678,2.08106313197242,1.0
1.1199,1.1173794256127074,1.0,0.0025205743872924735,0.0009571428571428944,2.6334359270218846,1.0
1.12019,1.1174569313207008,1.0,0.002733068679299233,0.0009164285714286116,2.9823040927659847,1.0
1.11944,1.1174848242786437,1.0,0.0019551757213562837,0.0008700000000000216,2.2473284153519946,1.0
1.11898,1.1175061244887174,1.0,0.0014738755112826407,0.000903571428571448,1.631166573751504,1.0
1.11949,1.1175283824617992,1.0,0.0019616175382008993,0.0009014285714285927,2.1761208823147338,1.0
1.11953,1.1175444622660429,1.0,0.0019855377339570435,0.0009078571428571587,2.187059659748082,1.0
1.11951,1.1175669111612772,1.0,0.0019430888387228507,0.0008614285714285844,2.2556586850845357,1.0
1.1203,1.1177344996035472,1.0,0.002565500396452869,0.0008650000000000205,2.965896412084171,1.0
1.12107,1.118118178130376,1.0,0.0029518218696240606,0.0008607142857143099,3.4295025871149947,1.0
1.12155,1.1183560418366993,1.0,0.003193958163300703,0.000882142857142879,3.6206813187213553,1.0
1.12091,1.1183747518710194,1.0,0.0025352481289806494,0.0009264285714286137,2.736582405992866,1.0
1.12028,1.1184249785150229,1.0,0.0018550214849770708,0.0009671428571428807,1.9180428943632466,1.0
1.1193,1.119341566895807,-1.0,-4.156689580714357e-05,0.0010064285714285668,0.041301386891413244,-1.0
1.11976,1.119376009081606,-1.0,0.0003839909183940282,0.0010021428571428403,0.3831698401651094,-1.0
1.1203,1.1194107324240838,-1.0,0.0008892675759162305,0.0009885714285714023,0.8995481259268467,-1.0
1.12061,1.1194652738989674,-1.0,0.001144726101032667,0.0010214285714285382,1.1207108681439064,-1.0
1.11974,1.1195371000185608,-1.0,0.0002028999814391863,0.0010621428571428368,0.191028899808249,-1.0
1.11933,1.1195825347815207,-1.0,-0.0002525347815207635,0.001073571428571404,0.23522867207523418,-1.0
1.11928,1.1195677135513806,-1.0,-0.0002877135513805751,0.0010185714285713926,0.282467722253029,-1.0
1.11948,1.1195819852651243,-1.0,-0.00010198526512428252,0.0010221428571428287,0.09977594072257127,-1.0
1.11861,1.1192586783657101,-1.0,-0.0006486783657100315,0.0010707142857142582,0.6058370326845013,-1.0
1.11903,1.1193056641469692,-1.0,-0.00027566414696922337,0.0010621428571428368,0.25953584785266987,-1.0
1.11915,1.1193535121195193,-1.0,-0.00020351211951918913,0.0010199999999999734,0.1995216858031318,-1.0
1.11823,1.1192171522378955,-1.0,-0.0009871522378954722,0.0010471428571428337,0.9427101862576344,-1.0
1.11807,1.1191303941161372,-1.0,-0.001060394116137342,0.0010157142857142626,1.043988581288546,-1.0
1.11792,1.119006462814569,-1.0,-0.0010864628145690336,0.0009828571428571267,1.1054127473813025,-1.0
1.11871,1.1190429631609335,-1.0,-0.0003329631609334527,0.0009371428571428586,0.35529605587411056,-1.0
1.11882,1.1190837125444064,-1.0,-0.0002637125444064914,0.0009121428571428534,0.28911320451768946,-1.0
1.1198,1.1181834254128158,1.0,0.0016165745871841164,0.0009350000000000033,1.7289567777370167,1.0
1.12032,1.1184605865008115,1.0,0.0018594134991885003,0.0009400000000000043,1.9780994672217997,1.0
1.12122,1.1189073271368783,1.0,0.0023126728631217564,0.0009328571428571321,2.4791286434689863,1.0
1.12176,1.1192236108922469,1.0,0.002536389107753223,0.0009049999999999971,2.802639898069869,1.0
1.12177,1.1193542223974458,1.0,0.002415777602554181,0.0009300000000000182,2.5976103253270257,1.0
1.12113,1.1194101151200448,1.0,0.0017198848799551136,0.000969285714285736,1.7743838113022146,1.0
1.1219,1.1194481757649068,1.0,0.0024518242350930475,0.0009571428571428786,2.5616074097986488,1.0
1.12171,1.1194999593692543,1.0,0.002210040630745702,0.0009664285714285903,2.286812182589743,1.0
1.1209,1.1195313096442714,1.0,0.001368690355728619,0.0010192857142857306,1.3427936215977827,1.0
1.12076,1.1195797434052777,1.0,0.0011802565947223176,0.0009257142857142916,1.2749685436815077,1.0
1.12089,1.1195999200421418,1.0,0.0012900799578581257,0.0009121428571428534,1.414339812843683,1.0
1.12052,1.1196219419353708,1.0,0.0008980580646291703,0.0009450000000000054,0.9503259943165768,1.0
1.11988,1.120483033539072,-1.0,-0.0006030335390720953,0.0009285714285714373,0.6494207343853273,-1.0
1.1206,1.12050822404293,-1.0,9.177595706999497e-05,0.0009228571428571618,0.09944763149999251,-1.0
1.12116,1.1205299870023744,-1.0,0.0006300129976255509,0.0009164285714285958,0.6874654689600528,-1.0
1.12135,1.1205434063802873,-1.0,0.0008065936197128032,0.0008950000000000267,0.9012219214667923,-1.0
1.12229,1.1199622646903606,1.0,0.002327735309639367,0.0008857142857143309,2.628088252818506,1.0
1.12157,1.119973951793419,1.0,0.00159604820658088,0.0009092857142857553,1.7552768964753585,1.0
1.12094,1.119997476844459,1.0,0.0009425231555411084,0.0009321428571428893,1.0111359523046026,1.0
1.12067,1.1200162049567854,1.0,0.0006537950432146111,0.0009092857142857394,0.7190204717206836,1.0
1.1197,1.1206612590802947,-1.0,-0.0009612590802947629,0.0009378571428571807,1.0249525608626153,-1.0
1.12009,1.120667977464461,-1.0,-0.000577977464460977,0.0009157142857143212,0.6311766382568926,-1.0
1.12026,1.1206898113856045,-1.0,-0.00042981138560449494,0.0008878571428571862,0.4840997102544357,-1.0
1.12035,1.120697046459736,-1.0,-0.0003470464597359335,0.0009035714285714798,0.3840830384429086,-1.0
1.12036,1.1207078726206063,-1.0,-0.0003478726206063154,0.0009250000000000488,0.37607850876356436,-1.0
1.12067,1.1207146054026267,-1.0,-4.46054026266296e-05,0.0008950000000000426,0.04983843868896925,-1.0
1.12119,1.1207253424359958,-1.0,0.00046465756400415614,0.0009085714285714649,0.5114155578661891,-1.0
1.12166,1.1207413945518154,-1.0,0.0009186054481846728,0.0009171428571428862,1.0015947254349697,-1.0
1.12158,1.1207510401458713,-1.0,0.0008289598541286747,0.0008700000000000216,0.9528274185386829,-1.0
1.12179,1.1199585816364153,1.0,0.0018314183635848025,0.0008885714285714449,2.0610817596613153,1.0
1.12143,1.1199671293907958,1.0,0.0014628706092041366,0.0008478571428571462,1.7253739282946783,1.0
1.12191,1.1200108713830814,1.0,0.001899128616918544,0.0008464285714285655,2.2436962562750886,1.0
1.12116,1.1200213073422773,1.0,0.0011386926577225953,0.0008928571428571239,1.2753357766493338,1.0
1.12055,1.1200375486745964,1.0,0.0005124513254035623,0.0008957142857142696,0.5721147173564595,1.0
1.12073,1.120050214002475,1.0,0.0006797859975249398,0.0008392857142856773,0.8099577842850704,1.0
1.12031,1.1200548868436462,1.0,0.00025511315635373677,0.0008507142857142444,0.29988112417737095,1.0
1.1204,1.1200659113171558,1.0,0.00033408868284423576,0.0008328571428571114,0.4011356397786859,1.0
1.12023,1.1200697150222299,1.0,0.00016028497777020867,0.0008257142857142551,0.194116755085035,1.0
1.11976,1.1206761589637542,-1.0,-0.0009161589637540768,0.0008335714285714017,1.0990767345807615,-1.0
1.12057,1.1206768617176928,-1.0,-0.0001068617176926967,0.0009114285714285472,0.11724639872239762,-1.0
1.12143,1.1196955171171985,1.0,0.0017344828828014247,0.0009485714285714097,1.8285211113870805,1.0
1.12175,1.119862619414921,1.0,0.0018873805850789793,0.0009535714285714107,1.979275519933049,1.0
1.12139,1.11986457024045,1.0,0.0015254297595501676,0.0009699999999999788,1.5726079995362896,1.0
1.12147,1.1198792533848543,1.0,0.0015907466151456884,0.0009364285714285524,1.698737804122051,1.0
1.12208,1.120107386437404,1.0,0.0019726135625959262,0.0009799999999999809,2.01287098224078,1.0
1.12182,1.12012356258488,1.0,0.0016964374151200445,0.0009457142857142799,1.7938159978610853,1.0
1.12154,1.1201442998842377,1.0,0.0013957001157622884,0.0008857142857142833,1.5757904532800073,1.0
1.12172,1.1201679629669545,1.0,0.0015520370330455169,0.0008914285714285589,1.7410671845062133,1.0
1.12211,1.120315737162195,1.0,0.0017942628378049275,0.0008842857142857026,2.0290532899248235,1.0
1.12267,1.1206397632680702,1.0,0.002030236731929813,0.0008849999999999929,2.294052804440485,1.0
1.12233,1.120678441139038,1.0,0.0016515588609620213,0.0008807142857142823,1.8752493149609397,1.0
1.12149,1.1206881370988322,1.0,0.0008018629011679046,0.0009535714285714267,0.8409049150824485,1.0
1.12237,1.120713330101007,1.0,0.0016566698989930462,0.0010007142857142754,1.655487407987358,1.0
1.1215,1.1207190109920515,1.0,0.0007809890079484294,0.00097214285714285,0.8033685607111015,1.0
1.12174,1.1207250095489187,1.0,0.0010149904510812213,0.0009399999999999885,1.0797770756183338,1.0
1.12151,1.1207480993374546,1.0,0.000761900662545445,0.0009335714285714067,0.8161139461083764,1.0
1.12233,1.1207646802946218,1.0,0.0015653197053782097,0.0009657142857142682,1.6208931860425542,1.0
1.1223,1.1207793100149228,1.0,0.0015206899850772615,0.000963571428571397,1.5781808592351638,1.0
1.12181,1.1207877842644982,1.0,0.0010222157355017636,0.0009571428571428152,1.0679865893302476,1.0
1.12143,1.1207899004801565,1.0,0.0006400995198434511,0.0009707142857142374,0.6594108372191878,1.0
1.12135,1.1208000711630297,1.0,0.0005499288369703592,0.0009507142857142492,0.5784375445218125,1.0
1.12067,1.1215877646372119,-1.0,-0.0009177646372118264,0.0009671428571428331,0.9489442334539062,-1.0
1.12093,1.1215906964788598,-1.0,-0.0006606964788598013,0.0009442857142856991,0.6996785706533561,-1.0
1.12051,1.1214033169422102,-1.0,-0.0008933169422102871,0.0009385714285714077,0.951783652278866,-1.0
1.12037,1.1213065435473746,-1.0,-0.000936543547374491,0.0009349999999999716,1.0016508528069727,-1.0
1.12099,1.121315239686901,-1.0,-0.00032523968690112426,0.0009171428571428228,0.35462271157444786,-1.0
1.12091,1.1213174221754154,-1.0,-0.00040742217541533954,0.0008171428571428338,0.4985935713124927,-1.0
1.12129,1.1213272820075137,-1.0,-3.7282007513850246e-05,0.0007935714285713935,0.04698002747020041,-1.0
1.12214,1.1205506388034714,1.0,0.001589361196528527,0.0008299999999999656,1.9148930078657744,1.0
1.12233,1.120685568389793,1.0,0.0016444316102071088,0.0008171428571428338,2.012416306197568,1.0
1.12298,1.1209656872468083,1.0,0.0020143127531917493,0.0008228571428571094,2.447949526448406,1.0
1.12324,1.1211616732497225,1.0,0.002078326750277526,0.0008264285714285455,2.5148292570342505,1.0
1.12317,1.1211670902753523,1.0,0.0020029097246476724,0.0008042857142857018,2.490296282865706,1.0
1.12305,1.1211854337860632,1.0,0.0018645662139369357,0.00076857142857142,2.4260155199923226,1.0
1.12273,1.1211998489952448,1.0,0.0015301510047551758,0.0008078571428571221,1.89408612436543,1.0
1.12222,1.1212148876794914,1.0,0.0010051123205085943,0.000809285714285687,1.2419746237529388,1.0
1.12177,1.1212235991732125,1.0,0.0005464008267874743,0.0008514285714285348,0.6417459375020947,1.0
1.12143,1.1220431839181775,-1.0,-0.0006131839181775511,0.0008521428571428251,0.7195787807616126,-1.0
1.12197,1.122052703076734,-1.0,-8.270307673408084e-05,0.0008857142857142516,0.09337444147396583,-1.0
1.12147,1.1220608482637395,-1.0,-0.0005908482637395629,0.0008907142857142526,0.6633420763716269,-1.0
1.12177,1.122067255048015,-1.0,-0.0002972550480151437,0.0009585714285713801,0.3101021365284815,-1.0
1.12187,1.122071583579001,-1.0,-0.00020158357900101898,0.0009478571428571035,0.2126729544848819,-1.0
1.1213,1.1220742399760666,-1.0,-0.0007742399760666263,0.0008992857142856739,0.8609499336722204,-1.0
1.12079,1.1218041597551194,-1.0,-0.001014159755119426,0.0009021428571428196,1.1241675828719362,-1.0
1.12154,1.1218179866550835,-1.0,-0.0002779866550834953,0.000881428571428541,0.31538194255827134,-1.0
1.12245,1.1218341072075027,-1.0,0.0006158927924972968,0.0009664285714285585,0.637287442347544,-1.0
1.12279,1.1209738980522923,1.0,0.001816101947707649,0.0009492857142857002,1.91312470036926,1.0
1.1226,1.1209863600757508,1.0,0.0016136399242492327,0.0009614285714285575,1.6783773357718859,1.0
1.12174,1.1209987559454924,1.0,0.0007412440545075949,0.0009778571428571414,0.7580289819654012,1.0
1.12251,1.1210119920127848,1.0,0.0014980079872151109,0.0010028571428571467,1.4937401581917003,1.0
1.12305,1.1210967414275101,1.0,0.0019532585724899576,0.001010000000000019,1.933919378702892,1.0
1.12247,1.1211055080646073,1.0,0.0013644919353927865,0.0010257142857143123,1.3302846166781697,1.0
1.12346,1.1213024528603206,1.0,0.0021575471396793056,0.0010428571428571707,2.068880818870512,1.0
1.12359,1.1214430961854758,1.0,0.0021469038145243147,0.0010042857142857433,2.137742062826425,1.0
1.12278,1.1214563781123068,1.0,0.0013236218876930828,0.0010235714285714728,1.2931407137266124,1.0
1.12193,1.1214840029300512,1.0,0.0004459970699488558,0.0010657142857143206,0.4184959101396633,1.0
1.12228,1.1215150469177466,1.0,0.0007649530822533279,0.0010885714285714546,0.7027128052195758,1.0
1.12268,1.1215321244192125,1.0,0.0011478755807874386,0.0010785714285714526,1.0642555053658134,1.0
1.12305,1.1215537311296804,1.0,0.001496268870319728,0.0010550000000000281,1.4182643320565764,1.0
1.12257,1.1215661986572796,1.0,0.0010038013427204895,0.0010107142857143092,0.993160339087387,1.0
1.12295,1.1215862559129444,1.0,0.0013637440870555295,0.001028571428571458,1.3258623068595046,1.0
1.12231,1.1215955132166955,1.0,0.0007144867833044355,0.001051428571428592,0.6795390602080096,1.0
1.12278,1.1215972291356855,1.0,0.0011827708643143975,0.0010292857142857326,1.1491181193894011,1.0
1.12315,1.1215964198999875,1.0,0.0015535801000126082,0.000977142857142867,1.5899211549836474,1.0
1.12228,1.1215972277020008,1.0,0.000682772297999179,0.0010121428571428584,0.6745809577973532,1.0
1.12222,1.1216051994668397,1.0,0.0006148005331603201,0.0009942857142857095,0.6183338695577962,1.0
1.12135,1.1224701016005947,-1.0,-0.001120101600594614,0.000978571428571416,1.1446293728704233,-1.0
1.12139,1.1224636056422939,-1.0,-0.0010736056422937512,0.0009871428571428373,1.0875889285175702,-1.0
1.12095,1.1222781876919155,-1.0,-0.001328187691915561,0.000974999999999964,1.362243786580113,-1.0
1.12118,1.1222827857439426,-1.0,-0.0011027857439425137,0.000930714285714261,1.184881075609793,-1.0
1.12194,1.1222884808232436,-1.0,-0.0003484808232436798,0.0009299999999999706,0.37471056262762453,-1.0
1.12253,1.1222962652198343,-1.0,0.00023373478016575078,0.0009514285714285396,0.24566718636040694,-1.0
1.12307,1.1214124918309514,1.0,0.0016575081690486382,0.0009649999999999619,1.7176250456463251,1.0
1.12213,1.1214204570993946,1.0,0.000709542900605431,0.0009999999999999534,0.7095429006054641,1.0
1.12307,1.121434325079874,1.0,0.0016356749201260623,0.0010399999999999615,1.5727643462751182,1.0
1.12266,1.1214430309179626,1.0,0.001216969082037389,0.001067142857142838,1.1403994075317105,1.0
1.12338,1.1214555773015065,1.0,0.0019244226984935775,0.001109999999999976,1.7337141427870442,1.0
1.12351,1.1215681065833427,1.0,0.001941893416657292,0.0010892857142856815,1.7827218251280594,1.0
1.12433,1.12196048436742,1.0,0.0023695156325800326,0.0010757142857142593,2.2027369758380657,1.0
1.12525,1.1224167489166526,1.0,0.002833251083347532,0.0011257142857142696,2.5168474090651025,1.0
1.12426,1.1224287872647765,1.0,0.0018312127352235752,0.0011585714285714216,1.5805781931646243,1.0
1.124,1.1224314004259246,1.0,0.0015685995740755132,0.0011371428571428682,1.3794217359960408,1.0
1.12474,1.1224558838051544,1.0,0.002284116194845698,0.0011257142857143013,2.029037228923815,1.0
1.12488,1.1224944097329201,1.0,0.0023855902670799622,0.0011385714285714332,2.095248666193183,1.0
1.12502,1.122537095601159,1.0,0.0024829043988408017,0.0010928571428571493,2.271938665605949,1.0
1.12531,1.122712014877275,1.0,0.0025979851227251327,0.0010935714285714398,2.375688551152938,1.0
1.12589,1.1229803814042474,1.0,0.002909618595752672,0.001128571428571447,2.578143059527642,1.0
1.12652,1.1232788074209243,1.0,0.0032411925790756246,0.001108571428571443,2.9237561924650874,1.0
1.12743,1.123714270211544,1.0,0.0037157297884560236,0.001108571428571427,3.3518181081433247,1.0
1.12751,1.1238684240152343,1.0,0.003641575984765666,0.001060714285714272,3.4331356085333318,1.0
1.12702,1.1238817244400372,1.0,0.003138275559962711,0.0010528571428571251,2.9807230555955693,1.0
1.12645,1.1238910732583114,1.0,0.002558926741688561,0.001090714285714294,2.3461017932966324,1.0
1.12652,1.1239173357692394,1.0,0.0026026642307606096,0.0010399999999999934,2.502561760346756,1.0
1.12639,1.1239531310356097,1.0,0.0024368689643903263,0.0009557142857142661,2.5497881540706477,1.0
1.12727,1.1239960584053985,1.0,0.0032739415946014816,0.0009278571428571152,3.528497484559054,1.0
1.1268,1.1240571658207248,1.0,0.002742834179275233,0.0009635714285713812,2.846529170485927,1.0
1.12774,1.1242189082475584,1.0,0.0035210917524415297,0.0010099999999999554,3.486229457863055,1.0
1.12839,1.1245605851865463,1.0,0.0038294148134536687,0.0010171428571428118,3.764874114350685,1.0
1.12932,1.1250319372467108,1.0,0.004288062753289301,0.0010921428571428274,3.9262837505593104,1.0
1.12916,1.1250862537878459,1.0,0.004073746212154061,0.0010642857142856763,3.8276810047086505,1.0
1.12968,1.1253976155976817,1.0,0.004282384402318318,0.0010278571428571043,4.166322559587123,1.0
1.12951,1.125452551342946,1.0,0.00405744865705393,0.0010099999999999554,4.017275898073376,1.0
1.1288,1.1254808650411552,1.0,0.0033191349588448382,0.0009885714285713862,3.3575064612593732,1.0
1.12973,1.1255242130183207,1.0,0.0042057869816791715,0.0010678571428571124,3.938529614950507,1.0
1.12976,1.1256102063384918,1.0,0.00414979366150825,0.0009821428571428362,4.225244455353945,1.0
1.12961,1.1256348913352814,1.0,0.0039751086647186185,0.0009514285714285396,4.178042140094783,1.0
1.12862,1.1257042115511622,1.0,0.002915788448837775,0.0010171428571428276,2.866645946891154,1.0
1.1282,1.1257319172070654,1.0,0.002468082792934645,0.0010428571428571232,2.366654732951074,1.0
1.12906,1.1257787768651946,1.0,0.003281223134805389,0.0010735714285714198,3.0563622014155567,1.0
1.1296,1.1257927560500742,1.0,0.0038072439499257094,0.0010900000000000037,3.492884357729997,1.0
1.12899,1.1258315194945818,1.0,0.0031584805054181153,0.001046428571428575,3.0183431451094513,1.0
1.12962,1.1259058712237153,1.0,0.003714128776284742,0.001052857142857157,3.527666408954253,1.0
1.13038,1.1261517152144278,1.0,0.004228284785572134,0.0010250000000000062,4.125155888363032,1.0
1.1302,1.1261600202033544,1.0,0.004039979796645721,0.001046428571428575,3.8607315462825866,1.0
1.12968,1.1262194250711168,1.0,0.0034605749288831866,0.0010678571428571443,3.2406721742049864,1.0
1.12951,1.1262359295992646,1.0,0.0032740704007354626,0.0010557142857143026,3.101284547381309,1.0
1.12878,1.1262530805133049,1.0,0.002526919486695034,0.0010557142857143026,2.3935637898328763,1.0
1.12821,1.1262931514764585,1.0,0.001916848523541459,0.001027857142857136,1.8648977991369429,1.0
1.12814,1.1272747397443204,-1.0,0.0008652602556795674,0.0010299999999999912,0.8400585006597814,-1.0
1.12797,1.1271731054113063,-1.0,0.0007968945886935863,0.0010385714285714126,0.767298778659586,-1.0
1.12768,1.1270405552491514,-1.0,0.00063944475084865,0.0009771428571428511,0.6544025227983301,-1.0
1.12804,1.1270658684054253,-1.0,0.000974131594574601,0.0010221428571428445,0.9530288136998311,-1.0
1.12758,1.1270940997730106,-1.0,0.00048590022698946633,0.0009807142857142712,0.49545543902786815,-1.0
1.12753,1.127068862715142,-1.0,0.0004611372848579709,0.0009392857142856981,0.49094463787161247,-1.0
1.12678,1.126749558730717,-1.0,3.0441269282865946e-05,0.0009364285714285524,0.03250783905111609,-1.0
1.12649,1.1266529556161293,-1.0,-0.0001629556161293344,0.0009314285714285513,0.1749523486051174,-1.0
1.12708,1.126663399954627,-1.0,0.0004166000453731389,0.0009492857142857002,0.4388563307166314,-1.0
1.1278,1.1266877784818687,-1.0,0.0011122215181311734,0.0009892857142857084,1.1242672385441532,-1.0
1.12795,1.1267362593634274,-1.0,0.0012137406365726466,0.0009499999999999906,1.2776217227080617,-1.0
1.12838,1.126763452658417,-1.0,0.0016165473415830078,0.0009564285714285565,1.6901913952324468,-1.0
1.12816,1.1267898807999255,-1.0,0.001370119200074571,0.0009092857142856918,1.5068082326036503,-1.0
1.12808,1.1268187823160756,-1.0,0.0012612176839243983,0.0008549999999999867,1.475108402250781,-1.0
1.12817,1.1268293811353618,-1.0,0.001340618864638099,0.000894999999999995,1.4978981727800074,-1.0
1.1281,1.126859250005494,-1.0,0.001240749994506185,0.0008985714285714311,1.3808028555712673,-1.0
1.12865,1.1261970730659558,1.0,0.0024529269340440862,0.0009021428571428514,2.7190005603022507,1.0
1.12932,1.1265268134070436,1.0,0.0027931865929564648,0.000894999999999995,3.12087887481171,1.0
1.12834,1.1265560175278997,1.0,0.0017839824721002095,0.0009028571428571259,1.9759299532755856,1.0
1.12924,1.126601173183015,1.0,0.002638826816985018,0.0009714285714285596,2.716439370425787,1.0
1.12997,1.1268572098940268,1.0,0.0031127901059730956,0.0009549999999999916,3.2594660795530084,1.0
1.13056,1.127169381929496,1.0,0.0033906180705041145,0.0009464285714285703,3.5825398480798234,1.0
1.13066,1.127332344363116,1.0,0.003327655636883975,0.0008778571428571366,3.790657356906101,1.0
1.12975,1.1273914858472538,1.0,0.0023585141527462383,0.000894999999999995,2.6352113438505604,1.0
1.12992,1.1274532276600944,1.0,0.002466772339905665,0.0008692857142857153,2.8377003088479267,1.0
1.13013,1.1274982118975094,1.0,0.002631788102490651,0.0008499999999999856,3.096221297047877,1.0
1.12982,1.1275576155030582,1.0,0.002262384496941827,0.0008700000000000056,2.6004419505078307,1.0
1.12983,1.1276149143223737,1.0,0.002215085677626183,0.0008642857142857142,2.5629090484931045,1.0
1.12883,1.128483340834649,-1.0,0.00034665916535092656,0.0009007142857142705,0.38487139690032146,-1.0
1.12909,1.128519578525055,-1.0,0.0005704214749449044,0.0009185714285714035,0.620987608804734,-1.0
1.12931,1.1285554911465074,-1.0,0.000754508853492597,0.0009028571428571259,0.8356901858304238,-1.0
1.13025,1.1286043484371433,-1.0,0.001645651562856676,0.0009471428571428449,1.7374903378577498,-1.0
1.12943,1.1286369434154533,-1.0,0.0007930565845466475,0.0009635714285714288,0.8230387089438891,-1.0
1.12975,1.1286742688791311,-1.0,0.0010757311208688947,0.0009035714285714162,1.1905324657837733,-1.0
1.12972,1.1287147252110534,-1.0,0.0010052747889466307,0.0008792857142857015,1.143285706356867,-1.0
1.13013,1.1287623551434374,-1.0,0.0013676448565627108,0.0008607142857142623,1.5889649785791264,-1.0
1.12935,1.1287988638963697,-1.0,0.0005511361036303342,0.0009221428571428238,0.5976688962683933,-1.0
1.12865,1.1288466641649348,-1.0,-0.00019666416493491212,0.0008785714285713953,0.2238453909828353,-1.0
1.12829,1.1287033337605377,-1.0,-0.0004133337605376486,0.0009414285714285375,0.4390495180217973,-1.0
1.12737,1.1283776157622885,-1.0,-0.0010076157622884718,0.0010121428571428423,0.9955272175045033,-1.0
1.12808,1.1284007408985879,-1.0,-0.0003207408985879123,0.0010557142857142551,0.3038141123295604,-1.0
1.12794,1.128427065624017,-1.0,-0.0004870656240170135,0.001037857142857122,0.4692992936158517,-1.0
1.12759,1.1284677569285233,-1.0,-0.0008777569285232101,0.0010399999999999774,0.8439970466569512,-1.0
1.12743,1.1284451406452614,-1.0,-0.0010151406452614253,0.0010185714285714084,0.996631769541391,-1.0
1.12753,1.1284471399708778,-1.0,-0.0009171399708778338,0.0010485714285714146,0.8746566479761475,-1.0
1.12809,1.1284520657915391,-1.0,-0.00036206579153907903,0.0010049999999999862,0.36026446919311844,-1.0
1.12776,1.1284694115833642,-1.0,-0.0007094115833641279,0.0009842857142857073,0.7207374576994093,-1.0
1.12692,1.1282952322626065,-1.0,-0.0013752322626066071,0.0010142857142857137,1.355862794119191,-1.0
1.12726,1.1283010766024129,-1.0,-0.001041076602412927,0.0010278571428571517,1.0128611837234782,-1.0
1.12776,1.128331754892914,-1.0,-0.0005717548929138339,0.0010357142857142984,0.5520392069512811,-1.0
1.12829,1.1283487080217611,-1.0,-5.870802176111134e-05,0.001007142857142873,0.05829165281245005,-1.0
1.12835,1.1283658394841023,-1.0,-1.583948410233127e-05,0.0009821428571428678,0.01612747472237348,-1.0
1.12876,1.1283774155335373,-1.0,0.0003825844664626654,0.0009828571428571425,0.3892574513428283,-1.0
1.12789,1.1283994944619518,-1.0,-0.0005094944619516983,0.000970714285714285,0.5248655237177176,-1.0
1.12814,1.1284322023090478,-1.0,-0.00029220230904791755,0.0009407142857142789,0.3106174887373482,-1.0
1.12813,1.1284524642503544,-1.0,-0.00032246425035431514,0.000955714285714282,0.3374065399820949,-1.0
1.12812,1.1284978043416856,-1.0,-0.0003778043416855503,0.0008928571428571397,0.42314086268781786,-1.0
1.12879,1.1285466547783782,-1.0,0.0002433452216217269,0.0009192857142857257,0.264711196791308,-1.0
1.12928,1.1278382455988767,1.0,0.001441754401123374,0.0009257142857142916,1.557450741954252,1.0
1.12858,1.1278707919266915,1.0,0.0007092080733084316,0.0009042857142857067,0.7842743306728378,1.0
1.12883,1.1278772373529367,1.0,0.0009527626470633432,0.0008821428571428472,1.0800548225819397,1.0
1.12845,1.1278996934301735,1.0,0.0005503065698264642,0.0008557142857142771,0.6430961583948728,1.0
1.1285,1.1279138685660293,1.0,0.0005861314339707935,0.0008278571428571262,0.7080103602753473,1.0
1.12914,1.1279214375332942,1.0,0.0012185624667058192,0.0008564285714285516,1.422841912750781,1.0
1.12893,1.1279403330056035,1.0,0.0009896669943965097,0.000850714285714276,1.163336517342678,1.0
1.1288,1.127977690843256,1.0,0.0008223091567440832,0.0008500000000000016,0.9674225373459785,1.0
1.12919,1.127991273851931,1.0,0.0011987261480688183,0.0008457142857143067,1.4174126750813378,1.0
1.12894,1.1280039457248834,1.0,0.0009360542751166712,0.0007592857142857243,1.2328090170868509,1.0
1.12926,1.1281168237337484,1.0,0.0011431762662514888,0.0007571428571428848,1.5098554459924773,1.0
1.12952,1.1282628418316825,1.0,0.001257158168317618,0.0007778571428571635,1.6161812999491447,1.0
1.12958,1.128311628495799,1.0,0.0012683715042010046,0.0008021428571428941,1.581228945575534,1.0
1.12871,1.128321109612886,1.0,0.00038889038711409363,0.0008185714285714621,0.4750842425477389,1.0
1.12785,1.129146403818853,-1.0,-0.001296403818852987,0.0008371428571428855,1.5486052443635838,-1.0
1.12753,1.129018009155038,-1.0,-0.0014880091550379948,0.0008635714285714714,1.7230875244442425,-1.0
1.12754,1.129023175003495,-1.0,-0.0014831750034949298,0.0008735714285714735,1.6978291127496279,-1.0
1.12805,1.1290340039617734,-1.0,-0.0009840039617734497,0.0008814285714286044,1.1163740247024134,-1.0
1.12774,1.1290367839192423,-1.0,-0.0012967839192423725,0.000917142857142902,1.4139388527564116,-1.0
1.12808,1.1290537781180003,-1.0,-0.000973778118000368,0.0008828571428571852,1.1029849233013347,-1.0
1.12869,1.129057637832691,-1.0,-0.0003676378326911145,0.0009107142857143202,0.40368075746473786,-1.0
1.12804,1.1290517416514445,-1.0,-0.0010117416514445754,0.0009507142857143126,1.0641910683864504,-1.0
1.12847,1.129044261783525,-1.0,-0.000574261783524932,0.0009271428571428565,0.6193886725230395,-1.0
1.12933,1.1290459657487317,-1.0,0.000284034251268217,0.0009878571428571594,0.28752563396637537,-1.0
1.12909,1.1290454638920084,-1.0,4.453610799148855e-05,0.0009607142857142989,0.04635728712868633,-1.0
1.12872,1.1290387421342465,-1.0,-0.0003187421342465413,0.0009657142857142999,0.33005842303635446,-1.0
1.12958,1.1281995463010188,1.0,0.00138045369898121,0.0009914285714285795,1.392388457185647,1.0
1.12937,1.1281980283542623,1.0,0.0011719716457376794,0.0009528571428571363,1.2299552503993723,1.0
1.12929,1.1282007712940259,1.0,0.0010892287059740546,0.0009364285714285682,1.1631732939463628,1.0
1.13025,1.1285088382003463,1.0,0.0017411617996536677,0.0009414285714285534,1.8494890132892121,1.0
1.12993,1.1285153052510943,1.0,0.0014146947489057649,0.0009585714285714118,1.475836548783983,1.0
1.13065,1.1286561896176166,1.0,0.001993810382383332,0.0009921428571428384,2.009600097434642,1.0
1.13044,1.128661207621903,1.0,0.0017787923780969717,0.0009728571428571245,1.828420946648904,1.0
1.13005,1.1286664473517876,1.0,0.0013835526482124383,0.000989999999999999,1.397527927487313,1.0
1.13095,1.1288187900023319,1.0,0.0021312099976680265,0.0010171428571428593,2.0952907280444037,1.0
1.13095,1.1289336211066994,1.0,0.00201637889330053,0.000950714285714281,2.1209094294671345,1.0
1.13151,1.1291962073382884,1.0,0.002313792661711611,0.0009842857142857233,2.350732747747624,1.0
1.13163,1.1292985237455677,1.0,0.0023314762544321965,0.0009550000000000074,2.4413363920755797,1.0
1.13214,1.1295521010416962,1.0,0.0025878989583036915,0.0009864285714285786,2.623503650706113,1.0
1.13252,1.1297906242191615,1.0,0.002729375780838428,0.0009735714285714307,2.803467419790015,1.0
1.1331,1.1301448225162922,1.0,0.0029551774837077716,0.0009464285714285703,3.1224516808987812,1.0
1.13329,1.1303335799666758,1.0,0.002956420033324081,0.0009064285714285937,3.2616139059524127,1.0
1.13255,1.1303568461054125,1.0,0.0021931538945874074,0.0009350000000000191,2.34561913859611,1.0
1.13172,1.130366346134743,1.0,0.0013536538652569874,0.000941428571428601,1.437872087526345,1.0
1.13157,1.1312704168725976,-1.0,0.0002995831274024141,0.0009185714285714511,0.32614026311304,-1.0
1.13151,1.1311943988725364,-1.0,0.00031560112746364943,0.0008585714285714704,0.3675886675949149,-1.0
1.1316,1.1312256658497417,-1.0,0.00037433415025822647,0.000882142857142879,0.42434640515101546,-1.0
1.13232,1.1312572452898992,-1.0,0.001062754710100755,0.0009092857142857394,1.1687797283118744,-1.0
1.13141,1.1312772367259503,-1.0,0.00013276327404976307,0.0008900000000000256,0.14917221803343736,-1.0
1.13222,1.1313223502345933,-1.0,0.0008976497654067384,0.0009642857142857508,0.9308960530143601,-1.0
1.133,1.1313345897125324,-1.0,0.0016654102874675836,0.0009692857142857518,1.7181830526562467,-1.0
1.13282,1.1313453917405325,-1.0,0.001474608259467436,0.0009542857142857487,1.5452481760885746,-1.0
1.13206,1.1313590264451634,-1.0,0.0007009735548366702,0.0009742857142857529,0.7194743231461139,-1.0
1.13181,1.1313679126492957,-1.0,0.00044208735070427885,0.0009907142857143209,0.44623092356594696,-1.0
1.13233,1.1313966996020355,-1.0,0.000933300397964576,0.0009914285714285956,0.9413692774858606,-1.0
1.13214,1.1314248448593895,-1.0,0.0007151551406103795,0.0010050000000000178,0.7115971548361859,-1.0
1.13233,1.1314347273772514,-1.0,0.0008952726227486885,0.0009371428571428744,0.955321396225717,-1.0
1.13246,1.1314647750165665,-1.0,0.000995224983433518,0.0008678571428571504,1.1467612977834678,-1.0
1.13199,1.1314802391804928,-1.0,0.0005097608195072656,0.0009128571428571439,0.5584234329500556,-1.0
1.13249,1.1314866603103504,-1.0,0.0010033396896496072,0.0009399999999999885,1.067382648563425,-1.0
1.13258,1.1315095944708764,-1.0,0.0010704055291235193,0.0009307142857142768,1.1500903612992643,-1.0
1.13279,1.1315267007210466,-1.0,0.0012632992789534114,0.0008942857142856887,1.4126349764655164,-1.0
1.13214,1.1315453296810984,-1.0,0.0005946703189014801,0.0008957142857142537,0.6639062571468117,-1.0
1.13162,1.1315556648640053,-1.0,6.433513599479745e-05,0.0008699999999999582,0.07394843217793166,-1.0
1.13244,1.131563666298304,-1.0,0.0008763337016959305,0.0008657142857142316,1.0122666521240753,-1.0
1.13335,1.1305475416368282,1.0,0.0028024583631718336,0.0009492857142856526,2.952175852852387,1.0
1.13376,1.1307969182314284,1.0,0.0029630817685717403,0.000918571428571356,3.225749981338075,1.0
1.13387,1.1309387364513808,1.0,0.0029312635486191674,0.0008949999999999474,3.2751548029266364,1.0
1.13358,1.130969539498446,1.0,0.0026104605015540017,0.0008821428571428155,2.9592264794945544,1.0
1.13375,1.1310583733152608,1.0,0.0026916266847392123,0.0008821428571428155,3.0512367276397367,1.0
1.13378,1.1311440445049241,1.0,0.0026359554950758923,0.0008907142857142526,2.9593726488423306,1.0
1.13369,1.1311725844949492,1.0,0.002517415505050913,0.0009114285714285472,2.7620546293662787,1.0
1.13407,1.1313710406534363,1.0,0.002698959346563612,0.0008614285714285527,3.133120302810231,1.0
1.1343,1.1315506215828517,1.0,0.002749378417148396,0.0008271428571428359,3.323946272891065,1.0
1.13527,1.1319957893371744,1.0,0.0032742106628256273,0.000868571428571409,3.769650434174327,1.0
1.13623,1.132430932663832,1.0,0.0037990673361680827,0.0009157142857142737,4.148747480994841,1.0
1.13603,1.1324862403356912,1.0,0.0035437596643088654,0.0008521428571428569,4.158645037747203,1.0
1.1357,1.132506502280208,1.0,0.003193497719791827,0.000822857142857141,3.8809868122470204,1.0
1.1351,1.1325591798235628,1.0,0.0025408201764371974,0.0008357142857142888,3.0402976470188574,1.0
1.13593,1.132581763471078,1.0,0.0033482365289221327,0.000827857142857158,4.044461726049095,1.0
1.13599,1.132604112687512,1.0,0.003385887312488123,0.0008007142857142975,4.228583619521233,1.0
1.13507,1.1326202814595365,1.0,0.002449718540463497,0.000894999999999995,2.737115687668727,1.0
1.13419,1.1336578556913854,-1.0,0.0005321443086145905,0.0009757142857142861,0.5453894817426255,-1.0
1.13424,1.1336717058889065,-1.0,0.0005682941110933815,0.0009957142857142745,0.5707401402659562,-1.0
1.13328,1.1332346561323499,-1.0,4.534386765020493e-05,0.0010471428571428496,0.04330246569596682,-1.0
1.1323,1.1328105771094659,-1.0,-0.0005105771094657818,0.0011028571428571196,0.46295851894566686,-1.0
1.13203,1.1326614426654475,-1.0,-0.000631442665447457,0.0011171428571428324,0.5652300074337975,-1.0
1.13186,1.1325221182594392,-1.0,-0.0006621182594390707,0.001124999999999979,0.5885495639458516,-1.0
1.13279,1.1325401505933093,-1.0,0.0002498494066907053,0.001165714285714262,0.21433159887683492,-1.0
1.13265,1.1325772023596654,-1.0,7.279764033452096e-05,0.0011228571428571238,0.06483250411471443,-1.0
1.13187,1.1326077266431502,-1.0,-0.0007377266431503049,0.0011942857142857033,0.6177136964177251,-1.0
1.13197,1.1326145624901955,-1.0,-0.0006445624901956215,0.0011928571428571383,0.5403517881879483,-1.0
1.13272,1.1326306082858446,-1.0,8.93917141553402e-05,0.0011978571428571394,0.07462635648030808,-1.0
1.13281,1.132670119502105,-1.0,0.00013988049789515067,0.0011042857142857005,0.1266705673047952,-1.0
1.13331,1.1326763227064576,-1.0,0.0006336772935424673,0.0011514285714285652,0.5503400812403592,-1.0
1.13346,1.1326988073339448,-1.0,0.0007611926660551216,0.0010550000000000123,0.7215096360711969,-1.0
1.13263,1.1327223911796103,-1.0,-9.239117961024057e-05,0.0010228571428571507,0.09032657224464792,-1.0
1.13268,1.132726501324158,-1.0,-4.650132415817687e-05,0.0010421428571428645,0.044620873078442196,-1.0
1.13279,1.1327430879984055,-1.0,4.6912001594456854e-05,0.0009992857142857106,0.04694553411882762,-1.0
1.13307,1.132749479265405,-1.0,0.0003205207345950978,0.0009678571428571552,0.33116533463699716,-1.0
1.1324,1.1327675901127967,-1.0,-0.0003675901127966341,0.0010064285714285828,0.36524212769005104,-1.0
1.13182,1.132726273604034,-1.0,-0.000906273604033947,0.0010285714285714423,0.8810993372552145,-1.0
1.13225,1.132747456967572,-1.0,-0.0004974569675719742,0.0009328571428571639,0.5332616803987352,-1.0
1.13318,1.1327768729670895,-1.0,0.0004031270329105663,0.0009928571428571603,0.40602722739193015,-1.0
1.13379,1.132792896977381,-1.0,0.000997103022619017,0.0009514285714285872,1.0480061799298803,-1.0
1.13283,1.1328187697448853,-1.0,1.1230255114735854e-05,0.0009942857142857253,0.011294796810797429,-1.0
1.13287,1.1328338771316344,-1.0,3.6122868365628946e-05,0.0009192857142857257,0.03929449550262618,-1.0
1.13368,1.1328500787022302,-1.0,0.00082992129776982,0.0009907142857142892,0.8376999400704714,-1.0
1.13414,1.132007797632359,1.0,0.0021322023676408897,0.0009921428571428542,2.1490880595372603,1.0
1.13326,1.1320227398298326,1.0,0.0012372601701673425,0.0010685714285714187,1.15786379561116,1.0
1.13258,1.1320468506569499,1.0,0.0005331493430500434,0.0010735714285714198,0.49661282785766253,1.0
1.13326,1.1320630374863199,1.0,0.0011969625136800666,0.0010942857142857143,1.0938299733368755,1.0
1.13409,1.1320843140875945,1.0,0.002005685912405575,0.0011428571428571438,1.7549751733548764,1.0
1.13347,1.1321018628650399,1.0,0.0013681371349600902,0.0011600000000000024,1.179428564620765,1.0
1.13342,1.1321312551341856,1.0,0.0012887448658145395,0.001075714285714291,1.1980363958435236,1.0
1.13431,1.1321612401305745,1.0,0.0021487598694254206,0.001137857142857143,1.8884267527907022,1.0
1.13471,1.1324143624627592,1.0,0.0022956375372409354,0.0011435714285714343,2.0074282024592716,1.0
1.13537,1.1326904454368396,1.0,0.00267955456316038,0.001136428571428578,2.3578732799651227,1.0
1.13516,1.1327300731521244,1.0,0.0024299268478755742,0.00112642857142856,2.1571956797881033,1.0
1.13463,1.132747720845686,1.0,0.0018822791543140482,0.001108571428571427,1.697932226829685,1.0
1.13453,1.1327891481088068,1.0,0.001740851891193218,0.0011214285714285749,1.5523520048856674,1.0
1.13522,1.132851784560993,1.0,0.0023682154390070043,0.0011364285714285938,2.0839105057257954,1.0
1.13457,1.1328977367517854,1.0,0.0016722632482146782,0.0011500000000000319,1.4541419549692451,1.0
1.13416,1.1329287644813932,1.0,0.0012312355186068213,0.0010785714285714526,1.1415428649334514,1.0
1.13403,1.132963177380871,1.0,0.0010668226191290486,0.0010535714285714473,1.0125774012072146,1.0
1.13441,1.1329873650880962,1.0,0.001422634911903753,0.001017142857142875,1.398657919006474,1.0
1.13397,1.133008887598765,1.0,0.0009611124012349759,0.0009821428571428839,0.9785871721664943,1.0
1.13347,1.1330252444831945,1.0,0.00044475551680545067,0.0009771428571428828,0.45515915462544926,1.0
1.13255,1.1338370750339515,-1.0,-0.0012870750339515347,0.0010521428571428665,1.2232892379715767,-1.0
1.13169,1.133424106138096,-1.0,-0.0017341061380959921,0.0010057142857142923,1.7242532623113445,-1.0
1.13122,1.1331585592639075,-1.0,-0.0019385592639076243,0.0010235714285714253,1.8939169361274826,-1.0
1.13128,1.1331311265719852,-1.0,-0.0018511265719851622,0.0009399999999999885,1.9692835872182817,-1.0
1.13094,1.1329243099341164,-1.0,-0.0019843099341163573,0.0009328571428571479,2.1271316292211986,-1.0
1.13167,1.1329286708757014,-1.0,-0.0012586708757014176,0.0009642857142857032,1.3052883155422257,-1.0
1.13105,1.1329411927073747,-1.0,-0.0018911927073745893,0.0010085714285714223,1.8751202481051286,-1.0
1.13116,1.1329496237904655,-1.0,-0.0017896237904655443,0.000935714285714262,1.9125750432456685,-1.0
1.13042,1.1327893688046005,-1.0,-0.00236936880460048,0.0009492857142856843,2.4959490793384327,-1.0
1.12973,1.1324387040115989,-1.0,-0.0027087040115989502,0.0009792857142856745,2.7659997200865676,-1.0
1.12981,1.132433639513153,-1.0,-0.00262363951315292,0.0009642857142856874,2.7208113469734743,-1.0
1.12979,1.132326129936792,-1.0,-0.0025361299367918644,0.0009271428571428249,2.735425201470519,-1.0
1.13051,1.1323053082705488,-1.0,-0.0017953082705488566,0.0009664285714285269,1.8576730072198928,-1.0
1.13003,1.1322856257287932,-1.0,-0.0022556257287931203,0.0009635714285713812,2.3409014235066894,-1.0
1.13102,1.1322838261107748,-1.0,-0.0012638261107749127,0.000969999999999963,1.3029135162628462,-1.0
1.13168,1.1313348563707888,1.0,0.0003451436292112309,0.0009571428571428152,0.36059782156398834,1.0
1.13239,1.131637649769151,1.0,0.0007523502308490748,0.001001428571428534,0.7512769780233552,1.0
1.1316,1.13162696219845,1.0,-2.6962198450108943e-05,0.0010385714285713968,0.025960851327478458,1.0
1.13087,1.1316365587436557,1.0,-0.0007665587436556098,0.0010778571428570988,0.7111877012047035,1.0
1.13161,1.1316405984199416,1.0,-3.0598419941574306e-05,0.0010635714285714018,0.02876950162404641,1.0
1.13151,1.1316376880804238,1.0,-0.00012768808042373792,0.0009992857142856787,0.12777935138902033,1.0
1.13194,1.1316350597005322,1.0,0.0003049402994677042,0.0010349999999999765,0.29462830866445516,1.0
1.13235,1.1317365997845434,1.0,0.0006134002154565277,0.0009785714285714,0.6268323369628932,1.0
1.13306,1.132096234533432,1.0,0.0009637654665679563,0.0009735714285714149,0.9899278453376065,1.0
1.13293,1.1320959518750027,1.0,0.000834048124997322,0.0009564285714285565,0.8720443427903427,1.0
1.13245,1.1320957928185367,1.0,0.0003542071814632841,0.000994999999999984,0.3559871170485325,1.0
1.13329,1.1322109662187292,1.0,0.0010790337812707218,0.0009978571428571456,1.081350961903369,1.0
1.13323,1.1322166220228538,1.0,0.0010133779771461793,0.0009857142857142881,1.0280646144961214,1.0
1.13264,1.1322156986978806,1.0,0.0004243013021194564,0.0009664285714285745,0.43904051956188994,1.0
1.13316,1.132220094594345,1.0,0.0009399054056549172,0.0009835714285714487,0.9556046244857351,1.0
1.13288,1.1322213240409345,1.0,0.0006586759590656577,0.0009071428571428841,0.7260994824345617,1.0
1.13374,1.1324623958920594,1.0,0.0012776041079405331,0.000910000000000014,1.4039605581763885,1.0
1.13406,1.1326449706017896,1.0,0.0014150293982104767,0.0008828571428571534,1.602784108005375,1.0
1.13346,1.1326493129227577,1.0,0.0008106870772421892,0.000888571428571429,0.9123488007548749,1.0
1.13439,1.1326923340107444,1.0,0.0016976659892555812,0.0009842857142857233,1.7247695101290217,1.0
1.13525,1.1331394697694632,1.0,0.0021105302305368667,0.0009942857142857095,2.122659714620422,1.0
1.13498,1.1331491025607972,1.0,0.0018308974392029498,0.0009835714285714328,1.8614788779114877,1.0
1.1345,1.1331559709848862,1.0,0.001344029015113879,0.0010021428571428562,1.3411551113039433,1.0
1.13525,1.1331894891744974,1.0,0.002060510825502737,0.0010449999999999943,1.9717806942610032,1.0
1.13496,1.1331963514490084,1.0,0.0017636485509915367,0.0010371428571428634,1.700487583600645,1.0
1.13472,1.1331943313993857,1.0,0.001525668600614205,0.000993571428571419,1.5355399287274678,1.0
1.13439,1.1331988678510494,1.0,0.0011911321489506133,0.0009657142857142682,1.2334208642979947,1.0
1.13452,1.1332060537272477,1.0,0.0013139462727522755,0.0009478571428571352,1.3862281701983425,1.0
1.13388,1.1332045492542364,1.0,0.0006754507457635839,0.0009257142857142599,0.7296535833866079,1.0
1.13429,1.1332087284711343,1.0,0.0010812715288657238,0.0009607142857142513,1.1254870932431729,1.0
1.13468,1.1332159651485638,1.0,0.0014640348514360912,0.000968571428571398,1.5115404070874576,1.0
1.13513,1.1332226086835866,1.0,0.001907391316413376,0.00100142857142855,1.904670358758048,1.0
1.13606,1.1336023298566067,1.0,0.0024576701433933756,0.0010235714285714253,2.4010734129453852,1.0
1.13559,1.1335841045240262,1.0,0.002005895475973851,0.0009692857142857043,2.069457381255284,1.0
1.13582,1.1335783408978766,1.0,0.0022416591021234833,0.0009328571428571479,2.4030036316790655,1.0
1.13656,1.1338260312533066,1.0,0.002733968746693405,0.001002142857142872,2.728122769330513,1.0
1.13741,1.134221506293755,1.0,0.003188493706244966,0.0010207142857143112,3.1237866961111553,1.0
1.13643,1.1342438814942144,1.0,0.0021861185057856503,0.0010392857142857345,2.103481723779966,1.0
1.13685,1.134265223370538,1.0,0.0025847766294619934,0.0010785714285714368,2.396481643209777,1.0
1.13742,1.1342706178789568,1.0,0.0031493821210433204,0.001090714285714294,2.887449226889728,1.0
1.13761,1.1344272810584157,1.0,0.003182718941584284,0.0011028571428571673,2.885885050659261,1.0
1.13718,1.1344340016426409,1.0,0.002745998357359225,0.0010921428571428748,2.5143215829318852,1.0
1.13677,1.134449423949925,1.0,0.002320576050075074,0.0011157142857143151,2.079901709414224,1.0
1.13767,1.1345376352145435,1.0,0.0031323647854564207,0.0011328571428571735,2.7650130514746976,1.0
1.13823,1.134891351394586,1.0,0.0033386486054141074,0.0011100000000000396,3.0077915364089987,1.0
1.13837,1.1349896056441784,1.0,0.003380394355821714,0.0010964285714286013,3.0830958294138573,1.0
1.13754,1.1350131217399466,1.0,0.002526878260053378,0.0010685714285714504,2.364725644434931,1.0
1.13664,1.1350251678636418,1.0,0.0016148321363582685,0.0010914285714286004,1.4795582401187932,1.0
1.13756,1.1350575576230741,1.0,0.002502442376925762,0.0011364285714285938,2.2020234617825256,1.0
1.13834,1.1350979195321955,1.0,0.003242080467804387,0.0011192857142857354,2.896562000590974,1.0
1.13754,1.1351098212814963,1.0,0.002430178718503706,0.001097142857142876,2.2150066444694856,1.0
1.13778,1.1351193969515494,1.0,0.002660603048450616,0.0010214285714285859,2.6047862012802865,1.0
1.13815,1.1351360614497543,1.0,0.003013938550245676,0.0009928571428571603,3.0356215613984694,1.0
1.13816,1.1351669445784145,1.0,0.0029930554215855665,0.0009621428571428638,3.110822264454168,1.0
1.13771,1.1351920865663492,1.0,0.00251791343365082,0.0009778571428571414,2.5749297349241442,1.0
1.13677,1.1352023285692256,1.0,0.0015676714307744088,0.0009964285714285648,1.573290324791532,1.0
1.13665,1.135224200222607,1.0,0.0014257997773929887,0.0009564285714285724,1.4907540615012562,1.0
1.13757,1.135264411961922,1.0,0.0023055880380780103,0.0009564285714285724,2.410622295227193,1.0
1.13721,1.1352891372332652,1.0,0.0019208627667348654,0.000960714285714283,1.9994110583113898,1.0
1.13735,1.1353334401573902,1.0,0.002016559842609844,0.0009285714285714373,2.1716798305028884,1.0
1.13754,1.1353356965660117,1.0,0.002204303433988253,0.0009192857142857098,2.3978436733361064,1.0
1.13695,1.135353833342048,1.0,0.0015961666579518141,0.0008999999999999801,1.7735185088353882,1.0
1.13659,1.1353815949647106,1.0,0.001208405035289406,0.0008828571428571218,1.3687435674799424,1.0
1.13571,1.1361078770998116,-1.0,-0.00039787709981164987,0.0008985714285713994,0.44278850535479164,-1.0
1.13494,1.1357512059961912,-1.0,-0.0008112059961911111,0.000904285714285675,0.8970682422334952,-1.0
1.13522,1.1357564511816283,-1.0,-0.0005364511816283724,0.0009199999999999685,0.5830991104656421,-1.0
1.13614,1.1357625674055873,-1.0,0.0003774325944125856,0.0009285714285713897,0.4064658709058784,-1.0
1.13612,1.1357773559023356,-1.0,0.00034264409766437964,0.0009064285714285461,0.3780155529788376,-1.0
1.13708,1.1348873908214088,1.0,0.0021926091785913204,0.0009414285714285534,2.329023406697957,1.0
1.13649,1.1348950633958603,1.0,0.001594936604139674,0.000945714285714264,1.6864888563410836,1.0
1.13745,1.1349803218720922,1.0,0.0024696781279078817,0.0010199999999999734,2.421253066576418,1.0
1.13841,1.1354375895017315,1.0,0.002972410498268463,0.0010471428571428337,2.8385911988921837,1.0
1.13806,1.1354479423394914,1.0,0.0026120576605086487,0.0010471428571428337,2.4944616130369646,1.0
1.13758,1.1354597669461022,1.0,0.0021202330538978575,0.001049285714285689,2.0206441630068563,1.0
1.13746,1.1354625016644264,1.0,0.0019974983355735,0.0010092857142856967,1.9791207854231765,1.0
1.13676,1.1354757505384003,1.0,0.0012842494615996625,0.0010028571428571306,1.2805906312247501,1.0
1.13741,1.13548121368789,1.0,0.0019287863121100202,0.0010435714285714135,1.8482551929870412,1.0
1.13713,1.1354838368851858,1.0,0.0016461631148141365,0.0010028571428571306,1.6414731914101275,1.0
1.13678,1.1354950426046289,1.0,0.0012849573953710447,0.0009578571428571373,1.3414916879339844,1.0
1.13705,1.1355120626672388,1.0,0.0015379373327610857,0.0009600000000000085,1.60201805495945,1.0
1.1366,1.135524559241353,1.0,0.0010754407586470727,0.0009278571428571469,1.1590585543540377,1.0
1.13611,1.1363685570912372,-1.0,-0.0002585570912372326,0.0009742857142857211,0.26538117868923977,-1.0
1.13619,1.136380776208037,-1.0,-0.00019077620803686912,0.0009299999999999864,0.20513570756652894,-1.0
1.13521,1.1360135447089417,-1.0,-0.000803544708941617,0.0009549999999999916,0.8414080721901823,-1.0
1.13571,1.13603181961306,-1.0,-0.00032181961306010365,0.0009042857142857067,0.3558826684708917,-1.0
1.13562,1.1360531717276707,-1.0,-0.0004331717276706559,0.0008435714285714198,0.5134973909728405,-1.0
1.13472,1.135877273045442,-1.0,-0.0011572730454421087,0.0008864285714285579,1.3055457402248,-1.0
1.13562,1.1359130628662846,-1.0,-0.0002930628662844992,0.000950714285714265,0.3082554566478646,-1.0
1.13505,1.1359213741674947,-1.0,-0.0008713741674948317,0.0010035714285714053,0.8682731918098168,-1.0
1.13446,1.1359127249143603,-1.0,-0.001452724914360326,0.0010221428571428445,1.421254283790693,-1.0
1.13517,1.1359348059975773,-1.0,-0.0007648059975773336,0.001016428571428569,0.752444410828018,-1.0
1.1356,1.1359446549204488,-1.0,-0.00034465492044888357,0.0009842857142857073,0.35015739377971006,-1.0
1.13506,1.1359664905675784,-1.0,-0.0009064905675784107,0.0009942857142857095,0.9117002834840382,-1.0
1.13598,1.1359909548493654,-1.0,-1.0954849365418795e-05,0.0010421428571428329,0.010511849973671467,-1.0
1.13624,1.136005264043243,-1.0,0.00023473595675693737,0.001054285714285706,0.22264928147677163,-1.0
1.13676,1.1350968446479017,1.0,0.0016631553520982667,0.0010685714285714187,1.5564288054395687,1.0
1.13746,1.135442791017806,1.0,0.00201720898219393,0.0010978571428571346,1.8374057092202492,1.0
1.13843,1.1359418548404956,1.0,0.0024881451595044624,0.001087142857142842,2.2887011979673426,1.0
1.13753,1.1359898527674042,1.0,0.0015401472325957677,0.0010942857142856985,1.4074452517193903,1.0
1.1385,1.1360226178352884,1.0,0.0024773821647117167,0.001147857142857129,2.1582669761023303,1.0
1.13782,1.1360405504162312,1.0,0.001779449583768855,0.0011321428571428513,1.5717535755687129,1.0
1.1379,1.1360848527244964,1.0,0.0018151472755034703,0.0010635714285714176,1.7066529118232938,1.0
1.13717,1.1361330751904664,1.0,0.001036924809533657,0.0010507142857142857,0.9868760933698979,1.0
1.13796,1.13614642804273,1.0,0.0018135719572700548,0.0010564285714285613,1.7167009737512517,1.0
1.13875,1.1362443167748706,1.0,0.0025056832251293404,0.0010628571428571273,2.357497658051833,1.0
1.13922,1.136539285344078,1.0,0.00268071465592179,0.0010907142857142624,2.4577606537593883,1.0
1.13977,1.1368321410104771,1.0,0.0029378589895228124,0.0011392857142856919,2.5786850064777544,1.0
1.1392,1.1368827164394464,1.0,0.002317283560553607,0.0011407142857142569,2.0314320505792933,1.0
1.1386,1.1369025973455864,1.0,0.001697402654413649,0.0011921428571428322,1.4238248748826592,1.0
1.1387,1.136928326102192,1.0,0.0017716738978079682,0.0011478571428571132,1.5434620142695827,1.0
1.13842,1.1369617937516776,1.0,0.00145820624832238,0.0011178571428571388,1.3044656534513352,1.0
1.13891,1.1369799199332649,1.0,0.0019300800667352291,0.0010950000000000046,1.7626301979317087,1.0
1.13959,1.1370011967926705,1.0,0.002588803207329571,0.0011107142857142824,2.3307552992034792,1.0
1.14048,1.1374276346896988,1.0,0.003052365310301175,0.001114999999999993,2.737547363498829,1.0
1.14142,1.137870712510582,1.0,0.0035492874894180737,0.001141428571428563,3.1095134450471464,1.0
1.14224,1.138312693398852,1.0,0.0039273066011478175,0.0011957142857142841,3.2844858074115604,1.0
1.14228,1.1384150474785772,1.0,0.0038649525214227154,0.0011749999999999896,3.289321294827872,1.0
1.1425,1.1386826461047683,1.0,0.0038173538952317454,0.0011092857142857174,3.4412720240337595,1.0
1.14198,1.1387206374196541,1.0,0.0032593625803458703,0.0010907142857142782,2.988282653886215,1.0
1.14275,1.1387961034460004,1.0,0.003953896553999581,0.0011200000000000099,3.5302647803567373,1.0
1.14251,1.1388457122805724,1.0,0.003664287719427506,0.0010850000000000026,3.3772237045414717,1.0
1.14348,1.1391920532552129,1.0,0.004287946744787163,0.0011107142857142982,3.860530831319589,1.0
1.14356,1.139418672630561,1.0,0.004141327369438841,0.001031428571428572,4.015137338791118,1.0
1.14363,1.1395871280769536,1.0,0.0040428719230463095,0.0010278571428571517,3.933301384478655,1.0
1.14448,1.1400370655698155,1.0,0.004442934430184398,0.0010407142857142837,4.269120248632923,1.0
1.14515,1.1403928741558391,1.0,0.00475712584416077,0.0010585714285714326,4.493911053863059,1.0
1.145,1.1404477573168212,1.0,0.0045522426831787755,0.000987142857142869,4.6115338324531185,1.0
1.14447,1.140492180387069,1.0,0.003977819612931199,0.000988571428571434,4.023805966837896,1.0
1.14386,1.1405295464698537,1.0,0.0033304535301463822,0.0009535714285714425,3.492610443599151,1.0
1.14393,1.140570123732622,1.0,0.0033598762673778815,0.0009107142857143044,3.6892759014344607,1.0
1.14424,1.1406288995754674,1.0,0.0036111004245324985,0.0009250000000000171,3.9038923508458723,1.0
1.14473,1.1406942804524502,1.0,0.0040357195475497765,0.0009785714285714317,4.124092968299029,1.0
1.1452,1.140790644842682,1.0,0.004409355157318107,0.0009571428571428786,4.606788970332247,1.0
1.14509,1.1408381667856455,1.0,0.004251833214354406,0.0008900000000000098,4.777340690285796,1.0
1.14506,1.1409646257864514,1.0,0.004095374213548553,0.0008428571428571452,4.858918558447422,1.0
1.14461,1.1410042013154449,1.0,0.003605798684555017,0.0008250000000000122,4.370665072187835,1.0
1.1441,1.1410577687207057,1.0,0.0030422312792941497,0.000870714285714312,3.493948967195801,1.0
1.14361,1.1411237728204942,1.0,0.002486227179505862,0.0009071428571428841,2.740722875045751,1.0
1.14367,1.1411521898194934,1.0,0.0025178101805065634,0.0008635714285714556,2.9155783727949367,1.0
1.14373,1.1411730269637204,1.0,0.002556973036279553,0.0007978571428571676,3.204800582624228,1.0
1.14304,1.1418069690290822,-1.0,0.00123303097091787,0.0008585714285714545,1.4361425618011363,-1.0
1.14355,1.1418123266195206,-1.0,0.0017376733804794764,0.0008200000000000271,2.1191138786334376,-1.0
1.14318,1.1418373486137776,-1.0,0.001342651386222471,0.0007728571428571625,1.737256876812765,-1.0
1.14347,1.1418873398650007,-1.0,0.001582660134999303,0.0007928571428571665,1.9961479180170794,-1.0
1.14353,1.1419251286894174,-1.0,0.0016048713105825119,0.0007442857142857529,2.15625703917025,-1.0
1.14311,1.1418896043527798,-1.0,0.0012203956472203181,0.0007157142857143432,1.7051436188705669,-1.0
1.14313,1.141866302578958,-1.0,0.0012636974210420426,0.0006657142857143487,1.8982579286037469,-1.0
1.14336,1.141870516553326,-1.0,0.0014894834466738782,0.0006814285714286423,2.1858247645107047,-1.0
1.14259,1.1417512183538294,-1.0,0.0008387816461705722,0.0007771428571429365,1.079314618234082,-1.0
1.1424,1.1416861473782904,-1.0,0.000713852621709643,0.0007450000000000749,0.9581914385363373,-1.0
1.14191,1.14149170104984,-1.0,0.00041829895015998986,0.0007600000000000622,0.5503933554736259,-1.0
1.14207,1.1415190705730258,-1.0,0.0005509294269741005,0.0007500000000000602,0.7345725692987417,-1.0
1.14146,1.1413691359637044,-1.0,9.086403629554596e-05,0.0008178571428571876,0.11110013171507195,-1.0
1.14093,1.1410895183438632,-1.0,-0.0001595183438631853,0.000847857142857178,0.18814294979650395,-1.0
1.14021,1.1407984009589751,-1.0,-0.000588400958975166,0.0008592857142857449,0.6847558957316733,-1.0
1.14063,1.1408060041005093,-1.0,-0.00017600410050921944,0.0008521428571428886,0.2065429511424125,-1.0
1.14068,1.140838267119399,-1.0,-0.00015826711939914695,0.0008664285714286013,0.1826660899907651,-1.0
1.14163,1.1408743252442743,-1.0,0.0007556747557255772,0.0008785714285714587,0.8601176081429039,-1.0
1.14127,1.1408908197413772,-1.0,0.00037918025862282434,0.000903571428571448,0.41964613602525114,-1.0
1.14137,1.1409229430486048,-1.0,0.0004470569513952416,0.0008942857142857205,0.4999039392598513,-1.0
1.14218,1.1401208661180577,1.0,0.0020591338819422322,0.0009528571428571363,2.1610100710038567,1.0
1.14169,1.14015205140878,1.0,0.0015379485912201396,0.0009828571428571425,1.564773275950724,1.0
1.14252,1.140256003301536,1.0,0.002263996698463888,0.0009749999999999957,2.3220478958604085,1.0
1.14298,1.1405271655433276,1.0,0.002452834456672548,0.00097214285714285,2.523121410243639,1.0
1.1427,1.1405478604841868,1.0,0.0021521395158132783,0.0009399999999999885,2.2895101232056434,1.0
1.14311,1.1406300972177572,1.0,0.00247990278224286,0.0009664285714285585,2.566048702985994,1.0
1.14248,1.1406487818947184,1.0,0.001831218105281529,0.0009499999999999906,1.9275980055595234,1.0
1.14333,1.1407322073227282,1.0,0.002597792677271782,0.0009942857142857253,2.612722520244579,1.0
1.14373,1.1409709972478446,1.0,0.0027590027521553484,0.0009650000000000095,2.8590702094873794,1.0
1.14333,1.1409902611361156,1.0,0.0023397388638843886,0.0009507142857143126,2.4610326141533068,1.0
1.14269,1.1410007995509934,1.0,0.001689200449006556,0.0009935714285714508,1.700129855218638,1.0
1.1426,1.141018140622214,1.0,0.001581859377786099,0.0009307142857142926,1.6996186714508996,1.0
1.14262,1.141031381158788,1.0,0.001588618841211975,0.0009185714285714353,1.729445083745528,1.0
1.14311,1.141050480841078,1.0,0.0020595191589221074,0.0009814285714285775,2.0984911371840846,1.0
1.14322,1.1410658375871117,1.0,0.0021541624128882386,0.0009392857142857139,2.293404850223221,1.0
1.14251,1.1411052922379272,1.0,0.0014047077620726878,0.0009692857142857043,1.4492195039806803,1.0
1.14184,1.1411164073235054,1.0,0.0007235926764945777,0.000955714285714282,0.7571223819823713,1.0
1.14218,1.1411323677783174,1.0,0.0010476322216825817,0.0009464285714285545,1.1069321587589742,1.0
1.14171,1.1420920997646529,-1.0,-0.00038209976465286566,0.0009542857142857011,0.4004039449955234,-1.0
1.14248,1.1421320990076724,-1.0,0.00034790099232751004,0.0009678571428571393,0.3594548998217829,-1.0
1.1428,1.1421639689844079,-1.0,0.0006360310155921756,0.0009392857142857139,0.6771432865620123,-1.0
1.14251,1.142219120071983,-1.0,0.00029087992801701823,0.0008749999999999909,0.33243420344802427,-1.0
1.14252,1.1422532366929614,-1.0,0.00026676330703856443,0.000850714285714292,0.3135756757800063,-1.0
1.14291,1.1423084863672677,-1.0,0.00060151363273242,0.0008599999999999877,0.6994344566656147,-1.0
1.14324,1.1423760844739421,-1.0,0.0008639155260579123,0.0008107142857142678,1.0656226753137479,-1.0
1.14396,1.1417518699023126,1.0,0.0022081300976874996,0.0008792857142857173,2.511277121659211,1.0
1.14324,1.1418223156542329,1.0,0.0014176843457671673,0.0009121428571428534,1.5542349914440425,1.0
1.14329,1.141854298124188,1.0,0.00143570187581199,0.0008521428571428569,1.6848136011205253,1.0
1.14315,1.1418575037162282,1.0,0.0012924962837719267,0.0008828571428571534,1.4639925544342036,1.0
1.1439,1.141887166458981,1.0,0.002012833541018999,0.0008550000000000026,2.3541912760456056,1.0
1.14423,1.142038185907754,1.0,0.002191814092246114,0.0008435714285714356,2.5982554861511717,1.0
1.14436,1.1422261389863313,1.0,0.0021338610136687475,0.000816428571428591,2.6136530351147638,1.0
1.14355,1.142300084167334,1.0,0.001249915832665982,0.0008650000000000205,1.4449894019259566,1.0
1.14342,1.142351531859263,1.0,0.0010684681407371333,0.0008107142857142836,1.3179342705127668,1.0
1.14379,1.1423590756337698,1.0,0.0014309243662302684,0.0008085714285714284,1.7696944458678237,1.0
1.14322,1.1424199819427239,1.0,0.0008000180572760307,0.0008471428571428399,0.9443720743562105,1.0
1.14222,1.1431960784339776,-1.0,-0.000976078433977623,0.0009349999999999716,1.0439341539867943,-1.0
1.14296,1.143207622470608,-1.0,-0.0002476224706080554,0.0009607142857142513,0.25774829654371006,-1.0
1.14265,1.1432358620535534,-1.0,-0.0005858620535534875,0.0009478571428571193,0.6180910889034686,-1.0
1.14347,1.143280018180796,-1.0,0.00018998181920393264,0.0009399999999999567,0.2021083183020653,-1.0
1.14261,1.1433098115425513,-1.0,-0.0006998115425513873,0.0009671428571428173,0.7235865284874318,-1.0
1.14179,1.1432131813257378,-1.0,-0.0014231813257377102,0.0010357142857142351,1.3741061076088907,-1.0
1.14257,1.1432654478413613,-1.0,-0.0006954478413612186,0.0010692857142856457,0.6503854227827445,-1.0
1.14235,1.1432957707913212,-1.0,-0.0009457707913211877,0.001069999999999936,0.8838979358142469,-1.0
1.14233,1.14329705378413,-1.0,-0.0009670537841299787,0.0010028571428570832,0.9642986451439107,-1.0
1.14223,1.1433013563007357,-1.0,-0.0010713563007356264,0.0010278571428570884,1.0423202369909357,-1.0
1.14145,1.1430455589740796,-1.0,-0.0015955589740794807,0.000997857142857082,1.5989853713038003,-1.0
1.14237,1.1430734925063926,-1.0,-0.0007034925063924558,0.0010835714285713743,0.6492350091954432,-1.0
1.14288,1.1430866928282057,-1.0,-0.00020669282820584556,0.0010835714285713743,0.1907514564852988,-1.0
1.14231,1.1430874532232345,-1.0,-0.0007774532232345255,0.0010999999999999582,0.706775657485959,-1.0
1.14167,1.1431117614370863,-1.0,-0.0014417614370862974,0.001064999999999951,1.3537666075928299,-1.0
1.14199,1.1431293330957992,-1.0,-0.0011393330957991665,0.0010435714285713818,1.0917634045988396,-1.0
1.14193,1.1431316630140418,-1.0,-0.0012016630140418982,0.0010764285714285338,1.1163425478823599,-1.0
1.14244,1.1431475734158574,-1.0,-0.0007075734158574765,0.001073571428571404,0.6590836874254755,-1.0
1.14261,1.1431572953196858,-1.0,-0.0005472953196858921,0.0010307142857142657,0.530986450145713,-1.0
1.14299,1.1431607793130163,-1.0,-0.00017077931301634486,0.0009792857142857064,0.17439171278109752,-1.0
1.14387,1.1423634881013938,1.0,0.0015065118986061776,0.0009914285714285795,1.5195364971531926,1.0
1.1447,1.1427136526575452,1.0,0.0019863473424548417,0.001036428571428589,1.9165308610866516,1.0
1.14419,1.1427169512208337,1.0,0.0014730487791663194,0.001088571428571423,1.3531944165569934,1.0
1.14416,1.1427269089177141,1.0,0.0014330910822859533,0.0010828571428571315,1.3234350364118441,1.0
1.14456,1.1427385739251035,1.0,0.0018214260748965483,0.0010892857142857132,1.6721288556427345,1.0
1.14393,1.1427456150828126,1.0,0.0011843849171873089,0.0010371428571428634,1.1419689284175085,1.0
1.14463,1.1427906571537858,1.0,0.0018393428462142314,0.001061428571428594,1.7328936639972201,1.0
1.14548,1.1432214008841417,1.0,0.0022585991158583507,0.0010550000000000123,2.1408522425197387,1.0
1.14615,1.1435712115110221,1.0,0.0025787884889778567,0.0010450000000000262,2.4677401808399924,1.0
1.14642,1.143743448389659,1.0,0.0026765516103410825,0.0010442857142857515,2.563045317699988,1.0
1.14566,1.1437561728862042,1.0,0.0019038271137956642,0.001084285714285744,1.7558352828154524,1.0
1.14505,1.1437673344205932,1.0,0.0012826655794067054,0.0010628571428571748,1.2068090128826168,1.0
1.14603,1.1437896594667554,1.0,0.0022403405332447335,0.0011485714285714513,1.9505452403871673,1.0
1.14613,1.143812769500994,1.0,0.0023172304990060066,0.0011471428571428704,2.0200016803289986,1.0
1.14695,1.143988396361269,1.0,0.002961603638730992,0.0011285714285714313,2.6242057558375813,1.0
1.14716,1.1441460135629429,1.0,0.0030139864370570812,0.001060714285714272,2.8414686948686656,1.0
1.14756,1.1443767182329039,1.0,0.0031832817670960356,0.0010614285714285782,2.9990541547337966,1.0
1.14808,1.1446669133371974,1.0,0.0034130866628026,0.0010785714285714368,3.164451210545433,1.0
1.1476,1.1446734895119097,1.0,0.002926510488090228,0.0010671428571428696,2.7423793061086155,1.0
1.14744,1.1446878053689955,1.0,0.002752194631004512,0.0010364285714285731,2.6554600161311583,1.0
1.14679,1.1446869945214049,1.0,0.002103005478595099,0.0010585714285714168,1.9866448515743398,1.0
1.14607,1.1446940082293398,1.0,0.0013759917706601676,0.0010599999999999974,1.2981054440190294,1.0
1.14511,1.145368354914861,-1.0,-0.00025835491486092543,0.0010878571428571324,0.23748974445521936,-1.0
1.14479,1.145232237761865,-1.0,-0.0004422377618649165,0.0011207142857142685,0.3946034841369615,-1.0
1.1451,1.1452407352565597,-1.0,-0.00014073525655966534,0.0010907142857142782,0.129030359648679,-1.0
1.14421,1.1449472442444837,-1.0,-0.0007372442444837368,0.0011135714285714121,0.6620538436672526,-1.0
1.14441,1.1449519195162472,-1.0,-0.000541919516247269,0.0010514285714285604,0.5154125833873536,-1.0
1.14464,1.144959351067468,-1.0,-0.0003193510674679434,0.0010421428571428487,0.30643693931125726,-1.0
1.14376,1.1447063290455972,-1.0,-0.0009463290455971052,0.001049285714285721,0.9018792810319529,-1.0
1.14302,1.1443472871579523,-1.0,-0.0013272871579523837,0.0010814285714285982,1.2273461169968898,-1.0
1.14295,1.144274828766782,-1.0,-0.0013248287667821934,0.0010750000000000165,1.2323988528206262,-1.0
1.14298,1.1442201680568445,-1.0,-0.0012401680568443485,0.0010542857142857378,1.1763111650284885,-1.0
1.14236,1.1439627011178177,-1.0,-0.0016027011178176842,0.0010842857142857282,1.478116972954367,-1.0
1.1421,1.1437697763127554,-1.0,-0.0016697763127555554,0.0010821428571428887,1.543027615747663,-1.0
1.14201,1.1436605824391175,-1.0,-0.0016505824391175317,0.0010264285714286028,1.6080831000448668,-1.0
1.14271,1.143667557505179,-1.0,-0.0009575575051790075,0.0010535714285714631,0.9088681405088587,-1.0
1.14308,1.1436738079657496,-1.0,-0.0005938079657494821,0.0010128571428571803,0.5862702059585644,-1.0
1.14321,1.1436732561931078,-1.0,-0.0004632561931077195,0.0009964285714286123,0.4649166095704521,-1.0
1.14321,1.1436891930353021,-1.0,-0.00047919303530208346,0.0009835714285714487,0.48719698578279097,-1.0
1.14417,1.1427599541720799,1.0,0.0014100458279200367,0.0010178571428571656,1.3853081818161455,1.0
1.14343,1.1427781824141467,1.0,0.0006518175858531983,0.0010207142857143112,0.6385896572389467,1.0
1.14349,1.1427948923646793,1.0,0.0006951076353205465,0.0010085714285714698,0.6892002049920152,1.0
1.14305,1.1428026471218002,1.0,0.0002473528781996581,0.0009885714285714656,0.2502124490458876,1.0
1.14275,1.1428101093115495,1.0,-6.01093115495388e-05,0.0009642857142857508,0.062335582347667506,1.0
1.14217,1.1428206213865937,1.0,-0.0006506213865937749,0.00101214285714289,0.6428157665711046,1.0
1.14216,1.1428303710256082,1.0,-0.0006703710256081852,0.0010050000000000178,0.6670358463762919,1.0
1.14268,1.1428260203020009,1.0,-0.00014602030200094873,0.0009578571428571532,0.15244475973253246,1.0
1.14239,1.142830702596877,1.0,-0.0004407025968768963,0.0009685714285714297,0.4550026811413378,1.0
1.14212,1.1428287744292764,1.0,-0.0007087744292764153,0.0009628571428571384,0.7361158761031054,1.0
1.14264,1.1428277811876906,1.0,-0.00018778118769047225,0.0009264285714285661,0.20269364901053405,1.0
1.14177,1.1436032760786825,-1.0,-0.0018332760786825553,0.0009335714285714225,1.9637234201649534,-1.0
1.14117,1.1432889148154655,-1.0,-0.0021189148154654447,0.0009242857142857108,2.292488981183643,-1.0
1.14094,1.14317076166363,-1.0,-0.002230761663629899,0.0009292857142857278,2.400512166857658,-1.0
1.14096,1.1431447883442132,-1.0,-0.0021847883442132066,0.0008692857142857312,2.513314446917362,-1.0
1.14116,1.1431367614039805,-1.0,-0.0019767614039805093,0.0008442857142857418,2.3413417644438432,-1.0
1.14043,1.1428640738379572,-1.0,-0.002434073837957129,0.0008992857142857215,2.706674641096071,-1.0
1.13972,1.1425507059134798,-1.0,-0.0028307059134797807,0.0009049999999999971,3.1278518380992155,-1.0
1.13994,1.142539656769911,-1.0,-0.0025996567699111406,0.0009171428571428386,2.8345167273175003,-1.0
1.14056,1.1425278210609229,-1.0,-0.0019678210609228586,0.0008857142857142675,2.2217334558806927,-1.0
1.14124,1.1425199444503167,-1.0,-0.0012799444503166502,0.000940714285714263,1.3606091347329943,-1.0
1.14157,1.1425098615531004,-1.0,-0.0009398615531004406,0.0009428571428571183,0.9968228593489781,-1.0
1.14141,1.1425094349265659,-1.0,-0.0010994349265658343,0.0009378571428571173,1.172284003954463,-1.0
1.14135,1.142495759566975,-1.0,-0.0011457595669748244,0.0009471428571428289,1.2097009002751147,-1.0
1.14189,1.1417267352949414,1.0,0.0001632647050586744,0.0009364285714285365,0.17434827389942997,1.0
1.14216,1.1418723660534003,1.0,0.0002876339465998079,0.0009171428571428228,0.31361956794372753,1.0
1.14278,1.142188011543374,1.0,0.0005919884566258915,0.0009128571428571121,0.6485006567107011,1.0
1.14312,1.1423780437567115,1.0,0.000741956243288433,0.0009007142857142389,0.8237420623345442,1.0
1.14349,1.1425993741923481,1.0,0.000890625807651757,0.0008857142857142357,1.0055452667036535,1.0
1.14396,1.1427945406747892,1.0,0.001165459325210838,0.0009199999999999367,1.2668036143596937,1.0
1.14365,1.142794540739486,1.0,0.0008554592605141131,0.0008892857142856718,0.9619622206584865,1.0
1.1429,1.1427931335074877,1.0,0.00010686649251234748,0.0009071428571428207,0.1178055822970807,1.0
1.14378,1.1427944416705487,1.0,0.0009855583294513526,0.0009492857142856843,1.0382104298208708,1.0
1.14433,1.142799000590397,1.0,0.0015309994096031065,0.0009649999999999778,1.5865278855991105,1.0
1.14397,1.1427962666399631,1.0,0.0011737333600367883,0.0009485714285714097,1.2373695060629037,1.0
1.14397,1.1427984406891456,1.0,0.001171559310854331,0.0009271428571428565,1.2636232936795566,1.0
1.14369,1.142792786948823,1.0,0.0008972130511770704,0.000955714285714282,0.9387879459251894,1.0
1.14273,1.1427904931366146,1.0,-6.0493136614603316e-05,0.0009971428571428711,0.060666469384271816,1.0
1.14348,1.142790167245951,1.0,0.0006898327540489912,0.0010107142857143092,0.6825200393417422,1.0
1.14418,1.1427972641308992,1.0,0.0013827358691007596,0.001023571428571457,1.350893382233782,1.0
1.14458,1.142963851693612,1.0,0.001616148306387899,0.0010371428571428793,1.5582697169028996,1.0
1.14359,1.1429730501102409,1.0,0.000616949889759244,0.0010928571428571651,0.5645293108908,1.0
1.14363,1.1429740078297201,1.0,0.0006559921702797844,0.0010864285714285993,0.6038060738932772,1.0
1.14428,1.1429805424354718,1.0,0.0012994575645282058,0.0011028571428571673,1.1782646310488651,1.0
1.14374,1.1429812347615447,1.0,0.0007587652384553056,0.0011150000000000088,0.6805069403186544,1.0
1.14468,1.1429950595270824,1.0,0.001684940472917562,0.001108571428571427,1.5199205296936793,1.0
1.14507,1.1432291241988835,1.0,0.0018408758011165816,0.0010450000000000101,1.7616036374321185,1.0
1.14519,1.143333776174491,1.0,0.0018562238255088737,0.0010078571428571476,1.8417529097890935,1.0
1.14446,1.1433419454587455,1.0,0.0011180545412545762,0.0010392857142857345,1.075791311172767,1.0
1.14368,1.1433521040691434,1.0,0.000327895930856581,0.0011064285714285876,0.29635526352434255,1.0
1.14432,1.1433556022185747,1.0,0.0009643977814253191,0.0011257142857143013,0.8566985367991294,1.0
1.14525,1.1433677382735739,1.0,0.0018822617264262487,0.0011585714285714374,1.6246402077661701,1.0
1.1453,1.1433781906661586,1.0,0.00192180933384134,0.001136428571428578,1.6910955797472411,1.0
1.14609,1.1436723152553516,1.0,0.0024176847446484295,0.0011628571428571322,2.0790900752505115,1.0
1.14563,1.1436872350792917,1.0,0.0019427649207082176,0.0011585714285714216,1.6768624469738107,1.0
1.14625,1.143826119777695,1.0,0.002423880222304886,0.001136428571428578,2.1328927160445135,1.0
1.14534,1.1438344004945917,1.0,0.001505599505408295,0.001167857142857149,1.2891983532548021,1.0
1.14595,1.1438673072647534,1.0,0.0020826927352466384,0.0011385714285714332,1.8292157022241418,1.0
1.14662,1.1440755488561254,1.0,0.002544451143874582,0.001167857142857149,2.178734924418591,1.0
1.14738,1.1444881654379078,1.0,0.002891834562092299,0.0011500000000000319,2.5146387496454077,1.0
1.14833,1.1448892555451282,1.0,0.003440744454871858,0.001223571428571435,2.8120503425689294,1.0
1.14882,1.1451833352219538,1.0,0.003636664778046139,0.0012314285714285817,2.953208056417954,1.0
1.14937,1.1454809989898953,1.0,0.003889001010104698,0.00120214285714285,3.235057287074634,1.0
1.14904,1.1454875049929432,1.0,0.0035524950070568995,0.0011471428571428386,3.096820055964969,1.0
1.14884,1.1455300560212818,1.0,0.0033099439787183105,0.0011014285714285707,3.005137205062022,1.0
1.14978,1.1458204315742218,1.0,0.00395956842577827,0.001085714285714277,3.6469709184800148,1.0
1.15068,1.1463304790290674,1.0,0.004349520970932552,0.0011135714285714121,3.905920050869572,1.0
1.15083,1.1464623075792637,1.0,0.004367692420736313,0.0010721428571428548,4.073797061313026,1.0
1.15028,1.1465106297104328,1.0,0.003769370289567142,0.0010792857142857112,3.492467508533431,1.0
1.15123,1.1467141741516358,1.0,0.0045158258483641855,0.0010785714285714207,4.186858402456891,1.0
1.15169,1.1469573560719066,1.0,0.004732643928093472,0.001088571428571423,4.3475731622906135,1.0
1.15202,1.1472110610062713,1.0,0.004808938993728695,0.0010714285714285645,4.488343060813477,1.0
1.15191,1.147217082843086,1.0,0.0046929171569138894,0.0010207142857142795,4.597679509922663,1.0
1.15245,1.1474753082876799,1.0,0.004974691712320123,0.0010321428571428307,4.819770517126886,1.0
1.15189,1.1475073344867934,1.0,0.004382665513206652,0.0009664285714285585,4.53490888284508,1.0
1.15112,1.1475546080015122,1.0,0.0035653919984877103,0.0009892857142857084,3.6040063522619668,1.0
1.15032,1.1486501923590788,-1.0,0.0016698076409211726,0.00101857142857144,1.6393623403152981,-1.0
1.15038,1.1485715028511319,-1.0,0.0018084971488681045,0.0009985714285714517,1.8110844123142258,-1.0
1.15068,1.148626738027502,-1.0,0.0020532619724979995,0.0009978571428571456,2.057671268072435,-1.0
1.14976,1.1483540842193674,-1.0,0.0014059157806325384,0.0009950000000000156,1.4129806840527803,-1.0
1.15017,1.1483503303222198,-1.0,0.0018196696777801336,0.0009864285714285945,1.8447049593715623,-1.0
1.14949,1.1482305515532505,-1.0,0.0012594484467494116,0.001003571428571437,1.2549664238072322,-1.0
1.14987,1.148255906843303,-1.0,0.0016140931566970274,0.0009800000000000125,1.6470338333642924,-1.0
1.14935,1.1481759602905528,-1.0,0.0011740397094472943,0.0009685714285714456,1.2121353932346484,-1.0
1.14939,1.1481312516885733,-1.0,0.001258748311426583,0.0009171428571428544,1.3724670062283655,-1.0
1.1492,1.148023081881623,-1.0,0.0011769181183769462,0.0009014285714285768,1.3056143943959706,-1.0
1.14873,1.1478237417882715,-1.0,0.0009062582117285167,0.0009285714285714373,0.9759703818614703,-1.0
1.14902,1.147864375738996,-1.0,0.001155624261004018,0.0009042857142857226,1.277941520857512,-1.0
1.14947,1.147886174978519,-1.0,0.0015838250214810223,0.0009292857142857118,1.7043466795337718,-1.0
1.15013,1.1479313621165463,-1.0,0.002198637883453758,0.0009271428571428407,2.371412200951707,-1.0
1.15097,1.14721356105336,1.0,0.003756438946640017,0.0009107142857142568,4.12471727474211,1.0
1.15147,1.1474632075500015,1.0,0.004006792449998464,0.0009678571428571077,4.139859357932143,1.0
1.15093,1.1475073069693535,1.0,0.003422693030646462,0.0009992857142856787,3.425139558902943,1.0
1.15187,1.147705976646122,1.0,0.004164023353877999,0.000987857142857096,4.215208022725579,1.0
1.15207,1.1478740548199515,1.0,0.004195945180048399,0.000982857142857079,4.2691302703983585,1.0
1.15254,1.1481850525503416,1.0,0.004354947449658253,0.0009857142857142248,4.418062630088356,1.0
1.15236,1.1482515404102787,1.0,0.004108459589721392,0.0010021428571427929,4.099674572779984,1.0
1.15258,1.1483799561704715,1.0,0.004200043829528433,0.0009664285714284951,4.345943356496874,1.0
1.15288,1.1486483565898227,1.0,0.004231643410177233,0.0009885714285713704,4.280564143243117,1.0
1.15248,1.1486958816408377,1.0,0.0037841183591622585,0.0010085714285713746,3.7519587130505987,1.0
1.15328,1.14891629956127,1.0,0.004363700438730023,0.0010314285714285245,4.230734497383871,1.0
1.15286,1.1489673607382296,1.0,0.003892639261770414,0.0010264285714285393,3.7924112501591862,1.0
1.15252,1.1490059186932475,1.0,0.003514081306752459,0.0010214285714285382,3.4403593212962256,1.0
1.15231,1.1490661938037672,1.0,0.003243806196232768,0.0009678571428571077,3.3515340772885907,1.0
1.15283,1.1491456421847883,1.0,0.003684357815211703,0.0009321428571428259,3.952567771108473,1.0
1.15325,1.1492657500560655,1.0,0.003984249943934648,0.0008992857142856739,4.430460620737695,1.0
1.15278,1.1493158872578795,1.0,0.00346411274212044,0.0008578571428571007,4.038099782655166,1.0
1.15362,1.149484594649109,1.0,0.004135405350891075,0.000874999999999975,4.726177543875649,1.0
1.15343,1.1495121362304137,1.0,0.0039178637695862495,0.0008492857142856953,4.613128071842617,1.0
1.15349,1.1495670537055642,1.0,0.003922946294435681,0.0008364285714285634,4.690115125713071,1.0
1.15404,1.1498728007824721,1.0,0.004167199217527839,0.0008349999999999826,4.990657745542427,1.0
1.15358,1.149941488930987,1.0,0.0036385110690131395,0.0008707142857142802,4.178765788858431,1.0
1.15302,1.1499927013369704,1.0,0.0030272986630295318,0.0008949999999999791,3.382456606736986,1.0
1.153,1.1500391832508305,1.0,0.0029608167491694815,0.0008835714285713962,3.35096479291627,1.0
1.15361,1.1501105311192847,1.0,0.003499468880715284,0.0008735714285713943,4.005933305806697,1.0
1.15449,1.150268395624072,1.0,0.004221604375928001,0.0009035714285713846,4.6721313251379355,1.0
1.15518,1.1506311580975694,1.0,0.004548841902430656,0.0009328571428571163,4.8762470623300915,1.0
1.15555,1.1509267523660651,1.0,0.004623247633934957,0.000957142857142831,4.830258722021729,1.0
1.15581,1.1511518596587589,1.0,0.004658140341241124,0.0009542857142856853,4.881284788725877,1.0
1.15623,1.1514437604407044,1.0,0.004786239559295691,0.0009878571428571276,4.845072583524274,1.0
1.15603,1.151491334183517,1.0,0.00453866581648299,0.000994999999999984,4.561473182395038,1.0
1.15546,1.1515740258421818,1.0,0.003885974157818106,0.0009814285714285459,3.9595078755061794,1.0
1.15488,1.1516696363347254,1.0,0.003210363665274496,0.001029285714285701,3.119020910051598,1.0
1.15455,1.1517626406963337,1.0,0.002787359303666248,0.0010321428571428465,2.700555726735493,1.0
1.15355,1.1525112553884946,-1.0,0.0010387446115054377,0.0010485714285714304,0.9906283760951023,-1.0
1.15349,1.152502661163774,-1.0,0.000987338836225815,0.0010271428571428456,0.9612478238638085,-1.0
1.15414,1.1525819478638986,-1.0,0.0015580521361013844,0.0010235714285714253,1.5221723590662561,-1.0
1.15316,1.1525275816248146,-1.0,0.0006324183751853507,0.0010792857142857112,0.5859601093709421,-1.0
1.15376,1.1525831633692813,-1.0,0.0011768366307185474,0.0010792857142856954,1.090384700864325,-1.0
1.15285,1.1525707684368849,-1.0,0.0002792315631150455,0.0010921428571428432,0.25567311207394944,-1.0
1.1524,1.1524224359854154,-1.0,-2.2435985415292237e-05,0.0010742857142856943,0.02088456089189476,-1.0
1.15175,1.1521118467435172,-1.0,-0.00036184674351713575,0.0010907142857142782,0.33175208966862707,-1.0
1.15097,1.15176111457919,-1.0,-0.0007911145791898999,0.0011371428571428524,0.6957037756695129,-1.0
1.15116,1.1517974227513919,-1.0,-0.0006374227513918918,0.0010978571428571346,0.5806062797323717,-1.0
1.152,1.1518365272893878,-1.0,0.00016347271061212254,0.00114928571428571,0.1422385300540537,-1.0
1.15194,1.1518996940445758,-1.0,4.0305955424146944e-05,0.001093571428571424,0.03685717674317829,-1.0
1.15226,1.151922574179582,-1.0,0.0003374258204180691,0.0010435714285714295,0.32333754181060664,-1.0
1.15314,1.151956150091207,-1.0,0.0011838499087930554,0.0010614285714285782,1.1153363878265592,-1.0
1.15329,1.1510933806147743,1.0,0.00219661938522564,0.0009957142857142745,2.206073988031514,1.0
1.15361,1.1513405773889696,1.0,0.0022694226110304694,0.0010049999999999862,2.25813195127413,1.0
1.15414,1.1516389009225703,1.0,0.0025010990774296804,0.0010121428571428423,2.4710929487661284,1.0
1.15415,1.1516915919887367,1.0,0.002458408011263291,0.0009599999999999927,2.560841678399281,1.0
1.15341,1.151708662196398,1.0,0.0017013378036021543,0.0009714285714285596,1.751377150766945,1.0
1.15272,1.151762063543611,1.0,0.0009579364563889747,0.0009628571428571224,0.9948894947660186,1.0
1.15264,1.1517992639953485,1.0,0.000840736004651621,0.0009064285714285461,0.9275259310577638,1.0
1.1519,1.152587032137467,-1.0,-0.0006870321374670141,0.0009199999999999685,0.7467740624641713,-1.0
1.15195,1.1526037043986048,-1.0,-0.000653704398604793,0.0008799999999999601,0.7428459075054803,-1.0
1.15137,1.1523308550303355,-1.0,-0.0009608550303354946,0.00090285714285711,1.0642381665108713,-1.0
1.15161,1.1523864967105504,-1.0,-0.0007764967105503562,0.0008471428571428241,0.9166065723191745,-1.0
1.15247,1.1524179108592991,-1.0,5.2089140700983805e-05,0.000909285714285676,0.05728577924696025,-1.0
1.15316,1.1524451173344168,-1.0,0.0007148826655831719,0.0009628571428570908,0.7424597417036312,-1.0
1.15378,1.1517456739945513,1.0,0.0020343260054487278,0.0009485714285713622,2.144620788876821,1.0
1.15387,1.1518634017962484,1.0,0.0020065982037515973,0.0009692857142856567,2.070182376751955,1.0
1.15391,1.1519661937576027,1.0,0.0019438062423973168,0.000948571428571378,2.049193327828606,1.0
1.15345,1.1520190185660173,1.0,0.001430981433982792,0.0009571428571428152,1.4950552295343258,1.0
1.1544,1.1522653341659832,1.0,0.002134665834016891,0.0009842857142856756,2.168746130351063,1.0
1.15502,1.1525887274206155,1.0,0.002431272579384469,0.0009564285714285406,2.542032569931566,1.0
1.15535,1.1528282814887632,1.0,0.002521718511236948,0.0009192857142856939,2.7431281396517524,1.0
1.15549,1.1529439066132832,1.0,0.0025460933867167412,0.000940714285714263,2.706553334399031,1.0
1.1549,1.1529865378676125,1.0,0.0019134621323875223,0.0009042857142857067,2.115992879417499,1.0
1.15427,1.1530022009359706,1.0,0.0012677990640292958,0.0009321428571428576,1.3600909499164853,1.0
1.15386,1.153005712250951,1.0,0.0008542877490491652,0.0009485714285714256,0.9006045547205083,1.0
1.15302,1.1537104031677612,-1.0,-0.0006904031677612554,0.0010000000000000167,0.6904031677612439,-1.0
1.15276,1.153558031568006,-1.0,-0.0007980315680060635,0.0009600000000000243,0.8312828833396284,-1.0
1.15273,1.1534711448643664,-1.0,-0.0007411448643663832,0.000880714285714314,0.841527015501138,-1.0
1.15304,1.153480975877455,-1.0,-0.0004409758774548411,0.0008700000000000216,0.5068688246607244,-1.0
1.15389,1.153500801894816,-1.0,0.00038919810518400766,0.0009428571428571659,0.41278586913454346,-1.0
1.15412,1.1535077668247133,-1.0,0.0006122331752866916,0.0009485714285714573,0.6454265402118541,-1.0
1.15462,1.1526854621754365,1.0,0.0019345378245634315,0.0009335714285714543,2.0721904777266484,1.0
1.15372,1.1527028489484517,1.0,0.0010171510515484261,0.0009478571428571669,1.0731058569463152,1.0
1.154,1.152712587490743,1.0,0.0012874125092570132,0.0009285714285714532,1.3864442407382853,1.0
1.15414,1.1527237333650433,1.0,0.0014162666349566422,0.0009007142857143023,1.572381672433991,1.0
1.15394,1.1527259907562184,1.0,0.0012140092437815664,0.000898571428571447,1.351043673524768,1.0
1.15461,1.1527412756658342,1.0,0.001868724334165739,0.0009421428571428596,1.9834829930493008,1.0
1.15559,1.1531361642879563,1.0,0.002453835712043606,0.0009850000000000136,2.4912037685721544,1.0
1.15535,1.1531521261054176,1.0,0.0021978738945824805,0.0009500000000000064,2.3135514679815428,1.0
1.15522,1.1531772041637085,1.0,0.002042795836291411,0.0008971428571428504,2.2770017283503163,1.0
1.15502,1.1531987686504097,1.0,0.0018212313495902244,0.0008828571428571218,2.0628834056847696,1.0
1.15593,1.1534493572543978,1.0,0.002480642745602113,0.0009792857142856906,2.533114401052547,1.0
1.15577,1.153479481276162,1.0,0.0022905187238380087,0.0009757142857142861,2.3475301708442244,1.0
1.15644,1.1537686744386293,1.0,0.002671325561370619,0.0009407142857142789,2.839677893636214,1.0
1.15558,1.1537899625862071,1.0,0.001790037413792911,0.0009942857142857095,1.800324985136557,1.0
1.15579,1.1538151551389357,1.0,0.001974844861064362,0.0009857142857142723,2.0034658010798148,1.0
1.15652,1.1538373378216784,1.0,0.002682662178321582,0.0009935714285714031,2.700019446190015,1.0
1.15744,1.1542922450635178,1.0,0.0031477549364822277,0.001022857142857119,3.0774140440469426,1.0
1.15691,1.1543464928536813,1.0,0.002563507146318811,0.0010307142857142657,2.4871171204756792,1.0
1.15664,1.1543661249239392,1.0,0.002273875076060694,0.0010042857142856956,2.2641714839865084,1.0
1.15688,1.1544244643013364,1.0,0.0024555356986635246,0.0009778571428571414,2.5111395019203355,1.0
1.15645,1.1544514121997458,1.0,0.0019985878002541924,0.0009149999999999833,2.1842489620264796,1.0
1.15678,1.1545081810359887,1.0,0.002271818964011185,0.0009571428571428468,2.3735422012057414,1.0
1.15627,1.1545238682066552,1.0,0.0017461317933447074,0.0009714285714285754,1.7974886107960149,1.0
1.15544,1.154530791104629,1.0,0.0009092088953710498,0.0010107142857142934,0.8995706385296537,1.0
1.1562,1.1545753532435175,1.0,0.0016246467564824396,0.0009892857142857242,1.642242208718695,1.0
1.15636,1.154600534795931,1.0,0.0017594652040691106,0.0009735714285714307,1.8072276490805204,1.0
1.15735,1.1546484768113445,1.0,0.0027015231886555746,0.0009850000000000136,2.7426631356909006,1.0
1.15749,1.154751493257147,1.0,0.0027385067428529197,0.0009478571428571511,2.889155568948044,1.0
1.15754,1.1548324658679614,1.0,0.0027075341320386137,0.0009421428571428755,2.873804234157684,1.0
1.15704,1.1548674028995976,1.0,0.002172597100402518,0.0009057142857143033,2.3987665146399575,1.0
1.15699,1.1548823111247128,1.0,0.002107688875287117,0.0008621428571428906,2.4447095488002066,1.0
1.15709,1.1549199155360705,1.0,0.0021700844639294115,0.0008414285714285961,2.579047750000923,1.0
1.15808,1.1552489301401696,1.0,0.002831069859830393,0.000941428571428601,3.0072062244024473,1.0
1.15749,1.1552773307605757,1.0,0.002212669239424203,0.0009792857142857222,2.2594726004331576,1.0
1.15696,1.1552900180241008,1.0,0.0016699819758991818,0.0009914285714285956,1.6844198604170013,1.0
1.1576,1.1553141975167258,1.0,0.0022858024832741464,0.0009850000000000136,2.3206116581463094,1.0
1.15767,1.1553495245336305,1.0,0.002320475466369487,0.0009614285714285734,2.4135703216324482,1.0
1.15796,1.1553773691969105,1.0,0.002582630803089625,0.0009528571428571521,2.710407139674243,1.0
1.15733,1.1553976041156648,1.0,0.0019323958843351363,0.0009371428571428586,2.0620078034063924,1.0
1.15818,1.1554372518589728,1.0,0.0027427481410271515,0.000970714285714285,2.8254947736850733,1.0
1.15737,1.155459668677556,1.0,0.0019103313224440033,0.0009521428571428459,2.006349475935211,1.0
1.157,1.1554809432137243,1.0,0.0015190567862757298,0.0009735714285714149,1.5602931040249828,1.0
1.15748,1.155502570927578,1.0,0.0019774290724221544,0.0009714285714285596,2.0355887510228308,1.0
1.15825,1.1555640571070627,1.0,0.002685942892937332,0.0009799999999999967,2.740758054017695,1.0
1.15747,1.1555710466619122,1.0,0.001898953338087761,0.0010299999999999912,1.8436440175609488,1.0
1.15767,1.1556003789044693,1.0,0.0020696210955306604,0.0010564285714285773,1.959073383193312,1.0
1.15676,1.1556191001099418,1.0,0.0011408998900581668,0.0010528571428571412,1.083622690692969,1.0
1.15652,1.1556231399988777,1.0,0.0008968600011223238,0.0010114285714285679,0.8867259898102102,1.0
1.15643,1.155630026499791,1.0,0.0007999735002091057,0.0009642857142857032,0.829602148365008,1.0
1.15727,1.155644817469057,1.0,0.0016251825309430146,0.0009600000000000085,1.692898469732292,1.0
1.15707,1.1556511888621142,1.0,0.0014188111378858892,0.0009978571428571614,1.4218579764067343,1.0
1.15658,1.1556539435146558,1.0,0.0009260564853441622,0.0010035714285714528,0.9227609106631998,1.0
1.15577,1.1564384402959471,-1.0,-0.000668440295947148,0.001028571428571458,0.6498725099485975,-1.0
1.15565,1.1562814851203962,-1.0,-0.0006314851203961247,0.0009800000000000284,0.6443725718327616,-1.0
1.155,1.1559924412980849,-1.0,-0.0009924412980848452,0.0009950000000000317,0.9974284402862448,-1.0
1.15593,1.1559964930353046,-1.0,-6.64930353047044e-05,0.001022142857142892,0.0650525852037617,-1.0
1.15597,1.156008440805836,-1.0,-3.8440805836037484e-05,0.0009750000000000274,0.039426467524139905,-1.0
1.15512,1.1560161832399602,-1.0,-0.0008961832399603242,0.0010114285714285995,0.8860568756669627,-1.0
1.1548,1.1559564314059965,-1.0,-0.0011564314059964165,0.0010007142857143072,1.1556059731584214,-1.0
1.15573,1.1559642563063939,-1.0,-0.000234256306393954,0.0010542857142857218,0.22219432855794938,-1.0
1.15489,1.155967780251522,-1.0,-0.0010777802515220536,0.0010500000000000112,1.026457382401945,-1.0
1.15453,1.1559411783707703,-1.0,-0.0014111783707702052,0.0010478571428571718,1.3467278248658712,-1.0
1.15367,1.155575868110564,-1.0,-0.0019058681105639241,0.001123571428571446,1.696258966808298,-1.0
1.15268,1.1551492748134002,-1.0,-0.002469274813400313,0.0011657142857142938,2.1182504526718224,-1.0
1.15284,1.1551596993557938,-1.0,-0.0023196993557936807,0.0011557142857142758,2.0071564265211252,-1.0
1.15248,1.154999510587575,-1.0,-0.0025195105875750468,0.001144285714285693,2.2018194897659993,-1.0
1.1522,1.154809954867273,-1.0,-0.002609954867273112,0.0010964285714285538,2.3804148626595545,-1.0
1.15168,1.154535678653025,-1.0,-0.00285567865302494,0.001144285714285693,2.4955993222440642,-1.0
1.1514,1.1543889791308442,-1.0,-0.0029889791308441716,0.0011228571428571238,2.6619407017696637,-1.0
1.15072,1.1541128958400204,-1.0,-0.003392895840020449,0.0011228571428571238,3.021662961850324,-1.0
1.15025,1.153868848859756,-1.0,-0.003618848859755941,0.001188571428571412,3.044704569506243,-1.0
1.15003,1.1536642358305973,-1.0,-0.003634235830597188,0.00112642857142856,3.226334916192844,-1.0
1.15069,1.1536465220734342,-1.0,-0.00295652207343422,0.0011171428571428482,2.646503134787686,-1.0
1.15147,1.153621251336256,-1.0,-0.0021512513362560437,0.0010850000000000026,1.9827201255816023,-1.0
1.15239,1.1527021027416948,1.0,-0.00031210274169479746,0.001049285714285705,0.2974430485859226,1.0
1.15327,1.1531525392013962,1.0,0.00011746079860386338,0.0010614285714285623,0.11066293273580763,1.0
1.15323,1.1531698998465414,1.0,6.010015345858655e-05,0.001027857142857136,0.0584713098276732,1.0
1.15274,1.153182058430405,1.0,-0.00044205843040501236,0.0009742857142857053,0.45372566170602857,1.0
1.15304,1.1531859472040769,1.0,-0.00014594720407679063,0.0009849999999999978,0.14816975033176746,1.0
1.15382,1.1534709205697118,1.0,0.00034907943028827937,0.0009957142857142903,0.35058192424934637,1.0
1.15302,1.153456985983377,1.0,-0.0004369859833770473,0.0010507142857143017,0.41589420579731945,1.0
1.15277,1.1534736064282103,1.0,-0.0007036064282102128,0.0010521428571428665,0.6687365916458174,1.0
1.15292,1.153457546843379,1.0,-0.0005375468433790331,0.0010257142857142965,0.524070738670361,1.0
1.15352,1.153464504807346,1.0,5.549519265413139e-05,0.0009800000000000125,0.056627747606255795,1.0
1.15356,1.1534582273803995,1.0,0.0001017726196004265,0.000969285714285736,0.10499754417140303,1.0
1.15308,1.1534683049027428,1.0,-0.0003883049027426644,0.0009928571428571603,0.39109846319404357,1.0
1.15241,1.1534731408769425,1.0,-0.001063140876942592,0.0010157142857142945,1.0466928464976204,1.0
1.15157,1.1544646260137268,-1.0,-0.0028946260137268087,0.0010635714285714335,2.7216094151897336,-1.0
1.15139,1.1543359847458503,-1.0,-0.002945984745850394,0.001047857142857156,2.811437385269598,-1.0
1.15076,1.153966271807861,-1.0,-0.0032062718078609276,0.001037857142857154,3.0893190165211637,-1.0
1.1505,1.153775006682721,-1.0,-0.00327500668272096,0.0010292857142857326,3.181824674399211,-1.0
1.15056,1.1537544864064735,-1.0,-0.0031944864064734624,0.0010157142857142945,3.1450639726180087,-1.0
1.14978,1.1533451743633223,-1.0,-0.0035651743633222654,0.0010292857142857167,3.4637363696399444,-1.0
1.15052,1.1533163776859618,-1.0,-0.0027963776859618594,0.0010528571428571412,2.655989661022123,-1.0
1.14952,1.1532684480586735,-1.0,-0.0037484480586733593,0.0010699999999999996,3.5032224847414586,-1.0
1.14892,1.152896611270688,-1.0,-0.003976611270688046,0.0010571428571428676,3.761659310110277,-1.0
1.14934,1.1528613962857464,-1.0,-0.0035213962857463255,0.001090714285714294,3.228523117252664,-1.0
1.14964,1.152853101089099,-1.0,-0.003213101089099002,0.0011164285714285738,2.8780176101974364,-1.0
1.15018,1.1528272401370288,-1.0,-0.0026472401370287724,0.0011057142857142813,2.394144826770217,-1.0
1.15104,1.1528054262894698,-1.0,-0.0017654262894697403,0.001147857142857145,1.5380191694198084,-1.0
1.15108,1.152792123600439,-1.0,-0.0017121236004389306,0.001080714285714292,1.5842518444246456,-1.0
1.15122,1.1518048053368104,1.0,-0.00058480533681049,0.0010235714285714253,0.5713380820200199,1.0
1.15042,1.1517899378506782,1.0,-0.0013699378506781823,0.0010635714285714335,1.2880543928471768,1.0
1.15073,1.1517828159882835,1.0,-0.0010528159882834398,0.0010442857142857198,1.0081685250320163,1.0
1.15049,1.1517568980518642,1.0,-0.001266898051864196,0.001057857142857142,1.1976078815731772,1.0
1.14987,1.1517486577175284,1.0,-0.0018786577175284869,0.001075714285714291,1.746428157064986,1.0
1.15035,1.1517179131782087,1.0,-0.001367913178208724,0.0010642857142857398,1.2852875499947434,1.0
1.15013,1.1517089503018543,1.0,-0.0015789503018541762,0.0010128571428571803,1.5589072091648553,1.0
1.14955,1.1516690919929982,1.0,-0.00211909199299809,0.0009464285714285861,2.2390405963753057,1.0
1.15035,1.1516306077883847,1.0,-0.00128060778838468,0.0009900000000000147,1.2935432205905666,1.0
1.15011,1.151598279087612,1.0,-0.0014882790876120655,0.000977857142857173,1.5219800749867256,1.0
1.15013,1.1515711868620602,1.0,-0.0014411868620600732,0.000928571428571469,1.5520473899107805,1.0
1.15092,1.1515496658944748,1.0,-0.0006296658944748845,0.0009742857142857529,0.6462846424228764,1.0
1.15163,1.151696226191381,1.0,-6.622619138108021e-05,0.00096285714285717,0.06878091092990332,1.0
1.15178,1.1518269609355993,1.0,-4.696093559930503e-05,0.0009742857142857371,0.04820037378227676,1.0
1.15216,1.151987622062616,1.0,0.0001723779373841161,0.0009900000000000306,0.17411912867081897,1.0
1.15155,1.1519408981273593,1.0,-0.00039089812735926266,0.0009428571428571659,0.41458892295678357,1.0
1.15219,1.1519489414637611,1.0,0.00024105853623890283,0.0009735714285714467,0.24760231161735707,1.0
1.15183,1.1519221780358797,1.0,-9.217803587979745e-05,0.0009407142857143105,0.09798728187677526,1.0
1.15146,1.1519063905353728,1.0,-0.0004463905353728759,0.0009171428571428862,0.48671865227570593,1.0
1.15121,1.1518871835743008,1.0,-0.0006771835743006882,0.0009092857142857236,0.7447423440855883,1.0
1.15022,1.152802418609567,-1.0,-0.002582418609566872,0.0009578571428571373,2.6960373254240433,-1.0
1.15033,1.1527781910380932,-1.0,-0.002448191038093128,0.0009528571428571521,2.569315932031744,-1.0
1.15001,1.1525904774278786,-1.0,-0.0025804774278785914,0.0009014285714285768,2.862653248042794,-1.0
1.15089,1.152557774171584,-1.0,-0.0016677741715840355,0.0009549999999999916,1.7463603890932464,-1.0
1.15067,1.152522956154982,-1.0,-0.0018529561549818219,0.0009871428571428373,1.8770901714722161,-1.0
1.1509,1.1525059228426167,-1.0,-0.001605922842616625,0.000968571428571398,1.6580324333800487,-1.0
1.15109,1.1524891873540177,-1.0,-0.0013991873540177835,0.0009135714285714025,1.5315576979084853,-1.0
1.15103,1.1524661238688552,-1.0,-0.0014361238688551659,0.0009071428571428365,1.5831286743285653,-1.0
1.15018,1.1524079542871535,-1.0,-0.0022279542871534996,0.000924285714285695,2.4104605888832804,-1.0
1.15102,1.1523872868686342,-1.0,-0.0013672868686342987,0.0009585714285714118,1.4263797437317822,-1.0
1.15041,1.15234000954361,-1.0,-0.0019300095436101117,0.0009514285714285554,2.028538559350001,-1.0
1.14946,1.1521881380986958,-1.0,-0.002728138098695876,0.0010342857142857018,2.6377025816120665,-1.0
1.14948,1.1520874553046623,-1.0,-0.0026074553046622206,0.0010257142857142648,2.5420873443782614,-1.0
1.15032,1.1520705189143357,-1.0,-0.0017505189143356414,0.001060714285714272,1.6503208619999525,-1.0
1.15026,1.152035255103326,-1.0,-0.001775255103325879,0.001015000000000004,1.7490198062323863,-1.0
1.15089,1.1519950616356514,-1.0,-0.0011050616356513832,0.0010471428571428496,1.0553112482346163,-1.0
1.15066,1.1519437416766425,-1.0,-0.0012837416766424692,0.001032857142857137,1.242903421368926,-1.0
1.14975,1.1519170000164682,-1.0,-0.00216700001646819,0.0010235714285714253,2.1170970153911206,-1.0
1.15037,1.1518642482126547,-1.0,-0.0014942482126547585,0.0010328571428571528,1.446713345585506,-1.0
1.15074,1.1518228088106446,-1.0,-0.0010828088106444866,0.0010164285714285848,1.0653073330304015,-1.0
1.15152,1.1507467477364668,1.0,0.0007732522635333083,0.0010557142857143026,0.7324446339286971,1.0
1.15189,1.1509324144190172,1.0,0.0009575855809829115,0.001085714285714309,0.881986719326347,1.0
1.15123,1.1508981394554119,1.0,0.000331860544588114,0.001074285714285726,0.3089127409729751,1.0
1.15058,1.1508800505524497,1.0,-0.00030005055244974876,0.0010371428571428793,0.2893049403785395,1.0
1.14996,1.1508376605589286,1.0,-0.0008776605589284614,0.0010328571428571528,0.8497405134853624,1.0
1.14951,1.1516050502704376,-1.0,-0.0020950502704375484,0.0009857142857142881,2.125413317835189,-1.0
1.14859,1.1511830549581303,-1.0,-0.0025930549581303364,0.0010421428571428645,2.4881952990969465,-1.0
1.14782,1.1508190506678901,-1.0,-0.0029990506678900797,0.001041428571428574,2.8797468690302477,-1.0
1.14872,1.1507698182117525,-1.0,-0.002049818211752541,0.0011185714285714132,1.832532245500381,-1.0
1.14917,1.150734842883753,-1.0,-0.001564842883752915,0.0010828571428571473,1.4451055654710236,-1.0
1.15009,1.1495240809298028,1.0,0.0005659190701972072,0.0011657142857142938,0.48546979061034595,1.0
1.15006,1.1496063096271816,1.0,0.0004536903728185049,0.0010778571428571462,0.4209188349542113,1.0
1.15069,1.149848947144017,1.0,0.0008410528559830155,0.0011000000000000057,0.764593505439101,1.0
1.14975,1.1498193282690767,1.0,-6.932826907668499e-05,0.0011521428571428713,0.0601733271589323,1.0
1.14946,1.1498008721552035,1.0,-0.0003408721552036198,0.0011014285714285865,0.3094818529734508,1.0
1.14873,1.1497678642057028,1.0,-0.001037864205702732,0.0011200000000000099,0.9266644693774312,1.0
1.14794,1.1505642207143327,-1.0,-0.00262422071433277,0.001112142857142879,2.3596075787192072,-1.0
1.14752,1.1503187781784,-1.0,-0.0027987781783997967,0.0011450000000000151,2.4443477540609253,-1.0
1.14848,1.1502756622701709,-1.0,-0.0017956622701709168,0.0012121428571428838,1.48139491941027,-1.0
1.14782,1.150231413322575,-1.0,-0.0024114133225749956,0.001225714285714306,1.967353526576304,-1.0
1.14868,1.1502098827384613,-1.0,-0.00152988273846133,0.0012007142857143169,1.2741438630849533,-1.0
1.14937,1.150196653623225,-1.0,-0.0008266536232250932,0.001155000000000033,0.715717422705688,-1.0
1.14897,1.1501815072126762,-1.0,-0.001211507212676155,0.0011142857142857501,1.0872500626580528,-1.0
1.14833,1.1501578806866017,-1.0,-0.0018278806866016684,0.001156428571428598,1.580625670934081,-1.0
1.14754,1.150140021304479,-1.0,-0.0026000213044790055,0.0011157142857143151,2.3303648055509036,-1.0
1.14798,1.1501081866434801,-1.0,-0.0021281866434801344,0.0011414285714286107,1.8644939304581263,-1.0
1.14705,1.149907467795813,-1.0,-0.0028574677958130845,0.0011535714285714521,2.4770618663394655,-1.0
1.14758,1.1498949500238114,-1.0,-0.002314950023811324,0.001107142857142878,2.0909226021521246,-1.0
1.14664,1.1496724827827136,-1.0,-0.003032482782713508,0.0011621428571428735,2.6093889955739713,-1.0
1.14731,1.1496704862542995,-1.0,-0.00236048625429941,0.001162857142857148,2.0299021842869527,-1.0
1.14831,1.149666610572762,-1.0,-0.0013566105727620403,0.001165714285714278,1.1637590697713658,-1.0
1.14775,1.1496603974571296,-1.0,-0.001910397457129509,0.0011542857142857108,1.6550473019686391,-1.0
1.14722,1.1496271813796932,-1.0,-0.002407181379693313,0.0010821428571428568,2.2244580406406858,-1.0
1.14754,1.1495898040030337,-1.0,-0.002049804003033673,0.0010557142857143026,1.9416276077449905,-1.0
1.14819,1.1495576040847029,-1.0,-0.0013676040847028226,0.0010535714285714315,1.2980648939552177,-1.0
1.14827,1.1495492644259917,-1.0,-0.0012792644259917996,0.0010471428571428656,1.2216713481504127,-1.0
1.14758,1.1495280809756792,-1.0,-0.0019480809756791118,0.0010335714285714273,1.8848053669321077,-1.0
1.14718,1.149487446920323,-1.0,-0.0023074469203228087,0.0009892857142857242,2.332437320181877,-1.0
1.14769,1.1494697416315716,-1.0,-0.0017797416315714631,0.0009685714285714297,1.837491360029532,-1.0
1.14672,1.1493732738197768,-1.0,-0.002653273819776869,0.0010528571428571251,2.52007011376369,-1.0
1.14608,1.1489927021355797,-1.0,-0.0029127021355797034,0.0009957142857142584,2.9252388736095383,-1.0
1.14625,1.148966475408643,-1.0,-0.00271647540864306,0.00100142857142855,2.7126002654068224,-1.0
1.14683,1.1489462187722743,-1.0,-0.002116218772274303,0.0009835714285714012,2.151565926785844,-1.0
1.14779,1.148924052268286,-1.0,-0.00113405226828589,0.0010164285714285531,1.115722540829427,-1.0
1.14814,1.1478644237172464,1.0,0.0002755762827535424,0.0009978571428571298,0.27616807147814204,1.0
1.14892,1.1481725516108598,1.0,0.0007474483891400929,0.0010299999999999754,0.7256780477088455,1.0
1.14798,1.1481596206674904,1.0,-0.00017962066749044325,0.001065714285714257,0.16854486225645263,1.0
1.14806,1.1481396912911828,1.0,-7.969129118268192e-05,0.0010635714285714018,0.07492801051427636,1.0
1.14853,1.1481316899640883,1.0,0.00039831003591173086,0.001070714285714274,0.37200403620842515,1.0
1.14892,1.1481373091415126,1.0,0.0007826908584873671,0.0011007142857142643,0.7110754068022941,1.0
1.14911,1.148305980394258,1.0,0.0008040196057421678,0.0010607142857142879,0.757998281507766,1.0
1.14855,1.1483029201369916,1.0,0.00024707986300831486,0.0011064285714285557,0.2233129814148778,1.0
1.14897,1.1482952472392864,1.0,0.0006747527607136039,0.0011171428571428324,0.603998634909889,1.0
1.14956,1.1484533606016363,1.0,0.0011066393983636402,0.001089999999999988,1.0152655030859197,1.0
1.14942,1.1484574790805306,1.0,0.0009625209194694673,0.0010721428571428548,0.8977543552679927,1.0
1.15021,1.148821828651151,1.0,0.0013881713488490544,0.001087142857142842,1.2768987440136026,1.0
1.1506,1.1490388378951724,1.0,0.001561162104827707,0.0010835714285714218,1.4407560624646034,1.0
1.15152,1.149472950046873,1.0,0.0020470499531271003,0.0010671428571428537,1.9182529681244642,1.0
1.15062,1.1494699387190086,1.0,0.0011500612809913768,0.0011192857142857196,1.0274957200943968,1.0
1.15026,1.14946788033087,1.0,0.0007921196691300647,0.0010621428571428529,0.7457750751728951,1.0
1.15083,1.1494586285604527,1.0,0.001371371439547353,0.0010714285714285645,1.2799466769108712,1.0
1.15132,1.1494715607506154,1.0,0.0018484392493844926,0.0010692857142856932,1.7286673006936142,1.0
1.15174,1.1495964067574185,1.0,0.0021435932425815096,0.0010557142857142551,2.0304672121882277,1.0
1.15098,1.149594356061104,1.0,0.001385643938895953,0.0010664285714285318,1.2993312220056303,1.0
1.15136,1.1496087297929853,1.0,0.0017512702070145991,0.0010657142857142254,1.643283036072773,1.0
1.15208,1.149841336504012,1.0,0.0022386634959878915,0.0010449999999999468,2.142261718648809,1.0
1.15237,1.150086141974883,1.0,0.0022838580251169915,0.0010057142857142448,2.2708815590652827,1.0
1.15232,1.1501566664331824,1.0,0.002163333566817638,0.000925714285714244,2.3369344085994053,1.0
1.15271,1.1504070620082674,1.0,0.0023029379917325343,0.0009242857142856632,2.4915866989379647,1.0
1.15294,1.150560476563979,1.0,0.0023795234360211026,0.0008728571428571039,2.7261315960963115,1.0
1.15245,1.1505783841194195,1.0,0.0018716158805804906,0.0008942857142856729,2.0928612083169393,1.0
1.15249,1.1505838315881651,1.0,0.0019061684118348854,0.0008335714285713701,2.286748737419903,1.0
1.15288,1.1505793560373352,1.0,0.002300643962664717,0.0007857142857142151,2.928092316118994,1.0
1.1522,1.1505753859707575,1.0,0.0016246140292424105,0.0008264285714285137,1.96582510020703,1.0
1.15295,1.1505778126953738,1.0,0.002372187304626072,0.0008157142857142371,2.9081105310654105,1.0
1.15272,1.1505803221857103,1.0,0.0021396778142896977,0.0007992857142856691,2.676987435215144,1.0
1.15369,1.150774750780506,1.0,0.0029152492194941537,0.000848571428571389,3.435478878191924,1.0
1.15377,1.1508686322879877,1.0,0.002901367712012215,0.0008014285714285561,3.620244916949357,1.0
1.15445,1.151138658999781,1.0,0.0033113410002190147,0.0008714285714285548,3.799899508448122,1.0
1.15488,1.1513664269234214,1.0,0.0035135730765785134,0.0008757142857142654,4.012236792177841,1.0
1.15435,1.1513859959643225,1.0,0.0029640040356775366,0.0009207142857142589,3.2192441039167354,1.0
1.15398,1.1514211163870458,1.0,0.002558883612954199,0.0009349999999999874,2.7367739175981107,1.0
1.15425,1.151434385387406,1.0,0.002815614612593942,0.00094285714285715,2.9862579224480976,1.0
1.15415,1.1514709950256636,1.0,0.002679004974336374,0.0009607142857142989,2.7885553636214664,1.0
1.15366,1.1515017109413006,1.0,0.002158289058699303,0.0009442857142857308,2.2856313783502054,1.0
1.15345,1.1515065811928706,1.0,0.001943418807129449,0.0009842857142857392,1.9744458127584614,1.0
1.15315,1.151508550837953,1.0,0.001641449162046893,0.0009700000000000264,1.6922156309761323,1.0
1.15231,1.1521896315845555,-1.0,0.00012036841544449395,0.0009757142857143178,0.1233644082154363,-1.0
1.15213,1.1520509437383584,-1.0,7.905626164173007e-05,0.0009221428571428714,0.08573103508785468,-1.0
1.15143,1.1516919524866744,-1.0,-0.00026195248667448823,0.0009357142857142937,0.279949222400214,-1.0
1.15132,1.1516083402605557,-1.0,-0.0002883402605557972,0.0008657142857142792,0.33306630757270556,-1.0
1.15104,1.1514226350494923,-1.0,-0.00038263504949220817,0.0008564285714285516,0.4467798743028389,-1.0
1.15053,1.151234212182553,-1.0,-0.0007042121825528991,0.0008414285714285644,0.8369244953939448,-1.0
1.15067,1.1512355925361677,-1.0,-0.000565592536167614,0.0008135714285714135,0.6951971471770625,-1.0
1.1499,1.1509454780797375,-1.0,-0.0010454780797375385,0.0008278571428571421,1.262872572590643,-1.0
1.15055,1.1509402569749851,-1.0,-0.0003902569749851814,0.0009042857142856908,0.4315637954022655,-1.0
1.14988,1.1509354593706154,-1.0,-0.0010554593706153526,0.0009528571428571204,1.1076784998961982,-1.0
1.14921,1.1507533992041665,-1.0,-0.0015433992041664624,0.0009835714285714012,1.5691785663276017,-1.0
1.14837,1.1503893493232207,-1.0,-0.002019349323220787,0.001024285714285684,1.9714707479143554,-1.0
1.14856,1.1503842847474848,-1.0,-0.0018242847474847501,0.0009992857142856945,1.8255887394415302,-1.0
1.14835,1.1502651187278063,-1.0,-0.0019151187278063642,0.0010049999999999862,1.905590773936707,-1.0
1.14858,1.1502444381948793,-1.0,-0.0016644381948793807,0.0009614285714285575,1.7312135756546558,-1.0
1.14773,1.1499062504306967,-1.0,-0.0021762504306968022,0.0010021428571428562,2.1715970085356564,-1.0
1.14854,1.149895240587106,-1.0,-0.0013552405871060103,0.001015000000000004,1.33521240108966,-1.0
1.14919,1.1498888286823943,-1.0,-0.0006988286823943479,0.0010407142857142995,0.6714894683267496,-1.0
1.14907,1.1498922994975618,-1.0,-0.0008222994975617404,0.0010450000000000101,0.7868894713509401,-1.0
1.14968,1.1498907665844635,-1.0,-0.0002107665844635065,0.0010350000000000081,0.20363921204203367,-1.0
1.1494,1.1498941943545833,-1.0,-0.0004941943545833105,0.0010521428571428665,0.4697027131138008,-1.0
1.15013,1.149133568096874,1.0,0.0009964319031261493,0.0010371428571428634,0.9607470140334714,1.0
1.1509,1.1494878276862464,1.0,0.001412172313753679,0.0010192857142857306,1.3854528656307772,1.0
1.15101,1.1496254094170997,1.0,0.0013845905829004135,0.0009492857142857318,1.4585604334541333,1.0
1.15171,1.1499631587104435,1.0,0.0017468412895564889,0.0009428571428571659,1.8527104586204732,1.0
1.15235,1.1502109222419903,1.0,0.0021390777580097,0.0009421428571428755,2.2704388636948605,1.0
1.15237,1.1503292776137406,1.0,0.002040722386259297,0.0009171428571428704,2.225086713989856,1.0
1.15148,1.1503448256592628,1.0,0.0011351743407372883,0.0009842857142857392,1.1532975885574481,1.0
1.15202,1.1503614268669116,1.0,0.0016585731330884812,0.0009821428571428839,1.6887290082354984,1.0
1.15173,1.1503795498735123,1.0,0.0013504501264876012,0.0009535714285714583,1.4162023798371406,1.0
1.15233,1.1504120875701433,1.0,0.0019179124298567274,0.00096285714285717,1.991897182343726,1.0
1.15243,1.1504716827955463,1.0,0.001958317204453719,0.0009307142857143085,2.104101370863499,1.0
1.15273,1.1506586902605456,1.0,0.0020713097394544633,0.0009557142857143137,2.1672897124336052,1.0
1.15231,1.1506721760825929,1.0,0.0016378239174070774,0.0009585714285714594,1.70860915377782,1.0
1.15256,1.1506907100753245,1.0,0.001869289924675499,0.0009414285714286168,1.9855886908540004,1.0
1.15269,1.1507170390380033,1.0,0.001972960961996728,0.0009328571428571797,2.1149658091847705,1.0
1.15335,1.1510404816276893,1.0,0.002309518372310748,0.0009157142857143212,2.5220949463610935,1.0
1.15282,1.151062869440242,1.0,0.0017571305597579023,0.0009692857142857518,1.8128097152991658,1.0
1.15188,1.1510913514540988,1.0,0.000788648545901216,0.0010128571428571645,0.778637492427136,1.0
1.15144,1.1521523818507498,-1.0,-0.0007123818507497326,0.0009842857142857392,0.7237551458995649,-1.0
1.152,1.1521660705886596,-1.0,-0.0001660705886596947,0.001051428571428592,0.1579475707361196,-1.0
1.15254,1.152171239382497,-1.0,0.0003687606175029057,0.0010064285714285828,0.3664051557871271,-1.0
1.15235,1.152175388493999,-1.0,0.00017461150600106556,0.001027857142857136,0.16987915802744505,-1.0
1.15291,1.1522018104706784,-1.0,0.0007081895293217233,0.0010507142857142857,0.674007709755549,-1.0
1.15317,1.1522295790906845,-1.0,0.0009404209093155647,0.0010364285714285731,0.90736683186891,-1.0
1.15286,1.1522611256793978,-1.0,0.0005988743206022384,0.0010500000000000112,0.5703564958116496,-1.0
1.15243,1.1523012999081117,-1.0,0.0001287000918883674,0.0010507142857142857,0.12248819078430616,-1.0
1.15265,1.1523284105237361,-1.0,0.0003215894762638172,0.0010000000000000009,0.3215894762638169,-1.0
1.15232,1.1523371662608386,-1.0,-1.7166260838585856e-05,0.000997142857142855,0.01721544783239273,-1.0
1.15323,1.1523522917888247,-1.0,0.0008777082111752765,0.0010242857142857156,0.8568978351780931,-1.0
1.15393,1.1516053165760383,1.0,0.0023246834239616376,0.0010328571428571528,2.250730839243611,1.0
1.15408,1.1517294590002551,1.0,0.0023505409997448545,0.0010107142857142934,2.3256236039878244,1.0
1.15375,1.1517759063968507,1.0,0.001974093603149374,0.0009457142857143116,2.087410154387498,1.0
1.15467,1.1520485560058993,1.0,0.0026214439941008028,0.0009842857142857392,2.663295785008005,1.0
1.15505,1.1522281279380582,1.0,0.0028218720619417326,0.0009785714285714636,2.8836648808162657,1.0
1.15417,1.1522517185110461,1.0,0.001918281488953788,0.0010207142857143112,1.8793520535585977,1.0
1.15447,1.1522657085730494,1.0,0.0022042914269506664,0.0010228571428571825,2.155033517968445,1.0
1.15484,1.1522976232390412,1.0,0.00254237676095892,0.0010164285714286006,2.5012842342532577,1.0
1.15501,1.1523777600297456,1.0,0.002632239970254524,0.0009700000000000264,2.7136494538705693,1.0
1.15427,1.1524113766999133,1.0,0.0018586233000865704,0.0010014285714285975,1.85597191164132,1.0
1.1551,1.1524624015348452,1.0,0.002637598465154767,0.0010442857142857515,2.5257440842794403,1.0
1.15508,1.1525200355052807,1.0,0.0025599644947194022,0.0010414285714286059,2.4581277727071638,1.0
1.15607,1.152984270971161,1.0,0.0030857290288388572,0.0010900000000000354,2.830944063154823,1.0
1.15671,1.1533871403561573,1.0,0.0033228596438426017,0.0010607142857143195,3.1326622904912416,1.0
1.15669,1.1534350149776884,1.0,0.003254985022311585,0.00103857142857146,3.1340983708638794,1.0
1.15746,1.1537873326003756,1.0,0.003672667399624352,0.001077857142857162,3.407378634508947,1.0
1.15672,1.1538430366853316,1.0,0.002876963314668357,0.001136428571428578,2.5315830550192815,1.0
1.15733,1.1538895896113233,1.0,0.003440410388676707,0.0010928571428571493,3.1480879373512165,1.0
1.15698,1.1538993327616887,1.0,0.003080667238311241,0.001042857142857139,2.9540644750929816,1.0
1.15712,1.1539111507297561,1.0,0.0032088492702437854,0.0009564285714285882,3.3550328441682007,1.0
1.15742,1.1540624480628283,1.0,0.0033575519371715767,0.0009192857142857257,3.6523486496038458,1.0
1.15799,1.1543631686964462,1.0,0.0036268313035539013,0.0009321428571428735,3.890853505728255,1.0
1.15819,1.1545179812123567,1.0,0.0036720187876433386,0.0009657142857143157,3.8023863185654694,1.0
1.15821,1.1545698361464083,1.0,0.0036401638535916714,0.0009400000000000361,3.8725147378633316,1.0
1.15776,1.1546175872472442,1.0,0.00314241275275573,0.0008878571428571862,3.5393224890247845,1.0
1.15805,1.1546601288624612,1.0,0.003389871137538858,0.0009092857142857553,3.728059381425127,1.0
1.15827,1.1548030275396775,1.0,0.0034669724603224594,0.0008607142857143257,4.028017796225077,1.0
1.15898,1.155172835964915,1.0,0.0038071640350849645,0.0008714285714286182,4.368876761572675,1.0
1.15855,1.155208200298334,1.0,0.0033417997016660372,0.0008721428571428927,3.8317113696414915,1.0
1.15829,1.155230191533207,1.0,0.0030598084667929903,0.0008128571428571865,3.76426349166077,1.0
1.15859,1.1552634599006266,1.0,0.0033265400993733873,0.0007442857142857529,4.469439672862285,1.0
1.15858,1.1552997756575862,1.0,0.0032802243424137068,0.000710000000000036,4.620034285089494,1.0
1.15828,1.1553181461799205,1.0,0.0029618538200795186,0.0007564285714286102,3.915576343825414,1.0
1.15858,1.1553473524482376,1.0,0.0032326475517623354,0.0007950000000000378,4.066223335549914,1.0
1.15909,1.1554161135913206,1.0,0.003673886408679383,0.0008378571428571917,4.384860163811455,1.0
1.15825,1.1554318689814078,1.0,0.002818131018592185,0.0008621428571429066,3.2687518028407894,1.0
1.15914,1.155480080922345,1.0,0.0036599190776549495,0.0008871428571428959,4.125512647920052,1.0
1.15949,1.155600713615288,1.0,0.0038892863847119763,0.0008985714285714629,4.32829963322461,1.0
1.16017,1.1559278025160689,1.0,0.004242197483931065,0.0009321428571428893,4.5510164578569245,1.0
1.16104,1.15638708836119,1.0,0.004652911638810098,0.0009521428571428935,4.886778915479286,1.0
1.16039,1.1563890598442303,1.0,0.004000940155769683,0.0009742857142857371,4.106536816772306,1.0
1.16029,1.1564140576554385,1.0,0.003875942344561567,0.000970714285714301,3.99287658748058,1.0
1.15998,1.1564655202923868,1.0,0.003514479707613205,0.0009850000000000136,3.567999703160565,1.0
1.15974,1.156472875335711,1.0,0.003267124664289023,0.00099214285714287,3.2929982217455525,1.0
1.16022,1.1564823624639533,1.0,0.003737637536046723,0.0010014285714285817,3.7323056708026807,1.0
1.15986,1.1564894493854574,1.0,0.0033705506145425,0.001018571428571456,3.3090959750065734,1.0
1.1606,1.156527113439914,1.0,0.004072886560086086,0.001035000000000024,3.9351560967014416,1.0
1.16146,1.1567939093409194,1.0,0.004666090659080524,0.001050000000000027,4.443895865790861,1.0
1.16103,1.1568606723176234,1.0,0.004169327682376656,0.0010385714285714442,4.014483325534546,1.0
1.16037,1.1569267755012915,1.0,0.003443224498708375,0.0010364285714285731,3.322201446031507,1.0
1.1605,1.157001126276958,1.0,0.0034988737230421396,0.0010064285714285828,3.4765246360957702,1.0
1.1604,1.157028626464717,1.0,0.003371373535283162,0.0009728571428571404,3.465435351979764,1.0
1.16123,1.15712239255055,1.0,0.004107607449449935,0.0009921428571428542,4.140137098077701,1.0
1.16112,1.1571566563520022,1.0,0.003963343647997775,0.0009664285714285745,4.101020773981424,1.0
1.1608,1.1572069738925679,1.0,0.0035930261074321734,0.000936428571428584,3.8369462627040236,1.0
1.16076,1.157241150248489,1.0,0.003518849751511066,0.0008935714285714459,3.9379613526102295,1.0
1.16025,1.1573043255029145,1.0,0.002945674497085493,0.0008771428571428779,3.3582608272960854,1.0
1.1593,1.1582243456062282,-1.0,0.0010756543937717744,0.0009450000000000212,1.138258617747884,-1.0
1.15868,1.1579862320163148,-1.0,0.0006937679836851451,0.0009750000000000274,0.7115569063437186,-1.0
1.15906,1.1580312727489557,-1.0,0.0010287272510443035,0.0009978571428571614,1.0309364004738713,-1.0
1.15828,1.157904881747859,-1.0,0.0003751182521409824,0.0009864285714285945,0.3802791839227828,-1.0
1.15866,1.1579641857862641,-1.0,0.0006958142137358792,0.0009585714285714435,0.7258866611253469,-1.0
1.15888,1.1579983100847995,-1.0,0.0008816899152004343,0.0009378571428571648,0.9401111053165111,-1.0
1.15891,1.158044157989806,-1.0,0.0008658420101941289,0.0008635714285714714,1.0026292922015883,-1.0
1.15836,1.1580081946962442,-1.0,0.00035180530375589214,0.000890714285714332,0.39496986788951355,-1.0
1.15835,1.1580003066892686,-1.0,0.00034969331073142484,0.0008942857142857681,0.3910308586453397,-1.0
1.1591,1.1580725882457943,-1.0,0.0010274117542057315,0.0008814285714286203,1.1656211149821267,-1.0
1.15911,1.158149583757834,-1.0,0.00096041624216614,0.0008614285714286003,1.1149110605576706,-1.0
1.15925,1.1581601930013652,-1.0,0.0010898069986347014,0.0008671428571428759,1.2567790758554769,-1.0
1.1595,1.158231629246226,-1.0,0.0012683707537739508,0.0008878571428571545,1.4285752657148092,-1.0
1.16012,1.1574829524574528,1.0,0.002637047542547233,0.0008928571428571555,2.953493247652859,1.0
1.16076,1.157834844148156,1.0,0.0029251558518439413,0.0008464285714285813,3.45588033129238,1.0
1.16004,1.1579117335561593,1.0,0.002128266443840676,0.0008357142857142888,2.5466436080144748,1.0
1.15941,1.1579232948510947,1.0,0.001486705148905365,0.0008185714285714304,1.8162192045964278,1.0
1.15857,1.1585825911838223,-1.0,-1.2591183822241447e-05,0.000801428571428572,0.015710924555381475,-1.0
1.15927,1.1586157529897294,-1.0,0.0006542470102706144,0.0008364285714285634,0.7821911309811007,-1.0
1.15848,1.158648118492334,-1.0,-0.0001681184923341128,0.000857142857142842,0.1961382410564684,-1.0
1.15878,1.1587254671850395,-1.0,5.453281496037299e-05,0.000886428571428542,0.06151969455642604,-1.0
1.15934,1.158763095940404,-1.0,0.000576904059595984,0.0008735714285713783,0.6603971246397581,-1.0
1.15964,1.1588334676422196,-1.0,0.0008065323577803873,0.0009071428571428049,0.8890907881044152,-1.0
1.16034,1.1578785852257263,1.0,0.0024614147742736403,0.0009121428571428059,2.698497011733195,1.0
1.16102,1.1581953558759344,1.0,0.0028246441240655784,0.0009785714285713842,2.8864976450306488,1.0
1.1602,1.1582293187725905,1.0,0.0019706812274093988,0.0010107142857142457,1.9497906136913552,1.0
1.15948,1.1582601906508978,1.0,0.0012198093491022632,0.001050714285714254,1.1609334389824746,1.0
1.15983,1.1583219767292887,1.0,0.0015080232707112007,0.0010564285714285296,1.4274730081107265,1.0
1.16015,1.1583965932394453,1.0,0.0017534067605546877,0.0010392857142856712,1.6871267799152334,1.0
1.16028,1.1584159754576804,1.0,0.0018640245423195978,0.0010157142857142468,1.8351859066438376,1.0
1.16073,1.1584589473547098,1.0,0.0022710526452902613,0.001009285714285665,2.250158318051324,1.0
1.16033,1.1584976691538909,1.0,0.0018323308461092314,0.0009957142857142426,1.840217492505764,1.0
1.16089,1.1585948569052138,1.0,0.0022951430947861784,0.000977857142857094,2.3471149252745147,1.0
1.16158,1.1589849340526102,1.0,0.0025950659473898963,0.0009599999999999609,2.703193695197919,1.0
1.16089,1.1590144699995815,1.0,0.0018755300004185127,0.0009835714285713853,1.9068569357923262,1.0
1.16028,1.1590373864606374,1.0,0.0012426135393626137,0.0009885714285713862,1.2569790138061658,1.0
1.15982,1.15909960949279,1.0,0.0007203905072101779,0.0009564285714285406,0.7532088947679474,1.0
1.15953,1.1599648323240832,-1.0,-0.00043483232408325634,0.0009314285714285513,0.4668445197212976,-1.0
1.15913,1.1597522091213954,-1.0,-0.0006222091213954339,0.0008914285714285589,0.6979910015654005,-1.0
1.15951,1.1598109850906153,-1.0,-0.0003009850906152689,0.0008792857142857015,0.3423063581327235,-1.0
1.16003,1.1598248946414729,-1.0,0.0002051053585270246,0.0008742857142857005,0.23459763230215602,-1.0
1.15984,1.1598371342560532,-1.0,2.8657439468116053e-06,0.0008585714285714387,0.0033378049297306156,-1.0
1.15956,1.1598717925664315,-1.0,-0.00031179256643154574,0.000888571428571429,0.3508919557911285,-1.0
1.16023,1.1599059061568613,-1.0,0.0003240938431388063,0.0009207142857142747,0.35200262249366504,-1.0
1.16069,1.1599305734063032,-1.0,0.0007594265936967659,0.0009285714285714373,0.8178440239811248,-1.0
1.16004,1.1599720505211546,-1.0,6.794947884536384e-05,0.000982142857142852,0.06918492391527992,-1.0
1.16058,1.1600211596562764,-1.0,0.0005588403437235545,0.0009857142857142881,0.5669394791398366,-1.0
1.16066,1.160033913332525,-1.0,0.0006260866674749899,0.0009664285714285745,0.6478354282815839,-1.0
1.16134,1.1592201569411307,1.0,0.002119843058869364,0.000998571428571436,2.122875738495771,1.0
1.16161,1.159429916614012,1.0,0.002180083385987963,0.0009728571428571563,2.2409080325867152,1.0
1.16085,1.159438192573778,1.0,0.0014118074262219338,0.0010114285714285837,1.3958547999369233,1.0
1.1601,1.159454363010262,1.0,0.0006456369897378522,0.001015000000000004,0.6360955563919701,1.0
1.15939,1.1603543896203221,-1.0,-0.0009643896203221924,0.0010228571428571507,0.9428390142814659,-1.0
1.15958,1.1603800280894336,-1.0,-0.0008000280894335798,0.0010321428571428623,0.7751137198664403,-1.0
1.16041,1.1604007759011998,-1.0,9.224098800109104e-06,0.0010457142857142848,0.008820859508301063,-1.0
1.16022,1.1604070597074108,-1.0,-0.00018705970741073052,0.001009999999999987,0.18520763109973556,-1.0
1.15987,1.160436659261896,-1.0,-0.0005666592618960298,0.0009864285714285786,0.5744554429069051,-1.0
1.15935,1.1604024973516944,-1.0,-0.001052497351694326,0.000985714285714304,1.0677509365014703,-1.0
1.1593,1.1602786016727213,-1.0,-0.0009786016727213465,0.0009321428571428735,1.0498408749500852,-1.0
1.16016,1.160310124870359,-1.0,-0.00015012487035881428,0.0009285714285714532,0.161672937309488,-1.0
1.16072,1.1603249181956063,-1.0,0.0003950818043936266,0.000935000000000035,0.42254738437819445,-1.0
1.16162,1.159587057671366,1.0,0.0020329423286340464,0.0010235714285714412,1.9861264899425193,1.0
1.16129,1.159589869694719,1.0,0.0017001303052808225,0.0009585714285714435,1.7736083661647648,1.0
1.16187,1.1598091405558666,1.0,0.002060859444133367,0.0009871428571428848,2.087701318224771,1.0
1.16205,1.1599793728355197,1.0,0.0020706271644803653,0.0009535714285714425,2.171444217432561,1.0
1.16228,1.1601126230718073,1.0,0.002167376928192688,0.0009464285714285861,2.2900586411092196,1.0
1.16161,1.1601273618430248,1.0,0.0014826381569752467,0.0009728571428571563,1.5240039792696893,1.0
1.16224,1.1601533958996653,1.0,0.002086604100334677,0.0009785714285714478,2.1322961609259052,1.0
1.16281,1.1603816820705308,1.0,0.0024283179294690704,0.0009700000000000264,2.5034205458443344,1.0
1.16289,1.1605231170772023,1.0,0.0023668829227976307,0.0009850000000000295,2.4029268251751876,1.0
1.16278,1.1605335560062047,1.0,0.002246443993795255,0.0009835714285714487,2.283966297250031,1.0
1.16351,1.1608099595080705,1.0,0.002700040491929512,0.0010078571428571634,2.6789912747705453,1.0
1.16355,1.1608914570401678,1.0,0.002658542959832255,0.0010385714285714442,2.5598075266610048,1.0
1.16331,1.1609089311291845,1.0,0.0024010688708155925,0.001017142857142875,2.3606014179366364,1.0
1.16356,1.1609281923422636,1.0,0.002631807657736296,0.0009964285714285806,2.6412406600937492,1.0
1.16346,1.1609751756609206,1.0,0.0024848243390793723,0.0008942857142857363,2.7785575676605716,1.0
1.16291,1.161006981824933,1.0,0.001903018175067217,0.0008978571428571566,2.1195110939491353,1.0
1.16343,1.1610196696761066,1.0,0.0024103303238933727,0.0009099999999999982,2.648714641641074,1.0
1.1636,1.1611476710236421,1.0,0.0024523289763578315,0.0009107142857142885,2.6927533858046697,1.0
1.16457,1.1615335475552322,1.0,0.003036452444767912,0.0009678571428571393,3.137294038874607,1.0
1.16553,1.1619819561788451,1.0,0.0035480438211548115,0.0009878571428571276,3.591656796541441,1.0
1.16471,1.1620175401405108,1.0,0.0026924598594890714,0.000999999999999985,2.692459859489112,1.0
1.16564,1.1620753217670023,1.0,0.0035646782329976645,0.0009907142857142576,3.5980890599833253,1.0
1.16503,1.1620800354050127,1.0,0.002949964594987309,0.0010021428571428245,2.943656759075101,1.0
1.16549,1.1621192158765914,1.0,0.003370784123408521,0.0010228571428571032,3.2954593385280115,1.0
1.16574,1.162279618903223,1.0,0.003460381096777043,0.000979999999999965,3.531001119160374,1.0
1.16625,1.1625547392632798,1.0,0.0036952607367202184,0.0010228571428571032,3.6126850777992363,1.0
1.1664,1.1627709762750986,1.0,0.003629023724901481,0.0009607142857142355,3.7774224645816648,1.0
1.16556,1.1627899236262385,1.0,0.0027700763737614764,0.0009685714285713822,2.859960857865968,1.0
1.16536,1.1628126818171083,1.0,0.002547318182891667,0.0009835714285713853,2.589865981153588,1.0
1.16633,1.1628411582104672,1.0,0.003488841789532904,0.0010514285714285285,3.318191919392843,1.0
1.16663,1.1629217045665454,1.0,0.0037082954334546336,0.0010514285714285285,3.526911417687975,1.0
1.16661,1.163059897427238,1.0,0.003550102572762004,0.0010235714285713935,3.4683486405212673,1.0
1.16735,1.1634231238428812,1.0,0.0039268761571189525,0.0009749999999999799,4.027565289352855,1.0
1.16739,1.1635025281069806,1.0,0.003887471893019301,0.0009121428571428376,4.261911237452731,1.0
1.16693,1.1635539649901125,1.0,0.003376035009887479,0.0008735714285714101,3.864635334294825,1.0
1.16775,1.1637168955726023,1.0,0.004033104427397793,0.0008857142857142833,4.55350499867494,1.0
1.16821,1.1639450076791622,1.0,0.004264992320837768,0.0009214285714285651,4.628673836568153,1.0
1.16738,1.1639587724250084,1.0,0.0034212275749916365,0.000949285714285716,3.6040019601115745,1.0
1.16814,1.1640338027131447,1.0,0.00410619728685524,0.0009735714285714307,4.2176641244294375,1.0
1.16723,1.164050782045417,1.0,0.003179217954583091,0.0009971428571428711,3.188327461616236,1.0
1.16815,1.1640750857544115,1.0,0.004074914245588479,0.0010935714285714557,3.726244248088654,1.0
1.16783,1.1641078260765203,1.0,0.0037221739234796214,0.0010800000000000174,3.4464573365551496,1.0
1.16793,1.164156212340991,1.0,0.0037737876590089314,0.0010585714285714484,3.5649815942054013,1.0
1.16733,1.1641811382009246,1.0,0.0031488617990753642,0.0010092857142857442,3.1198913791262415,1.0
1.16683,1.1642518082774176,1.0,0.0025781917225824458,0.0010192857142857464,2.5294102393940507,1.0
1.1671,1.1642832061078685,1.0,0.0028167938921315194,0.0010714285714285962,2.629007632656024,1.0
1.16664,1.1643243127297214,1.0,0.0023156872702785325,0.001052857142857157,2.199431599993149,1.0
1.16605,1.1652585999408667,-1.0,0.0007914000591333625,0.0010900000000000196,0.7260551001223379,-1.0
1.16687,1.1653034316830178,-1.0,0.0015665683169823197,0.001166428571428584,1.3430469343387776,-1.0
1.1667,1.1653463103551367,-1.0,0.0013536896448633762,0.001136428571428578,1.1911788201186146,-1.0
1.16733,1.165358433146105,-1.0,0.0019715668538948794,0.00114642857142858,1.7197467884441189,-1.0
1.16689,1.165417888312279,-1.0,0.0014721116877209894,0.0011121428571428632,1.3236713955101953,-1.0
1.16642,1.1654457744303075,-1.0,0.0009742255696925106,0.001107142857142862,0.879945675851296,-1.0
1.16556,1.1653338998693077,-1.0,0.00022610013069224166,0.0010992857142857154,0.2056791312340078,-1.0
1.16644,1.1653783680567007,-1.0,0.0010616319432992238,0.0010892857142856974,0.9746129315534009,-1.0
1.16706,1.165415309727303,-1.0,0.0016446902726969803,0.0011207142857142843,1.4675375282191048,-1.0
1.16781,1.1654397069332338,-1.0,0.0023702930667661715,0.001218571428571418,1.9451408519769453,-1.0
1.16704,1.165481743797888,-1.0,0.0015582562021121404,0.0012485714285714084,1.2480312831561968,-1.0
1.16778,1.165494880892555,-1.0,0.0022851191074451105,0.0012535714285714253,1.8228870372781556,-1.0
1.16687,1.1655421971854993,-1.0,0.0013278028145007337,0.0012721428571428645,1.0437529142622215,-1.0
1.16687,1.1655642555135795,-1.0,0.0013057444864206236,0.001238571428571438,1.0542343027617411,-1.0
1.16625,1.1656075683812799,-1.0,0.0006424316187201295,0.0012407142857142933,0.5177917479609533,-1.0
1.166,1.16563912811477,-1.0,0.00036087188522992975,0.001174285714285715,0.3073118244050495,-1.0
1.16656,1.1656632023693405,-1.0,0.0008967976306595293,0.001217142857142869,0.7368055650958502,-1.0
1.16674,1.1656971386622774,-1.0,0.0010428613377226892,0.001150000000000016,0.9068359458458041,-1.0
1.16627,1.1657375837631125,-1.0,0.0005324162368873786,0.0011671428571428746,0.45617058240043995,-1.0
1.16701,1.1657944229607407,-1.0,0.0012155770392594523,0.0011871428571428786,1.0239517779561988,-1.0
1.16709,1.165839193892139,-1.0,0.00125080610786088,0.0011128571428571693,1.123959275356348,-1.0
1.16695,1.1658566488992088,-1.0,0.0010933511007911179,0.0010457142857143165,1.0455543313575957,-1.0
1.16792,1.1648652727678006,1.0,0.003054727232199461,0.0010607142857143037,2.8798775253058406,1.0
1.16804,1.1649823153607102,1.0,0.0030576846392897927,0.0010021428571428878,3.0511464682862286,1.0
1.16889,1.1654121553415302,1.0,0.0034778446584697864,0.0009985714285714678,3.482820115777904,1.0
1.1687,1.1654634760353466,1.0,0.0032365239646534594,0.000951428571428603,3.4017519148008204,1.0
1.16838,1.1655125886809135,1.0,0.0028674113190865214,0.0009435714285714562,3.038891632642704,1.0
1.16883,1.165562466543195,1.0,0.003267533456805083,0.0009828571428571584,3.324525319423724,1.0
1.16847,1.1656170168832265,1.0,0.0028529831167734,0.0009714285714285754,2.936894384913782,1.0
1.1688,1.1656878614940946,1.0,0.003112138505905415,0.0009500000000000222,3.2759352693740444,1.0
1.16905,1.1658921593811298,1.0,0.0031578406188701447,0.0009000000000000119,3.508711798744559,1.0
1.16939,1.1661519228131283,1.0,0.003238077186871635,0.0009357142857143096,3.460540505053568,1.0
1.17025,1.1666183370831036,1.0,0.0036316629168964276,0.0009242857142857267,3.9291561697487873,1.0
1.16936,1.1666508748025048,1.0,0.0027091251974951103,0.0009200000000000001,2.9447013016251193,1.0
1.16837,1.16769304051408,-1.0,0.0006769594859199479,0.000970714285714285,0.6973828405356348,-1.0
1.16859,1.1677397859123704,-1.0,0.0008502140876296416,0.0009892857142857242,0.8594221824415064,-1.0
1.16943,1.1677588532724097,-1.0,0.001671146727590278,0.0009814285714285934,1.702769591431104,-1.0
1.16963,1.1678479461598723,-1.0,0.0017820538401276398,0.0010014285714285817,1.7795116805839302,-1.0
1.16977,1.1679244852907604,-1.0,0.0018455147092395485,0.0009514285714285713,1.9397301748764026,-1.0
1.17064,1.1670767279932361,1.0,0.0035632720067637624,0.0009878571428571434,3.6070721688136405,1.0
1.17126,1.1674188896747135,1.0,0.0038411103252864454,0.0009842857142857073,3.902434292743876,1.0
1.17098,1.1674589389960004,1.0,0.003521061003999515,0.0009692857142857202,3.6326347867349233,1.0
1.17197,1.167793076558902,1.0,0.0041769234410979905,0.0010264285714285868,4.069375655906123,1.0
1.17286,1.1682575728833742,1.0,0.00460242711662584,0.0010978571428571662,4.1921912578243585,1.0
1.17351,1.1686612229755633,1.0,0.004848777024436757,0.0011300000000000119,4.2909531189705366,1.0
1.17323,1.1687746819621134,1.0,0.004455318037886569,0.001125000000000011,3.960282700343578,1.0
1.17363,1.1689917083431465,1.0,0.004638291656853477,0.0010914285714286004,4.249743664656214,1.0
1.17326,1.1690447476289236,1.0,0.004215252371076339,0.001040000000000041,4.053127279880936,1.0
1.17412,1.1693306582295975,1.0,0.004789341770402578,0.0010850000000000185,4.414139880555296,1.0
1.17479,1.1697370208181757,1.0,0.005052979181824346,0.0010921428571428748,4.626665045489843,1.0
1.17401,1.1698365918434706,1.0,0.004173408156529446,0.001057857142857142,3.9451528826071764,1.0
1.17327,1.1699248770731328,1.0,0.0033451229268672833,0.0010778571428571462,3.1034937691280198,1.0
1.17245,1.1709312648099908,-1.0,0.0015187351900092239,0.001105714285714297,1.3735331175793872,-1.0
1.17193,1.1707620665194032,-1.0,0.001167933480596739,0.0011178571428571546,1.0447967238564968,-1.0
1.17269,1.1707790748720366,-1.0,0.0019109251279634254,0.0011485714285714513,1.6637407830527007,-1.0
1.17256,1.1708576034807985,-1.0,0.0017023965192015655,0.001150000000000016,1.4803447993056886,-1.0
1.1728,1.1709111265566934,-1.0,0.0018888734433066823,0.0010685714285714504,1.7676623132548805,-1.0
1.17335,1.1709803808091062,-1.0,0.0023696191908937347,0.0010064285714285828,2.3544832272897027,-1.0
1.17366,1.1710310863064906,-1.0,0.0026289136935093715,0.00098928571428574,2.6573856829696925,-1.0
1.1739,1.1710901378685459,-1.0,0.002809862131454066,0.0009942857142857411,2.826010764393381,-1.0
1.17313,1.1711355864885533,-1.0,0.001994413511446691,0.0010314285714285879,1.9336419086047942,-1.0
1.1729,1.1711682767085896,-1.0,0.0017317232914104697,0.0010157142857142945,1.7049315105306868,-1.0
1.17386,1.1712355265454932,-1.0,0.0026244734545066706,0.0010128571428571645,2.5911585587512413,-1.0
1.17413,1.1712702210825217,-1.0,0.0028597789174782395,0.0010271428571428773,2.784207569172084,-1.0
1.17433,1.170427895984206,1.0,0.00390210401579405,0.0010107142857143092,3.8607389555558607,1.0
1.17465,1.170686026972254,1.0,0.003963973027745871,0.0009728571428571563,4.074568457301132,1.0
1.17387,1.1707136094424315,1.0,0.0031563905575684448,0.0009885714285714498,3.1928806218177224,1.0
1.17393,1.1707544217868315,1.0,0.003175578213168384,0.0009300000000000022,3.414600229213308,1.0
1.173,1.1708083794234474,1.0,0.002191620576552644,0.0008999999999999961,2.435133973947393,1.0
1.17308,1.1708336242531263,1.0,0.0022463757468735857,0.0008700000000000056,2.5820410883604263,1.0
1.17389,1.1709227735534546,1.0,0.0029672264465454568,0.0009021428571428672,3.289087114143779,1.0
1.17387,1.1709684274615113,1.0,0.0029015725384886615,0.0008928571428571555,3.2497612431072547,1.0
1.17331,1.17103011225117,1.0,0.002279887748830145,0.0009257142857142916,2.4628417039831656,1.0
1.17264,1.1720462887587986,-1.0,0.0005937112412013335,0.0009771428571428511,0.6075992234516607,-1.0
1.17229,1.1719105866541648,-1.0,0.00037941334583524444,0.0009664285714285585,0.3925932625050623,-1.0
1.17281,1.1719300755982296,-1.0,0.0008799244017703156,0.000993571428571419,0.8856176581441076,-1.0
1.17266,1.1719759464877213,-1.0,0.0006840535122787372,0.0009214285714285493,0.7423836567366319,-1.0
1.17332,1.1720118423903854,-1.0,0.0013081576096145575,0.000940714285714263,1.3906003443131547,-1.0
1.1734,1.172048937295949,-1.0,0.0013510627040509426,0.0009614285714285417,1.4052658140203405,-1.0
1.17389,1.1721149489202687,-1.0,0.0017750510797314156,0.0009635714285714128,1.842158273998534,-1.0
1.17422,1.1721553054035567,-1.0,0.002064694596443317,0.0009249999999999695,2.2321022664252816,-1.0
1.1748,1.1714864349082623,1.0,0.003313565091737747,0.0009557142857142661,3.467108466691286,1.0
1.17441,1.1715206898741108,1.0,0.0028893101258891107,0.0009621428571428321,3.0029949341090276,1.0
1.17431,1.1715752291807189,1.0,0.002734770819281085,0.0009835714285714012,2.7804496347085155,1.0
1.17511,1.1717300369959947,1.0,0.0033799630040054485,0.0010035714285714053,3.3679346659129803,1.0
1.17455,1.1717563784450662,1.0,0.0027936215549337895,0.001049285714285689,2.6624031156619465,1.0
1.17399,1.171778486881057,1.0,0.002211513118943076,0.0010221428571428287,2.163604728525781,1.0
1.17494,1.1718169367013884,1.0,0.0031230632986116724,0.0010199999999999734,3.0618267633448566,1.0
1.17554,1.171930631505598,1.0,0.0036093684944020765,0.0010357142857142668,3.4849075118365516,1.0
1.17467,1.1719783581796097,1.0,0.002691641820390389,0.0010621428571428368,2.5341617676843424,1.0
1.17527,1.1720272266337302,1.0,0.00324277336626988,0.0010921428571428432,2.9691842464211184,1.0
1.17437,1.1720617224064682,1.0,0.0023082775935316935,0.0011014285714285549,2.0957124714295845,1.0
1.17534,1.1720753156201167,1.0,0.0032646843798833647,0.001121428571428559,2.9111835234629053,1.0
1.17575,1.1721631821186778,1.0,0.003586817881322313,0.0011221428571428493,3.196400403469938,1.0
1.17646,1.172536536379348,1.0,0.00392346362065199,0.0011542857142857108,3.3990402654163385,1.0
1.1755,1.1725887629879188,1.0,0.0029112370120811804,0.001188571428571412,2.4493580630491043,1.0
1.17533,1.1726203606539654,1.0,0.0027096393460346313,0.0011521428571428397,2.351825842807527,1.0
1.17461,1.1726861981554895,1.0,0.0019238018445104643,0.0012092857142856905,1.5908579930978752,1.0
1.17361,1.1736215575038846,-1.0,-1.1557503884596088e-05,0.0012207142857142575,0.009467820619329957,-1.0
1.17309,1.1733991842484432,-1.0,-0.00030918424844328385,0.0012207142857142575,0.2532814206088984,-1.0
1.17358,1.1734365355837033,-1.0,0.00014346441629675688,0.0012042857142856894,0.11912822231047673,-1.0
1.17329,1.1734574742715709,-1.0,-0.0001674742715709332,0.0011471428571428227,0.1459925156907307,-1.0
1.17282,1.1732505890809979,-1.0,-0.0004305890809979118,0.0011364285714285463,0.37889674003588303,-1.0
1.17322,1.1732692959102904,-1.0,-4.929591029045888e-05,0.0011257142857142538,0.04379078325294695,-1.0
1.1737,1.1733180161019465,-1.0,0.0003819838980534396,0.0011171428571428166,0.3419293205082064,-1.0
1.17285,1.1733399954770514,-1.0,-0.0004899954770514192,0.0010828571428570996,0.4525024194406427,-1.0
1.17268,1.1731798395117554,-1.0,-0.0004998395117554733,0.0010264285714285393,0.48696960087521535,-1.0
1.1728,1.1732023482185379,-1.0,-0.0004023482185377958,0.0009885714285713862,0.40699964302957964,-1.0
1.17206,1.1729200802035153,-1.0,-0.0008600802035152455,0.0009999999999999692,0.8600802035152719,-1.0
1.17193,1.1727955793922862,-1.0,-0.0008655793922862642,0.0009264285714285503,0.9343185421748632,-1.0
1.17119,1.1725032609800112,-1.0,-0.0013132609800112771,0.0009657142857142682,1.3598856301892168,-1.0
1.17109,1.1723709263568203,-1.0,-0.001280926356820311,0.0008864285714285579,1.445041820748157,-1.0
1.17124,1.1723764151710183,-1.0,-0.0011364151710182568,0.0008328571428571273,1.3644779068830097,-1.0
1.17108,1.1723947987875902,-1.0,-0.0013147987875903322,0.0008149999999999784,1.6132500461231498,-1.0
1.17023,1.1720129432212545,-1.0,-0.001782943221254385,0.0008371428571428379,2.1297956567885636,-1.0
1.16994,1.1718441099451842,-1.0,-0.0019041099451841959,0.0008185714285714145,2.3261378038899827,-1.0
1.17074,1.1718708556767825,-1.0,-0.0011308556767826161,0.0008257142857142551,1.3695483974876481,-1.0
1.17148,1.1718905511381656,-1.0,-0.0004105511381655713,0.0008228571428571094,0.49893367485401324,-1.0
1.17089,1.1719391996268733,-1.0,-0.0010491996268733317,0.0008257142857142551,1.2706569875629057,-1.0
1.17014,1.171978599129126,-1.0,-0.001838599129126095,0.0008649999999999729,2.125548126157402,-1.0
1.16958,1.1719752886113042,-1.0,-0.002395288611304114,0.0009149999999999674,2.617801760988196,-1.0
1.17008,1.1719897449233971,-1.0,-0.0019097449233971275,0.000957142857142831,1.9952558901164563,-1.0
1.16909,1.1717865915501817,-1.0,-0.0026965915501817594,0.0009649999999999619,2.7943953887894986,-1.0
1.16989,1.1717801298204056,-1.0,-0.001890129820405484,0.0010271428571428137,1.840182022647976,-1.0
1.17018,1.1718060202916576,-1.0,-0.0016260202916575928,0.0009828571428570948,1.6543811106982131,-1.0
1.17091,1.1718323088784999,-1.0,-0.0009223088784999778,0.0010435714285713818,0.883800431143071,-1.0
1.17027,1.1718417257043194,-1.0,-0.0015717257043195154,0.001057142857142804,1.4867675581401567,-1.0
1.17041,1.171845061701939,-1.0,-0.0014350617019389666,0.0010214285714285223,1.404955512387867,-1.0
1.16995,1.1718566086813607,-1.0,-0.001906608681360611,0.0010078571428571,1.8917449708752434,-1.0
1.17019,1.1718513853815642,-1.0,-0.0016613853815641288,0.001004285714285664,1.6542955435205526,-1.0
1.17074,1.171842155546945,-1.0,-0.0011021555469450384,0.0009721428571428183,1.1337382554909003,-1.0
1.17043,1.1718501834698212,-1.0,-0.0014201834698210902,0.0009464285714285385,1.500571213395921,-1.0
1.17121,1.1709621852877625,1.0,0.0002478147122375596,0.0009692857142857043,0.25566735234531096,1.0
1.17129,1.1710459012921768,1.0,0.00024409870782315934,0.000894999999999995,0.27273598639459296,1.0
1.17174,1.1712914365631653,1.0,0.000448563436834748,0.0008792857142857173,0.5101452571638059,1.0
1.17227,1.1715408355703898,1.0,0.0007291644296101296,0.0008971428571428504,0.8127628992469659,1.0
1.17287,1.171847658916906,1.0,0.0010223410830940693,0.0008592857142856973,1.1897568714311932,1.0
1.17315,1.1720300672616413,1.0,0.0011199327383586422,0.0008228571428571252,1.3610293695331013,1.0
1.17242,1.17205438318364,1.0,0.00036561681635993715,0.0008721428571428451,0.41921666085497056,1.0
1.17151,1.1720587252044812,1.0,-0.0005487252044811264,0.0008928571428571239,0.6145722290188746,1.0
1.17178,1.1720627942004622,1.0,-0.0002827942004621775,0.0008671428571428441,0.32612181272409757,1.0
1.17207,1.1720715839069662,1.0,-1.583906966251547e-06,0.0008957142857142696,0.001768317187202716,1.0
1.17292,1.1720759989748084,1.0,0.0008440010251915542,0.0009178571428571132,0.9195341908702055,1.0
1.17291,1.1720753610521557,1.0,0.0008346389478441907,0.0009399999999999885,0.8879137743023414,1.0
1.17299,1.172073983927132,1.0,0.0009160160728680644,0.0009449999999999895,0.9693291776381742,1.0
1.17229,1.172068881884277,1.0,0.00022111811572300688,0.000984999999999982,0.22448539667310755,1.0
1.17168,1.1720571743686365,1.0,-0.00037717436863649034,0.0009657142857142523,0.3905651746235982,1.0
1.1713,1.1729439005021005,-1.0,-0.0016439005021005038,0.0009757142857142544,1.6848174984925177,-1.0
1.17036,1.1725734383155706,-1.0,-0.002213438315570526,0.0010378571428571062,2.1327003728828946,-1.0
1.17054,1.1725616735254123,-1.0,-0.002021673525412382,0.000989999999999967,2.042094470113585,-1.0
1.17137,1.1725498882665215,-1.0,-0.0011798882665214894,0.0010285714285714104,1.1471135924514684,-1.0
1.17152,1.172538172560491,-1.0,-0.0010181725604911929,0.0010442857142857198,0.9749942439724093,-1.0
1.17224,1.1725357352717403,-1.0,-0.0002957352717403161,0.0010171428571428593,0.2907509694076135,-1.0
1.17125,1.1725260979711392,-1.0,-0.0012760979711392562,0.0010271428571428614,1.2423763279519826,-1.0
1.1712,1.172520162718767,-1.0,-0.001320162718766893,0.0010485714285714304,1.2590107672163808,-1.0
1.1717,1.172517514989405,-1.0,-0.000817514989404966,0.0010628571428571432,0.7691673287412313,-1.0
1.17183,1.172511662681242,-1.0,-0.0006816626812420346,0.0010135714285714231,0.6725354148970074,-1.0
1.17213,1.1725034316755907,-1.0,-0.00037343167559078516,0.0010321428571428465,0.3618023154512835,-1.0
1.17178,1.1724946443580966,-1.0,-0.0007146443580965389,0.001057142857142836,0.6760149333345774,-1.0
1.17102,1.172482375316021,-1.0,-0.001462375316021003,0.0010507142857142699,1.3917915992042387,-1.0
1.17063,1.1724800571884346,-1.0,-0.0018500571884345618,0.0010414285714285582,1.7764609491141423,-1.0
1.17055,1.1724670411718445,-1.0,-0.0019170411718445468,0.0010364285714285573,1.8496606757976584,-1.0
1.17127,1.1724458992739586,-1.0,-0.0011758992739585583,0.0009892857142856926,1.1886346451566916,-1.0
1.17156,1.172439804198096,-1.0,-0.0008798041980959681,0.0010207142857142637,0.8619495292752848,-1.0
1.17092,1.172421275559318,-1.0,-0.001501275559318005,0.0009957142857142584,1.5077372905633175,-1.0
1.17067,1.172397956429934,-1.0,-0.0017279564299339523,0.0009792857142856745,1.7645069306401395,-1.0
1.17094,1.1723886490063267,-1.0,-0.0014486490063265745,0.0009514285714285238,1.522604060703683,-1.0
1.1709,1.172376461318009,-1.0,-0.001476461318008937,0.0008692857142856677,1.6984764545707662,-1.0
1.17048,1.1722002850687052,-1.0,-0.0017202850687052518,0.0008557142857142296,2.0103498298727134,-1.0
1.17121,1.172194312265312,-1.0,-0.0009843122653119263,0.0008707142857142326,1.1304652759940779,-1.0
1.17153,1.1721762647014846,-1.0,-0.0006462647014846556,0.0009142857142856771,0.7068520172488709,-1.0
1.17086,1.1721562982936593,-1.0,-0.0012962982936592926,0.0009349999999999557,1.3864152873362074,-1.0
1.16992,1.1720746119211887,-1.0,-0.0021546119211885983,0.000969999999999963,2.2212494032872994,-1.0
1.17037,1.1720703904003955,-1.0,-0.0017003904003956016,0.0009364285714285365,1.815824988980878,-1.0
1.1699,1.1720200028073866,-1.0,-0.0021200028073866672,0.0009499999999999588,2.231581902512378,-1.0
1.16897,1.1715565092915985,-1.0,-0.0025865092915984267,0.0009907142857142417,2.6107519886358745,-1.0
1.16901,1.1714855034567737,-1.0,-0.002475503456773609,0.0009421428571428279,2.6275245181828355,-1.0
1.16908,1.1714136721233466,-1.0,-0.002333672123346675,0.0008907142857142526,2.620000780020422,-1.0
1.16927,1.1713934751013952,-1.0,-0.0021234751013952113,0.0008542857142856805,2.485673195613222,-1.0
1.16872,1.1711836881931772,-1.0,-0.002463688193177216,0.0008849999999999612,2.7838284668670323,-1.0
1.16933,1.1711529934716267,-1.0,-0.0018229934716267326,0.0009278571428571152,1.9647350733468067,-1.0
1.16959,1.1711305116611879,-1.0,-0.00154051166118796,0.0009692857142856884,1.5893266954039804,-1.0
1.16959,1.1711026214126292,-1.0,-0.0015126214126293114,0.0009628571428571224,1.5709717935319591,-1.0
1.17002,1.1710772618033132,-1.0,-0.0010572618033131143,0.0009285714285714215,1.1385896343372086,-1.0
1.1701,1.1710519517764917,-1.0,-0.0009519517764917662,0.0008942857142857046,1.0644828171633285,-1.0
1.16995,1.1710374376785957,-1.0,-0.0010874376785956485,0.0008264285714285613,1.3158277874104811,-1.0
1.17007,1.1710201256528654,-1.0,-0.0009501256528654523,0.0007428571428571404,1.279015301934267,-1.0
1.1709,1.1703980852952829,1.0,0.0005019147047171657,0.000801428571428572,0.626275032623914,1.0
1.17178,1.1707500876794446,1.0,0.0010299123205554928,0.0008250000000000122,1.2483785703702757,1.0
1.17082,1.170717171584354,1.0,0.00010282841564590584,0.0008271428571428675,0.1243176009535979,1.0
1.17132,1.170682668705695,1.0,0.000637331294304877,0.0008757142857142812,0.7277845122567964,1.0
1.17168,1.1706751901855894,1.0,0.0010048098144106454,0.0009064285714285779,1.1085372263001525,1.0
1.17095,1.170671523864413,1.0,0.00027847613558695805,0.0009278571428571628,0.30012824466646104,1.0
1.17082,1.1706573739713775,1.0,0.0001626260286224923,0.0008657142857143109,0.18785184824379753,1.0
1.17088,1.170642601014194,1.0,0.00023739898580599217,0.0008064285714286047,0.2943831533466566,1.0
1.17161,1.1706156855612426,1.0,0.0009943144387574154,0.0008242857142857377,1.2062740158235201,1.0
1.17067,1.170596760100461,1.0,7.323989953911259e-05,0.000864285714285746,0.08474037963202798,1.0
1.16977,1.1714335907831006,-1.0,-0.0016635907831006325,0.0009114285714285948,1.825256345094691,-1.0
1.16905,1.171047927293051,-1.0,-0.0019979272930510383,0.0009321428571428735,2.143370276070042,-1.0
1.1692,1.17102749271876,-1.0,-0.0018274927187600376,0.000951428571428603,1.9207881428408164,-1.0
1.16863,1.1707112179588632,-1.0,-0.0020812179588631796,0.0009757142857143178,2.1330198699914757,-1.0
1.16824,1.170499220925517,-1.0,-0.0022592209255170026,0.0009450000000000212,2.3907099740920126,-1.0
1.16791,1.170341556377347,-1.0,-0.002431556377346933,0.0009257142857143075,2.6266812718253285,-1.0
1.16762,1.1701767975509831,-1.0,-0.0025567975509830365,0.0009164285714285958,2.7899583564895996,-1.0
1.16783,1.17015515755403,-1.0,-0.002325157554030177,0.0008914285714286065,2.6083498202260578,-1.0
1.16717,1.1699261897788373,-1.0,-0.0027561897788372924,0.0009392857142857457,2.934346532602343,-1.0
1.16805,1.1699208430247323,-1.0,-0.0018708430247322827,0.0009728571428571563,1.9230398198422611,-1.0
1.16901,1.1698846093606505,-1.0,-0.0008746093606504246,0.0010350000000000081,0.8450331986960558,-1.0
1.16997,1.169113508886625,1.0,0.0008564911133750464,0.001144999999999999,0.7480271732533161,1.0
1.17057,1.169404266621544,1.0,0.0011657333784560464,0.001135000000000013,1.0270778664810865,1.0
1.16966,1.169401197758714,1.0,0.0002588022412859381,0.0011457142857143054,0.22588724301764782,1.0
1.17056,1.1693977762270602,1.0,0.001162223772939841,0.0011528571428571618,1.0081247101088913,1.0
1.17099,1.1695897848964072,1.0,0.0014002151035927834,0.001140000000000014,1.228258862800672,1.0
1.17,1.1695820566350732,1.0,0.0004179433649267317,0.0011785714285714257,0.3546186126651065,1.0
1.1691,1.1695808246724484,1.0,-0.0004808246724483656,0.0012499999999999892,0.3846597379586958,1.0
1.16818,1.1706198511374057,-1.0,-0.0024398511374057463,0.001285714285714287,1.8976619957600231,-1.0
1.16898,1.1706109814247805,-1.0,-0.0016309814247805754,0.001313571428571422,1.2416389313174643,-1.0
1.16807,1.170596925568228,-1.0,-0.002526925568228089,0.0013599999999999804,1.858033506050092,-1.0
1.16852,1.1705761812152922,-1.0,-0.0020561812152921632,0.0013599999999999804,1.51189795242073,-1.0
1.16867,1.1705699252215003,-1.0,-0.001899925221500176,0.0013235714285714081,1.4354534862926538,-1.0
1.16838,1.17055208381371,-1.0,-0.002172083813710035,0.0012842857142857061,1.691277719240305,-1.0
1.16784,1.1703053358758744,-1.0,-0.002465335875874386,0.001305714285714275,1.8881128152210986,-1.0
1.16813,1.1702905669648938,-1.0,-0.002160566964893862,0.0012578571428571359,1.717656871579457,-1.0
1.1681,1.1702795641769108,-1.0,-0.0021795641769108975,0.0012021428571428342,1.8130658631463548,-1.0
1.16774,1.1700769908278166,-1.0,-0.0023369908278165763,0.0011692857142856822,1.9986482339299307,-1.0
1.16846,1.1700585176510923,-1.0,-0.0015985176510922017,0.001121428571428543,1.4254297525663306,-1.0
1.16873,1.1700494030237016,-1.0,-0.001319403023701593,0.0011278571428571407,1.1698316866258605,-1.0
1.16964,1.170047742436771,-1.0,-0.000407742436770997,0.0011321428571428674,0.36015104825198146,-1.0
1.16977,1.1700485378373593,-1.0,-0.00027853783735931614,0.0010621428571428687,0.26224140706324034,-1.0
1.16893,1.17003623340048,-1.0,-0.0011062334004798835,0.0010457142857143006,1.0578734704042452,-1.0
1.16972,1.1700314140456016,-1.0,-0.0003114140456015324,0.001051428571428592,0.29618183684927774,-1.0
1.16894,1.170026706180274,-1.0,-0.0010867061802739553,0.0010471428571428973,1.0377821639723595,-1.0
1.16866,1.170005665509056,-1.0,-0.0013456655090560155,0.0010557142857143184,1.2746493319880672,-1.0
1.1689,1.1700012707191643,-1.0,-0.0011012707191642157,0.001046428571428591,1.0524088783821661,-1.0
1.16899,1.1699873249016866,-1.0,-0.0009973249016865804,0.0010450000000000101,0.9543778963507854,-1.0
1.16925,1.1699669460457494,-1.0,-0.0007169460457494559,0.0010021428571428878,0.7154130178540324,-1.0
1.16945,1.1699458837004144,-1.0,-0.0004958837004143124,0.0009635714285714446,0.5146309715196633,-1.0
1.16973,1.169928350518405,-1.0,-0.00019835051840511042,0.0010057142857143081,0.1972235268232588,-1.0
1.16916,1.169901714935176,-1.0,-0.0007417149351760521,0.0009992857142857264,0.7422451102547966,-1.0
1.16867,1.1698928881638924,-1.0,-0.0012228881638922662,0.0010014285714285817,1.2211436729309237,-1.0
1.16772,1.1697693732537133,-1.0,-0.002049373253713238,0.0010192857142856987,2.0105974458294162,-1.0
1.16782,1.1697504084426924,-1.0,-0.0019304084426923218,0.0009842857142856915,1.9612277356816497,-1.0
1.1686,1.1697272942899732,-1.0,-0.0011272942899731575,0.001037857142857122,1.0861748148399533,-1.0
1.16856,1.1697148121180647,-1.0,-0.0011548121180646742,0.0009671428571428173,1.1940450260639663,-1.0
1.16949,1.1696871192314005,-1.0,-0.00019711923140053322,0.0009471428571428131,0.2081198521574354,-1.0
1.16995,1.1688286877992904,1.0,0.0011213122007096565,0.0009049999999999495,1.239019006309082,1.0
1.17084,1.169195903806452,1.0,0.0016440961935479947,0.0009492857142856843,1.73192977499418,1.0
1.17007,1.1691850730596605,1.0,0.000884926940339481,0.001009999999999987,0.876165287464844,1.0
1.17058,1.1691889998851024,1.0,0.001391000114897567,0.001011428571428552,1.375282599475022,1.0
1.16997,1.1691887818626747,1.0,0.0007812181373252347,0.0010385714285713968,0.7522045338757648,1.0
1.17095,1.169217053342504,1.0,0.001732946657496015,0.001072142857142839,1.616339320782453,1.0
1.1718,1.1695881323196171,1.0,0.0022118676803828397,0.0011178571428571388,1.9786675735054229,1.0
1.17275,1.1700521209565706,1.0,0.00269787904342933,0.0011542857142857108,2.3372714485155157,1.0
1.17294,1.1702043892101148,1.0,0.0027356107898852677,0.0011428571428571438,2.3936594411496075,1.0
1.17316,1.1703868138348943,1.0,0.00277318616510569,0.0011164285714285896,2.4839799303569436,1.0
1.17238,1.170390641746068,1.0,0.001989358253931872,0.0011350000000000288,1.7527385497196668,1.0
1.17287,1.1703821702484105,1.0,0.0024878297515895653,0.0011021428571428929,2.2572661388368624,1.0
1.17384,1.1706701077348138,1.0,0.0031698922651861583,0.0011878571428572007,2.668580379591344,1.0
1.17391,1.1707909850803837,1.0,0.003119014919616303,0.0011314285714286245,2.7567051057213505,1.0
1.17411,1.1709572456345612,1.0,0.0031527543654388257,0.0011114285714286204,2.8366684521941914,1.0
1.17351,1.1709719050301575,1.0,0.002538094969842586,0.0010814285714285982,2.3469834595637598,1.0
1.17349,1.1709884988273753,1.0,0.0025015011726245984,0.00101214285714289,2.4714902199536515,1.0
1.17317,1.1709986487859223,1.0,0.0021713512140777436,0.00101214285714289,2.1453011289405377,1.0
1.17408,1.1710422891402066,1.0,0.00303771085979343,0.0010171428571428911,2.986513485751868,1.0
1.17486,1.1714207379109105,1.0,0.003439262089089512,0.0010314285714286037,3.334464629311057,1.0
1.17411,1.1714264309971525,1.0,0.0026835690028474968,0.001013571428571439,2.647636789278687,1.0
1.17392,1.1714271038283681,1.0,0.002492896171631953,0.0009621428571428638,2.5909834003598444,1.0
1.17416,1.1714258666617727,1.0,0.0027341333382273625,0.0009564285714285724,2.8586905702153125,1.0
1.17493,1.1715048899156588,1.0,0.0034251100843412097,0.0009992857142857106,3.4275583402985785,1.0
1.17571,1.1718515914178678,1.0,0.0038584085821322667,0.0010428571428571232,3.6998438458803258,1.0
1.1756,1.171893492120688,1.0,0.0037065078793119266,0.0010157142857142626,3.649163875553316,1.0
1.17651,1.1723069137370044,1.0,0.004203086262995592,0.0010157142857142626,4.138059611950748,1.0
1.1768,1.1725045598189228,1.0,0.0042954401810773035,0.0010514285714285604,4.085337128742044,1.0
1.1766,1.172561422172875,1.0,0.004038577827125023,0.0010392857142857029,3.8859168096048755,1.0
1.17692,1.1728210990457504,1.0,0.004098900954249585,0.0009942857142857095,4.122457856285521,1.0
1.17763,1.1731150762926272,1.0,0.00451492370737272,0.0010699999999999837,4.2195548667035405,1.0
1.1775,1.1731461271601278,1.0,0.004353872839872208,0.0010792857142857112,4.034031751039781,1.0
1.17726,1.173158125818048,1.0,0.00410187418195207,0.0010421428571428487,3.9359999004338206,1.0
1.17813,1.1734877359556792,1.0,0.004642264044320665,0.0010392857142857187,4.466783272885844,1.0
1.17785,1.1735509794200598,1.0,0.004299020579940249,0.0009714285714285913,4.425462361703107,1.0
1.17876,1.173948520506344,1.0,0.004811479493656012,0.0010378571428571698,4.63597473580058,1.0
1.17852,1.1740167726307882,1.0,0.004503227369211826,0.001061428571428594,4.242609903698804,1.0
1.17888,1.1741318681615454,1.0,0.004748131838454572,0.001046428571428591,4.537463872925787,1.0
1.17929,1.1743612974063105,1.0,0.0049287025936894935,0.0010228571428571667,4.818563988243806,1.0
1.1789,1.1743813195604338,1.0,0.004518680439566269,0.0010457142857143006,4.321142496852929,1.0
1.17984,1.1746886975454494,1.0,0.005151302454550644,0.0010114285714285679,5.093095647154609,1.0
1.18076,1.175144418362643,1.0,0.005615581637357092,0.0010521428571428507,5.337280578615056,1.0
1.18165,1.1755861572139419,1.0,0.0060638427860582045,0.0011242857142857046,5.393506925337713,1.0
1.18069,1.1755938048966814,1.0,0.0050961951033186015,0.0011728571428571341,4.345111537543298,1.0
1.18039,1.1756472553602628,1.0,0.004742744639737229,0.001113571428571428,4.259039445562619,1.0
1.17989,1.1757021506425087,1.0,0.004187849357491391,0.0011442857142857088,3.659793445997488,1.0
1.17988,1.1757055467275965,1.0,0.004174453272403511,0.0011071428571428463,3.7704739234612727,1.0
1.18055,1.1757549097058626,1.0,0.004795090294137383,0.0011035714285714102,4.345065638700614,1.0
1.18062,1.1758282365440276,1.0,0.004791763455972431,0.0011114285714285568,4.311355294576794,1.0
1.18096,1.175888643149181,1.0,0.005071356850818942,0.0010628571428571432,4.771437897275885,1.0
1.18001,1.1759384762671936,1.0,0.0040715237328063925,0.0011200000000000099,3.635289047148533,1.0
1.17923,1.1759643174501786,1.0,0.0032656825498214026,0.0011242857142857205,2.904673170107966,1.0
1.18002,1.1759766412285448,1.0,0.00404335877145523,0.0011264285714285757,3.5895385415582117,1.0
1.18099,1.176010453546319,1.0,0.0049795464536810385,0.001185714285714298,4.199617491056254,1.0
1.18076,1.176080312213736,1.0,0.004679687786264042,0.0011707142857143107,3.9972928009576076,1.0
1.18013,1.1761383910941152,1.0,0.00399160890588468,0.0011600000000000182,3.44104216024536,1.0
1.17995,1.1762360810000305,1.0,0.0037139189999695343,0.0010914285714286004,3.402805366464143,1.0
1.18009,1.176284816682824,1.0,0.003805183317176164,0.0010414285714286059,3.653811141321299,1.0
1.17971,1.176345820057408,1.0,0.0033641799425920826,0.001035000000000024,3.250415403470536,1.0
1.17889,1.1772235512392535,-1.0,0.0016664487607465084,0.001018571428571456,1.6360647019951255,-1.0
1.17891,1.177142284775333,-1.0,0.0017677152246668992,0.0010035714285714687,1.7614244231555587,-1.0
1.17833,1.1769113618825617,-1.0,0.0014186381174383644,0.000997142857142887,1.4227029831043343,-1.0
1.17781,1.176724930963863,-1.0,0.0010850690361370319,0.001040000000000025,1.0433356116701977,-1.0
1.1775,1.176561021876462,-1.0,0.0009389781235380479,0.0010228571428571507,0.9179953721740621,-1.0
1.17817,1.1765711236462484,-1.0,0.001598876353751555,0.0009678571428571393,1.651975568451797,-1.0
1.17736,1.1766006565049487,-1.0,0.0007593434950512457,0.0009949999999999998,0.7631592915087898,-1.0
1.17695,1.1764465282510594,-1.0,0.0005034717489404983,0.0009664285714285745,0.5209611592880232,-1.0
1.17665,1.1763059653171477,-1.0,0.0003440346828522678,0.0009049999999999971,0.38014882083123636,-1.0
1.17743,1.1763457662929468,-1.0,0.0010842337070531283,0.0009278571428571469,1.168535173113451,-1.0
1.1778,1.176392679999411,-1.0,0.001407320000588852,0.0008842857142857184,1.5914765757870626,-1.0
1.17752,1.1764669339116631,-1.0,0.0010530660883367737,0.0008942857142857046,1.1775499390347437,-1.0
1.17802,1.1765035250050706,-1.0,0.001516474994929462,0.0009364285714285524,1.6194240983228756,-1.0
1.178,1.176548101700707,-1.0,0.0014518982992930418,0.0009242857142857108,1.5708327813062335,-1.0
1.17851,1.1766309783370081,-1.0,0.0018790216629918088,0.0009028571428571418,2.0811948798959934,-1.0
1.17796,1.1766560000744335,-1.0,0.0013039999255664014,0.0009799999999999967,1.330612168945312,-1.0
1.17813,1.176713141637215,-1.0,0.001416858362784934,0.0009478571428571352,1.4948015884694226,-1.0
1.17863,1.1759194745075836,1.0,0.00271052549241646,0.0009214285714285651,2.941655573165171,1.0
1.17917,1.176263840247807,1.0,0.002906159752193105,0.0009507142857142968,3.0568171698499618,1.0
1.17853,1.1763265682975343,1.0,0.00220343170246573,0.0009628571428571542,2.2884305515222447,1.0
1.1776,1.176336905539799,1.0,0.0012630944602010086,0.0009835714285714328,1.2841918985340628,1.0
1.1771,1.1773107393119742,-1.0,-0.00021073931197412854,0.000993571428571435,0.21210283016806472,-1.0
1.1777,1.177356911213701,-1.0,0.0003430887862989618,0.0009964285714285806,0.3443184952104244,-1.0
1.17733,1.1773732382350874,-1.0,-4.3238235087450505e-05,0.0009892857142857242,0.04370651922197119,-1.0
1.17829,1.1774102820895431,-1.0,0.0008797179104569341,0.0010121428571428742,0.8691637788565187,-1.0
1.17765,1.1774820509933617,-1.0,0.0001679490066384126,0.0010307142857143134,0.16294428918487272,-1.0
1.17834,1.177489391613016,-1.0,0.0008506083869839198,0.001025000000000022,0.829861840959904,-1.0
1.17899,1.177515825855017,-1.0,0.0014741741449830759,0.001075714285714291,1.3704142118036495,-1.0
1.1793,1.1765510010542641,1.0,0.002748998945735881,0.0010864285714285834,2.530308036837732,1.0
1.17926,1.1765773318251216,1.0,0.0026826681748783887,0.0010614285714285782,2.5274128161707403,1.0
1.1787,1.1766124723112839,1.0,0.0020875276887162286,0.0010650000000000143,1.9601198955081696,1.0
1.17873,1.1766491916635233,1.0,0.002080808336476725,0.0010657142857143048,1.9525011200183395,1.0
1.17878,1.1766575096955738,1.0,0.002122490304426128,0.0010064285714285668,2.1089328787768578,1.0
1.17956,1.177029273026402,1.0,0.0025307269735979077,0.000997142857142855,2.53797834028444,1.0
1.18026,1.177443272653559,1.0,0.002816727346441006,0.0009335714285714383,3.017152475147182,1.0
1.17942,1.1774979640473289,1.0,0.0019220359526710418,0.0009414285714285851,2.0416163381937933,1.0
1.17994,1.1775618700791828,1.0,0.002378129920817207,0.0009400000000000201,2.5299254476778255,1.0
1.18046,1.1776142391534739,1.0,0.002845760846526213,0.0009514285714285872,2.9910399287812552,1.0
1.17998,1.1776905650552347,1.0,0.0022894349447653006,0.0009285714285714373,2.465545325131839,1.0
1.18064,1.1778534007911428,1.0,0.0027865992088571545,0.0009235714285714362,3.0171994527455404,1.0
1.1806,1.1779661744779617,1.0,0.002633825522038391,0.0008878571428571545,2.9664969677020907,1.0
1.18079,1.178153720318958,1.0,0.002636279681041964,0.000850714285714292,3.0989013882944776,1.0
1.18003,1.1781801167599077,1.0,0.001849883240092165,0.0008707142857142802,2.124558274100941,1.0
1.17993,1.1782348148846316,1.0,0.0016951851153683695,0.0008735714285714259,1.9405226177561117,1.0
1.17915,1.178273765745726,1.0,0.0008762342542738555,0.0009342857142857129,0.9378654097732412,1.0
1.17828,1.1790443478509776,-1.0,-0.0007643478509775647,0.000989999999999999,0.7720685363409754,-1.0
1.17825,1.1790586159387164,-1.0,-0.0008086159387163949,0.0010350000000000081,0.7812714383733222,-1.0
1.17852,1.1791147131460127,-1.0,-0.0005947131460126709,0.0010107142857142934,0.5884087663729561,-1.0
1.17785,1.1789396188145347,-1.0,-0.0010896188145346208,0.0010257142857142965,1.0623024654237139,-1.0
1.17854,1.1789536337610445,-1.0,-0.00041363376104452954,0.001036428571428589,0.3990952897741775,-1.0
1.17866,1.1789967420286824,-1.0,-0.0003367420286823908,0.001005000000000002,0.33506669520635834,-1.0
1.17813,1.1790186507727316,-1.0,-0.0008886507727317028,0.001005000000000002,0.8842296246086577,-1.0
1.17802,1.179030196409604,-1.0,-0.0010101964096038696,0.0009978571428571456,1.0123657648141828,-1.0
1.17885,1.1790568959690457,-1.0,-0.0002068959690457728,0.0010407142857142837,0.19880189201378343,-1.0
1.1793,1.1790953507521507,-1.0,0.00020464924784935334,0.001069285714285725,0.1913887421436819,-1.0
1.17958,1.1791423025798862,-1.0,0.0004376974201139028,0.0010750000000000165,0.40716039080362426,-1.0
1.17903,1.1791636795113063,-1.0,-0.00013367951130627276,0.0010321428571428784,0.12951648154240694,-1.0
1.17975,1.1791987811094935,-1.0,0.0005512188905065774,0.0010600000000000134,0.5200178212326135,-1.0
1.17924,1.179236847429336,-1.0,3.152570664077814e-06,0.0010285714285714423,0.003064999256742278,-1.0
1.17854,1.1792693608831792,-1.0,-0.0007293608831793197,0.001005000000000002,0.7257322220689734,-1.0
1.17946,1.1792922403400135,-1.0,0.00016775965998649944,0.0010214285714285859,0.16424022656020693,-1.0
1.17999,1.1783372475254685,1.0,0.0016527524745315603,0.0010321428571428623,1.6012826742866246,1.0
1.17981,1.1783538060516592,1.0,0.0014561939483408448,0.000965714285714284,1.5078931417730668,1.0
1.17989,1.178416525044482,1.0,0.0014734749555180837,0.0009314285714285513,1.58195163935994,1.0
1.17949,1.1784364858751037,1.0,0.0010535141248961821,0.0009564285714285724,1.1015084203544836,1.0
1.17967,1.1784583195730474,1.0,0.0012116804269526327,0.0009335714285714225,1.2978979324664857,1.0
1.17993,1.1785277584220766,1.0,0.0014022415779233466,0.0009314285714285672,1.5054740867275263,1.0
1.18078,1.1789375898859402,1.0,0.0018424101140597227,0.0008957142857142854,2.0569171927301535,1.0
1.17981,1.178958398875078,1.0,0.0008516011249219968,0.0009435714285714088,0.9025295797810905,1.0
1.17882,1.1800343619150975,-1.0,-0.001214361915097495,0.0010207142857142637,1.1897177614671306,-1.0
1.17961,1.1800596530448226,-1.0,-0.0004496530448225844,0.001077142857142824,0.4174497763605023,-1.0
1.18055,1.18006923933907,-1.0,0.0004807606609300574,0.0011171428571428324,0.4303484177123372,-1.0
1.18096,1.1800782378258323,-1.0,0.0008817621741676884,0.0010971428571428282,0.8036894816632788,-1.0
1.18066,1.1800864428558575,-1.0,0.0005735571441425336,0.001067142857142838,0.537469880722598,-1.0
1.18044,1.1801015404188249,-1.0,0.0003384595811750657,0.001047142857142818,0.3232219738370462,-1.0
1.18066,1.1801164602272816,-1.0,0.0005435397727184821,0.001047142857142818,0.519069360031312,-1.0
1.18068,1.1801255000714026,-1.0,0.0005544999285973518,0.0010599999999999657,0.5231131401861978,-1.0
1.18146,1.1793515656153208,1.0,0.0021084343846791143,0.0010842857142856805,1.9445376406790857,1.0
1.18098,1.179354536073308,1.0,0.001625463926691939,0.0010621428571428052,1.530362809259466,1.0
1.18185,1.17954339248262,1.0,0.0023066075173800993,0.001107857142857089,2.0820441807429373,1.0
1.18153,1.1795578985821593,1.0,0.001972101417840655,0.0011135714285713805,1.7709698428332497,1.0
1.18161,1.1795661828213069,1.0,0.0020438171786931747,0.0010564285714285296,1.9346477688779973,1.0
1.18241,1.1799244476342279,1.0,0.0024855523657720813,0.0010299999999999754,2.4131576366719814,1.0
1.1825,1.1800303283490212,1.0,0.0024696716509788885,0.0009264285714285661,2.665798235443688,1.0
1.18168,1.180036102309674,1.0,0.0016438976903261349,0.0009071428571428683,1.8121706822492603,1.0
1.182,1.1800434639394979,1.0,0.0019565360605020565,0.0008421428571428548,2.3232828538616515,1.0
1.18266,1.180054992875145,1.0,0.0026050071248551188,0.0008649999999999888,3.011568930468384,1.0
1.18257,1.1800956433410068,1.0,0.002474356658993093,0.0008399999999999837,2.9456626892775493,1.0
1.18223,1.180098946399994,1.0,0.002131053600005872,0.000835714285714273,2.549978666673732,1.0
1.18315,1.1802809294648386,1.0,0.0028690705351612777,0.0009007142857142865,3.1853281119950716,1.0
1.18343,1.1804350290924086,1.0,0.0029949709075913766,0.0009314285714285672,3.2154595633649894,1.0
1.18271,1.1804636079527264,1.0,0.0022463920472735044,0.0009371428571428586,2.397064684590626,1.0
1.18337,1.180488314578163,1.0,0.002881685421836977,0.0009757142857142861,2.9534111204771345,1.0
1.18373,1.1806853340164927,1.0,0.0030446659835072776,0.0009007142857142865,3.3802794424347224,1.0
1.18406,1.1808787707512631,1.0,0.003181229248736761,0.0009014285714285768,3.529097423321267,1.0
1.18433,1.1810049711886257,1.0,0.0033250288113744197,0.0009592857142857022,3.466150659660645,1.0
1.18378,1.1810455145724803,1.0,0.0027344854275197505,0.000977142857142835,2.7984499989237843,1.0
1.18318,1.181050467886651,1.0,0.0021295321133489864,0.0010299999999999596,2.067506906164146,1.0
1.18335,1.1810843828914481,1.0,0.0022656171085517762,0.0009899999999999512,2.288502129850392,1.0
1.18268,1.1811043933151089,1.0,0.0015756066848910955,0.0009942857142856778,1.584661895723861,1.0
1.18233,1.1820697923391355,-1.0,0.0002602076608646531,0.0009842857142856915,0.26436191960125016,-1.0
1.18208,1.1819562889272415,-1.0,0.00012371107275854776,0.00102785714285712,0.12035823617927081,-1.0
1.1819,1.1818553873783837,-1.0,4.46126216162579e-05,0.0010299999999999754,0.043313224870154335,-1.0
1.18117,1.181529679122744,-1.0,-0.0003596791227440388,0.0009842857142856756,0.3654214599721873,-1.0
1.18177,1.1815443895544584,-1.0,0.00022561044554159082,0.0009971428571428234,0.22625689380962596,-1.0
1.1812,1.1815584475335608,-1.0,-0.0003584475335607351,0.0010071428571428256,0.35590535247166305,-1.0
1.18197,1.1815860502550062,-1.0,0.0003839497449937834,0.0010414285714285582,0.3686760239995224,-1.0
1.18194,1.1816237711375606,-1.0,0.00031622886243942716,0.0010364285714285731,0.3051139954618865,-1.0
1.18291,1.1816571806729361,-1.0,0.001252819327063781,0.0010499999999999954,1.1931612638702729,-1.0
1.18268,1.1816719171971308,-1.0,0.0010080828028691258,0.0010107142857142934,0.9973964127326964,-1.0
1.18354,1.1808830588577823,1.0,0.002656941142217706,0.0010207142857143112,2.603021412949402,1.0
1.18298,1.1809133753248073,1.0,0.0020666246751925854,0.0009992857142857422,2.0681018908288338,1.0
1.18368,1.1810115971935295,1.0,0.0026684028064705156,0.0010378571428571698,2.5710694625317445,1.0
1.18306,1.1810419573400421,1.0,0.002018042659957864,0.0010585714285714642,1.9063830795822632,1.0
1.18241,1.1810710345363136,1.0,0.0013389654636863924,0.0010692857142857567,1.2522055104615062,1.0
1.18308,1.1810790705473475,1.0,0.0020009294526524,0.001081428571428614,1.8502650156626486,1.0
1.18378,1.1811013257141352,1.0,0.0026786742858648793,0.0011128571428571851,2.4070243903791324,1.0
1.18347,1.1811275297316615,1.0,0.002342470268338559,0.0010950000000000523,2.1392422541903624,1.0
1.18368,1.1811584689711712,1.0,0.002521531028828905,0.001077857142857194,2.3393926046125246,1.0
1.18322,1.1811836795775728,1.0,0.0020363204224271847,0.0010714285714286279,1.9005657275986056,1.0
1.18358,1.1812092631162168,1.0,0.0023707368837833087,0.001030000000000039,2.3016862949351644,1.0
1.18286,1.1812131488049689,1.0,0.0016468511950311626,0.0010657142857143048,1.5453027299219748,1.0
1.18325,1.1812512795209513,1.0,0.001998720479048588,0.0010585714285714484,1.8881300071983609,1.0
1.18425,1.1814937954714366,1.0,0.0027562045285633996,0.001128571428571447,2.442206544296643,1.0
1.18331,1.181535443015156,1.0,0.0017745569848441889,0.001135000000000013,1.5634863302591795,1.0
1.18407,1.1815650314741255,1.0,0.0025049685258744514,0.0011592857142857277,2.1607861591030137,1.0
1.18377,1.1815822858258285,1.0,0.002187714174171518,0.0011542857142857268,1.8952969330693636,1.0
1.1834,1.1815988609565493,1.0,0.0018011390434506946,0.0011321428571428674,1.5909114579375077,1.0
1.18403,1.1816061507798543,1.0,0.002423849220145602,0.0011342857142857227,2.13689477846588,1.0
1.18448,1.181797203395762,1.0,0.0026827966042379803,0.0010835714285714376,2.475883484464826,1.0
1.1837,1.1818293801976552,1.0,0.0018706198023448195,0.001085714285714293,1.722939291633375,1.0
1.18292,1.1818375051147534,1.0,0.0010824948852465877,0.0011092857142857332,0.9758485765262053,1.0
1.18209,1.18285669523795,-1.0,-0.0007666952379499214,0.001157857142857163,0.6621673862614876,-1.0
1.18308,1.1828715878039215,-1.0,0.00020841219607836692,0.0011828571428571522,0.17619388557349722,-1.0
1.18399,1.182882734547229,-1.0,0.0011072654527710668,0.0012000000000000263,0.9227212106425354,-1.0
1.18401,1.1829057355985217,-1.0,0.001104264401478261,0.001187857142857185,0.9296272772516601,-1.0
1.18379,1.1829366601249984,-1.0,0.0008533398750014687,0.001148571428571467,0.7429576026131941,-1.0
1.18401,1.1829640515373576,-1.0,0.0010459484626423876,0.0011014285714286182,0.9496289544093908,-1.0
1.1838,1.1829862794966401,-1.0,0.000813720503359816,0.0010428571428571867,0.780279934728558,-1.0
1.18423,1.1830163477581879,-1.0,0.0012136522418120244,0.0009950000000000475,1.2197509967959461,-1.0
1.18438,1.1830331003822039,-1.0,0.0013468996177961046,0.0009692857142857678,1.389579561469744,-1.0
1.1845,1.1822501507856809,1.0,0.002249849214319255,0.0009307142857143244,2.4173360706422304,1.0
1.18486,1.1824811278627214,1.0,0.0023788721372786092,0.0008857142857143151,2.685823380798341,1.0
1.18527,1.1827149155399455,1.0,0.0025550844600545908,0.0009107142857143044,2.8055829365304734,1.0
1.1857,1.1829588917300242,1.0,0.002741108269975756,0.0008900000000000256,3.0798969325569407,1.0
1.1857,1.1830656279692404,1.0,0.0026343720307595575,0.0008342857142857398,3.1576377081021128,1.0
1.18478,1.1831041812437162,1.0,0.0016758187562837534,0.0008242857142857377,2.033055683533092,1.0
1.18572,1.183144436988429,1.0,0.002575563011571136,0.0008135714285714453,3.165749092361296,1.0
1.18538,1.1832075776325799,1.0,0.0021724223674202126,0.0007914285714285858,2.74493800937567,1.0
1.18486,1.183222038804998,1.0,0.0016379611950019246,0.0007957142857142964,2.0584790601460177,1.0
1.18401,1.184087237619233,-1.0,-7.72376192330615e-05,0.0008335714285714493,0.09265866917419315,-1.0
1.1839,1.1840174665674073,-1.0,-0.00011746656740729833,0.0008050000000000239,0.14592120174819234,-1.0
1.18334,1.1838093799496376,-1.0,-0.0004693799496375828,0.0008250000000000281,0.568945393500081,-1.0
1.18379,1.183838034874566,-1.0,-4.803487456617184e-05,0.0008414285714285961,0.05708728726030441,-1.0
1.18336,1.183867693469581,-1.0,-0.0005076934695811275,0.0008650000000000205,0.5869288665677636,-1.0
1.1841,1.1838946988301458,-1.0,0.00020530116985417735,0.0009114285714286106,0.22525206723811592,-1.0
1.18392,1.1839028471390547,-1.0,1.7152860945390813e-05,0.0009271428571429041,0.01850077451736974,-1.0
1.18491,1.183925499841656,-1.0,0.0009845001583439483,0.00095642857142862,1.0293504269465703,-1.0
1.18481,1.183967104948625,-1.0,0.0008428950513750255,0.0009357142857143412,0.9008038716984471,-1.0
1.18437,1.1840156502333672,-1.0,0.0003543497666327333,0.0009450000000000371,0.3749732980240417,-1.0
1.18365,1.1840215018504963,-1.0,-0.0003715018504961698,0.0009442857142857626,0.3934210217054547,-1.0
1.18363,1.1840354500538899,-1.0,-0.00040545005388992195,0.0008742857142857798,0.46375006163876487,-1.0
1.18317,1.183947978067647,-1.0,-0.0007779780676469006,0.0008785714285714745,0.8855034916305723,-1.0
1.18234,1.183551717323196,-1.0,-0.0012117173231960265,0.0008864285714286055,1.3669655539680676,-1.0
1.18325,1.183554642624891,-1.0,-0.00030464262489116045,0.0009371428571428744,0.32507597168263475,-1.0
1.1834,1.1835713416885014,-1.0,-0.00017134168850141407,0.0009385714285714394,0.18255583249769933,-1.0
1.18275,1.1835873021291756,-1.0,-0.0008373021291756544,0.0009457142857142957,0.8853647891585376,-1.0
1.18288,1.1835971566440429,-1.0,-0.0007171566440429267,0.0009614285714285893,0.745928158737057,-1.0
1.18345,1.1836140621713787,-1.0,-0.0001640621713787649,0.0009942857142857411,0.1650050574211671,-1.0
1.18271,1.1836515241014078,-1.0,-0.000941524101407909,0.0009892857142857242,0.9517211133365049,-1.0
1.18186,1.1836750610075197,-1.0,-0.0018150610075198248,0.0010599999999999974,1.7123217052073862,-1.0
1.18237,1.1836853008697736,-1.0,-0.0013153008697737167,0.0010450000000000101,1.2586611194006736,-1.0
1.18163,1.1835461287877362,-1.0,-0.001916128787736282,0.0010800000000000015,1.7741933219780364,-1.0
1.18118,1.1833573329955265,-1.0,-0.002177332995526582,0.001135000000000013,1.9183550621379357,-1.0
1.18043,1.183001890246781,-1.0,-0.002571890246780839,0.0011257142857142854,2.2846740770895786,-1.0
1.17972,1.1826606545997862,-1.0,-0.0029406545997860967,0.0011849999999999916,2.4815650631106476,-1.0
1.18018,1.1826627607228626,-1.0,-0.002482760722862576,0.0011778571428571352,2.1078623480943777,-1.0
1.17922,1.1823718280133322,-1.0,-0.0031518280133322474,0.0011964285714285586,2.6343637126359365,-1.0
1.17933,1.18228890201804,-1.0,-0.002958902018040055,0.0011007142857142802,2.6881653635665788,-1.0
1.17882,1.181988505495989,-1.0,-0.003168505495989127,0.0011135714285714121,2.845354518527802,-1.0
1.17812,1.1816245289587974,-1.0,-0.0035045289587973816,0.001098571428571409,3.190078376018479,-1.0
1.17769,1.1813573379702378,-1.0,-0.0036673379702378828,0.0010978571428571188,3.340450981348828,-1.0
1.17863,1.1813303817683214,-1.0,-0.002700381768321325,0.001126428571428544,2.3972951652821477,-1.0
1.17772,1.1813113212602966,-1.0,-0.0035913212602964872,0.0011685714285714077,3.0732578022097625,-1.0
1.17765,1.1812940437705142,-1.0,-0.0036440437705140827,0.0010864285714285518,3.354149427166212,-1.0
1.1772,1.181171026568768,-1.0,-0.003971026568768021,0.0010942857142856826,3.628875454487853,-1.0
1.17791,1.1811701919046314,-1.0,-0.0032601919046313377,0.0010714285714285327,3.042845777656025,-1.0
1.17834,1.1811296810413803,-1.0,-0.002789681041380332,0.0010435714285713818,2.6732056522468444,-1.0
1.17802,1.1810861932400394,-1.0,-0.0030661932400393166,0.0010185714285713926,3.010287893446841,-1.0
1.17791,1.1810579758557014,-1.0,-0.003147975855701368,0.0009428571428571024,3.338762271198564,-1.0
1.17796,1.1810532247354901,-1.0,-0.00309322473549023,0.0009121428571428217,3.3911625917670243,-1.0
1.17728,1.1808679892919198,-1.0,-0.0035879892919197243,0.0009171428571428386,3.9121378572334233,-1.0
1.1779,1.18082329796682,-1.0,-0.0029232979668201153,0.0009742857142856895,3.000452458613098,-1.0
1.17806,1.180805171858772,-1.0,-0.0027451718587718776,0.0009635714285714128,2.848955227784056,-1.0
1.17873,1.1807881720448243,-1.0,-0.00205817204482428,0.0009699999999999788,2.121826850334356,-1.0
1.17785,1.1807416869057303,-1.0,-0.002891686905730273,0.0010028571428571148,2.8834484814975037,-1.0
1.17732,1.1806764966036516,-1.0,-0.003356496603651671,0.0009171428571428386,3.6597314993087493,-1.0
1.17816,1.1806597811855721,-1.0,-0.0024997811855720364,0.0009157142857142578,2.7298702494547253,-1.0
1.17766,1.1806181728060317,-1.0,-0.0029581728060317225,0.0009414285714285534,3.14221694115667,-1.0
1.17812,1.180609125704211,-1.0,-0.0024891257042110038,0.0009364285714285524,2.658105252399295,-1.0
1.17832,1.1805720884097737,-1.0,-0.002252088409773645,0.0009192857142857098,2.4498242219760047,-1.0
1.17752,1.1805464634758127,-1.0,-0.003026463475812813,0.0009528571428571363,3.176198550328311,-1.0
1.17663,1.1803593427520505,-1.0,-0.003729342752050391,0.0009864285714285468,3.7806515951272104,-1.0
1.17691,1.1803300841100923,-1.0,-0.003420084110092425,0.0010392857142857029,3.290802580157696,-1.0
1.1768,1.1803251442366127,-1.0,-0.003525144236612654,0.001059285714285707,3.327850257085468,-1.0
1.17676,1.1802877216271621,-1.0,-0.0035277216271620837,0.0010164285714285531,3.470702936069576,-1.0
1.1776,1.1802660601321011,-1.0,-0.0026660601321011335,0.00104785714285714,2.544297331248532,-1.0
1.17855,1.1802486317858507,-1.0,-0.0016986317858507238,0.001104999999999991,1.5372233356115272,-1.0
1.17836,1.1802174906684115,-1.0,-0.0018574906684114545,0.0010807142857142762,1.7187620196801447,-1.0
1.17866,1.180202697325635,-1.0,-0.0015426973256349452,0.0010342857142857018,1.4915581877686115,-1.0
1.17925,1.179397649659491,1.0,-0.0001476496594909893,0.0010835714285713902,0.13626204567395672,1.0
1.17922,1.179413194720886,1.0,-0.00019319472088596967,0.001024285714285684,0.1886140929151782,1.0
1.17951,1.1796186612576625,1.0,-0.00010866125766240131,0.0009871428571428214,0.11007652729910807,1.0
1.17967,1.179699057944343,1.0,-2.905794434293618e-05,0.0009721428571428341,0.029890611374071726,1.0
1.18018,1.1798731069759034,1.0,0.00030689302409658836,0.0010371428571428318,0.2959023648314285,1.0
1.17993,1.179858288540387,1.0,7.171145961293313e-05,0.0010035714285714212,0.0714562586890442,1.0
1.17968,1.1798519284818658,1.0,-0.00017192848186575738,0.0009749999999999957,0.17633690447770065,1.0
1.17926,1.1798419414794572,1.0,-0.0005819414794572264,0.0009671428571428489,0.6017120171640501,1.0
1.18016,1.1798198183726791,1.0,0.0003401816273209679,0.0010042857142856956,0.3387299276311265,1.0
1.18037,1.1799051473541062,1.0,0.00046485264589368747,0.001021428571428554,0.45510049248333817,1.0
1.17967,1.1798728241874326,1.0,-0.0002028241874325598,0.000997857142857114,0.20325974402690908,1.0
1.17914,1.1798548570468221,1.0,-0.0007148570468220594,0.0009778571428571098,0.7310444598618824,1.0
1.17967,1.179823173488392,1.0,-0.00015317348839194445,0.0010128571428571012,0.15122911406821654,1.0
1.17934,1.17978257881627,1.0,-0.0004425788162698563,0.0010264285714285393,0.4311832587180363,1.0
1.17873,1.1797373658818309,1.0,-0.0010073658818308129,0.0010049999999999862,1.0023541112744545,1.0
1.17959,1.1797189206655263,1.0,-0.0001289206655263886,0.0010307142857142817,0.12507895477265746,1.0
1.17892,1.1797009679915562,1.0,-0.0007809679915562473,0.0010542857142857218,0.7407555475465708,1.0
1.17888,1.179691019065896,1.0,-0.0008110190658960903,0.001046428571428575,0.7750352848153736,1.0
1.17822,1.180613030967253,-1.0,-0.0023930309672528516,0.001020000000000005,2.346108791424353,-1.0
1.17731,1.1801941532729159,-1.0,-0.0028841532729158015,0.001059285714285707,2.722734040513924,-1.0
1.17775,1.1801444711023734,-1.0,-0.002394471102373341,0.0010464285714285593,2.2882317701861545,-1.0
1.17691,1.179925497064642,-1.0,-0.003015497064642103,0.0010828571428571315,2.7847598222288843,-1.0
1.17708,1.1798985022660178,-1.0,-0.002818502266017875,0.001032857142857137,2.728840368205427,-1.0
1.17788,1.1798589722414357,-1.0,-0.001978972241435617,0.0010678571428571443,1.8532181525149567,-1.0
1.17731,1.1798397676030508,-1.0,-0.002529767603050681,0.0010457142857142848,2.4191766695839867,-1.0
1.17641,1.17953291242068,-1.0,-0.0031229124206799685,0.0010650000000000143,2.932312132093828,-1.0
1.17547,1.1790631652243893,-1.0,-0.0035931652243892387,0.0010907142857143099,3.294323060998574,-1.0
1.17492,1.1787534664952246,-1.0,-0.0038334664952246467,0.0011228571428571557,3.414028685314532,-1.0
1.17563,1.1786987810312324,-1.0,-0.003068781031232426,0.0011228571428571396,2.7330110965174357,-1.0
1.17651,1.178628203931539,-1.0,-0.0021182039315390533,0.0011407142857142727,1.8569101466216082,-1.0
1.176,1.1786020927001328,-1.0,-0.0026020927001328964,0.0011592857142856802,2.2445654837869142,-1.0
1.17573,1.1785855751685517,-1.0,-0.002855575168551727,0.0011385714285713857,2.5080333977243217,-1.0
1.1757,1.1785219260641497,-1.0,-0.002821926064149771,0.0011099999999999444,2.5422757334683896,-1.0
1.17493,1.178281487137744,-1.0,-0.0033514871377440247,0.0010678571428570807,3.1385163831718446,-1.0
1.17593,1.1782131829961573,-1.0,-0.0022831829961573735,0.0011328571428570941,2.0154200470494708,-1.0
1.17646,1.1781493643968384,-1.0,-0.001689364396838311,0.001092857142857086,1.5458236310939597,-1.0
1.17634,1.1780994743435005,-1.0,-0.0017594743435005444,0.0010792857142856635,1.630221099206405,-1.0
1.1768,1.1780125543810689,-1.0,-0.00121255438106882,0.001058571428571369,1.1454629780677756,-1.0
1.1766,1.177943196763497,-1.0,-0.0013431967634969233,0.0010692857142856615,1.256162637872936,-1.0
1.1762,1.1779131820103932,-1.0,-0.0017131820103932771,0.0010185714285713607,1.681945872756485,-1.0
1.17616,1.1778729875901122,-1.0,-0.0017129875901120695,0.0009228571428570824,1.8561785032175344,-1.0
1.1769,1.1778226749347231,-1.0,-0.0009226749347230889,0.0009199999999999526,1.0029075377425396,-1.0
1.17702,1.1769569066249366,1.0,6.30933750633833e-05,0.000886428571428542,0.07117705486602705,1.0
1.17714,1.1770846074189834,1.0,5.5392581016722175e-05,0.0008121428571428327,0.06820546475234246,1.0
1.17656,1.1770706931402959,1.0,-0.000510693140295837,0.0008278571428571262,0.6168855879328613,1.0
1.17691,1.1770207317690278,1.0,-0.00011073176902787196,0.0008735714285714259,0.12675754426739266,1.0
1.17714,1.1770058320955323,1.0,0.0001341679044677413,0.0008964285714285758,0.14966937550186207,1.0
1.17665,1.1769668963944713,1.0,-0.0003168963944712999,0.0009107142857143044,0.34796466843906726,1.0
1.17592,1.1769212866245173,1.0,-0.0010012866245172614,0.0009064285714285779,1.1046503343767975,1.0
1.17519,1.1777972876118268,-1.0,-0.002607287611826825,0.0009514285714285713,2.74039238480297,-1.0
1.17573,1.1777502913031916,-1.0,-0.0020202913031917014,0.001016428571428569,1.9876372624514327,-1.0
1.17616,1.1777437450012571,-1.0,-0.0015837450012570198,0.0009978571428571456,1.58714602846086,-1.0
1.17652,1.177714798636789,-1.0,-0.0011947986367890628,0.0009892857142857084,1.2077386942272188,-1.0
1.17615,1.1776817976423268,-1.0,-0.0015317976423268043,0.0009828571428571425,1.558515043065063,-1.0
1.17657,1.177655810474334,-1.0,-0.0010858104743340924,0.0010085714285714223,1.0765826232774354,-1.0
1.17622,1.1775874200132437,-1.0,-0.0013674200132436365,0.0009849999999999978,1.3882436682676544,-1.0
1.17646,1.1775564754408259,-1.0,-0.001096475440825806,0.0009921428571428542,1.105158831645884,-1.0
1.17623,1.1775384587013873,-1.0,-0.001308458701387183,0.0010392857142857029,1.2589980631904303,-1.0
1.17678,1.177525758975082,-1.0,-0.0007457589750821114,0.0010121428571428584,0.7368119725581896,-1.0
1.17622,1.1774929797652016,-1.0,-0.0012729797652015762,0.0009857142857142723,1.2914287473059645,-1.0
1.17643,1.1774711056593778,-1.0,-0.0010411056593777612,0.0009692857142857043,1.074095742910008,-1.0
1.17618,1.1774379248721858,-1.0,-0.0012579248721857894,0.0009342857142856971,1.3464027683946007,-1.0
1.17652,1.1774092948370039,-1.0,-0.00088929483700384,0.0008849999999999929,1.0048529231681889,-1.0
1.17621,1.177398810732972,-1.0,-0.0011888107329720565,0.0008100000000000092,1.4676675715704235,-1.0
1.17609,1.1773823542585742,-1.0,-0.0012923542585741021,0.0007821428571428741,1.6523250794554372,-1.0
1.17568,1.1773697572885582,-1.0,-0.0016897572885581358,0.0008021428571428782,2.106554055192634,-1.0
1.17477,1.1770160051655805,-1.0,-0.002246005165580378,0.0008492857142857428,2.644581355603384,-1.0
1.17522,1.1769933959105485,-1.0,-0.001773395910548592,0.0008650000000000364,2.0501686827150487,-1.0
1.17588,1.176968980663089,-1.0,-0.0010889806630889343,0.0008828571428571852,1.2334732429809343,-1.0
1.17552,1.176953771209697,-1.0,-0.00143377120969701,0.00085785714285718,1.671340294401105,-1.0
1.17478,1.1768883037163547,-1.0,-0.0021083037163547313,0.0008700000000000216,2.4233376050053783,-1.0
1.17536,1.176870525970617,-1.0,-0.0015105259706169605,0.0008828571428571694,1.7109517466534638,-1.0
1.17631,1.1768578639222032,-1.0,-0.0005478639222031845,0.0009257142857143075,0.5918283110219447,-1.0
1.17568,1.1768425583367284,-1.0,-0.0011625583367282921,0.0009621428571428955,1.208301166606937,-1.0
1.17614,1.1768332627237506,-1.0,-0.0006932627237505873,0.0009700000000000422,0.7147038389181001,-1.0
1.17556,1.1768283198925245,-1.0,-0.0012683198925245165,0.0009935714285714667,1.2765261319441086,-1.0
1.17464,1.1768214094255711,-1.0,-0.0021814094255712124,0.0010064285714285986,2.1674756535128563,-1.0
1.17514,1.1768037078571987,-1.0,-0.0016637078571986041,0.00104142857142859,1.5975246914115255,-1.0
1.17453,1.1767940924647937,-1.0,-0.0022640924647936433,0.0010564285714285931,2.1431571674854872,-1.0
1.17481,1.1767845798072294,-1.0,-0.001974579807229482,0.0010321428571428784,1.9130877025060329,-1.0
1.17439,1.1766263760872244,-1.0,-0.0022363760872243788,0.0009557142857143137,2.3400048745246926,-1.0
1.1753,1.1766167233176394,-1.0,-0.0013167233176394344,0.0010121428571428742,1.3009263547601815,-1.0
1.17474,1.176592467299587,-1.0,-0.0018524672995872127,0.0010092857142857284,1.8354240760241058,-1.0
1.17532,1.1765807099016672,-1.0,-0.0012607099016672674,0.0010442857142857356,1.2072461438673996,-1.0
1.17449,1.1765609601239537,-1.0,-0.0020709601239536912,0.0011000000000000215,1.882691021776046,-1.0
1.17477,1.1765411512112567,-1.0,-0.0017711512112565941,0.001074285714285726,1.648677989201599,-1.0
1.17426,1.176513942575969,-1.0,-0.0022539425759688925,0.001013571428571439,2.223762936121506,-1.0
1.17442,1.176508454210293,-1.0,-0.0020884542102930226,0.000977142857142867,2.137306940358335,-1.0
1.17394,1.1762853412840153,-1.0,-0.002345341284015312,0.0009678571428571552,2.423230846953059,-1.0
1.17366,1.1760863901685559,-1.0,-0.0024263901685559475,0.0009400000000000201,2.581266136761591,-1.0
1.17402,1.1760609502731447,-1.0,-0.0020409502731446594,0.0009164285714286116,2.227069666720497,-1.0
1.17345,1.1759690934580793,-1.0,-0.0025190934580792135,0.0009385714285714711,2.683965632656575,-1.0
1.17423,1.1759470572776003,-1.0,-0.001717057277600187,0.0009528571428571839,1.8020091369116629,-1.0
1.17469,1.1759397526995092,-1.0,-0.0012497526995092212,0.0009742857142857529,1.2827373748627862,-1.0
1.17385,1.1759144857688633,-1.0,-0.0020644857688632,0.0010428571428571707,1.979643887950961,-1.0
1.17411,1.1759044410855464,-1.0,-0.0017944410855463833,0.000999285714285758,1.7957237453644221,-1.0
1.17321,1.1758767293328443,-1.0,-0.0026667293328441755,0.0010292857142857484,2.5908543136583773,-1.0
1.17283,1.1756137303780227,-1.0,-0.0027837303780227085,0.0009900000000000306,2.811848866689518,-1.0
1.17252,1.1754390326271844,-1.0,-0.0029190326271844036,0.0009550000000000392,3.056578667208674,-1.0
1.17348,1.175417545252377,-1.0,-0.0019375452523768821,0.0010028571428571942,1.9320251804326896,-1.0
1.17334,1.1754028084866741,-1.0,-0.0020628084866740615,0.0009971428571429028,2.068719112710282,-1.0
1.17412,1.1753816267097572,-1.0,-0.0012616267097571576,0.0010250000000000378,1.2308553265923035,-1.0
1.17415,1.1753601244141136,-1.0,-0.0012101244141136114,0.0009828571428571742,1.2312312352899724,-1.0
1.17396,1.175353118007751,-1.0,-0.001393118007751104,0.0009921428571428859,1.4041506197634912,-1.0
1.17469,1.1744618391751653,1.0,0.0002281608248346778,0.0010257142857142965,0.22244091557698162,1.0
1.17411,1.1744269991988876,1.0,-0.0003169991988876131,0.0010142857142857295,0.3125344214384871,1.0
1.17497,1.1745042230148144,1.0,0.0004657769851856841,0.0010014285714285659,0.46511253870182695,1.0
1.1754,1.1747222774533046,1.0,0.0006777225466954029,0.000988571428571418,0.6855574894317732,1.0
1.17462,1.1746846262180592,1.0,-6.46262180592494e-05,0.0009642857142857032,0.06701978169107421,1.0
1.1747,1.1746680580038138,1.0,3.194199618627991e-05,0.0009357142857142778,0.034136484473887216,1.0
1.17534,1.174639562842133,1.0,0.000700437157867162,0.0009335714285714225,0.75027698623874,1.0
1.17474,1.1746112224092298,1.0,0.00012877759077012385,0.000965714285714284,0.13334957624125274,1.0
1.17432,1.1745812236050477,1.0,-0.00026122360504765574,0.0009414285714285693,0.2774757564997867,1.0
1.17377,1.1745392079856827,1.0,-0.0007692079856826961,0.0008992857142857057,0.8553543923397815,1.0
1.1743,1.174503152915167,1.0,-0.0002031529151671485,0.0009271428571428565,0.2191171658197289,1.0
1.17489,1.1744702340245303,1.0,0.0004197659754696659,0.0009342857142857129,0.4492907994323648,1.0
1.17576,1.1745572092991337,1.0,0.001202790700866263,0.0010299999999999912,1.1677579620060905,1.0
1.17661,1.1749190739270872,1.0,0.0016909260729127684,0.0010907142857142782,1.5502924047661375,1.0
1.17594,1.1749167485554963,1.0,0.001023251444503659,0.0010850000000000026,0.9430888889434621,1.0
1.17631,1.1749186959498308,1.0,0.0013913040501691842,0.0010864285714285676,1.2806217424305488,1.0
1.17633,1.174910015346228,1.0,0.0014199846537721328,0.0010507142857143017,1.351446985235184,1.0
1.17661,1.1749935346784932,1.0,0.0016164653215067215,0.0010507142857143017,1.5384442216923016,1.0
1.17741,1.175357805977497,1.0,0.0020521940225031177,0.0010607142857143037,1.9347283713833778,1.0
1.17641,1.1753456648319855,1.0,0.0010643351680144075,0.0011457142857142896,0.9289708449003525,1.0
1.17548,1.1753424476676178,1.0,0.0001375523323823291,0.00114642857142858,0.11998334288801205,1.0
1.17589,1.1753369669192026,1.0,0.0005530330807974604,0.0011471428571428704,0.48209608537760623,1.0
1.17538,1.1753364982352634,1.0,4.350176473666423e-05,0.0011507142857142907,0.03780414067742375,1.0
1.17443,1.1760696348826492,-1.0,-0.0016396348826490659,0.0011878571428571533,1.3803300274856718,-1.0
1.17531,1.1760678345836304,-1.0,-0.0007578345836303235,0.0012292857142857105,0.6164836822094457,-1.0
1.17583,1.1760628705713079,-1.0,-0.00023287057130794153,0.0012228571428571447,0.19043154195742854,-1.0
1.17541,1.176062258212117,-1.0,-0.0006522582121168963,0.0011878571428571533,0.5491049290220366,-1.0
1.1759,1.1760638791921338,-1.0,-0.0001638791921338978,0.0011428571428571438,0.14339429311716045,-1.0
1.17651,1.1760646621822286,-1.0,0.00044533781777134074,0.0011435714285714343,0.3894271985508269,-1.0
1.17717,1.1751003951254475,1.0,0.002069604874552544,0.0011707142857142947,1.7678138037666502,1.0
1.17753,1.1753409310918594,1.0,0.0021890689081405235,0.0011750000000000055,1.863037368630224,1.0
1.17818,1.1756436193422908,1.0,0.002536380657709225,0.0012107142857142872,2.094945675984018,1.0
1.17736,1.17564211357654,1.0,0.0017178864234599356,0.0011928571428571541,1.440144307092148,1.0
1.1769,1.1756307607280037,1.0,0.001269239271996403,0.001151428571428581,1.1023169856048074,1.0
1.17616,1.1756312589655837,1.0,0.0005287410344163579,0.0011392857142857235,0.46409871359429156,1.0
1.17532,1.1765004714906606,-1.0,-0.001180471490660695,0.0011514285714285652,1.0252233789857208,-1.0
1.17479,1.1762353473418803,-1.0,-0.0014453473418802876,0.0011728571428571502,1.2323302549527344,-1.0
1.17531,1.1762256461555833,-1.0,-0.0009156461555832607,0.001162857142857148,0.7874106989045204,-1.0
1.17462,1.176122648531655,-1.0,-0.0015026485316549376,0.001125000000000011,1.335687583693265,-1.0
1.17433,1.1758789073059979,-1.0,-0.001548907305997771,0.0010764285714285813,1.4389318038466221,-1.0
1.17363,1.1755555117266077,-1.0,-0.0019255117266077093,0.0010992857142857312,1.7516026102993836,-1.0
1.17302,1.1752109302896634,-1.0,-0.0021909302896634397,0.001100714285714312,1.9904623007973667,-1.0
1.17238,1.174839377961876,-1.0,-0.002459377961876008,0.0010785714285714526,2.2802179778982348,-1.0
1.17226,1.1746311038619162,-1.0,-0.0023711038619160796,0.0009864285714285945,2.403725855671567,-1.0
1.17187,1.1744604278497899,-1.0,-0.0025904278497899114,0.0010200000000000209,2.5396351468528024,-1.0
1.17286,1.174447568902902,-1.0,-0.0015875689029019036,0.0010164285714286006,1.5619089698261428,-1.0
1.17243,1.1744422163753412,-1.0,-0.0020122163753411026,0.001007142857142873,1.9979453372180844,-1.0
1.17203,1.174413679285629,-1.0,-0.0023836792856291034,0.0010107142857143092,2.3584106006223795,-1.0
1.17116,1.174168594202899,-1.0,-0.0030085942028990065,0.001051428571428592,2.861434703844108,-1.0
1.17045,1.173777283912319,-1.0,-0.003327283912319068,0.0010450000000000262,3.1840037438459183,-1.0
1.17013,1.1735851798010581,-1.0,-0.00345517980105825,0.0010421428571428804,3.315456971543141,-1.0
1.16975,1.1733441698084297,-1.0,-0.003594169808429637,0.0010164285714286006,3.5360771130016495,-1.0
1.16897,1.172948078875954,-1.0,-0.0039780788759540275,0.0010414285714286059,3.819828824647088,-1.0
1.16883,1.1728040478457629,-1.0,-0.003974047845762829,0.0010721428571428865,3.7066402292257217,-1.0
1.16838,1.1725045532464002,-1.0,-0.004124553246400264,0.0010285714285714423,4.009982322889092,-1.0
1.16834,1.1724000371926477,-1.0,-0.004060037192647803,0.0010000000000000009,4.060037192647799,-1.0
1.16843,1.1723398919001333,-1.0,-0.003909891900133244,0.0009757142857142861,4.007209853723674,-1.0
1.16819,1.1721710406682107,-1.0,-0.003981040668210589,0.0010128571428571487,3.9305055962586692,-1.0
1.16757,1.171921662649955,-1.0,-0.004351662649954902,0.0010357142857142826,4.201605317197848,-1.0
1.16778,1.171844331279273,-1.0,-0.00406433127927297,0.0009849999999999978,4.126224649008101,-1.0
1.16753,1.171752941010972,-1.0,-0.004222941010971981,0.000998571428571436,4.228982414421123,-1.0
1.16778,1.1717410304937073,-1.0,-0.003961030493707218,0.0009514285714285713,4.163245263656236,-1.0
1.16726,1.1714819992254037,-1.0,-0.004221999225403783,0.0008928571428571555,4.72863913245217,-1.0
1.16633,1.1710633821773548,-1.0,-0.00473338217735475,0.0009085714285714332,5.209697365013064,-1.0
1.1672,1.1710430655317772,-1.0,-0.0038430655317771567,0.0009514285714285713,4.039258066432447,-1.0
1.1677,1.1709885637965902,-1.0,-0.0032885637965902603,0.0009528571428571363,3.4512663532431755,-1.0
1.16726,1.170953060914329,-1.0,-0.0036930609143290827,0.0009121428571428534,4.048774690728846,-1.0
1.16635,1.1708903010209806,-1.0,-0.004540301020980575,0.0009571428571428468,4.743598081621547,-1.0
1.16545,1.1705463243695065,-1.0,-0.005096324369506355,0.001005000000000002,5.070969521896861,-1.0
1.16493,1.1702053192878412,-1.0,-0.005275319287841196,0.0010342857142857337,5.100446825260729,-1.0
1.16549,1.1701588431552146,-1.0,-0.0046688431552146525,0.0010664285714285793,4.378017694106139,-1.0
1.16645,1.1701050216936273,-1.0,-0.0036550216936273028,0.0011457142857142896,3.1901685605225727,-1.0
1.16644,1.1700477311789297,-1.0,-0.003607731178929763,0.0010785714285714368,3.3449163248355163,-1.0
1.16666,1.1700191857025242,-1.0,-0.0033591857025241367,0.0010650000000000143,3.1541649788958606,-1.0
1.16762,1.1692269693394635,1.0,-0.00160696933946336,0.0010721428571428707,1.4988388242829285,1.0
1.16819,1.1694534666772,1.0,-0.0012634666772000092,0.0011100000000000237,1.1382582677477318,1.0
1.16749,1.1694133027986213,1.0,-0.0019233027986214069,0.0011600000000000182,1.6580196539839454,1.0
1.16803,1.169370677011541,1.0,-0.0013406770115411693,0.001156428571428598,1.1593253960207497,1.0
1.16753,1.169338536119823,1.0,-0.001808536119823012,0.001095714285714311,1.6505544770222678,1.0
1.16786,1.169294614928458,1.0,-0.001434614928458089,0.0010978571428571662,1.3067409888362276,1.0
1.16755,1.1692664341695307,1.0,-0.0017164341695306007,0.001089285714285729,1.5757428441592187,1.0
1.16829,1.1693086974304188,1.0,-0.0010186974304187135,0.0010421428571428804,0.9775026748363037,1.0
1.16737,1.1692445390078257,1.0,-0.0018745390078256374,0.0010507142857143017,1.784061598202483,1.0
1.16641,1.1691986963263648,1.0,-0.0027886963263648035,0.0010842857142857282,2.57192019559333,1.0
1.16605,1.1701109024974925,-1.0,-0.004060902497492469,0.0010600000000000134,3.831040091973979,-1.0
1.16683,1.1700675691577862,-1.0,-0.0032375691577861687,0.0010271428571428773,3.152014479068531,-1.0
1.16748,1.1700572752419849,-1.0,-0.002577275241984811,0.0010771428571428718,2.3926958479964764,-1.0
1.16844,1.168985232270254,1.0,-0.000545232270254159,0.0011685714285714394,0.4665801823690804,1.0
1.16847,1.1690283110079562,1.0,-0.0005583110079563358,0.001140000000000014,0.4897464982073061,1.0
1.1693,1.16941686792959,1.0,-0.00011686792958998105,0.001152857142857146,0.10137242963195355,1.0
1.16962,1.1695499115593564,1.0,7.008844064371189e-05,0.001131428571428561,0.061946854104291384,1.0
1.17043,1.169874782387454,1.0,0.0005552176125460662,0.0011507142857142588,0.48249823560801414,1.0
1.17134,1.1703306626839987,1.0,0.0010093373160013908,0.0011664285714285524,0.8653228673618922,1.0
1.17098,1.1703197992646288,1.0,0.000660200735371097,0.0011678571428571333,0.5653094981770908,1.0
1.17153,1.170475691511251,1.0,0.0010543084887488785,0.0011849999999999916,0.8897118048513806,1.0
1.17172,1.1706302748890052,1.0,0.0010897251109949213,0.0011685714285714077,0.932527601095915,1.0
1.1723,1.170933313182645,1.0,0.0013666868173549673,0.0011271428571428346,1.2125231586165985,1.0
1.17197,1.1709202352907315,1.0,0.0010497647092684304,0.0011007142857142643,0.953712260204952,1.0
1.17155,1.1708985607375526,1.0,0.0006514392624474841,0.0011121428571428474,0.5857514241660152,1.0
1.17151,1.170894422813051,1.0,0.0006155771869491566,0.001072142857142839,0.5741559371944263,1.0
1.17055,1.170884962021535,1.0,-0.0003349620215349347,0.0010735714285714198,0.31200720568789914,1.0
1.17133,1.1708686925832783,1.0,0.0004613074167216791,0.001026428571428555,0.44942963354931176,1.0
1.17214,1.170841937628988,1.0,0.0012980623710119321,0.001068571428571403,1.2147642509470244,1.0
1.17173,1.170823811822824,1.0,0.000906188177175915,0.0010549999999999806,0.8589461395032527,1.0
1.17096,1.1707960044683323,1.0,0.00016399553166768222,0.0010664285714285634,0.1537801368618599,1.0
1.17083,1.170770979291738,1.0,5.902070826202532e-05,0.000993571428571435,0.059402582003475854,1.0
1.17089,1.1707657259361541,1.0,0.00012427406384585282,0.0009685714285714297,0.12830655559306323,1.0
1.17168,1.170735063822183,1.0,0.0009449361778171017,0.0010071428571428414,0.9382345027971369,1.0
1.17127,1.1707249740168444,1.0,0.0005450259831556448,0.0009985714285714042,0.5458057055922183,1.0
1.17218,1.1707146486108675,1.0,0.0014653513891325076,0.0010392857142857029,1.4099600995089574,1.0
1.17128,1.170687519888577,1.0,0.0005924801114229883,0.001070714285714274,0.5533503375531639,1.0
1.17063,1.1706525838008797,1.0,-2.258380087960532e-05,0.001059285714285707,0.021319838996256012,1.0
1.17109,1.1706435534949433,1.0,0.0004464465050566524,0.0010999999999999899,0.40586045914241503,1.0
1.17014,1.1717223188941142,-1.0,-0.0015823188941141986,0.0011385714285714174,1.389740559447867,-1.0
1.171,1.1717065756532956,-1.0,-0.0007065756532955714,0.001131428571428561,0.6244986834683138,-1.0
1.17083,1.1716781633503266,-1.0,-0.0008481633503265584,0.0010728571428571451,0.7905650402511181,-1.0
1.17018,1.1715180054674428,-1.0,-0.0013380054674427821,0.0010392857142857187,1.2874279411820528,-1.0
1.17073,1.171469962083772,-1.0,-0.0007399620837720278,0.0010385714285714284,0.7124806858877848,-1.0
1.17041,1.1714546083712034,-1.0,-0.0010446083712034593,0.0009921428571428542,1.0528810076924746,-1.0
1.17095,1.1714297946135592,-1.0,-0.0004797946135592923,0.001003571428571437,0.4780871594185079,-1.0
1.17041,1.1713960505376386,-1.0,-0.000986050537638672,0.0010242857142857156,0.9626713756583953,-1.0
1.17134,1.1713674244187255,-1.0,-2.7424418725496835e-05,0.001017142857142875,0.026962209421134052,-1.0
1.17056,1.1713404911406475,-1.0,-0.0007804911406474879,0.001033571428571459,0.7551400116837947,-1.0
1.17011,1.1713083846317849,-1.0,-0.001198384631784899,0.001046428571428591,1.145213982593056,-1.0
1.16974,1.1710913970368562,-1.0,-0.0013513970368561612,0.0010000000000000167,1.3513970368561385,-1.0
1.17033,1.1710365258548807,-1.0,-0.0007065258548806241,0.001020000000000005,0.6926724067457065,-1.0
1.16995,1.1709813317502462,-1.0,-0.0010313317502461672,0.001005000000000002,1.0262007465135972,-1.0
1.17026,1.17094941334816,-1.0,-0.0006894133481598619,0.0009864285714285628,0.6988983978449059,-1.0
1.16997,1.1709247960629776,-1.0,-0.0009547960629776586,0.0009535714285714107,1.0012842608005597,-1.0
1.17011,1.170911827644642,-1.0,-0.0008018276446419836,0.0009592857142856863,0.8358590487705211,-1.0
1.171,1.1709133850406999,-1.0,8.66149593001797e-05,0.0009921428571428223,0.08730089490299196,-1.0
1.1706,1.1708428171028915,-1.0,-0.00024281710289142389,0.000974999999999964,0.24904318245275164,-1.0
1.16987,1.1708384100861076,-1.0,-0.0009684100861075962,0.0010228571428571032,0.9467696372560666,-1.0
1.17043,1.1708382622588775,-1.0,-0.0004082622588774676,0.0010371428571428,0.3936412964383513,-1.0
1.1695,1.170686203222426,-1.0,-0.0011862032224259078,0.0010528571428570935,1.1266516359541037,-1.0
1.16894,1.1703356272592718,-1.0,-0.00139562725927167,0.0010171428571428118,1.3721054515311975,-1.0
1.16878,1.1702081982737889,-1.0,-0.0014281982737889276,0.0009999999999999534,1.4281982737889942,-1.0
1.16909,1.1701984697662853,-1.0,-0.0011084697662853138,0.0009478571428571035,1.1694481332324822,-1.0
1.16851,1.1699983759373676,-1.0,-0.0014883759373676142,0.0009742857142856736,1.5276585867410168,-1.0
1.16937,1.169969690821048,-1.0,-0.0005996908210479379,0.0009628571428571066,0.6228242948569322,-1.0
1.16927,1.1699476604988384,-1.0,-0.0006776604988383284,0.0009164285714285324,0.7394580657628216,-1.0
1.1699,1.1699457866506027,-1.0,-4.578665060273046e-05,0.0009085714285714015,0.05039411229860421,-1.0
1.16921,1.1699257832475536,-1.0,-0.0007157832475535031,0.000950714285714265,0.7528899673740993,-1.0
1.16941,1.169906752653953,-1.0,-0.0004967526539529921,0.0009557142857142661,0.5197710878432011,-1.0
1.16842,1.1699005527604662,-1.0,-0.0014805527604662139,0.000996428571428549,1.4858594011847643,-1.0
1.16815,1.1697756621580742,-1.0,-0.001625662158074137,0.0010207142857142637,1.5926711135786151,-1.0
1.16736,1.169377415017383,-1.0,-0.002017415017383062,0.001007857142857116,2.0016874729527725,-1.0
1.16662,1.1689751739058671,-1.0,-0.0023551739058671473,0.0010249999999999743,2.297730639870445,-1.0
1.16575,1.1685685337759493,-1.0,-0.0028185337759492057,0.0010364285714285573,2.719467461288037,-1.0
1.16582,1.1684959053145807,-1.0,-0.0026759053145806178,0.0010164285714285531,2.632654561077254,-1.0
1.16531,1.1682383220095995,-1.0,-0.002928322009599471,0.0010421428571428329,2.809904601397776,-1.0
1.16519,1.1681486403021164,-1.0,-0.0029586403021164553,0.0010585714285714007,2.794936857599964,-1.0
1.16567,1.168116708194357,-1.0,-0.0024467081943571056,0.001044285714285704,2.3429490233242007,-1.0
1.16521,1.1680550436198023,-1.0,-0.002845043619802201,0.0010285714285714262,2.7660146303632573,-1.0
1.16457,1.1677972453383982,-1.0,-0.0032272453383981325,0.0011028571428571515,2.926258726526781,-1.0
1.16438,1.1676629086781016,-1.0,-0.003282908678101659,0.001090714285714294,3.0098704317893175,-1.0
1.16481,1.1676267179093633,-1.0,-0.002816717909363442,0.0010750000000000165,2.620202706384557,-1.0
1.16515,1.1676009167989818,-1.0,-0.002450916798981906,0.0010757142857143068,2.278408710872909,-1.0
1.16449,1.167582542881462,-1.0,-0.0030925428814618794,0.0010157142857143261,3.044697632944064,-1.0
1.16454,1.1675701230721915,-1.0,-0.0030301230721916372,0.000977857142857189,3.0987379847100747,-1.0
1.16368,1.1671209648717449,-1.0,-0.003440964871744834,0.0009657142857143475,3.5631293050609907,-1.0
1.16409,1.1671195817630047,-1.0,-0.0030295817630046074,0.0009592857142857815,3.158164160987456,-1.0
1.16316,1.1668506501606482,-1.0,-0.003690650160648179,0.0009235714285714838,3.9960635923489107,-1.0
1.16277,1.166644230161583,-1.0,-0.0038742301615828367,0.0009421428571429072,4.1121472526275085,-1.0
1.16347,1.1666186295938954,-1.0,-0.003148629593895391,0.0009414285714286327,3.3445230891147655,-1.0
1.16366,1.1665891855346364,-1.0,-0.0029291855346365026,0.0009242857142857743,3.1691342724040474,-1.0
1.16332,1.1665868582533596,-1.0,-0.0032668582533597057,0.0009378571428571966,3.4833218238410706,-1.0
1.16281,1.1665729846947568,-1.0,-0.003762984694756888,0.000956428571428604,3.934412675623199,-1.0
1.16248,1.1664333524097965,-1.0,-0.003953352409796551,0.0009078571428571587,4.354597461616896,-1.0
1.16164,1.165993231409212,-1.0,-0.004353231409212066,0.0009342857142857287,4.659421997627522,-1.0
1.1614,1.165825005157748,-1.0,-0.004425005157747908,0.0009185714285714353,4.817268445448698,-1.0
1.16042,1.165357365949089,-1.0,-0.004937365949089001,0.0009892857142857242,4.990839226515908,-1.0
1.16077,1.1653611904658774,-1.0,-0.004591190465877304,0.0009849999999999978,4.661107071956664,-1.0
1.16024,1.1652723668923732,-1.0,-0.005032366892373297,0.0010307142857142817,4.882407241387833,-1.0
1.16088,1.1652723008602552,-1.0,-0.004392300860255327,0.0010314285714285562,4.2584634379207404,-1.0
1.15992,1.1650923305640866,-1.0,-0.0051723305640865025,0.0010642857142856923,4.8599079125646,-1.0
1.15908,1.164658903892772,-1.0,-0.005578903892771825,0.001088571428571407,5.1249773293180505,-1.0
1.15884,1.1644460840736561,-1.0,-0.005606084073656037,0.0010849999999999868,5.166897763738346,-1.0
1.15797,1.1640006044558717,-1.0,-0.00603060445587178,0.001089999999999988,5.532664638414539,-1.0
1.1582,1.1639102560039545,-1.0,-0.0057102560039545835,0.0011128571428571377,5.131167140909149,-1.0
1.15777,1.1636901272728317,-1.0,-0.0059201272728317544,0.0010892857142857132,5.434870938993091,-1.0
1.1576,1.1635187769062267,-1.0,-0.005918776906226775,0.0010671428571428696,5.5463772882981175,-1.0
1.15732,1.1632807613417142,-1.0,-0.005960761341714305,0.001064285714285724,5.6007153546308395,-1.0
1.15825,1.1631970700711678,-1.0,-0.004947070071167792,0.0010914285714285845,4.532655824368341,-1.0
1.15837,1.1631543965070386,-1.0,-0.004784396507038657,0.0010921428571428748,4.380742387085685,-1.0
1.15744,1.1631073929685,-1.0,-0.005667392968500051,0.0011028571428571673,5.138827821178689,-1.0
1.15791,1.1630440640563444,-1.0,-0.005134064056344423,0.00106785714285716,4.807819183198713,-1.0
1.15863,1.1630248103372884,-1.0,-0.004394810337288391,0.0010700000000000154,4.107299380643297,-1.0
1.15895,1.1629559330775097,-1.0,-0.004005933077509738,0.001061428571428594,3.774095766159834,-1.0
1.15977,1.162116014336691,1.0,-0.002346014336691127,0.0010378571428571698,2.2604405171145854,1.0
1.15926,1.162051996915722,1.0,-0.0027919969157219615,0.00098571428571432,2.8324606391381235,1.0
1.15982,1.1620602182962356,1.0,-0.002240218296235552,0.000995714285714322,2.249860555760157,1.0
1.16015,1.1622046782656836,1.0,-0.0020546782656836182,0.0009635714285714604,2.132356984401016,1.0
1.15947,1.162177040158828,1.0,-0.0027070401588280557,0.0009835714285714645,2.7522557896580535,1.0
1.16035,1.1621494726158796,1.0,-0.0017994726158796492,0.0010564285714285931,1.7033547411977399,1.0
1.1609,1.1623742142434903,1.0,-0.0014742142434902572,0.0010821428571428729,1.3623101920041782,1.0
1.16136,1.16261499197342,1.0,-0.0012549919734201609,0.001069285714285741,1.1736731882352582,1.0
1.16157,1.162776384078488,1.0,-0.0012063840784879432,0.000979285714285738,1.2319020495135518,1.0
1.16144,1.1626865970622768,1.0,-0.0012465970622768108,0.0009442857142857467,1.3201481748770614,1.0
1.16225,1.162948442668147,1.0,-0.0006984426681468925,0.0009350000000000191,0.7469975060394419,1.0
1.16237,1.1630442904642244,1.0,-0.000674290464224514,0.0009157142857143212,0.7363546411187855,1.0
1.1626,1.1631457320347272,1.0,-0.0005457320347270755,0.0008814285714286203,0.6191449340501324,1.0
1.16269,1.1631331040320896,1.0,-0.0004431040320895807,0.0008714285714286182,0.5084800368240817,1.0
1.16261,1.163087324957222,1.0,-0.00047732495722208057,0.0008164285714286226,0.5846499913480935,1.0
1.16271,1.1631111248941055,1.0,-0.0004011248941055978,0.0008200000000000429,0.48917670012875225,1.0
1.16216,1.1630669274163643,1.0,-0.0009069274163642227,0.0007964285714286026,1.1387429443137775,1.0
1.1613,1.1630256626346087,1.0,-0.0017256626346087156,0.0008242857142857377,2.0935248600105143,1.0
1.16223,1.1629997623317738,1.0,-0.0007697623317737268,0.0008485714285714525,0.9071273270060497,1.0
1.16181,1.1629840689505153,1.0,-0.0011740689505153057,0.0007892857142857464,1.4875081725985169,1.0
1.16194,1.1629414789096875,1.0,-0.001001478909687492,0.0007650000000000315,1.3091227577613738,1.0
1.16165,1.1629020939964283,1.0,-0.0012520939964282274,0.0007964285714286026,1.572135959640762,1.0
1.16092,1.163695741468785,-1.0,-0.002775741468785009,0.0008657142857143109,3.206302026649257,-1.0
1.16158,1.1636139952833506,-1.0,-0.002033995283350576,0.000921428571428581,2.207436741620757,-1.0
1.1616,1.1635574628945573,-1.0,-0.001957462894557338,0.0008392857142857249,2.3322962147916924,-1.0
1.16096,1.1635101673886852,-1.0,-0.0025501673886851872,0.0009007142857143023,2.831272279269783,-1.0
1.16009,1.1630699140871097,-1.0,-0.0029799140871096252,0.0009228571428571618,3.229009072719342,-1.0
1.15913,1.1626150368885724,-1.0,-0.0034850368885723793,0.0009771428571428828,3.5665582192991248,-1.0
1.15918,1.1624264293753288,-1.0,-0.0032464293753287077,0.0009528571428571521,3.407047320434893,-1.0
1.15927,1.1623155208418614,-1.0,-0.003045520841861382,0.0009392857142857298,3.2423796035025587,-1.0
1.15838,1.1619027660675632,-1.0,-0.0035227660675631878,0.0010092857142857284,3.490355622497094,-1.0
1.15841,1.1617182858160089,-1.0,-0.003308285816008949,0.0009321428571428735,3.5491188830746725,-1.0
1.15829,1.1616515335816393,-1.0,-0.0033615335816392644,0.0008792857142857333,3.823027631433687,-1.0
1.15748,1.1612408306044673,-1.0,-0.0037608306044671913,0.0008864285714285895,4.2426775554020635,-1.0
1.15672,1.1608681176379325,-1.0,-0.004148117637932547,0.000910000000000014,4.558371030695036,-1.0
1.15599,1.1604648073116213,-1.0,-0.004474807311621198,0.0009028571428571576,4.956273921099347,-1.0
1.15604,1.1603852382203197,-1.0,-0.004345238220319736,0.0008671428571428917,5.010983120632115,-1.0
1.15602,1.1602072433493154,-1.0,-0.004187243349315306,0.0008200000000000271,5.106394328433131,-1.0
1.15528,1.1598229503730193,-1.0,-0.004542950373019217,0.0008935714285714459,5.084037188030999,-1.0
1.15604,1.1597606760251067,-1.0,-0.0037206760251067283,0.0009178571428571448,4.053654813345843,-1.0
1.1552,1.1596914755000705,-1.0,-0.004491475500070452,0.0009071428571428524,4.951232834723359,-1.0
1.15529,1.159636539957282,-1.0,-0.0043465399572821806,0.0008278571428571262,5.250350250384103,-1.0
1.15579,1.1595716227580994,-1.0,-0.0037816227580993456,0.0009121428571428534,4.145866766906112,-1.0
1.15508,1.1594911504886753,-1.0,-0.004411150488675242,0.0009799999999999967,4.501173968035976,-1.0
1.15564,1.1593833663883049,-1.0,-0.0037433663883048585,0.0009478571428571511,3.9492938535243076,-1.0
1.15535,1.1592607792069596,-1.0,-0.0039107792069594804,0.001003571428571437,3.896861843233613,-1.0
1.15464,1.1590588915601556,-1.0,-0.004418891560155513,0.0010614285714285782,4.16315490189615,-1.0
1.15512,1.1589904560120319,-1.0,-0.003870456012031953,0.0010321428571428623,3.7499227798233266,-1.0
1.15506,1.158978086715131,-1.0,-0.003918086715130942,0.0009785714285714317,4.003884234440365,-1.0
1.15429,1.1585831680635919,-1.0,-0.004293168063591812,0.0009907142857142892,4.333406841404842,-1.0
1.15468,1.1584669067174356,-1.0,-0.0037869067174356452,0.0009799999999999809,3.864190527995632,-1.0
1.15566,1.1584440788421935,-1.0,-0.0027840788421935603,0.0010428571428571232,2.6696646431993547,-1.0
1.15497,1.1584276113166456,-1.0,-0.00345761131664557,0.0010421428571428329,3.3177901599067243,-1.0
1.15463,1.158337162328336,-1.0,-0.003707162328336011,0.001017857142857118,3.642124392751258,-1.0
1.15408,1.1582006628785972,-1.0,-0.004120662878597248,0.0010149999999999565,4.059766382854606,-1.0
1.15438,1.1581568913159748,-1.0,-0.0037768913159748063,0.001048571428571383,3.6019399471150946,-1.0
1.15462,1.1580418813724813,-1.0,-0.003421881372481339,0.0010149999999999565,3.3713116970260946,-1.0
1.15497,1.1579735494503813,-1.0,-0.003003549450381282,0.0009799999999999492,3.0648463779402424,-1.0
1.15542,1.1579163266817496,-1.0,-0.0024963266817497054,0.0009478571428570877,2.6336528669553814,-1.0
1.15473,1.1578965745223666,-1.0,-0.003166574522366572,0.0009757142857142385,3.245391164943935,-1.0
1.15397,1.1577172947638044,-1.0,-0.0037472947638044207,0.0009471428571427973,3.956419810955144,-1.0
1.15414,1.1576713759849473,-1.0,-0.003531375984947349,0.0009242857142856632,3.8206540795413924,-1.0
1.15444,1.1576367116755444,-1.0,-0.0031967116755444724,0.000963571428571397,3.317565860461385,-1.0
1.15401,1.15748765833221,-1.0,-0.003477658332210032,0.0009414285714285375,3.6940225076587403,-1.0
1.15454,1.1574255543083285,-1.0,-0.0028855543083285973,0.0009842857142856915,2.9316226644848546,-1.0
1.15381,1.157327650823483,-1.0,-0.0035176508234830983,0.0009592857142857022,3.6669479917173486,-1.0
1.15309,1.1569265520778844,-1.0,-0.0038365520778844697,0.0009414285714285693,4.075244999270311,-1.0
1.15376,1.156826919275856,-1.0,-0.003066919275856117,0.0009564285714285565,3.20663703226186,-1.0
1.15406,1.1567382911806265,-1.0,-0.0026782911806264575,0.0009349999999999874,2.864482546124592,-1.0
1.15357,1.1566901176006787,-1.0,-0.0031201176006787623,0.0009342857142857129,3.3395754135705458,-1.0
1.153,1.1565906330285847,-1.0,-0.0035906330285846444,0.0009342857142857129,3.8431851987909096,-1.0
1.15325,1.1565441241354861,-1.0,-0.0032941241354860207,0.0009528571428571521,3.457101791364606,-1.0
1.15255,1.156343434325303,-1.0,-0.003793434325302991,0.0009942857142857253,3.8152356720000924,-1.0
1.15226,1.156067070189923,-1.0,-0.0038070701899228787,0.0009300000000000022,4.0936238601321175,-1.0
1.15138,1.1556974045521156,-1.0,-0.004317404552115489,0.0009557142857142978,4.517463656921979,-1.0
1.15225,1.155618171139597,-1.0,-0.003368171139596976,0.001026428571428571,3.2814471784521704,-1.0
1.15248,1.1555735177078554,-1.0,-0.0030935177078554865,0.0010135714285714231,3.0520963995755492,-1.0
1.15154,1.155552534574427,-1.0,-0.0040125345744270735,0.0010621428571428529,3.777772968525841,-1.0
1.15097,1.1553395923181817,-1.0,-0.004369592318181681,0.0010571428571428518,4.13339813882053,-1.0
1.15174,1.1553151769867016,-1.0,-0.0035751769867016225,0.0010485714285714304,3.409569333366664,-1.0
1.15171,1.1552315577303363,-1.0,-0.0035215577303362444,0.0010064285714285828,3.4990637490920413,-1.0
1.15161,1.155174437120985,-1.0,-0.0035644371209850867,0.0009678571428571711,3.6828132615342994,-1.0
1.15104,1.1550661717150816,-1.0,-0.004026171715081572,0.001008571428571454,3.991954958296076,-1.0
1.15153,1.1550580207839949,-1.0,-0.003528020783994945,0.0010285714285714423,3.4300202066617067,-1.0
1.15181,1.1550049948392913,-1.0,-0.0031949948392913097,0.0010228571428571507,3.123598306569692,-1.0
1.15263,1.1549690905332182,-1.0,-0.0023390905332181244,0.0010342857142857018,2.2615516205147883,-1.0
1.1518,1.1549050808464885,-1.0,-0.0031050808464885282,0.0010242857142856998,3.031459682764296,-1.0
1.15195,1.1548582471118451,-1.0,-0.002908247111845119,0.001026428571428571,2.833365314254119,-1.0
1.15197,1.1548111342873573,-1.0,-0.0028411342873573275,0.0009628571428571384,2.950732939391897,-1.0
1.15185,1.1547761206674445,-1.0,-0.002926120667444465,0.000926428571428582,3.158495708883735,-1.0
1.15154,1.1547315969902776,-1.0,-0.003191596990277601,0.000944285714285715,3.3799060411411785,-1.0
1.15125,1.1546881955471433,-1.0,-0.003438195547143197,0.0008799999999999919,3.9070403944809415,-1.0
1.15057,1.15432130612154,-1.0,-0.0037513061215399546,0.0008699999999999898,4.311846116712642,-1.0
1.15057,1.1542050402070545,-1.0,-0.0036350402070544074,0.0008278571428571262,4.390902752265982,-1.0
1.15143,1.1541685691003805,-1.0,-0.0027385691003805057,0.0009164285714285482,2.988306111093379,-1.0
1.15102,1.1541106483698753,-1.0,-0.0030906483698753817,0.0009164285714285324,3.3724923755461567,-1.0
1.15037,1.1540842557544333,-1.0,-0.0037142557544334043,0.0008849999999999771,4.196899157551978,-1.0
1.14959,1.1536983451201945,-1.0,-0.004108345120194645,0.0009021428571428514,4.553985089685305,-1.0
1.14992,1.153668773768958,-1.0,-0.0037487737689578804,0.0008871428571428483,4.225670915089441,-1.0
1.15083,1.1536044203777371,-1.0,-0.002774420377737119,0.0008957142857142854,3.0974390182073113,-1.0
1.15108,1.1535888792483524,-1.0,-0.0025088792483523026,0.0008614285714285685,2.9124634723824507,-1.0
1.15022,1.1535558640997325,-1.0,-0.0033358640997325217,0.0009271428571428407,3.598004421899548,-1.0
1.14989,1.153495788955086,-1.0,-0.003605788955086009,0.0009342857142856971,3.8594071384713344,-1.0
1.14901,1.15316448731902,-1.0,-0.004154487319020017,0.0009592857142856863,4.330813288628588,-1.0
1.14888,1.1530449282767443,-1.0,-0.004164928276744417,0.0009478571428571193,4.394046411034159,-1.0
1.14803,1.1525909941221237,-1.0,-0.004560994122123629,0.0009842857142856915,4.633811154552416,-1.0
1.14875,1.1525569339053914,-1.0,-0.003806933905391441,0.0009792857142856906,3.8874598596266567,-1.0
1.14972,1.1525046300579607,-1.0,-0.002784630057960591,0.0010799999999999857,2.578361164778359,-1.0
1.14948,1.1524827254202896,-1.0,-0.003002725420289565,0.0010357142857142668,2.899183164417564,-1.0
1.14886,1.152383175408411,-1.0,-0.0035231754084110722,0.001087142857142842,3.24076581588408,-1.0
1.14945,1.1523464911770716,-1.0,-0.0028964911770714696,0.0011007142857142643,2.6314650537963247,-1.0
1.14989,1.152268529496442,-1.0,-0.0023785294964420167,0.0010607142857142402,2.2423847104504824,-1.0
1.15006,1.1512520212115729,1.0,-0.0011920212115728024,0.001065714285714257,1.1185185631380483,1.0
1.14917,1.1511629053379666,1.0,-0.0019929053379665884,0.0010649999999999826,1.8712726178090338,1.0
1.14825,1.151066095304635,1.0,-0.0028160953046350023,0.001093571428571408,2.575136137484701,1.0
1.14821,1.1509968805824713,1.0,-0.0027868805824713405,0.0010414285714285582,2.6760170202057108,1.0
1.14786,1.1518037225520832,-1.0,-0.003943722552083084,0.0010321428571428465,3.8209076629179064,-1.0
1.14759,1.1515313584697298,-1.0,-0.00394135846972965,0.0009964285714285648,3.955485202596091,-1.0
1.1484,1.1514887688724955,-1.0,-0.0030887688724954288,0.0010435714285714295,2.9598059010907574,-1.0
1.14852,1.1514101039173452,-1.0,-0.0028901039173452325,0.0010071428571428573,2.8696067264420746,-1.0
1.14873,1.1513625708235842,-1.0,-0.002632570823584146,0.0010071428571428573,2.613900108523265,-1.0
1.14933,1.1513404952329584,-1.0,-0.002010495232958487,0.0009599999999999927,2.0942658676651065,-1.0
1.14859,1.1513179387797354,-1.0,-0.002727938779735428,0.0009892857142857084,2.757483243053879,-1.0
1.14886,1.1512024207960319,-1.0,-0.0023424207960318633,0.0009128571428571439,2.566032170926921,-1.0
1.14953,1.150225457001322,1.0,-0.0006954570013220085,0.0009257142857142757,0.7512652792058815,1.0
1.15025,1.1505423720040495,1.0,-0.0002923720040495237,0.0009457142857142799,0.3091546870614318,1.0
1.15016,1.1505170614123217,1.0,-0.00035706141232161315,0.0009335714285714067,0.38246823048987766,1.0
1.1508,1.1507517433299301,1.0,4.8256670069912744e-05,0.000930714285714245,0.05184906991395303,1.0
1.15025,1.1506774752381284,1.0,-0.00042747523812836086,0.0009128571428570963,0.46828273347397165,1.0
1.15116,1.1507866429590483,1.0,0.00037335704095164957,0.0009635714285713812,0.38747209587274656,1.0
1.15044,1.1507148467165886,1.0,-0.00027484671658872806,0.0009692857142856567,0.2835559345793973,1.0
1.15026,1.1506778428764217,1.0,-0.00041784287642165907,0.0009757142857142227,0.42824306514667676,1.0
1.1505,1.1506687987133941,1.0,-0.00016879871339403607,0.0009164285714285006,0.1841918930254628,1.0
1.15043,1.1506579303107989,1.0,-0.00022793031079881843,0.0009328571428570845,0.24433570836015756,1.0
1.15009,1.1506393115600908,1.0,-0.0005493115600907483,0.0009428571428570866,0.5826031697932527,1.0
1.14992,1.1506047111239563,1.0,-0.0006847111239562942,0.0008914285714285113,0.7681054275151254,1.0
1.15037,1.1505688372092677,1.0,-0.00019883720926783255,0.0008557142857142296,0.23236401750833374,1.0
1.14956,1.1505097065218826,1.0,-0.0009497065218826428,0.0009228571428570983,1.0290937543620464,1.0
1.14969,1.150484171520428,1.0,-0.0007941715204278221,0.0008535714285713901,0.930410149455231,1.0
1.14983,1.1504767186463667,1.0,-0.000646718646366784,0.0008214285714285444,0.7873096564465456,1.0
1.15,1.150453045703867,1.0,-0.000453045703867172,0.0008435714285714038,0.5370567192329039,1.0
1.14995,1.1504304354253974,1.0,-0.00048043542539732975,0.0007799999999999871,0.6159428530735099,1.0
1.14989,1.1504115293361714,1.0,-0.0005215293361713336,0.000752142857142852,0.6933913301423286,1.0
1.14951,1.1503854242261649,1.0,-0.0008754242261648226,0.0007135714285714245,1.2268207373681268,1.0
1.15003,1.1503483199137325,1.0,-0.0003183199137324344,0.000724285714285717,0.4394949499264364,1.0
1.14966,1.1503099885906567,1.0,-0.0006499885906567915,0.0007442857142857211,0.8733052081761035,1.0
1.14967,1.1502864295412825,1.0,-0.0006164295412824927,0.0007421428571428658,0.8306076590909334,1.0
1.14968,1.150269690439162,1.0,-0.0005896904391620161,0.0007042857142857128,0.837288656010978,1.0
1.15055,1.1502602759097258,1.0,0.00028972409027416823,0.0007342857142857191,0.3945658816963355,1.0
1.15048,1.1502294400357926,1.0,0.00025055996420730864,0.0007814285714285837,0.32064346425066415,1.0
1.15096,1.1502543514509014,1.0,0.0007056485490986031,0.0007828571428571644,0.9013758838850521,1.0
1.15107,1.1503112049528337,1.0,0.0007587950471663607,0.0007350000000000253,1.0323742138317478,1.0
1.15154,1.1505903559680517,1.0,0.0009496440319483046,0.0007578571428571752,1.2530646981409705,1.0
1.15071,1.150556637428445,1.0,0.00015336257155484923,0.0008200000000000271,0.18702752628639532,1.0
1.15153,1.1505391059364973,1.0,0.000990894063502612,0.0008628571428571652,1.1483871596884279,1.0
1.15199,1.1505810189737296,1.0,0.0014089810262705171,0.0008992857142857373,1.566777948195928,1.0
1.15229,1.1507386502668226,1.0,0.0015513497331773873,0.0009221428571428872,1.6823312365981964,1.0
1.15265,1.1509376551386596,1.0,0.0017123448613403092,0.0009307142857143244,1.8398179630670246,1.0
1.15298,1.1510846776268355,1.0,0.0018953223731643654,0.0009407142857143265,2.014769417182989,1.0
1.1539,1.1514635553889792,1.0,0.0024364446110207716,0.0009864285714286103,2.469965572359845,1.0
1.15471,1.151802810089828,1.0,0.0029071899101718035,0.0010478571428571718,2.774414365535387,1.0
1.15396,1.1517992449746561,1.0,0.0021607550253439634,0.0011307142857143182,1.910964646545459,1.0
1.15408,1.1517841068174146,1.0,0.0022958931825853846,0.001099285714285747,2.088531810019131,1.0
1.15339,1.15179839381587,1.0,0.0015916061841299012,0.001127142857142882,1.4120713927641397,1.0
1.15272,1.1517895965144258,1.0,0.0009304034855741605,0.0011307142857143024,0.8228457863574261,1.0
1.15261,1.1517753977291325,1.0,0.0008346022708674017,0.0011278571428571407,0.7399893471908578,1.0
1.15252,1.1527425839039904,-1.0,-0.00022258390399043648,0.001117142857142864,0.1992439038277552,-1.0
1.15344,1.1527244664792144,-1.0,0.0007155335207855718,0.001140000000000014,0.6276609831452307,-1.0
1.15315,1.1526967213570907,-1.0,0.00045327864290922726,0.0010728571428571612,0.4224967377316294,-1.0
1.15262,1.152689545871942,-1.0,-6.954587194196726e-05,0.0010700000000000154,0.06499614200183763,-1.0
1.15284,1.1526986152356118,-1.0,0.00014138476438829706,0.0010728571428571612,0.13178340222610685,-1.0
1.15262,1.1527043447398255,-1.0,-8.434473982554813e-05,0.001062857142857159,0.07935661005091774,-1.0
1.15233,1.1525735586989518,-1.0,-0.0002435586989517624,0.0010657142857143048,0.2285403341370384,-1.0
1.15188,1.152362962484871,-1.0,-0.0004829624848710079,0.0010228571428571507,0.4721700271085237,-1.0
1.15098,1.1519267134651816,-1.0,-0.0009467134651817144,0.000997142857142887,0.9494261112137253,-1.0
1.15037,1.1516386114184798,-1.0,-0.0012686114184798924,0.0009800000000000284,1.2945014474284242,-1.0
1.15117,1.1516377530705095,-1.0,-0.0004677530705095023,0.0010207142857143112,0.45826053094001884,-1.0
1.15164,1.1516404817746546,-1.0,-4.817746546148527e-07,0.0009864285714285945,0.0004884029807826054,-1.0
1.15116,1.15164139795673,-1.0,-0.00048139795672996755,0.0009650000000000254,0.4988579862486579,-1.0
1.15095,1.1516395108724975,-1.0,-0.0006895108724975785,0.0009871428571428848,0.6984914772044738,-1.0
1.15118,1.1516328130737048,-1.0,-0.00045281307370470536,0.0010257142857142965,0.4414612139182318,-1.0
1.15023,1.1515670270287706,-1.0,-0.0013370270287704766,0.000977142857142867,1.3683025148235735,-1.0
1.15073,1.1515646901468704,-1.0,-0.0008346901468703205,0.0010214285714285859,0.8171791647681343,-1.0
1.15103,1.151565916225676,-1.0,-0.0005359162256759475,0.0010207142857142954,0.5250403890457099,-1.0
1.15081,1.1515585517757418,-1.0,-0.0007485517757417348,0.0010350000000000081,0.7232384306683372,-1.0
1.15071,1.1515418453621378,-1.0,-0.000831845362137873,0.001013571428571439,0.8207071930888021,-1.0
1.15005,1.1513481032788042,-1.0,-0.0012981032788041968,0.0010042857142857115,1.2925637200041826,-1.0
1.15012,1.1513353552232375,-1.0,-0.0012153552232374576,0.0009900000000000147,1.2276315386236762,-1.0
1.14994,1.1512315712649661,-1.0,-0.0012915712649661515,0.0009671428571428649,1.3354503478231887,-1.0
1.15085,1.1512237071811149,-1.0,-0.00037370718111495727,0.0009750000000000116,0.38328941652815673,-1.0
1.15121,1.1512223555998884,-1.0,-1.235559988832513e-05,0.0009135714285714501,0.013524503396133522,-1.0
1.15067,1.1512201407731821,-1.0,-0.0005501407731820507,0.0009407142857143105,0.5848117558503042,-1.0
1.15007,1.1512159979446375,-1.0,-0.0011459979446375446,0.0009557142857143137,1.1991009884099517,-1.0
1.15049,1.151216644644324,-1.0,-0.0007266446443239261,0.000946428571428602,0.7677754732478971,-1.0
1.15041,1.1512116722275565,-1.0,-0.0008016722275565602,0.0009200000000000477,0.8713828560396941,-1.0
1.14968,1.1511816664324073,-1.0,-0.0015016664324072337,0.000955000000000055,1.5724255836724055,-1.0
1.14885,1.1508089831051644,-1.0,-0.0019589831051645135,0.0009842857142857708,1.9902585974094058,-1.0
1.14793,1.1504114061060613,-1.0,-0.0024814061060614012,0.0010242857142857792,2.4225722095437527,-1.0
1.14885,1.1504143172903514,-1.0,-0.0015643172903514468,0.0010350000000000717,1.511417671837042,-1.0
1.14828,1.1504005052670456,-1.0,-0.002120505267045658,0.0010828571428572107,1.9582502466119627,-1.0
1.14826,1.1503992078215513,-1.0,-0.0021392078215511923,0.0010592857142857864,2.0194814229072593,-1.0
1.14835,1.1503960308830923,-1.0,-0.002046030883092298,0.0010314285714286356,1.9836864517514121,-1.0
1.14781,1.1501596025289818,-1.0,-0.0023496025289817535,0.001030714285714345,2.2795866532046194,-1.0
1.1472,1.1498809374585104,-1.0,-0.0026809374585103907,0.00102571428571436,2.613727327238353,-1.0
1.1472,1.1498056137697095,-1.0,-0.0026056137697094695,0.0010107142857143409,2.5779924223272497,-1.0
1.14669,1.1495390060436423,-1.0,-0.0028490060436423548,0.0009885714285714972,2.881942529695823,-1.0
1.147,1.1495377586896591,-1.0,-0.0025377586896591087,0.0009735714285714943,2.606648690772203,-1.0
1.14651,1.1494589115208746,-1.0,-0.0029489115208747307,0.000999285714285774,2.951019391868747,-1.0
1.14569,1.1490415713081592,-1.0,-0.003351571308159107,0.0010478571428572034,3.1985002259185267,-1.0
1.14473,1.148658732596166,-1.0,-0.003928732596165885,0.001048571428571478,3.746747707514972,-1.0
1.14381,1.1481737474953455,-1.0,-0.004363747495345516,0.0010414285714286059,4.190155345324774,-1.0
1.14294,1.1477484834742469,-1.0,-0.004808483474246783,0.0010585714285714642,4.542427033701261,-1.0
1.1421,1.1472580624261335,-1.0,-0.005158062426133592,0.0010635714285714495,4.849756478567419,-1.0
1.14209,1.1470970318753315,-1.0,-0.005007031875331469,0.0010050000000000178,4.9821212689864485,-1.0
1.1419,1.146944659012334,-1.0,-0.005044659012334085,0.0010214285714285859,4.938827005082251,-1.0
1.14134,1.146643482660739,-1.0,-0.0053034826607389896,0.001074285714285726,4.936752476751665,-1.0
1.14103,1.146404165907801,-1.0,-0.005374165907801043,0.001079285714285727,4.979372780225924,-1.0
1.14157,1.146367534887653,-1.0,-0.004797534887652999,0.0010728571428571451,4.471736912592666,-1.0
1.14228,1.1463001646147233,-1.0,-0.0040201646147233205,0.0011271428571428663,3.566685969969964,-1.0
1.14244,1.1462457766213836,-1.0,-0.003805776621383705,0.0010992857142857154,3.462045009705771,-1.0
1.14165,1.1462453699960746,-1.0,-0.004595369996074572,0.0011385714285714332,4.036084061796973,-1.0
1.1409,1.1461751818585202,-1.0,-0.0052751818585201615,0.0011642857142857288,4.53083104412769,-1.0
1.14062,1.1460334816212323,-1.0,-0.005413481621232341,0.001141428571428579,4.742724824609028,-1.0
1.14076,1.145984620655733,-1.0,-0.0052246206557329256,0.001097142857142876,4.762024035173158,-1.0
1.1406,1.1459301674411297,-1.0,-0.005330167441129685,0.0010650000000000301,5.004852057398624,-1.0
1.1411,1.1458845182931379,-1.0,-0.004784518293137863,0.0009964285714285964,4.801667104224258,-1.0
1.14113,1.1458203776213547,-1.0,-0.004690377621354713,0.0009464285714285861,4.955870694261507,-1.0
1.14171,1.1457790877526528,-1.0,-0.0040690877526528,0.001008571428571438,4.0345062703356,-1.0
1.14099,1.1457335750210849,-1.0,-0.0047435750210849115,0.0010292857142857326,4.608608625620235,-1.0
1.14047,1.1455825792539134,-1.0,-0.005112579253913285,0.0010278571428571676,4.974017342236572,-1.0
1.13999,1.1451973730179439,-1.0,-0.005207373017943828,0.001018571428571456,5.112427927854954,-1.0
1.13924,1.1447455828108484,-1.0,-0.005505582810848342,0.0010128571428571645,5.435695299850151,-1.0
1.14003,1.1446856167237986,-1.0,-0.00465561672379855,0.0010257142857143123,4.538902098410725,-1.0
1.14014,1.144624786874251,-1.0,-0.004484786874251023,0.001022142857142892,4.387632162090299,-1.0
1.14036,1.144603249718617,-1.0,-0.004243249718616893,0.0009850000000000295,4.307867734636311,-1.0
1.1412,1.144589193043607,-1.0,-0.003389193043606964,0.0009664285714285903,3.50692554401305,-1.0
1.14021,1.1445743716898151,-1.0,-0.004364371689815183,0.0010078571428571634,4.330347530645735,-1.0
1.14038,1.1445203509656543,-1.0,-0.004140350965654349,0.0009742857142857211,4.249627090847542,-1.0
1.14032,1.1444618470723684,-1.0,-0.004141847072368421,0.0009485714285714256,4.366405046171542,-1.0
1.13951,1.1443919219582137,-1.0,-0.004881921958213686,0.0009749999999999957,5.007099444321751,-1.0
1.14036,1.1443173047005648,-1.0,-0.003957304700564768,0.0010371428571428634,3.8155830446216537,-1.0
1.14091,1.1442780280108527,-1.0,-0.003368028010852564,0.001030000000000007,3.2699301076238263,-1.0
1.14056,1.1442316349562094,-1.0,-0.0036716349562093686,0.0010228571428571507,3.5895872476906963,-1.0
1.14036,1.1442085524883117,-1.0,-0.0038485524883116184,0.0009785714285714317,3.9328273603184294,-1.0
1.13962,1.1441951018062366,-1.0,-0.004575101806236548,0.0010228571428571348,4.472864894365375,-1.0
1.14027,1.144152162232278,-1.0,-0.003882162232277997,0.001032857142857137,3.758663295428234,-1.0
1.1402,1.1441111997850546,-1.0,-0.003911199785054498,0.0009735714285714149,4.017373220158748,-1.0
1.14116,1.1440885412726454,-1.0,-0.002928541272645413,0.0010449999999999785,2.8024318398521277,-1.0
1.14062,1.1440100672156017,-1.0,-0.0033900672156017553,0.0010614285714285465,3.193872208507785,-1.0
1.13972,1.1439421409029449,-1.0,-0.004222140902944815,0.0010435714285714135,4.045857128078595,-1.0
1.13929,1.143833315236781,-1.0,-0.004543315236781087,0.0010164285714285531,4.469881469777678,-1.0
1.13956,1.143811213586421,-1.0,-0.004251213586420999,0.001027857142857136,4.135996539950965,-1.0
1.13989,1.143706454392066,-1.0,-0.0038164543920660154,0.0010471428571428656,3.644635845083478,-1.0
1.13947,1.1436639910210107,-1.0,-0.004193991021010701,0.0010421428571428645,4.024391658269321,-1.0
1.1402,1.1436152791655445,-1.0,-0.003415279165544405,0.0010271428571428614,3.3250283948276405,-1.0
1.14117,1.1435620736613568,-1.0,-0.0023920736613567417,0.001049285714285721,2.2797162191282623,-1.0
1.14207,1.1427997247233628,1.0,-0.0007297247233628568,0.0010678571428571443,0.683354255991972,1.0
1.14112,1.1427444178673372,1.0,-0.0016244178673372467,0.0011292857142857216,1.438447194353024,1.0
1.14188,1.142730158482992,1.0,-0.0008501584829920805,0.0011214285714285749,0.7581031058528084,1.0
1.14111,1.1426388707444284,1.0,-0.0015288707444283123,0.0011292857142857216,1.3538387363691482,1.0
1.14182,1.1425793921896876,1.0,-0.0007593921896875688,0.0011964285714285744,0.6347158600373694,1.0
1.14106,1.1425062448920418,1.0,-0.0014462448920418147,0.001167857142857149,1.2383748311061344,1.0
1.14149,1.1424616053666532,1.0,-0.0009716053666533053,0.0011671428571428746,0.8324648184299921,1.0
1.14174,1.1423691353128458,1.0,-0.0006291353128458077,0.0011557142857143074,0.5443692447367826,1.0
1.14104,1.1422878179274045,1.0,-0.001247817927404471,0.001128571428571447,1.1056614546621713,1.0
1.14086,1.142225376334968,1.0,-0.001365376334967916,0.0011107142857142982,1.2292777292315504,1.0
1.14033,1.1422020799677683,1.0,-0.001872079967768281,0.001107142857142862,1.6909109386294074,1.0
1.1405,1.142155529953016,1.0,-0.0016555299530158774,0.0010985714285714407,1.5069843525501967,1.0
1.14065,1.1421385546404563,1.0,-0.0014885546404563854,0.0010864285714285834,1.3701357637336729,1.0
1.14083,1.1421169566920868,1.0,-0.0012869566920867825,0.0010592857142857229,1.2149287720306683,1.0
1.14058,1.1420198226300853,1.0,-0.0014398226300853523,0.0010371428571428793,1.3882587342420456,1.0
1.14119,1.1419451956490199,1.0,-0.0007551956490199352,0.0010157142857142945,0.7435118907369199,1.0
1.14068,1.1418986944613783,1.0,-0.0012186944613783446,0.0010014285714285975,1.2169559528742069,1.0
1.14035,1.1418645881972767,1.0,-0.0015145881972766784,0.0009607142857143147,1.5765230306225173,1.0
1.14098,1.1417844286685603,1.0,-0.0008044286685602309,0.000930000000000034,0.8649770629679586,1.0
1.14141,1.1417388931871586,1.0,-0.0003288931871585632,0.0009200000000000319,0.3574925947375563,1.0
1.14105,1.1417107149499188,1.0,-0.000660714949918928,0.0008900000000000256,0.7423763482234932,1.0
1.14119,1.141663984663297,1.0,-0.0004739846632970668,0.0008771428571428779,0.540373394638337,1.0
1.14097,1.1415985710540488,1.0,-0.0006285710540487877,0.0009007142857143023,0.6978584263824635,1.0
1.14082,1.1415741762115559,1.0,-0.0007541762115559347,0.0008964285714285758,0.8413121085086084,1.0
1.13984,1.142503629971745,-1.0,-0.002663629971745074,0.0009700000000000106,2.7460102801495307,-1.0
1.13991,1.1424243899467694,-1.0,-0.0025143899467694464,0.00094285714285715,2.6667772162706047,-1.0
1.13992,1.142268591208252,-1.0,-0.0023485912082519267,0.0008971428571428662,2.6178564423190003,-1.0
1.14024,1.1421924922650653,-1.0,-0.001952492265065331,0.0009028571428571418,2.162570546749578,-1.0
1.13965,1.1420727502742456,-1.0,-0.0024227502742455442,0.0009257142857142757,2.6171685061294743,-1.0
1.13976,1.1419851872151863,-1.0,-0.002225187215186164,0.0009021428571428514,2.4665574831834123,-1.0
1.13981,1.1419631517488666,-1.0,-0.002153151748866655,0.0008907142857142685,2.417331554461408,-1.0
1.14043,1.1419245971040017,-1.0,-0.0014945971040016826,0.0008921428571428334,1.6752889876720665,-1.0
1.14071,1.1418727692911035,-1.0,-0.0011627692911035936,0.0008771428571428304,1.3256327423005543,-1.0
1.14162,1.1408998048422,1.0,0.0007201951577999743,0.0009064285714285303,0.7945415452482347,1.0
1.14097,1.1408260846680212,1.0,0.0001439153319788833,0.0009271428571428089,0.15522454912977432,1.0
1.14132,1.1407412746040833,1.0,0.000578725395916635,0.0009392857142856663,0.6161335013561448,1.0
1.14098,1.1406724677277975,1.0,0.00030753227220259305,0.0009271428571428089,0.33169890684410835,1.0
1.14176,1.1407358558684235,1.0,0.0010241441315765876,0.0009807142857142554,1.0442838923578055,1.0
1.14251,1.1410362560750764,1.0,0.0014737439249234985,0.0009349999999999557,1.5761967111482014,1.0
1.14174,1.1410338268459177,1.0,0.0007061731540822791,0.000976428571428529,0.7232204943052185,1.0
1.14173,1.1409787076318108,1.0,0.0007512923681891603,0.0009828571428570948,0.7643963048436598,1.0
1.14119,1.1409671244728288,1.0,0.00022287552717115133,0.00098142857142853,0.2270929680055495,1.0
1.14111,1.140962901601622,1.0,0.00014709839837800942,0.000937142857142811,0.15696475436678606,1.0
1.14061,1.140923152232725,1.0,-0.0003131522327251002,0.0009671428571428173,0.3237910825813577,1.0
1.1402,1.1416701180414712,-1.0,-0.0014701180414711246,0.00095214285714283,1.5440099460312326,-1.0
1.14051,1.1416524498352494,-1.0,-0.0011424498352494705,0.0009557142857142502,1.195388467376172,-1.0
1.14064,1.1416423153327107,-1.0,-0.0010023153327105572,0.0009128571428571121,1.0979980170538555,-1.0
1.14034,1.1415937950331125,-1.0,-0.0012537950331126257,0.0008757142857142654,1.4317398420536027,-1.0
1.13935,1.141122868346051,-1.0,-0.0017728683460509487,0.0009107142857142726,1.9466789682128343,-1.0
1.13913,1.140909316228635,-1.0,-0.0017793162286350306,0.0008892857142856877,2.0008375261759976,-1.0
1.13973,1.1408834035328064,-1.0,-0.001153403532806463,0.0008735714285714101,1.3203311086909912,-1.0
1.13966,1.1408687924634804,-1.0,-0.0012087924634804903,0.0008242857142856901,1.4664726593351267,-1.0
1.14034,1.140827650447745,-1.0,-0.0004876504477451249,0.0008121428571428486,0.6004491001259297,-1.0
1.14026,1.1408213672156622,-1.0,-0.0005613672156621341,0.0007757142857142764,0.7236778102458538,-1.0
1.13967,1.1407880114527376,-1.0,-0.0011180114527375995,0.0008107142857142836,1.379044963729201,-1.0
1.13917,1.1407085242447166,-1.0,-0.001538524244716566,0.000790000000000005,1.9474990439450077,-1.0
1.13937,1.140695369415318,-1.0,-0.0013253694153179119,0.0007957142857142964,1.6656348127872995,-1.0
1.13867,1.1405022623818053,-1.0,-0.0018322623818052275,0.0008078571428571538,2.268052462004672,-1.0
1.1377,1.1400714988672433,-1.0,-0.0023714988672434156,0.0008664285714285695,2.7370967964886965,-1.0
1.13779,1.140043489618757,-1.0,-0.002253489618756932,0.000850714285714292,2.64893825882425,-1.0
1.13693,1.1396418348096358,-1.0,-0.0027118348096357714,0.0009092857142857236,2.9823792093401735,-1.0
1.13696,1.1395540816030558,-1.0,-0.0025940816030558533,0.0008657142857142951,2.9964638979192704,-1.0
1.13736,1.1395327678807399,-1.0,-0.0021727678807399453,0.0008457142857142909,2.569151210334379,-1.0
1.13654,1.1393618944718544,-1.0,-0.002821894471854325,0.0008928571428571555,3.160521808476799,-1.0
1.13709,1.1393398333870854,-1.0,-0.002249833387085509,0.0009114285714285789,2.4684692334793787,-1.0
1.1365,1.1393320414223953,-1.0,-0.0028320414223952373,0.0009592857142857339,2.952239755289092,-1.0
1.13676,1.1393261401326158,-1.0,-0.0025661401326158018,0.0009614285714285893,2.669090776866312,-1.0
1.13773,1.1393093507357708,-1.0,-0.001579350735770868,0.0010307142857142976,1.5322876161324948,-1.0
1.13829,1.13930481533906,-1.0,-0.0010148153390598935,0.0010542857142857218,0.9625619747180494,-1.0
1.13842,1.1392981527632595,-1.0,-0.0008781527632595321,0.0010207142857142954,0.8603316085117798,-1.0
1.1388,1.1385473489991753,1.0,0.0002526510008247218,0.0010078571428571476,0.2506813615553571,1.0
1.13792,1.1385258128815088,1.0,-0.0006058128815087382,0.0010107142857142776,0.5993908368284384,1.0
1.13823,1.1385196648243974,1.0,-0.00028966482439729546,0.000993571428571419,0.29153900370684227,1.0
1.13788,1.1384984630920014,1.0,-0.00061846309200142,0.0010249999999999901,0.6033786263428547,1.0
1.13695,1.139554198703351,-1.0,-0.002604198703351157,0.001044285714285704,2.4937607282432666,-1.0
1.13724,1.1395394533296912,-1.0,-0.00229945332969117,0.0010878571428571324,2.1137456740431184,-1.0
1.13671,1.1393439469133764,-1.0,-0.0026339469133762616,0.0010671428571428537,2.4682233458679907,-1.0
1.13639,1.1391025709512739,-1.0,-0.0027125709512738627,0.0010171428571428593,2.6668534633310395,-1.0
1.13605,1.1388599943368636,-1.0,-0.002809994336863575,0.0009857142857142881,2.8507188924702866,-1.0
1.13656,1.138852585814889,-1.0,-0.0022925858148890033,0.0009928571428571287,2.309079238017734,-1.0
1.13747,1.1388299876818988,-1.0,-0.0013599876818988221,0.0010085714285714223,1.348429712930852,-1.0
1.13664,1.1388252342936163,-1.0,-0.0021852342936161673,0.0009699999999999946,2.252818859398123,-1.0
1.13725,1.1388206685173685,-1.0,-0.0015706685173684232,0.0009628571428571384,1.6312581040918417,-1.0
1.13761,1.1388062299386847,-1.0,-0.0011962299386847342,0.0009928571428571287,1.2048359094666559,-1.0
1.13802,1.137917865470266,1.0,0.00010213452973406589,0.0010092857142857126,0.10119486314769462,1.0
1.13715,1.1379078829055032,1.0,-0.0007578829055030489,0.000987142857142869,0.7677540287295628,1.0
1.13792,1.1379006689702607,1.0,1.933102973938894e-05,0.0009914285714285956,0.019498156797654074,1.0
1.13833,1.1380134947399005,1.0,0.00031650526009951996,0.0009714285714285913,0.3258142383377345,1.0
1.13836,1.1380651112288498,1.0,0.0002948887711502479,0.00091642857142858,0.32178042058483497,1.0
1.13814,1.1380484021708006,1.0,9.159782919931914e-05,0.0009057142857142875,0.10113324990461084,1.0
1.13897,1.138312913231913,1.0,0.0006570867680870673,0.0009464285714285703,0.6942803587335059,1.0
1.13846,1.1383056789064008,1.0,0.00015432109359925228,0.0009764285714285765,0.15804647479074765,1.0
1.13899,1.1383189837409908,1.0,0.0006710162590091162,0.0010050000000000178,0.6676778696608003,1.0
1.13838,1.1383079446187474,1.0,7.205538125254485e-05,0.0009657142857142999,0.07461356046861044,1.0
1.13873,1.1383034220899155,1.0,0.0004265779100844913,0.0009178571428571448,0.46475414328271325,1.0
1.13864,1.1383014315831002,1.0,0.00033856841689994255,0.0008642857142857142,0.3917320526115038,1.0
1.13917,1.1385072453516585,1.0,0.0006627546483415347,0.0008592857142857133,0.7712855425421029,1.0
1.13861,1.1385042235331038,1.0,0.00010577646689613474,0.0008978571428571566,0.11780990744199392,1.0
1.1393,1.138497471385553,1.0,0.0008025286144470734,0.0009350000000000033,0.8583193737401823,1.0
1.139,1.1384812217740967,1.0,0.0005187782259032936,0.0009128571428571597,0.5683016559190904,1.0
1.13856,1.1384590049340833,1.0,0.00010099506591676466,0.0008885714285714449,0.11366004202851118,1.0
1.13788,1.1384516763567802,1.0,-0.0005716763567802374,0.0008935714285714618,0.6397657070282196,1.0
1.13726,1.139282682108694,-1.0,-0.0020226821086941627,0.0009250000000000488,2.186683360750331,-1.0
1.13678,1.1390381567990722,-1.0,-0.002258156799072264,0.0009521428571429093,2.3716575534141007,-1.0
1.13777,1.1390171115549428,-1.0,-0.0012471115549428369,0.0009671428571428965,1.2894801897488186,-1.0
1.13781,1.1389899848099665,-1.0,-0.0011799848099665056,0.0009521428571428935,1.2392938739332668,-1.0
1.13847,1.138969671026373,-1.0,-0.0004996710263729387,0.0009535714285714583,0.5239995782187957,-1.0
1.13766,1.1389376818413728,-1.0,-0.0012776818413728908,0.000994285714285757,1.2850248404611855,-1.0
1.13727,1.1389193664790302,-1.0,-0.0016493664790302454,0.0010142857142857453,1.6261359652410372,-1.0
1.13784,1.1388940513728585,-1.0,-0.0010540513728585221,0.0010635714285714495,0.9910489738092021,-1.0
1.13738,1.1388893624789582,-1.0,-0.001509362478958165,0.001027142857142893,1.469476683269372,-1.0
1.13643,1.138708982248108,-1.0,-0.0022789822481079636,0.0010214285714285859,2.2311714317140585,-1.0
1.13703,1.1386933169844529,-1.0,-0.0016633169844528783,0.0010014285714285817,1.6609442070142695,-1.0
1.13686,1.138674855958674,-1.0,-0.0018148559586739221,0.0009792857142857064,1.8532445967494613,-1.0
1.13728,1.1386614099693504,-1.0,-0.0013814099693503223,0.0009828571428571267,1.4055043292808744,-1.0
1.13759,1.1386430109400427,-1.0,-0.0010530109400426202,0.0009721428571428183,1.0831853901981832,-1.0
1.13775,1.138630763525457,-1.0,-0.0008807635254568513,0.0009414285714285375,0.9355606491954751,-1.0
1.13724,1.1386225604370805,-1.0,-0.0013825604370805156,0.000920714285714243,1.5016172318951215,-1.0
1.13721,1.1386018343322069,-1.0,-0.0013918343322067983,0.0008535714285713901,1.6306008912883727,-1.0
1.13695,1.1385910032118614,-1.0,-0.001641003211861447,0.0008749999999999591,1.8754322421274556,-1.0
1.13603,1.1382800724790139,-1.0,-0.002250072479013765,0.0008928571428570921,2.52008117649556,-1.0
1.13631,1.1382531031735532,-1.0,-0.0019431031735532844,0.0008549999999999391,2.2726352907057574,-1.0
1.13726,1.1382294412212373,-1.0,-0.0009694412212373216,0.0008985714285713835,1.0788694036027968,-1.0
1.13673,1.1382027229742486,-1.0,-0.001472722974248608,0.0009028571428571259,1.6311805094526028,-1.0
1.13727,1.1381845696152761,-1.0,-0.0009145696152761396,0.0009314285714285513,0.9818998937013981,-1.0
1.13725,1.138171159069913,-1.0,-0.000921159069912969,0.0008821428571428472,1.044228905164511,-1.0
1.13667,1.1381507581594024,-1.0,-0.0014807581594022956,0.0008807142857142823,1.6813150228412181,-1.0
1.1357,1.1380612050893373,-1.0,-0.002361205089337348,0.0009592857142857022,2.461420048452963,-1.0
1.13599,1.1380484192246871,-1.0,-0.0020584192246870803,0.0009142857142856929,2.2513960270015465,-1.0
1.13576,1.1379119597369665,-1.0,-0.002151959736966358,0.000901428571428561,2.3872770457630237,-1.0
1.1348,1.1374801387677134,-1.0,-0.002680138767713336,0.0009528571428571204,2.8127393364308535,-1.0
1.13502,1.1374560762216985,-1.0,-0.002436076221698613,0.0009635714285714128,2.528173988419655,-1.0
1.13554,1.1374300059469316,-1.0,-0.001890005946931561,0.0009978571428571298,1.8940646569106803,-1.0
1.13505,1.1373872811783816,-1.0,-0.0023372811783817227,0.0009585714285714118,2.4382963112775475,-1.0
1.1352,1.137384030815263,-1.0,-0.0021840308152629717,0.0009121428571428376,2.394395568808321,-1.0
1.13497,1.1373673662264996,-1.0,-0.0023973662264995532,0.0009328571428571163,2.5699178538280782,-1.0
1.13497,1.1373129954476173,-1.0,-0.002342995447617291,0.0008614285714285368,2.719895212822835,-1.0
1.13594,1.1372912768302528,-1.0,-0.0013512768302528233,0.0008964285714285282,1.5074004480908716,-1.0
1.13534,1.1372484656686033,-1.0,-0.0019084656686032542,0.0009192857142856622,2.076031030337768,-1.0
1.13452,1.13719166087311,-1.0,-0.0026716608731101044,0.0009771428571428034,2.7341558642941166,-1.0
1.13499,1.137177463009252,-1.0,-0.0021874630092519887,0.0009942857142856618,2.2000346357420586,-1.0
1.1345,1.1371392773084104,-1.0,-0.0026392773084102927,0.0009514285714285396,2.77401518901992,-1.0
1.1336,1.1367160319093494,-1.0,-0.0031160319093495037,0.0010192857142856987,3.0570740526204427,-1.0
1.13417,1.136677635247928,-1.0,-0.002507635247928075,0.001044285714285704,2.4012923030775237,-1.0
1.13501,1.1366560018021412,-1.0,-0.0016460018021411393,0.001069285714285709,1.539347042750572,-1.0
1.13411,1.136599983160526,-1.0,-0.002489983160526066,0.0011057142857142813,2.251922754997743,-1.0
1.13338,1.1365661931783448,-1.0,-0.003186193178344787,0.0011192857142857035,2.8466307911185353,-1.0
1.13293,1.1363224892738077,-1.0,-0.0033924892738077528,0.001157857142857131,2.9299722290752017,-1.0
1.13298,1.1361846101043271,-1.0,-0.0032046101043270436,0.0011421428571428535,2.805787458447702,-1.0
1.13372,1.1361636817054133,-1.0,-0.002443681705413203,0.0011671428571428586,2.093729735360147,-1.0
1.13382,1.1361126606860907,-1.0,-0.002292660686090686,0.0011492857142857257,1.9948570295381782,-1.0
1.13289,1.13600855397438,-1.0,-0.0031185539743801005,0.0011235714285714302,2.775572513752152,-1.0
1.1323,1.1356972868245339,-1.0,-0.003397286824533774,0.0011121428571428632,3.0547216148665752,-1.0
1.13228,1.1355125089727067,-1.0,-0.0032325089727067713,0.0010428571428571548,3.099666138211937,-1.0
1.13194,1.1352695145539768,-1.0,-0.0033295145539768978,0.0010157142857142945,3.27800307705177,-1.0
1.13208,1.1352164254110062,-1.0,-0.0031364254110062273,0.0009678571428571393,3.240587140523051,-1.0
1.1315,1.1349506715519977,-1.0,-0.0034506715519977416,0.0009664285714285585,3.570539669472951,-1.0
1.13223,1.1349170469390013,-1.0,-0.0026870469390012364,0.0010057142857142606,2.671779626847887,-1.0
1.13142,1.1348623610504571,-1.0,-0.0034423610504570323,0.000996428571428549,3.454699262107494,-1.0
1.13174,1.13484458375029,-1.0,-0.003104583750290102,0.0009649999999999936,3.2171852334612665,-1.0
1.13235,1.1348110451167281,-1.0,-0.0024610451167281777,0.0009550000000000074,2.577010593432627,-1.0
1.13272,1.1347928025712588,-1.0,-0.0020728025712588583,0.0009542857142857329,2.1720985028161266,-1.0
1.13313,1.1347891475275067,-1.0,-0.0016591475275067324,0.0009828571428571742,1.6880861471724937,-1.0
1.13241,1.1347695085828529,-1.0,-0.0023595085828529427,0.0009878571428571753,2.388511942150406,-1.0
1.13287,1.1347475809181888,-1.0,-0.0018775809181887926,0.0010485714285714462,1.7906085050846494,-1.0
1.13222,1.1347364506409243,-1.0,-0.002516450640924317,0.0010478571428571718,2.4015207207184366,-1.0
1.13308,1.1347140124478359,-1.0,-0.0016340124478357865,0.00103857142857146,1.573326978658894,-1.0
1.13248,1.1346797716282104,-1.0,-0.0021997716282105007,0.001089285714285745,2.019462478357124,-1.0
1.13324,1.134653502995897,-1.0,-0.0014135029958970424,0.0010914285714286004,1.2950943679684601,-1.0
1.13366,1.133748992023908,1.0,-8.89920239082187e-05,0.001148571428571467,0.07748061783053607,1.0
1.13434,1.1340296744515994,1.0,0.00031032554840049187,0.0011528571428571935,0.2691795339285437,1.0
1.13474,1.1342557233101638,1.0,0.0004842766898363049,0.0011057142857143448,0.4379763344772549,1.0
1.13412,1.1342486914445495,1.0,-0.00012869144454952242,0.00105857142857148,0.12157086529643901,1.0
1.13487,1.1342489228605976,1.0,0.0006210771394024039,0.001084285714285744,0.5727984157861276,1.0
1.13499,1.134358122651744,1.0,0.0006318773482558715,0.001046428571428591,0.6038418345107192,1.0
1.13525,1.134497586922945,1.0,0.0007524130770550919,0.0010321428571428623,0.7289815279426459,1.0
1.13617,1.1349243086033387,1.0,0.001245691396661197,0.0010735714285714198,1.160324654241976,1.0
1.13674,1.135170119567843,1.0,0.0015698804321571114,0.0010649999999999985,1.4740661334808578,1.0
1.13671,1.1352458558580292,1.0,0.0014641441419709356,0.0010235714285714412,1.430426935631043,1.0
1.13766,1.1356544503882646,1.0,0.002005549611735269,0.0010485714285714304,1.9126494934804983,1.0
1.1386,1.1360532940510821,1.0,0.0025467059489179267,0.0010928571428571493,2.330319168944494,1.0
1.13798,1.136061674458723,1.0,0.0019183255412769107,0.001102142857142861,1.7405416447100879,1.0
1.13758,1.1360707505904561,1.0,0.001509249409543889,0.0010800000000000015,1.3974531569850805,1.0
1.13764,1.1360721889368173,1.0,0.0015678110631827114,0.001054285714285706,1.4870836642654561,1.0
1.13692,1.1360562478377652,1.0,0.0008637521622347766,0.0010564285714285613,0.8176152989375922,1.0
1.13647,1.1360560962516852,1.0,0.0004139037483148478,0.0010614285714285623,0.3899496955859972,1.0
1.13668,1.1360590998981759,1.0,0.000620900101824029,0.0010349999999999765,0.59990348002323,1.0
1.13729,1.1360589361627527,1.0,0.0012310638372472482,0.0010135714285714073,1.2145802481650343,1.0
1.13732,1.1360565420577264,1.0,0.0012634579422736714,0.0010021428571428403,1.2607563215845827,1.0
1.13716,1.1360463561470224,1.0,0.0011136438529775194,0.0009685714285714139,1.1497797892098458,1.0
1.13738,1.1360433162144328,1.0,0.001336683785567283,0.0009428571428571342,1.4176949240865253,1.0
1.13735,1.136052275520261,1.0,0.001297724479739193,0.0008821428571428314,1.4711046733886017,1.0
1.13696,1.1360496523471415,1.0,0.0009103476528584675,0.0009285714285713897,0.980374395386083,1.0
1.13597,1.1367746390456683,-1.0,-0.0008046390456684094,0.000909285714285676,0.8849133259511552,-1.0
1.13588,1.1366181572898217,-1.0,-0.0007381572898217392,0.0008092857142856712,0.9121096255520653,-1.0
1.13567,1.1364801095673336,-1.0,-0.0008101095673336278,0.0007735714285713735,1.0472330510315417,-1.0
1.13523,1.1362281421289584,-1.0,-0.0009981421289584347,0.0007749999999999384,1.2879253276884053,-1.0
1.13444,1.13585539348992,-1.0,-0.001415393489920147,0.0007964285714285076,1.7771756824110894,-1.0
1.13468,1.1358260996324443,-1.0,-0.0011460996324443862,0.0007649999999999364,1.4981694541757928,-1.0
1.13524,1.1357987804726506,-1.0,-0.0005587804726505663,0.000808571428571349,0.6910712559283302,-1.0
1.13477,1.1357851684771152,-1.0,-0.001015168477115136,0.0008421428571427914,1.2054587514514854,-1.0
1.1348,1.1357742886345439,-1.0,-0.0009742886345438517,0.000818571428571367,1.190230443596418,-1.0
1.13425,1.135768536123552,-1.0,-0.0015185361235521277,0.0008657142857142157,1.754084631165966,-1.0
1.1337,1.1355466788277857,-1.0,-0.0018466788277857749,0.000923571428571357,1.9994975706885423,-1.0
1.13292,1.1351628151675577,-1.0,-0.0022428151675577546,0.0009428571428570708,2.378743359531134,-1.0
1.13204,1.1347775314959752,-1.0,-0.0027375314959752206,0.0010235714285713776,2.6744899472194694,-1.0
1.1317,1.1345797820934542,-1.0,-0.0028797820934542973,0.0010264285714285234,2.8056332156132253,-1.0
1.13217,1.1345465532937329,-1.0,-0.002376553293732986,0.0010214285714285223,2.326695532326112,-1.0
1.13146,1.1344630118568748,-1.0,-0.0030030118568749042,0.001114285714285655,2.695010640785314,-1.0
1.13209,1.1344239050396587,-1.0,-0.0023339050396586902,0.0011592857142856644,2.0132267748134978,-1.0
1.13183,1.1344125800549736,-1.0,-0.0025825800549736933,0.001194999999999962,2.161154857718641,-1.0
1.13247,1.1343939220610393,-1.0,-0.001923922061039196,0.001185714285714266,1.6225848707559754,-1.0
1.13212,1.134369119360412,-1.0,-0.002249119360411944,0.0011664285714285524,1.9282101069055562,-1.0
1.13221,1.134339196781791,-1.0,-0.0021291967817911317,0.0011107142857142665,1.916961732802338,-1.0
1.13312,1.1343278833172308,-1.0,-0.0012078833172308734,0.0011321428571428355,1.0669000909294986,-1.0
1.13403,1.1332968643983592,1.0,0.0007331356016408996,0.0011799999999999747,0.6213013573228097,1.0
1.13316,1.1332616860432565,1.0,-0.00010168604325655473,0.0011921428571428322,0.08529686073048508,1.0
1.13406,1.1332550521788987,1.0,0.0008049478211014094,0.0012221428571428383,0.6586364404102808,1.0
1.13471,1.1334759001259893,1.0,0.0012340998740107967,0.0012371428571428414,0.9975403138655528,1.0
1.13529,1.133779567593069,1.0,0.0015104324069308284,0.001197142857142833,1.261697714620049,1.0
1.13521,1.1337708360876175,1.0,0.001439163912382524,0.0011864285714285566,1.2130219610689696,1.0
1.1347,1.1337556091919168,1.0,0.0009443908080832841,0.0011557142857142758,0.8171490304799809,1.0
1.13446,1.1337464996277233,1.0,0.0007135003722766875,0.0010964285714285538,0.6507495252035039,1.0
1.13529,1.133852287110853,1.0,0.0014377128891469582,0.001093571428571424,1.314694999873122,1.0
1.13526,1.1339265602074793,1.0,0.001333439792520652,0.0010307142857142817,1.293704580408122,1.0
1.1362,1.1343525656040854,1.0,0.0018474343959147266,0.0010599999999999815,1.7428626376554328,1.0
1.13636,1.1344581442095685,1.0,0.0019018557904315614,0.0010749999999999688,1.76916817714569,1.0
1.13537,1.134451094655993,1.0,0.0009189053440070705,0.0011349999999999813,0.8096082326053617,1.0
1.13602,1.1344470046770523,1.0,0.0015729953229477456,0.00110642857142854,1.42168718665391,1.0
1.13663,1.1345124686902355,1.0,0.002117531309764553,0.001087142857142842,1.9477948972867383,1.0
1.13687,1.1346985908678304,1.0,0.0021714091321696216,0.0010435714285714295,2.080747970593749,1.0
1.13625,1.1347090678367464,1.0,0.0015409321632535722,0.001027857142857136,1.4991695820396218,1.0
1.13715,1.134771694918025,1.0,0.0023783050819750073,0.001022857142857119,2.3251585996962905,1.0
1.13696,1.1347783248012888,1.0,0.0021816751987111527,0.0009785714285714,2.229449108172046,1.0
1.13621,1.1347833691508564,1.0,0.0014266308491435176,0.0010107142857142617,1.4115075539229485,1.0
1.1372,1.1348239885180782,1.0,0.0023760114819217915,0.0010435714285714135,2.2768077171051035,1.0
1.13714,1.1348702892137292,1.0,0.0022697107862708066,0.0010349999999999923,2.1929572814210854,1.0
1.13806,1.1352611637539676,1.0,0.002798836246032499,0.0010678571428571284,2.6209837755488636,1.0
1.13706,1.1352608188000235,1.0,0.0017991811999764629,0.001159285714285696,1.551973924810282,1.0
1.13793,1.1352812330757902,1.0,0.0026487669242099,0.0011407142857142727,2.322024855287353,1.0
1.13761,1.135305116692526,1.0,0.002304883307473915,0.0011614285714285672,1.9845243729787778,1.0
1.1378,1.1353247475478514,1.0,0.002475252452148524,0.0011128571428571377,2.2242319852425867,1.0
1.13734,1.1353392904535553,1.0,0.002000709546444712,0.001133571428571448,1.7649611625850972,1.0
1.1382,1.1353569783732194,1.0,0.0028430216267807396,0.001165000000000019,2.4403619113997363,1.0
1.13817,1.1354329815045952,1.0,0.0027370184954047527,0.0011585714285714374,2.362408072482506,1.0
1.13754,1.1354488817319315,1.0,0.0020911182680685148,0.0011378571428571588,1.837768722721833,1.0
1.13709,1.1354748340632974,1.0,0.0016151659367025228,0.0010964285714286013,1.473115512301935,1.0
1.13753,1.135502985362346,1.0,0.002027014637653979,0.0011178571428571704,1.8133038292111823,1.0
1.13679,1.135519248616684,1.0,0.0012707513833158934,0.0011157142857142993,1.13895770591692,1.0
1.13624,1.1355228065211131,1.0,0.0007171934788867684,0.001102142857142861,0.6507264228395803,1.0
1.13586,1.1365076462542447,-1.0,-0.0006476462542446271,0.0010985714285714249,0.5895349518481671,-1.0
1.13639,1.1365096397329557,-1.0,-0.00011963973295570085,0.001057857142857142,0.11309630394191851,-1.0
1.13543,1.1363572901170689,-1.0,-0.0009272901170689352,0.0010421428571428645,0.8897917504431118,-1.0
1.13638,1.1363879209768797,-1.0,-7.920976879738362e-06,0.0010607142857143037,0.007467587630729642,-1.0
1.13723,1.1364293458113557,-1.0,0.0008006541886442786,0.0010835714285714376,0.7389030086367704,-1.0
1.13799,1.1355136667538557,1.0,0.00247633324614438,0.0011150000000000088,2.2209266781563772,1.0
1.1373,1.1355495366266546,1.0,0.00175046337334539,0.0011178571428571388,1.5659097269543483,1.0
1.13631,1.1355648395457227,1.0,0.0007451604542771939,0.0010899999999999719,0.6836334442910212,1.0
1.13613,1.1356127325234033,1.0,0.00051726747659675,0.001083571428571406,0.47737275361599546,1.0
1.1352,1.136532859580941,-1.0,-0.0013328595809409816,0.0011078571428571207,1.2030969782833085,-1.0
1.13498,1.1364045697890943,-1.0,-0.001424569789094221,0.0011157142857142674,1.276823114425059,-1.0
1.13481,1.1363037945307195,-1.0,-0.0014937945307194056,0.001129999999999996,1.3219420625835494,-1.0
1.13573,1.136305941670403,-1.0,-0.0005759416704032017,0.0011364285714285621,0.5067997099713947,-1.0
1.13645,1.1363230194906508,-1.0,0.0001269805093491172,0.001121428571428559,0.1132310274450739,-1.0
1.13613,1.1363407654834021,-1.0,-0.00021076548340204226,0.0011442857142857088,0.184189561025506,-1.0
1.13559,1.1363499424566343,-1.0,-0.0007599424566342439,0.0011085714285714113,0.6855151026339936,-1.0
1.13626,1.1363741112162342,-1.0,-0.00011411121623416953,0.0011049999999999751,0.103268068990201,-1.0
1.13684,1.1364030364751467,-1.0,0.0004369635248533399,0.0010692857142856615,0.4086499230425558,-1.0
1.13611,1.136425549459522,-1.0,-0.0003155494595219466,0.0010492857142856732,0.3007278715661964,-1.0
1.13589,1.1364372038789339,-1.0,-0.0005472038789338107,0.001009285714285681,0.5421694483420809,-1.0
1.13674,1.1364480186283574,-1.0,0.0002919813716426578,0.001017857142857102,0.28685889143841214,-1.0
1.13771,1.1357301133061544,1.0,0.001979886693845634,0.0010264285714285393,1.9289084004063843,1.0
1.13834,1.1360391254654438,1.0,0.0023008745345560744,0.0010749999999999688,2.1403484042382708,1.0
1.13809,1.1360556104211836,1.0,0.002034389578816409,0.0010328571428571051,1.9696717913852535,1.0
1.13799,1.136075537471649,1.0,0.0019144625283511463,0.0010128571428571012,1.8901604652268795,1.0
1.13888,1.136411127338398,1.0,0.002468872661601784,0.001047142857142802,2.3577228691969165,1.0
1.13925,1.1366001314202796,1.0,0.0026498685797204935,0.001014285714285666,2.6125464870484985,1.0
1.13996,1.1368995779672537,1.0,0.0030604220327463683,0.0010614285714285307,2.883304741483903,1.0
1.1393,1.1369187030284302,1.0,0.0023812969715697463,0.001096428571428538,2.1718669447542323,1.0
1.13931,1.1369169510747055,1.0,0.002393048925294572,0.0011085714285714113,2.1586781542606013,1.0
1.13927,1.1369069742989593,1.0,0.002363025701040744,0.0010299999999999912,2.2941997097483147,1.0
1.13985,1.1370507979600908,1.0,0.002799202039909243,0.0010128571428571487,2.763669150827164,1.0
1.13933,1.137051893908989,1.0,0.0022781060910108675,0.0010299999999999912,2.211753486418337,1.0
1.13913,1.137064786029315,1.0,0.0020652139706849315,0.001017857142857134,2.028982146637845,1.0
1.13921,1.1370650821486947,1.0,0.002144917851305328,0.0009442857142857308,2.2714712494912304,1.0
1.1387,1.1370900166227962,1.0,0.0016099833772038608,0.0009064285714285937,1.7761833948663117,1.0
1.1391,1.1371128323983082,1.0,0.0019871676016918194,0.0009014285714285927,2.204464851322093,1.0
1.13963,1.1371251067198695,1.0,0.0025048932801303714,0.0009350000000000191,2.6790302461286846,1.0
1.13937,1.1371417188469541,1.0,0.0022282811530458524,0.0009478571428571669,2.3508618042683604,1.0
1.14032,1.1373055102088134,1.0,0.00301448979118657,0.0009635714285714604,3.1284549352565296,1.0
1.1411,1.1376499217416425,1.0,0.003450078258357525,0.00100928571428576,3.418336561712892,1.0
1.1418,1.1379767852493456,1.0,0.00382321475065428,0.000994285714285757,3.8451872492210937,1.0
1.14243,1.1383691396675357,1.0,0.004060860332464333,0.0009507142857143285,4.271378261044186,1.0
1.14205,1.138394671141847,1.0,0.0036553288581531174,0.000979285714285738,3.7326479951963822,1.0
1.14229,1.1384128983482913,1.0,0.0038771016517087364,0.001010000000000019,3.8387145066422415,1.0
1.14156,1.1384359857057471,1.0,0.003124014294252797,0.0010492857142857367,2.9772770673613493,1.0
1.14073,1.1384699471586819,1.0,0.0022600528413181387,0.001051428571428592,2.1495067784275355,1.0
1.14113,1.1385282775961352,1.0,0.0026017224038648035,0.001105714285714297,2.3529789182239584,1.0
1.14078,1.1385520354184147,1.0,0.002227964581585251,0.001141428571428563,1.9519088950058665,1.0
1.14036,1.1385693649922421,1.0,0.0017906350077578903,0.0011349999999999813,1.5776519892140262,1.0
1.14097,1.1385997597840096,1.0,0.0023702402159904157,0.0011271428571428346,2.102874716341349,1.0
1.14127,1.1386350453036092,1.0,0.0026349546963908566,0.0010771428571428401,2.4462444130949983,1.0
1.1417,1.1386847667459965,1.0,0.0030152332540034354,0.001093571428571408,2.7572348501664856,1.0
1.14268,1.1388938182886046,1.0,0.003786181711395331,0.0010821428571428252,3.49878177950734,1.0
1.14223,1.1389275455001073,1.0,0.0033024544998927485,0.0010414285714285265,3.171081138443105,1.0
1.14226,1.1389811834772092,1.0,0.0032788165227908284,0.0010021428571428245,3.2718055109816886,1.0
1.14165,1.1390136458690976,1.0,0.002636354130902463,0.001006428571428535,2.6195143955028968,1.0
1.14166,1.1390492004873702,1.0,0.002610799512629658,0.0009499999999999746,2.7482100132944502,1.0
1.14258,1.1391420441647995,1.0,0.003437955835200457,0.0010021428571428403,3.4306045397581757,1.0
1.14179,1.1392080404149443,1.0,0.002581959585055804,0.001037857142857122,2.487779366192841,1.0
1.14081,1.1392462386699382,1.0,0.0015637613300618636,0.0010128571428571328,1.543911045195085,1.0
1.14135,1.1393142508322318,1.0,0.002035749167768275,0.0009914285714285637,2.053349304665423,1.0
1.14108,1.1393590312153583,1.0,0.0017209687846417854,0.0010000000000000009,1.7209687846417838,1.0
1.14137,1.139420781203383,1.0,0.001949218796617025,0.0010150000000000198,1.9204126075044206,1.0
1.14091,1.139459342940012,1.0,0.0014506570599881474,0.0009992857142857422,1.45169398426258,1.0
1.14036,1.1403563086955013,-1.0,3.6913044987318955e-06,0.0010314285714286037,0.0035788270763327506,-1.0
1.14106,1.1403960979297683,-1.0,0.0006639020702317033,0.0010478571428571718,0.6335807077875658,-1.0
1.1401,1.1403529820269167,-1.0,-0.0002529820269168148,0.001037142857142895,0.24392206452033594,-1.0
1.14043,1.140364423667552,-1.0,6.557633244796968e-05,0.0010050000000000336,0.06525008203777859,-1.0
1.14125,1.14037611146947,-1.0,0.0008738885305301647,0.0010407142857142995,0.8397007156775664,-1.0
1.14093,1.1403960851179287,-1.0,0.0005339148820713291,0.00101857142857144,0.5241801086254224,-1.0
1.14125,1.1404187461793738,-1.0,0.0008312538206263209,0.0010357142857142984,0.8025898957771276,-1.0
1.14154,1.140470947053616,-1.0,0.0010690529463839304,0.000987142857142869,1.0829769355553436,-1.0
1.14151,1.1404972600052394,-1.0,0.001012739994760592,0.0009021428571428672,1.1225938184202795,-1.0
1.14057,1.140514495768136,-1.0,5.550423186417852e-05,0.0009585714285714435,0.05790307347976805,-1.0
1.13979,1.1403266965534207,-1.0,-0.0005366965534205903,0.0009828571428571584,0.5460575398174524,-1.0
1.14039,1.1403559042161842,-1.0,3.409578381585732e-05,0.000988571428571434,0.03448995472702311,-1.0
1.13963,1.1403541322183344,-1.0,-0.0007241322183344501,0.0010228571428571348,0.7079504927850825,-1.0
1.13872,1.1398987524289446,-1.0,-0.0011787524289446072,0.001044285714285704,1.1287642958430002,-1.0
1.13931,1.139914190106618,-1.0,-0.0006041901066180522,0.0010271428571428456,0.588224025914661,-1.0
1.13966,1.1399301452192683,-1.0,-0.00027014521926838064,0.001021428571428554,0.26447783704597155,-1.0
1.14062,1.1399553020643527,-1.0,0.0006646979356472738,0.0010485714285714146,0.6339081130151196,-1.0
1.14094,1.1389191288486558,1.0,0.0020208711513443056,0.0010471428571428496,1.9298905947353673,1.0
1.14145,1.139225971648659,1.0,0.0022240283513410564,0.0010135714285714231,2.1942492543181786,1.0
1.14138,1.1392770488678805,1.0,0.002102951132119557,0.0010221428571428445,2.0573945387612973,1.0
1.14233,1.1396885139681676,1.0,0.002641486031832452,0.001087142857142842,2.4297506206080706,1.0
1.1427,1.1398833785650104,1.0,0.002816621434989619,0.001117857142857123,2.5196613475945924,1.0
1.14236,1.139917438831819,1.0,0.00244256116818109,0.0011414285714285472,2.1399159170548177,1.0
1.14255,1.1399895484461124,1.0,0.0025604515538875106,0.001029285714285685,2.4876003993356117,1.0
1.14226,1.140001293355645,1.0,0.002258706644355124,0.0009785714285714,2.3081673737936246,1.0
1.14309,1.1402449866413416,1.0,0.002845013358658388,0.0010235714285714095,2.779496651864492,1.0
1.14246,1.1402723240691555,1.0,0.002187675930844568,0.0009942857142856937,2.2002487810218816,1.0
1.14197,1.140303277739012,1.0,0.0016667222609878518,0.0009692857142857043,1.7195365993979488,1.0
1.14267,1.1403310548449226,1.0,0.0023389451550774876,0.0009992857142857106,2.3406170243806255,1.0
1.14237,1.1403552307403741,1.0,0.002014769259625959,0.0009949999999999998,2.0248937282672963,1.0
1.14295,1.1403646029601013,1.0,0.0025853970398985737,0.00097214285714285,2.659482627375481,1.0
1.14204,1.1403957446536261,1.0,0.0016442553463738019,0.001016428571428569,1.6176791882806243,1.0
1.1419,1.1404181961236444,1.0,0.0014818038763555474,0.0010142857142857295,1.4609333992237572,1.0
1.14201,1.1404278444078204,1.0,0.0015821555921795571,0.0009850000000000295,1.6062493321619389,1.0
1.14126,1.140442483085586,1.0,0.0008175169144140071,0.000946428571428602,0.8637914567393002,1.0
1.1417,1.1404601187160686,1.0,0.0012398812839313766,0.0009428571428571659,1.3150256041696098,1.0
1.14089,1.1413286758789292,-1.0,-0.0004386758789292067,0.0009585714285714594,0.45763504508261516,-1.0
1.14109,1.1413786982096576,-1.0,-0.00028869820965771176,0.0009650000000000254,0.29916912917896804,-1.0
1.14147,1.141389290774903,-1.0,8.070922509695322e-05,0.0009878571428571753,0.08170131246256745,-1.0
1.14238,1.1414234187573191,-1.0,0.0009565812426808318,0.0009828571428571742,0.9732657992391873,-1.0
1.14275,1.1414466536974923,-1.0,0.001303346302507613,0.0009535714285714583,1.3668051112438961,-1.0
1.14245,1.1414778047949121,-1.0,0.0009721952050878446,0.0009521428571428776,1.0210602303998149,-1.0
1.14228,1.1414969629164826,-1.0,0.0007830370835173461,0.0009171428571428704,0.8537787514986517,-1.0
1.14281,1.1415476997179375,-1.0,0.001262300282062645,0.0009064285714285937,1.3926086642140738,-1.0
1.14328,1.1408848286776538,1.0,0.0023951713223462345,0.0009007142857143181,2.6591910002256998,1.0
1.14289,1.1409235236429853,1.0,0.001966476357014635,0.000875714285714313,2.245568433784994,1.0
1.14255,1.140979058144168,1.0,0.0015709418558320642,0.0008628571428571494,1.8206279786133057,1.0
1.14322,1.1410193362621373,1.0,0.0022006637378626515,0.0009250000000000171,2.3790959328244443,1.0
1.14377,1.1412844716264496,1.0,0.0024855283735503164,0.0009350000000000191,2.6583191160965405,1.0
1.14299,1.1413369165420342,1.0,0.001653083457965776,0.000956428571428604,1.7283919650127018,1.0
1.14391,1.141401295152324,1.0,0.0025087048476759577,0.0009885714285714656,2.5377072158570875,1.0
1.14425,1.1416095341938162,1.0,0.0026404658061838227,0.0010228571428571825,2.5814609836991678,1.0
1.1435,1.1416341161242367,1.0,0.0018658838757632523,0.001056428571428609,1.7662186788833405,1.0
1.14397,1.1416693211344682,1.0,0.002300678865531758,0.000994285714285757,2.3139011578623006,1.0
1.1439,1.1417096266960516,1.0,0.002190373303948334,0.0009692857142857678,2.2597808589001462,1.0
1.143,1.141729903963209,1.0,0.0012700960367910685,0.001037142857142895,1.2246105037929964,1.0
1.14307,1.14175448523285,1.0,0.0013155147671499723,0.0009971428571429028,1.3192841504368746,1.0
1.14216,1.142738137082381,-1.0,-0.0005781370823809695,0.0010235714285714728,0.5648233882298132,-1.0
1.14258,1.1427583440460198,-1.0,-0.00017834404601990705,0.0009964285714286123,0.17898327199129724,-1.0
1.14246,1.1427840095637467,-1.0,-0.00032400956374667444,0.0009900000000000464,0.32728238762288814,-1.0
1.14199,1.1427073189943817,-1.0,-0.0007173189943816549,0.0010300000000000547,0.696426208137492,-1.0
1.14142,1.1424670044341574,-1.0,-0.0010470044341572837,0.0010457142857143323,1.001233748511019,-1.0
1.14173,1.1424692415050934,-1.0,-0.0007392415050935242,0.001037142857142895,0.7127672914124628,-1.0
1.1423,1.1424868908430552,-1.0,-0.00018689084305512083,0.0010292857142857326,0.18157333815209195,-1.0
1.14229,1.142494353878985,-1.0,-0.00020435387898487534,0.0009435714285714404,0.2165748906728402,-1.0
1.14174,1.142503338014416,-1.0,-0.0007633380144160817,0.0009478571428571511,0.8053302337471779,-1.0
1.14159,1.1425110344419225,-1.0,-0.0009210344419223748,0.0009121428571428693,1.0097480177692306,-1.0
1.14124,1.1423171292388696,-1.0,-0.0010771292388696008,0.0009064285714285779,1.1883222493439167,-1.0
1.1413,1.1423361168430912,-1.0,-0.0010361168430912393,0.0009399999999999885,1.1022519607353745,-1.0
1.14051,1.142017668683072,-1.0,-0.001507668683072172,0.0009235714285714362,1.6324332221972337,-1.0
1.14059,1.1420396622067037,-1.0,-0.001449662206703728,0.0009600000000000085,1.5100647986497033,-1.0
1.14044,1.1419631254065599,-1.0,-0.0015231254065599664,0.0009185714285714353,1.6581458547309,-1.0
1.14083,1.1419727837610498,-1.0,-0.0011427837610498148,0.0009128571428571439,1.2518757945772605,-1.0
1.14077,1.1419901471515175,-1.0,-0.0012201471515174145,0.0008871428571428641,1.3753671595204242,-1.0
1.14003,1.1418046427349933,-1.0,-0.0017746427349931704,0.0009092857142857236,1.9516887894661532,-1.0
1.13945,1.1415199300244816,-1.0,-0.0020699300244815255,0.0008821428571428631,2.3464793799790415,-1.0
1.13928,1.1413868676565702,-1.0,-0.0021068676565700883,0.0008550000000000026,2.464172697742786,-1.0
1.13969,1.1413703893297558,-1.0,-0.0016803893297556716,0.0008121428571428645,2.0690809689163756,-1.0
1.13993,1.1413537258316948,-1.0,-0.0014237258316947,0.0008678571428571504,1.6405071311708335,-1.0
1.13955,1.1413490630187044,-1.0,-0.001799063018704361,0.0008400000000000153,2.141741688933724,-1.0
1.13897,1.14118025133594,-1.0,-0.0022102513359398834,0.0008614285714285844,2.565797570742778,-1.0
1.1382,1.1408212331705805,-1.0,-0.0026212331705803837,0.0008957142857143012,2.926416617872786,-1.0
1.13842,1.1408156126910984,-1.0,-0.0023956126910984477,0.0008985714285714629,2.6660236625895855,-1.0
1.13794,1.140651787553347,-1.0,-0.0027117875533471114,0.0008564285714285992,3.16639080457534,-1.0
1.13881,1.14065274915145,-1.0,-0.001842749151449885,0.0009028571428571576,2.041019629770409,-1.0
1.13929,1.1406475201530681,-1.0,-0.0013575201530682257,0.0009121428571428693,1.4882758138570797,-1.0
1.13885,1.1406285033894978,-1.0,-0.0017785033894979208,0.0009392857142857298,1.8934636846365382,-1.0
1.13806,1.1406226650119153,-1.0,-0.002562665011915266,0.0010214285714285859,2.5089028088680574,-1.0
1.13795,1.1405906776987313,-1.0,-0.0026406776987313307,0.0009442857142857308,2.796481677930256,-1.0
1.13799,1.1405608745459657,-1.0,-0.002570874545965607,0.0009350000000000191,2.749598444882946,-1.0
1.13754,1.140361094818724,-1.0,-0.002821094818723946,0.0009521428571428776,2.9628902822306373,-1.0
1.13674,1.1400045636861296,-1.0,-0.0032645636861294847,0.001008571428571454,3.236819518825187,-1.0
1.13609,1.1397119298652987,-1.0,-0.0036219298652986343,0.0010357142857142984,3.4970357320124315,-1.0
1.13685,1.1396693526292396,-1.0,-0.002819352629239713,0.0010728571428571612,2.627891931381845,-1.0
1.1364,1.1396489319686633,-1.0,-0.003248931968663271,0.0010500000000000112,3.0942209225364157,-1.0
1.1373,1.1396241323474383,-1.0,-0.0023241323474383346,0.0010571428571428518,2.1985035719011385,-1.0
1.13677,1.139586609206982,-1.0,-0.0028166092069819015,0.0010728571428571451,2.62533481343186,-1.0
1.13616,1.13956513391406,-1.0,-0.0034051339140599435,0.0011157142857142835,3.0519766195159606,-1.0
1.13693,1.1395328304792272,-1.0,-0.0026028304792271584,0.0011157142857142835,2.332882631829724,-1.0
1.1371,1.1395158809772155,-1.0,-0.0024158809772154566,0.0011000000000000057,2.196255433832222,-1.0
1.13695,1.1394966361371686,-1.0,-0.0025466361371686563,0.0010564285714285773,2.4106089195646376,-1.0
1.13792,1.1394901516931073,-1.0,-0.0015701516931072579,0.001027857142857136,1.5275971996874051,-1.0
1.13708,1.1394841084283223,-1.0,-0.0024041084283221714,0.001082142857142841,2.22161834960468,-1.0
1.13795,1.1394575229198778,-1.0,-0.0015075229198777684,0.0011392857142856919,1.323217609924086,-1.0
1.13826,1.1384290379254003,1.0,-0.00016903792540023943,0.001121428571428543,0.15073445577091796,1.0
1.13727,1.1384188273704012,1.0,-0.0011488273704012286,0.0011192857142856877,1.0263933111434322,1.0
1.13796,1.138404011045366,1.0,-0.0004440110453658441,0.001104999999999991,0.4018199505573283,1.0
1.13798,1.1383758442891263,1.0,-0.00039584428912631253,0.0010614285714285623,0.37293540025359506,1.0
1.13703,1.1383520440329538,1.0,-0.001322044032953773,0.0011021428571428452,1.199521481617176,1.0
1.13748,1.1383219821284185,1.0,-0.0008419821284184614,0.001102142857142861,0.7639500841126649,1.0
1.13822,1.1383232974493116,1.0,-0.00010329744931159013,0.0011342857142857068,0.0910682802495133,1.0
1.13832,1.1383184010633107,1.0,1.5989366892732448e-06,0.0010749999999999846,0.0014873829667658304,1.0
1.13865,1.1385189453624098,1.0,0.00013105463759011116,0.0010307142857142817,0.12714933653926289,1.0
1.13775,1.1385124341988728,1.0,-0.0007624341988727856,0.0010771428571428401,0.7078301581047194,1.0
1.13701,1.1385038552414777,1.0,-0.001493855241477604,0.001121428571428559,1.3321002153303623,1.0
1.1374,1.1384951340326408,1.0,-0.001095134032640832,0.0011128571428571377,0.9840742270200078,1.0
1.13828,1.138477867801229,1.0,-0.0001978678012291013,0.0011257142857142854,0.1757708894167144,1.0
1.13883,1.1385272564619402,1.0,0.00030274353805981313,0.0010649999999999985,0.28426623292001274,1.0
1.1386,1.138521359550782,1.0,7.864044921812585e-05,0.0010614285714285782,0.07408925229163896,1.0
1.13934,1.1388035667532534,1.0,0.0005364332467465704,0.001047857142857156,0.5119335688106267,1.0
1.13847,1.1387862569377822,1.0,-0.0003162569377821445,0.0010621428571428687,0.29775367376933254,1.0
1.13883,1.138771102536504,1.0,5.889746349607705e-05,0.0011035714285714418,0.05336986983463229,1.0
1.13937,1.1387484692100989,1.0,0.0006215307899011258,0.0010550000000000123,0.5891287108067474,1.0
1.13892,1.1387336129302954,1.0,0.00018638706970453,0.0010157142857142945,0.18350344415354414,1.0
1.13809,1.1387114404009804,1.0,-0.0006214404009803332,0.0009864285714285786,0.6299902689156119,1.0
1.13791,1.1386772207021667,1.0,-0.0007672207021667266,0.0009957142857142903,0.7705229433525195,1.0
1.1381,1.1386519942140056,1.0,-0.0005519942140057577,0.0009685714285714139,0.5699055306844192,1.0
1.1374,1.1386080721471976,1.0,-0.0012080721471976474,0.0009678571428571393,1.2481926244108579,1.0
1.13761,1.1385786728077885,1.0,-0.000968672807788451,0.0009214285714285651,1.0512728146541401,1.0
1.13857,1.1385644842308853,1.0,5.515769114783353e-06,0.0009714285714285596,0.005677997618159404,1.0
1.13953,1.1385831092428922,1.0,0.0009468907571077434,0.00099857142857142,0.9482453933840144,1.0
1.13987,1.1387565492573,1.0,0.001113450742699973,0.001016428571428569,1.0954539984398917,1.0
1.13942,1.1387528203831332,1.0,0.0006671796168669086,0.001016428571428569,0.656395968807923,1.0
1.1387,1.1387472094357958,1.0,-4.720943579572534e-05,0.0010421428571428487,0.04530034963263606,1.0
1.13948,1.138735685804388,1.0,0.0007443141956120503,0.0010092857142857126,0.7374662943077651,1.0
1.13978,1.1387499466621076,1.0,0.0010300533378924115,0.0009807142857142872,1.0503093030221222,1.0
1.13894,1.1387407398663782,1.0,0.00019926013362181472,0.0010321428571428623,0.19305480074085757,1.0
1.13968,1.1387326383467524,1.0,0.0009473616532476026,0.0010714285714285804,0.884204209697755,1.0
1.13998,1.13873013631788,1.0,0.0012498636821201003,0.0010821428571428729,1.1549895412330793,1.0
1.14042,1.1389180657154663,1.0,0.0015019342845337125,0.0011157142857143151,1.3461638913874148,1.0
1.14107,1.1392069518787986,1.0,0.001863048121201416,0.001177857142857183,1.5817267250951448,1.0
1.1419,1.1395815541322645,1.0,0.0023184458677354414,0.0011921428571428797,1.9447718483100997,1.0
1.14196,1.1397235029735446,1.0,0.002236497026455453,0.0011721428571428755,1.9080413388406978,1.0
1.14268,1.140082837312308,1.0,0.002597162687691945,0.0011257142857143013,2.3071242149547415,1.0
1.14338,1.1403966444686167,1.0,0.0029833555313834026,0.0010921428571428748,2.731653200743424,1.0
1.14245,1.1404015009054946,1.0,0.0020484990945053294,0.001117142857142864,1.8336948416288001,1.0
1.14329,1.1403899502491641,1.0,0.002900049750835798,0.0011707142857142947,2.4771626913789424,1.0
1.14404,1.140607484089564,1.0,0.003432515910436029,0.0011671428571428586,2.940956104412751,1.0
1.1439,1.1406320307136468,1.0,0.0032679692863530896,0.0011399999999999982,2.8666397248711357,1.0
1.14477,1.1410309326832917,1.0,0.0037390673167083666,0.001197142857142849,3.1233259208781314,1.0
1.14532,1.1413691978826481,1.0,0.0039508021173517704,0.001141428571428563,3.4612784507462577,1.0
1.14526,1.1414228304195244,1.0,0.00383716958047553,0.0010807142857142762,3.5505865252252407,1.0
1.14496,1.1414319105844717,1.0,0.0035280894155282905,0.0010242857142856998,3.4444387599300392,1.0
1.14409,1.1414212862290913,1.0,0.002668713770908715,0.0010514285714285604,2.5381788582012503,1.0
1.14455,1.1414514809955039,1.0,0.003098519004496092,0.001032857142857137,2.9999492436338544,1.0
1.14465,1.1414624804439488,1.0,0.0031875195560511216,0.0009892857142857084,3.222041428499348,1.0
1.14445,1.1414684706443297,1.0,0.0029815293556703093,0.0010021428571428562,2.975154025615422,1.0
1.14489,1.1414748815607454,1.0,0.003415118439254572,0.0010142857142857137,3.367018179546763,1.0
1.14511,1.1414905883154092,1.0,0.003619411684590901,0.0009571428571428468,3.781474894348743,1.0
1.1445,1.1415157916963725,1.0,0.0029842083036275557,0.0009514285714285554,3.136555274083069,1.0
1.14512,1.14155699313075,1.0,0.0035630068692498185,0.0009521428571428459,3.742092735896328,1.0
1.14561,1.1417810459136652,1.0,0.003828954086334768,0.0008921428571428493,4.291862066348057,1.0
1.14581,1.1419007084366177,1.0,0.003909291563382267,0.0009092857142856918,4.299299441268899,1.0
1.14537,1.1419079895914424,1.0,0.0034620104085576475,0.0008714285714285548,3.9727988294924583,1.0
1.14455,1.1419059177124424,1.0,0.0026440822875575254,0.000917857142857129,2.880712219907075,1.0
1.1438,1.1429006281198886,-1.0,0.0008993718801113548,0.0009907142857142734,0.9078014651448539,-1.0
1.14326,1.142657851670799,-1.0,0.0006021483292009133,0.001054285714285706,0.5711434016810876,-1.0
1.14307,1.1424980108974885,-1.0,0.0005719891025115498,0.0009814285714285617,0.582812768206825,-1.0
1.14403,1.142494823226905,-1.0,0.001535176773095115,0.001005000000000002,1.527539077706579,-1.0
1.1443,1.1424973639509473,-1.0,0.0018026360490528415,0.001003571428571437,1.7962209741451651,-1.0
1.14365,1.1425094894632748,-1.0,0.0011405105367252588,0.0010699999999999996,1.0658976978740742,-1.0
1.14449,1.142544203430815,-1.0,0.001945796569184921,0.001069285714285725,1.8197162303666412,-1.0
1.14534,1.1415408976146821,1.0,0.0037991023853178874,0.001137857142857143,3.3388219331105096,1.0
1.14629,1.1419751849743756,1.0,0.004314815025624474,0.0011542857142857427,3.738082324179527,1.0
1.14707,1.1424285682374364,1.0,0.004641431762563597,0.0011485714285714513,4.041047554470714,1.0
1.14705,1.142615250498325,1.0,0.004434749501674995,0.0011150000000000246,3.9773538131613426,1.0
1.14656,1.1426575378860697,1.0,0.003902462113930305,0.0011164285714286054,3.4954874980820607,1.0
1.14728,1.1428668386301277,1.0,0.004413161369872354,0.001125000000000011,3.922810106553165,1.0
1.14788,1.14325265029162,1.0,0.004627349708379969,0.0010785714285714368,4.2902580077694745,1.0
1.14848,1.1435863499781318,1.0,0.004893650021868146,0.0010485714285714304,4.666968685705307,1.0
1.14879,1.1438630472759912,1.0,0.004926952724008782,0.0009842857142857233,5.005612346598136,1.0
1.1493,1.144148728933136,1.0,0.005151271066863972,0.0010128571428571487,5.085881166156219,1.0
1.14889,1.1441763171753236,1.0,0.004713682824676324,0.000987142857142853,4.775076667544776,1.0
1.14914,1.1441965925252728,1.0,0.004943407474727213,0.0010035714285714212,4.925815277308291,1.0
1.14871,1.1442232180710916,1.0,0.004486781928908279,0.0009392857142856981,4.776802053590646,1.0
1.14917,1.1443012883603245,1.0,0.004868711639675505,0.0009278571428571311,5.247264276786599,1.0
1.14916,1.1443854844026013,1.0,0.00477451559739861,0.0008564285714285676,5.574913958597234,1.0
1.14954,1.1446213876674884,1.0,0.004918612332511563,0.0008171428571428496,6.01928082650022,1.0
1.15023,1.1450222032617563,1.0,0.005207796738243786,0.0007928571428571349,6.5683922824697065,1.0
1.1511,1.145471433859735,1.0,0.005628566140265079,0.0008814285714285568,6.385731439522886,1.0
1.15065,1.1455845284121011,1.0,0.005065471587898829,0.0008921428571428334,5.6778704748267,1.0
1.15152,1.145856730431972,1.0,0.005663269568028095,0.0009028571428571259,6.272608698765413,1.0
1.1518,1.146115428789187,1.0,0.005684571210812894,0.000911428571428563,6.2369903566913205,1.0
1.15099,1.1461762130243662,1.0,0.004813786975633727,0.0009321428571428417,5.16421591255734,1.0
1.15036,1.1462548255409404,1.0,0.004105174459059668,0.0009871428571428214,4.158642722636573,1.0
1.15115,1.1463307856912985,1.0,0.004819214308701358,0.0010185714285713926,4.731346446130533,1.0
1.1515,1.1464242858545175,1.0,0.005075714145482468,0.0010057142857142448,5.046874860565159,1.0
1.15168,1.1464797308054027,1.0,0.005200269194597373,0.0009578571428571056,5.429065527544076,1.0
1.15243,1.146930523447573,1.0,0.005499476552426996,0.0009928571428571287,5.539041131940938,1.0
1.15182,1.1469691075194863,1.0,0.0048508924805137354,0.001021428571428554,4.749125505398144,1.0
1.1522,1.1470704953145567,1.0,0.005129504685443154,0.0010528571428571251,4.8719854542880165,1.0
1.15239,1.1471303693876624,1.0,0.005259630612337585,0.0010371428571428318,5.0712691854495855,1.0
1.15223,1.1472004883441014,1.0,0.005029511655898711,0.0009992857142856945,5.0331067321360505,1.0
1.15159,1.147303570800617,1.0,0.004286429199382935,0.0009842857142857073,4.354862756992853,1.0
1.15104,1.1473367205960319,1.0,0.003703279403968196,0.0009907142857142892,3.737989304654258,1.0
1.15201,1.1473900024730563,1.0,0.004619997526943642,0.0010128571428571487,4.561351578082554,1.0
1.15246,1.1474678328720742,1.0,0.004992167127925828,0.0010500000000000112,4.754444883738834,1.0
1.15194,1.1475319089871534,1.0,0.00440809101284656,0.0010564285714285931,4.172635171051425,1.0
1.15163,1.147584932797777,1.0,0.004045067202222974,0.001022142857142892,3.9574382132159123,1.0
1.1519,1.1476684108772548,1.0,0.0042315891227451274,0.0009985714285714678,4.2376428983139816,1.0
1.15273,1.1477182963634291,1.0,0.005011703636570886,0.0010350000000000398,4.842225735817094,1.0
1.15362,1.1482080325130672,1.0,0.005411967486932845,0.001094285714285746,4.945662194324911,1.0
1.15402,1.148491171121496,1.0,0.005528828878504033,0.0010914285714286004,5.065680909623979,1.0
1.15444,1.1488963515955977,1.0,0.005543648404402246,0.0010321428571428784,5.371008834714869,1.0
1.1545,1.149108020097371,1.0,0.005391979902629185,0.0010035714285714528,5.372791362050304,1.0
1.15471,1.1493176335630162,1.0,0.005392366436983709,0.0010128571428571645,5.3239160872898665,1.0
1.15415,1.1494150441380495,1.0,0.004734955861950496,0.001037857142857154,4.56224239967696,1.0
1.15381,1.1495026825760994,1.0,0.0043073174239005585,0.0010342857142857337,4.164533420898252,1.0
1.15281,1.150523194161557,-1.0,0.0022868058384428736,0.0010492857142857367,2.179392902532304,-1.0
1.15324,1.1505588382813388,-1.0,0.0026811617186612846,0.0010200000000000209,2.6285899202561076,-1.0
1.1539,1.1506752232028705,-1.0,0.003224776797129403,0.0010164285714285848,3.1726546141820835,-1.0
1.15305,1.150788778113063,-1.0,0.0022612218869368927,0.0010192857142857306,2.2184377307018917,-1.0
1.15317,1.1508228812867927,-1.0,0.0023471187132073634,0.0010042857142857273,2.3371025593814125,-1.0
1.15363,1.1508971837021802,-1.0,0.00273281629781974,0.000987142857142869,2.76841014250911,-1.0
1.15358,1.1510372232614992,-1.0,0.002542776738500896,0.000921428571428581,2.7596026619389282,-1.0
1.15293,1.1510843849944359,-1.0,0.0018456150055641274,0.0009107142857143044,2.026557653168412,-1.0
1.15281,1.1510380372759772,-1.0,0.001771962724022691,0.000872142857142861,2.0317344910988995,-1.0
1.15368,1.1511725818607932,-1.0,0.0025074181392068517,0.0009242857142857267,2.712817152155754,-1.0
1.1529,1.1512196728154767,-1.0,0.001680327184523378,0.0010107142857142934,1.6625145288570398,-1.0
1.15196,1.1510638042607984,-1.0,0.0008961957392017439,0.0010557142857142868,0.8488998882831125,-1.0
1.15193,1.1510675698231774,-1.0,0.0008624301768225262,0.0010542857142857218,0.8180232029481898,-1.0
1.15123,1.1508172994357868,-1.0,0.00041270056421316426,0.0010785714285714368,0.3826362847009441,-1.0
1.15122,1.1508079952319124,-1.0,0.00041200476808755937,0.0010321428571428623,0.3991741697734119,-1.0
1.15159,1.1508499403518355,-1.0,0.0007400596481643706,0.0010014285714285817,0.739003928266839,-1.0
1.15111,1.1508215149106906,-1.0,0.0002884850893094537,0.0009864285714285786,0.2924541093651211,-1.0
1.15067,1.1507162131158672,-1.0,-4.6213115867166366e-05,0.000980714285714303,0.04712189527606101,-1.0
1.15167,1.1508297648007342,-1.0,0.000840235199265793,0.0010821428571428729,0.7764549696185433,-1.0
1.1515,1.1508675837521078,-1.0,0.0006324162478921203,0.0010807142857143079,0.5851835737269995,-1.0
1.1522,1.1509767073201569,-1.0,0.0012232926798430022,0.0011400000000000299,1.0730637542482193,-1.0
1.15264,1.1510601810035945,-1.0,0.0015798189964055798,0.0011278571428571724,1.4007261526078238,-1.0
1.15277,1.1510837534750038,-1.0,0.001686246524996271,0.0011321428571428832,1.4894291072521926,-1.0
1.15227,1.1511580649213933,-1.0,0.0011119350786066295,0.0011321428571428674,0.9821508580752475,-1.0
1.15285,1.1501386430312446,1.0,0.002711356968755352,0.0011142857142857343,2.4332690745239898,1.0
1.15211,1.1502108191702725,1.0,0.0018991808297275092,0.0011000000000000215,1.7265280270249745,1.0
1.15215,1.1502252247861708,1.0,0.0019247752138291663,0.001069285714285725,1.800056980200939,1.0
1.15118,1.1502542862623941,1.0,0.000925713737605971,0.0010721428571428548,0.86342387251723,1.0
1.15142,1.1502737844356674,1.0,0.0011462155643326977,0.0010850000000000026,1.0564198749610092,1.0
1.1507,1.150287022681943,1.0,0.0004129773180570062,0.0011164285714285738,0.3699093060011564,1.0
1.14978,1.1510245509954982,-1.0,-0.0012445509954981393,0.0011421428571428693,1.0896631605361953,-1.0
1.15028,1.151059451264982,-1.0,-0.0007794512649821339,0.0011142857142857185,0.6995075454967842,-1.0
1.1511,1.1511085716373692,-1.0,-8.571637369225726e-06,0.001054285714285706,0.00813027934750414,-1.0
1.151,1.1511278222883488,-1.0,-0.00012782228834873344,0.001060714285714272,0.12050586106951455,-1.0
1.15053,1.1511501011238,-1.0,-0.0006201011237998433,0.001045714285714269,0.5929928779506793,-1.0
1.15123,1.1511744386991196,-1.0,5.556130088035793e-05,0.0010714285714285485,0.05185721415500185,-1.0
1.15062,1.1512253546188083,-1.0,-0.0006053546188082848,0.001108571428571427,0.54606731078067,-1.0
1.15055,1.1512651650747192,-1.0,-0.0007151650747192484,0.0010564285714285773,0.676964911837013,-1.0
1.14984,1.1512395708173715,-1.0,-0.0013995708173715204,0.0010371428571428634,1.3494484465014578,-1.0
1.14989,1.151245227360678,-1.0,-0.0013552273606778353,0.0010007142857142912,1.3542600320834826,-1.0
1.15079,1.151249044861922,-1.0,-0.00045904486192194227,0.0010600000000000134,0.4330611904923929,-1.0
1.15121,1.1512857112142987,-1.0,-7.571121429861272e-05,0.0010221428571428604,0.07407106919500872,-1.0
1.15206,1.150346582491385,1.0,0.0017134175086150893,0.0010664285714285634,1.6066875499404842,1.0
1.15132,1.1503858244668064,1.0,0.0009341755331935264,0.0010564285714285613,0.8842770429147733,1.0
1.1511,1.15039181463219,1.0,0.0007081853678099215,0.0010021428571428245,0.7066710726542569,1.0
1.15172,1.1504062673078206,1.0,0.0013137326921794923,0.0010314285714285404,1.27370205612974,1.0
1.15271,1.1506915891414402,1.0,0.002018410858559694,0.0010728571428571293,1.8813416790836266,1.0
1.15319,1.1509937818649258,1.0,0.0021962181350740906,0.001082142857142841,2.029508507659256,1.0
1.15417,1.1514860716691742,1.0,0.0026839283308257578,0.0011064285714285557,2.4257583364468136,1.0
1.15367,1.151527796327899,1.0,0.0021422036721010507,0.0010864285714285676,1.9717851025256288,1.0
1.15341,1.1515334921950617,1.0,0.00187650780493831,0.0010878571428571324,1.7249579296872353,1.0
1.15248,1.1515454502076607,1.0,0.000934549792339201,0.001118571428571429,0.8354851272508818,1.0
1.15201,1.1515761640542812,1.0,0.0004338359457187746,0.0011271428571428663,0.3848988111573381,1.0
1.15115,1.1523834187574382,-1.0,-0.0012334187574383204,0.0011442857142857246,1.077894045202018,-1.0
1.15099,1.152268141337288,-1.0,-0.0012781413372879857,0.0011100000000000237,1.151478682241404,-1.0
1.15178,1.152274137152287,-1.0,-0.0004941371522870774,0.0011264285714286076,0.4386759753975182,-1.0
1.15238,1.152325318781899,-1.0,5.46812181010381e-05,0.001082857142857179,0.050497167111774925,-1.0
1.15258,1.1523716432592228,-1.0,0.00020835674077712696,0.001056428571428609,0.19722747605677307,-1.0
1.15246,1.1524091037367277,-1.0,5.0896263272370845e-05,0.0010578571428571898,0.048112605389139786,-1.0
1.15206,1.152453504282093,-1.0,-0.00039350428209283805,0.0010428571428571867,0.37733287323969184,-1.0
1.15166,1.152475045691303,-1.0,-0.0008150456913031956,0.0009935714285714667,0.8203191716926169,-1.0
1.15209,1.1524914018266799,-1.0,-0.0004014018266798036,0.000989285714285756,0.4057491388820948,-1.0
1.15127,1.152495473128052,-1.0,-0.0012254731280518794,0.000979285714285754,1.251394879119301,-1.0
1.15077,1.1523923975381547,-1.0,-0.0016223975381546296,0.0010078571428571634,1.609749506319231,-1.0
1.15155,1.152396475325551,-1.0,-0.0008464753255508217,0.001010000000000019,0.8380943817334712,-1.0
1.15211,1.1524011157899225,-1.0,-0.00029111578992258025,0.0010021428571428562,0.2904933042705722,-1.0
1.15199,1.1524109179134407,-1.0,-0.0004209179134406771,0.0009571428571428468,0.4397649841917569,-1.0
1.15255,1.1524390255512245,-1.0,0.00011097444877550267,0.0009635714285714288,0.11516992460022513,-1.0
1.1522,1.15245835138986,-1.0,-0.0002583513898601897,0.0009964285714285648,0.2592773805048516,-1.0
1.15194,1.1524740942998761,-1.0,-0.0005340942998761644,0.0009821428571428362,0.5438051053284699,-1.0
1.15208,1.152482341272222,-1.0,-0.00040234127222205096,0.000977142857142835,0.4117527639699445,-1.0
1.15156,1.152486439160934,-1.0,-0.000926439160934045,0.0009907142857142576,0.9351224407409516,-1.0
1.15085,1.1524983418034074,-1.0,-0.0016483418034074493,0.0010535714285714157,1.5645278134037,-1.0
1.15026,1.152184261658225,-1.0,-0.0019242616582249017,0.0010221428571428445,1.8825760457825966,-1.0
1.14945,1.151846319872205,-1.0,-0.0023963198722050105,0.0010664285714285634,2.2470514541775217,-1.0
1.15029,1.1518339578495675,-1.0,-0.0015439578495675121,0.0010742857142856943,1.437194806778296,-1.0
1.15047,1.1518382955894535,-1.0,-0.0013682955894533944,0.0010399999999999774,1.3156688360129078,-1.0
1.14987,1.1518222522253287,-1.0,-0.0019522522253287988,0.0010049999999999862,1.9425395276903739,-1.0
1.15004,1.151818286380434,-1.0,-0.001778286380434091,0.0009528571428571363,1.866267565672972,-1.0
1.15035,1.1518161954870125,-1.0,-0.0014661954870125449,0.0009257142857142916,1.5838531495505785,-1.0
1.14948,1.1516171005671905,-1.0,-0.0021371005671904086,0.0009528571428571521,2.242834178460677,-1.0
1.14913,1.1514558160810098,-1.0,-0.0023258160810097905,0.0009485714285714256,2.4519145432332206,-1.0
1.14932,1.151440277572411,-1.0,-0.0021202775724111778,0.0009257142857142916,2.2904233035305785,-1.0
1.14891,1.1512801479577226,-1.0,-0.0023701479577225015,0.0009014285714285927,2.629324200326009,-1.0
1.14865,1.1511506665727933,-1.0,-0.002500666572793353,0.0009235714285714522,2.707604951206964,-1.0
1.14898,1.1511314717460033,-1.0,-0.002151471746003386,0.0009264285714285979,2.3223287929102963,-1.0
1.14946,1.1511306828668562,-1.0,-0.0016706828668562324,0.0008642857142857301,1.9330214988418863,-1.0
1.15014,1.1511156414400694,-1.0,-0.0009756414400694524,0.0008957142857143012,1.0892328677011243,-1.0
1.15002,1.1510976287770838,-1.0,-0.0010776287770837278,0.0008207142857142857,1.3130376744275187,-1.0
1.1498,1.1510801942396642,-1.0,-0.0012801942396643007,0.0007807142857142933,1.639773042570909,-1.0
1.15035,1.1510764319033608,-1.0,-0.0007264319033608579,0.0008171428571428655,0.8889900915255164,-1.0
1.14976,1.1510695818301362,-1.0,-0.0013095818301362971,0.0008414285714285803,1.5563790850516102,-1.0
1.15011,1.1510550846074756,-1.0,-0.0009450846074756658,0.0008828571428571376,1.0704841832248706,-1.0
1.15032,1.1510413838359859,-1.0,-0.000721383835985856,0.0008935714285714143,0.8073040530617223,-1.0
1.15107,1.1504309296022792,1.0,0.0006390703977208201,0.000896428571428544,0.7129072165810163,1.0
1.15047,1.1503973643470573,1.0,7.26356529427985e-05,0.0008971428571428344,0.08096330742031885,1.0
1.15096,1.1503742623621982,1.0,0.0005857376378017864,0.0008921428571428334,0.6565513954543818,1.0
1.15182,1.1506572689993853,1.0,0.001162731000614814,0.0009499999999999746,1.223927369068258,1.0
1.15187,1.1506788513305461,1.0,0.001191148669453801,0.0009385714285714077,1.2691081714119927,1.0
1.15249,1.1509286746154785,1.0,0.0015613253845214725,0.0009757142857142544,1.6001870705198622,1.0
1.15228,1.1509319215978904,1.0,0.0013480784021095982,0.0009607142857142513,1.4032042847237955,1.0
1.15296,1.1512249187701198,1.0,0.0017350812298801976,0.0009542857142856695,1.8181988935871187,1.0
1.15392,1.1516293831075284,1.0,0.002290616892471675,0.001017857142857118,2.2504306312002975,1.0
1.15489,1.1520591457790403,1.0,0.0028308542209596332,0.0010799999999999699,2.621161315703437,1.0
1.15398,1.1520793725672434,1.0,0.001900627432756652,0.0010821428571428252,1.7563553834055388,1.0
1.15406,1.1520610064253267,1.0,0.001998993574673369,0.001045714285714253,1.9116058774199483,1.0
1.15383,1.1520615622369488,1.0,0.0017684377630511339,0.0010299999999999754,1.7169298670399769,1.0
1.15415,1.1520852895822848,1.0,0.0020647104177151654,0.001022857142857119,2.0185716374310747,1.0
1.15475,1.1521155981703495,1.0,0.002634401829650468,0.00102785714285712,2.5630038648441533,1.0
1.1538,1.1521059976989925,1.0,0.001694002301007469,0.0010785714285714049,1.5705981598745091,1.0
1.15308,1.1521183540267215,1.0,0.0009616459732786353,0.0011199999999999624,0.8586124761416675,1.0
1.15341,1.1521222909599163,1.0,0.0012877090400837954,0.0010664285714285318,1.2074967556044076,1.0
1.15256,1.1531096482748062,-1.0,-0.0005496482748061915,0.0010957142857142474,0.5016346706184452,-1.0
1.15246,1.1530179059458354,-1.0,-0.0005579059458353797,0.0010507142857142699,0.530977786655026,-1.0
1.15301,1.1530202658075779,-1.0,-1.0265807577791719e-05,0.0010764285714285654,0.009536914803522553,-1.0
1.15279,1.153029458623935,-1.0,-0.00023945862393492945,0.0010342857142857178,0.23152076899785917,-1.0
1.15277,1.1530009716048362,-1.0,-0.00023097160483609436,0.0009457142857142799,0.2442297936333339,-1.0
1.15233,1.1527929916188455,-1.0,-0.00046299161884544304,0.0009078571428571428,0.5099829003805038,-1.0
1.1517,1.1525152321069454,-1.0,-0.0008152321069454516,0.0008999999999999961,0.9058134521616168,-1.0
1.15268,1.1525237031045905,-1.0,0.0001562968954094135,0.0009528571428571363,0.1640297253172267,-1.0
1.15275,1.1525300220517196,-1.0,0.00021997794828032546,0.0009649999999999778,0.22795642308842543,-1.0
1.15182,1.1525248878751166,-1.0,-0.0007048878751165777,0.001027857142857136,0.6857838951794408,-1.0
1.15175,1.1525214084799038,-1.0,-0.0007714084799037568,0.0009764285714285765,0.7900306304793372,-1.0
1.15146,1.152472971888149,-1.0,-0.0010129718881490835,0.0009321428571428735,1.0867131367116414,-1.0
1.15077,1.152121199731638,-1.0,-0.0013511997316379976,0.0009100000000000298,1.4848348699318168,-1.0
1.15057,1.1519350630318124,-1.0,-0.0013650630318122747,0.0008814285714286044,1.5486938772586005,-1.0
1.15059,1.1519151572999182,-1.0,-0.0013251572999182226,0.0008357142857143206,1.5856583075943882,-1.0
1.15157,1.1519157738057781,-1.0,-0.0003457738057781601,0.0008850000000000247,0.3907048652860457,-1.0
1.15252,1.1510053859473652,1.0,0.0015146140526347551,0.0009300000000000182,1.6286172608975544,1.0
1.15275,1.1511739578836362,1.0,0.0015760421163637517,0.0009450000000000212,1.66776943530552,1.0
1.15291,1.151346122488182,1.0,0.0015638775118180792,0.0009664285714285903,1.6182028947119498,1.0
1.15272,1.1513511431259449,1.0,0.00136885687405508,0.0009400000000000201,1.456230717079841,1.0
1.15269,1.1513643469454817,1.0,0.001325653054518261,0.0008978571428571566,1.4764632269892894,1.0
1.15175,1.1513652318020076,1.0,0.00038476819799249107,0.0009007142857143181,0.4271811873033054,1.0
1.15218,1.1513707936708366,1.0,0.00080920632916337,0.0008978571428571883,0.9012640102057762,1.0
1.1519,1.1513742571604773,1.0,0.0005257428395226693,0.0008207142857143333,0.6405917975036505,1.0
1.1524,1.1513847574494604,1.0,0.0010152425505396412,0.0008885714285714766,1.1425559250445505,1.0
1.15203,1.1513931026762196,1.0,0.000636897323780472,0.0008464285714285971,0.7524525344241635,1.0
1.15185,1.1513981749398163,1.0,0.00045182506018370816,0.0008207142857143016,0.5505266181524623,1.0
1.15247,1.1514215957168106,1.0,0.0010484042831895302,0.000842857142857161,1.2438694885299242,1.0
1.1531,1.151594955300788,1.0,0.001505044699211977,0.0008678571428571504,1.7342078838656376,1.0
1.15252,1.151600879609394,1.0,0.000919120390606043,0.000842857142857161,1.0904818193630783,1.0
1.15213,1.151600941838669,1.0,0.0005290581613310863,0.0008042857142857336,0.6577987796301092,1.0
1.15272,1.1516056410597506,1.0,0.0011143589402493603,0.0008257142857143027,1.349569650820997,1.0
1.15179,1.1516105719499685,1.0,0.00017942805003157147,0.0008778571428571524,0.2043932221677765,1.0
1.1527,1.1516131034172226,1.0,0.0010868965827774968,0.00091642857142858,1.1860134184633526,1.0
1.15334,1.1516111354404375,1.0,0.0017288645595625596,0.0009457142857142957,1.8281045191748926,1.0
1.15375,1.1518576377553762,1.0,0.0018923622446238575,0.0008871428571428641,2.1330975382233333,1.0
1.15344,1.1518418575331872,1.0,0.0015981424668127797,0.0008828571428571376,1.8101937326358455,1.0
1.15376,1.1518660950356894,1.0,0.0018939049643105221,0.0009064285714285461,2.089414460232313,1.0
1.1541,1.1520485628114474,1.0,0.0020514371885524962,0.0008692857142856836,2.359911309756447,1.0
1.15377,1.1520665296048853,1.0,0.001703470395114648,0.0008892857142857036,1.9155490386831613,1.0
1.15377,1.1520762194131815,1.0,0.0016937805868184608,0.0008814285714285568,1.9216311357746227,1.0
1.1546,1.1522930338473603,1.0,0.002306966152639811,0.000945714285714264,2.4393901916131493,1.0
1.15394,1.1522949944006757,1.0,0.001645005599324234,0.0009399999999999885,1.75000595672793,1.0
1.15336,1.1522989733061966,1.0,0.0010610266938033686,0.0009235714285714204,1.148830140235676,1.0
1.15407,1.1523012271268023,1.0,0.0017687728731976549,0.0009471428571428449,1.8674826715510926,1.0
1.15331,1.1523111419264023,1.0,0.0009988580735977859,0.0009557142857142661,1.0451429768586913,1.0
1.15309,1.152312298754882,1.0,0.000777701245118001,0.0009185714285714194,0.8466421019947218,1.0
1.15375,1.1523284837377075,1.0,0.001421516262292588,0.0009585714285714118,1.4829528816763473,1.0
1.15279,1.1523367594323208,1.0,0.00045324056767914733,0.0010049999999999862,0.45098563948174486,1.0
1.15352,1.1523477977235101,1.0,0.0011722022764899531,0.001068571428571403,1.0969807400307312,1.0
1.1536,1.152358868741603,1.0,0.0012411312583968659,0.0010507142857142699,1.1812262146537311,1.0
1.15434,1.1523798963099106,1.0,0.0019601036900893654,0.0011071428571428463,1.7704162362097668,1.0
1.15526,1.152489919070932,1.0,0.002770080929068053,0.0011299999999999802,2.451399052272656,1.0
1.15617,1.1528835080745967,1.0,0.003286491925403201,0.0011942857142856875,2.75184730595968,1.0
1.15554,1.152911090611417,1.0,0.002628909388582956,0.0012157142857142725,2.162440155121139,1.0
1.15608,1.1529313337857814,1.0,0.0031486662142186095,0.0011828571428571205,2.6619158815858315,1.0
1.15598,1.153029742507274,1.0,0.0029502574927260383,0.0011314285714285452,2.6075508142781247,1.0
1.15558,1.1530611431257847,1.0,0.0025188568742153805,0.001134285714285675,2.2206546750010423,1.0
1.15581,1.153072275942391,1.0,0.00273772405760897,0.0010885714285713912,2.5149696067274867,1.0
1.15498,1.153089316138324,1.0,0.0018906838616759014,0.0010835714285713902,1.7448631551393248,1.0
1.15456,1.1531048034715718,1.0,0.001455196528428182,0.0010907142857142465,1.334168395415539,1.0
1.15521,1.1531279456383345,1.0,0.0020820543616655307,0.0010892857142856815,1.9113941680864464,1.0
1.15575,1.153160288895006,1.0,0.0025897111049939525,0.0010507142857142699,2.4647148517957773,1.0
1.15648,1.153407478946734,1.0,0.003072521053266053,0.0010249999999999901,2.997581515381544,1.0
1.15571,1.153438381372332,1.0,0.002271618627668115,0.001103571428571426,2.0584246464306593,1.0
1.15647,1.1534791234091992,1.0,0.002990876590800884,0.0010607142857142879,2.81968163442507,1.0
1.15715,1.153816819463937,1.0,0.0033331805360627964,0.0010557142857142868,3.157275203307111,1.0
1.1563,1.1538521776009598,1.0,0.002447822399040289,0.0010221428571428604,2.3947947998996466,1.0
1.15567,1.15390052795756,1.0,0.0017694720424399346,0.0010485714285714304,1.687507397422278,1.0
1.15649,1.1539292833636314,1.0,0.0025607166363685874,0.0010428571428571548,2.4554817061068364,1.0
1.15605,1.1539772922709157,1.0,0.0020727077290843,0.0011185714285714449,1.8529954155287214,1.0
1.15678,1.1540104146574597,1.0,0.0027695853425402372,0.0011364285714285938,2.437095838816,1.0
1.156,1.1540517523897869,1.0,0.0019482476102130608,0.0011735714285714405,1.660101432926511,1.0
1.15601,1.154085080043902,1.0,0.0019249199560980035,0.0011378571428571588,1.691706176106194,1.0
1.15666,1.1541113919631831,1.0,0.0025486080368168906,0.001162857142857148,2.1916776729383485,1.0
1.15657,1.1541472676188773,1.0,0.002422732381122783,0.001065714285714289,2.2733413763886636,1.0
1.15564,1.1541806159659893,1.0,0.0014593840340106912,0.0011014285714285707,1.3249919893741693,1.0
1.15547,1.1542144548764814,1.0,0.0012555451235185533,0.001049285714285705,1.1965712545445815,1.0
1.15543,1.1542251031762323,1.0,0.001204896823767676,0.0009592857142857022,1.2560354082462901,1.0
1.15507,1.1542400650824167,1.0,0.0008299349175833193,0.0009428571428571342,0.8802340034974679,1.0
1.15455,1.15499497215828,-1.0,-0.00044497215827998815,0.0009571428571428468,0.4648962847701419,-1.0
1.15422,1.154795332754195,-1.0,-0.0005753327541950792,0.0009057142857142716,0.6352254383857441,-1.0
1.15518,1.1548152859837175,-1.0,0.0003647140162825746,0.0009328571428571321,0.39096448912374454,-1.0
1.15484,1.1548436377561382,-1.0,-3.637756138097359e-06,0.0009149999999999991,0.003975689768412418,-1.0
1.1553,1.1548679680255016,-1.0,0.0004320319744983703,0.0009099999999999982,0.4747604115366716,-1.0
1.15498,1.154881459602823,-1.0,9.85403971769383e-05,0.000889999999999994,0.11071954738981907,-1.0
1.15501,1.1548902934394474,-1.0,0.00011970656055271256,0.0008399999999999995,0.14250781018180075,-1.0
1.1543,1.1548946157816866,-1.0,-0.0005946157816865139,0.0009007142857142865,0.6601602651555263,-1.0
1.15464,1.1549122222151889,-1.0,-0.00027222221518874434,0.0008807142857142981,0.3090925395492593,-1.0
1.15454,1.1549264868811069,-1.0,-0.00038648688110698437,0.0009300000000000182,0.4155772915128783,-1.0
1.15456,1.1549266704895502,-1.0,-0.00036667048955019155,0.0008550000000000184,0.42885437374290486,-1.0
1.15481,1.1549304554886295,-1.0,-0.00012045548862960054,0.0008800000000000237,0.13688123707908784,-1.0
1.1541,1.1548929492658715,-1.0,-0.0007929492658715898,0.0009250000000000171,0.857242449590892,-1.0
1.15401,1.1548242698748439,-1.0,-0.0008142698748438981,0.0009192857142857257,0.8857636556188371,-1.0
1.15384,1.1547069792878997,-1.0,-0.000866979287899694,0.000875714285714313,0.9900252879767812,-1.0
1.15343,1.1544864678441118,-1.0,-0.0010564678441118414,0.000890714285714316,1.186090602852067,-1.0
1.1537,1.15448474466432,-1.0,-0.0007847446643201028,0.0008128571428571707,0.9654152285132744,-1.0
1.15365,1.1544848805169954,-1.0,-0.0008348805169953177,0.0007964285714286026,1.0482804697698647,-1.0
1.15405,1.1544938782502248,-1.0,-0.0004438782502247385,0.000788571428571456,0.5628890854299025,-1.0
1.15397,1.1544958622072568,-1.0,-0.0005258622072568109,0.0007464285714286081,0.7045043924971283,-1.0
1.15392,1.15450550035359,-1.0,-0.0005855003535899517,0.0007200000000000381,0.8131949355415565,-1.0
1.15344,1.1543918469429486,-1.0,-0.0009518469429485865,0.000693571428571468,1.372384881697163,-1.0
1.15436,1.1543948175360068,-1.0,-3.48175360067593e-05,0.0007392857142857519,0.047096183970493276,-1.0
1.15504,1.1536329696974128,1.0,0.0014070303025872644,0.0007728571428571783,1.8205567685971162,1.0
1.15431,1.15364626801941,1.0,0.0006637319805899988,0.0008321428571428845,0.7976178307519037,1.0
1.15405,1.1536535616776469,1.0,0.00039643832235314314,0.0008021428571428782,0.4942240884188654,1.0
1.15417,1.1536611852798795,1.0,0.0005088147201204318,0.0007521428571428837,0.6764868073775683,1.0
1.15317,1.1544417178487507,-1.0,-0.0012717178487506864,0.0007778571428571793,1.6348989791100803,-1.0
1.15404,1.154454812522777,-1.0,-0.000414812522776975,0.0008492857142857428,0.488425174001468,-1.0
1.15308,1.154451859088848,-1.0,-0.0013718590888478488,0.0008928571428571555,1.536482179509569,-1.0
1.15274,1.1544248843833955,-1.0,-0.0016848843833954241,0.0009407142857142789,1.7910692002684974,-1.0
1.15183,1.1539802561610397,-1.0,-0.0021502561610398097,0.0009785714285714,2.197342062376512,-1.0
1.15139,1.1537293321478823,-1.0,-0.0023393321478824003,0.0009514285714285554,2.458757512789351,-1.0
1.15222,1.153736715634237,-1.0,-0.0015167156342370536,0.0010449999999999626,1.4514025208010601,-1.0
1.15296,1.1537304979444094,-1.0,-0.0007704979444094207,0.0011135714285713963,0.6919160501431817,-1.0
1.1521,1.153721216078241,-1.0,-0.0016212160782411722,0.001126428571428544,1.4392533351538974,-1.0
1.15271,1.1537303179061658,-1.0,-0.0010203179061658574,0.0010885714285713912,0.9372999138006886,-1.0
1.15181,1.153727548801899,-1.0,-0.0019175488018989828,0.0010835714285713902,1.7696561124974761,-1.0
1.15228,1.1537302408949714,-1.0,-0.0014502408949714773,0.0010842857142856805,1.3375080717787429,-1.0
1.15203,1.153727243746748,-1.0,-0.0016972437467479562,0.0011199999999999782,1.5153962024535619,-1.0
1.15127,1.1537134886876292,-1.0,-0.002443488687629225,0.0011649999999999874,2.097415182514379,-1.0
1.15151,1.153715378792198,-1.0,-0.002205378792198065,0.00112928571428569,1.952897096190612,-1.0
1.15066,1.1533745423797068,-1.0,-0.002714542379706808,0.0010964285714285538,2.4758041248140668,-1.0
1.15023,1.1530969336805215,-1.0,-0.0028669336805213774,0.0010549999999999965,2.7174726829586606,-1.0
1.15067,1.1530800163642505,-1.0,-0.0024100163642504224,0.0010650000000000143,2.26292616361539,-1.0
1.1511,1.1530743391105296,-1.0,-0.001974339110529577,0.0010542857142857378,1.8726793731309934,-1.0
1.15156,1.153076857365075,-1.0,-0.0015168573650750083,0.001064285714285724,1.4252351081241559,-1.0
1.15217,1.153085106846476,-1.0,-0.0009151068464761103,0.0010064285714285986,0.9092615933758125,-1.0
1.15237,1.1522353137690522,1.0,0.00013468623094770038,0.0009735714285714467,0.1383424235706361,1.0
1.15193,1.1522306527486283,1.0,-0.0003006527486284494,0.000937857142857149,0.3205741417211168,1.0
1.1529,1.1524228366015272,1.0,0.00047716339847281297,0.0009864285714285945,0.4837282823040714,1.0
1.15214,1.1524159893793806,1.0,-0.00027598937938067003,0.000979285714285738,0.28182722912686264,1.0
1.15176,1.152413822881408,1.0,-0.0006538228814081393,0.0009414285714285851,0.6945007845002896,1.0
1.15222,1.1524000525259466,1.0,-0.0001800525259465502,0.0009642857142857191,0.1867211380186437,1.0
1.15152,1.1523863848964648,1.0,-0.0008663848964647336,0.000970714285714285,0.8925230721491008,1.0
1.15173,1.152368949735743,1.0,-0.0006389497357430773,0.0009621428571428638,0.6640902969861189,1.0
1.15118,1.152362420115161,1.0,-0.0011824201151608982,0.0009235714285714362,1.2802692662221529,1.0
1.15085,1.1532130208187814,-1.0,-0.0023630208187814805,0.0009285714285714373,2.5447916509954167,-1.0
1.15105,1.153202452557864,-1.0,-0.002152452557864004,0.0008999999999999961,2.391613953182237,-1.0
1.15036,1.1529796923906586,-1.0,-0.0026196923906585123,0.0009107142857142885,2.8765249779779656,-1.0
1.15095,1.1529605267588758,-1.0,-0.002010526758875919,0.0009285714285714215,2.1651826634048525,-1.0
1.15092,1.1529350819876045,-1.0,-0.0020150819876045833,0.0009149999999999833,2.202275396289202,-1.0
1.15071,1.1529091478735263,-1.0,-0.0021991478735263748,0.0009457142857142799,2.325382947837571,-1.0
1.14992,1.1527308768602402,-1.0,-0.0028108768602401746,0.0010007142857142754,2.808870524151524,-1.0
1.15092,1.1527268015758498,-1.0,-0.0018068015758498923,0.0009792857142856906,1.8450198440480747,-1.0
1.15109,1.1527089463441906,-1.0,-0.001618946344190686,0.0009457142857142482,1.7118767989932404,-1.0
1.15126,1.1527051639697101,-1.0,-0.0014451639697101726,0.0009435714285714088,1.5315893698669827,-1.0
1.15029,1.1527013382635163,-1.0,-0.0024113382635162495,0.0009657142857142682,2.4969479060079958,-1.0
1.15068,1.152698400302627,-1.0,-0.0020184003026271213,0.0009564285714285565,2.1103513246288377,-1.0
1.15032,1.1526746981420142,-1.0,-0.0023546981420141666,0.0009871428571428373,2.3853671482054266,-1.0
1.15024,1.1526582899973878,-1.0,-0.0024182899973879124,0.0009921428571428384,2.437441322061297,-1.0
1.15047,1.1526228618207135,-1.0,-0.002152861820713392,0.0009842857142857073,2.18723261901217,-1.0
1.15094,1.1526207900074774,-1.0,-0.0016807900074773396,0.0010042857142857115,1.673617361641737,-1.0
1.15107,1.1525900746947872,-1.0,-0.0015200746947872101,0.0009735714285714307,1.561338644682384,-1.0
1.15021,1.1525663745020278,-1.0,-0.002356374502027858,0.0009914285714285956,2.376746615878185,-1.0
1.15032,1.1525558297567917,-1.0,-0.0022358297567917074,0.0009950000000000156,2.2470650822026856,-1.0
1.14935,1.1522295718619007,-1.0,-0.002879571861900576,0.001025000000000022,2.8093384018541605,-1.0
1.14992,1.152196318988266,-1.0,-0.0022763189882659685,0.0009964285714285964,2.2844778376862194,-1.0
1.15049,1.152181867385376,-1.0,-0.001691867385376078,0.0009928571428571762,1.7040390931844818,-1.0
1.14966,1.1521410060021453,-1.0,-0.002481006002145403,0.0010321428571428942,2.403742839448747,-1.0
1.1506,1.152129282537055,-1.0,-0.0015292825370549767,0.0010950000000000365,1.3966050566711652,-1.0
1.15135,1.15212333404286,-1.0,-0.0007733340428599522,0.0010857142857143248,0.7122813552657198,-1.0
1.15169,1.1511013036047602,1.0,0.0005886963952399515,0.0010921428571428907,0.5390287464590627,1.0
1.15189,1.1513016750290541,1.0,0.0005883249709459637,0.0010557142857143184,0.5572766977837101,1.0
1.15221,1.151456941550331,1.0,0.0007530584496688864,0.0010721428571428865,0.7023862954939454,1.0
1.15219,1.151527655305781,1.0,0.000662344694219108,0.00104142857142859,0.6359962770279387,1.0
1.15203,1.1514888194474013,1.0,0.0005411805525987745,0.0009814285714285934,0.5514212326333824,1.0
1.15106,1.151450544965324,1.0,-0.0003905449653240911,0.0010385714285714442,0.3760405443285552,1.0
1.15155,1.1514242267219141,1.0,0.00012577327808593886,0.000988571428571434,0.1272273044221918,1.0
1.15216,1.1513995218564796,1.0,0.0007604781435204266,0.0010214285714285859,0.7445240565934141,1.0
1.15191,1.1513589033970413,1.0,0.0005510966029587117,0.0009485714285714415,0.580975334444417,1.0
1.15129,1.1513186575045204,1.0,-2.8657504520523958e-05,0.0009500000000000222,0.030165794232129776,1.0
1.15163,1.1513057454978393,1.0,0.0003242545021606702,0.0009185714285714511,0.35299868042373805,1.0
1.15117,1.1512945264423553,1.0,-0.0001245264423552772,0.0008892857142857512,0.1400297343754063,1.0
1.15165,1.1512635084382103,1.0,0.00038649156178971467,0.0008328571428571589,0.46405504846105494,1.0
1.15182,1.1512494374346016,1.0,0.000570562565398447,0.0007735714285714528,0.7375693366184679,1.0
1.15126,1.1512351296382677,1.0,2.4870361732265422e-05,0.0008000000000000229,0.031087952165330886,1.0
1.15222,1.1512347810180246,1.0,0.0009852189819754553,0.0008742857142857481,1.1268844565078302,1.0
1.1521,1.1512325440931015,1.0,0.0008674559068984067,0.0008407142857143216,1.0318082155120796,1.0
1.1512,1.1512275282449385,1.0,-2.752824493845729e-05,0.000900714285714334,0.030562682723107172,1.0
1.15089,1.1512110449714337,1.0,-0.0003210449714337038,0.0009257142857143392,0.346807839511697,1.0
1.15126,1.151193091378563,1.0,6.690862143687859e-05,0.0008635714285714714,0.07747896609729146,1.0
1.15176,1.1511680853414124,1.0,0.0005919146585875446,0.0009028571428571894,0.6556016788152845,1.0
1.15088,1.1511571450781186,1.0,-0.00027714507811871236,0.0009264285714286295,0.2991542863270416,1.0
1.15002,1.1520611019904936,-1.0,-0.0020411019904935657,0.0010071428571429048,2.0266260898516717,-1.0
1.15021,1.15203768407389,-1.0,-0.0018276840738900013,0.0009757142857143337,1.8731754783644772,-1.0
1.14947,1.1517658267547741,-1.0,-0.002295826754774133,0.0010221428571429078,2.246091863510571,-1.0
1.14858,1.151315330723952,-1.0,-0.0027353307239521563,0.0010442857142857515,2.6193317466025188,-1.0
1.14778,1.1508744001639302,-1.0,-0.0030944001639301444,0.0010685714285714823,2.895829030415765,-1.0
1.14813,1.1508168450553873,-1.0,-0.002686845055387188,0.0010985714285714726,2.4457627292210096,-1.0
1.14881,1.1508047001419142,-1.0,-0.001994700141914052,0.0010885714285714704,1.8324017051703185,-1.0
1.14922,1.1507594312296803,-1.0,-0.0015394312296803658,0.0010771428571428876,1.4291801867058695,-1.0
1.14953,1.1507374133207195,-1.0,-0.001207413320719608,0.0011042857142857323,1.0933885181160568,-1.0
1.15017,1.1496912916328137,1.0,0.00047870836718622023,0.0011200000000000099,0.42741818498769285,1.0
1.14919,1.1496835201032423,1.0,-0.0004935201032423286,0.0011921428571428638,0.413977318477685,1.0
1.1491,1.1496586128695228,1.0,-0.0005586128695227455,0.0011671428571428586,0.4786156776816663,1.0
1.14817,1.1496219392015015,1.0,-0.0014519392015015509,0.0011814285714285713,1.22896909437858,1.0
1.14915,1.149608830683698,1.0,-0.0004588306836981193,0.001208571428571416,0.3796471378116866,1.0
1.14843,1.1495824723879786,1.0,-0.0011524723879785537,0.0011892857142857022,0.9690458517537487,1.0
1.14864,1.1495697873455888,1.0,-0.000929787345588684,0.0011807142857142652,0.7874786955984152,1.0
1.14893,1.1495370596335168,1.0,-0.0006070596335168155,0.0011399999999999663,0.5325084504533626,1.0
1.14944,1.1495279242562209,1.0,-8.792425622083933e-05,0.001122857142857108,0.07830404498039369,1.0
1.14999,1.1495050890061727,1.0,0.0004849109938274143,0.0011221428571428177,0.43212946617339526,1.0
1.14918,1.1494742069047104,1.0,-0.0002942069047102702,0.001145714285714258,0.2567890689491199,1.0
1.14829,1.1494588401218646,1.0,-0.0011688401218645783,0.0011728571428571183,0.9965750125520365,1.0
1.14783,1.150527539895044,-1.0,-0.0026975398950441765,0.001160714285714261,2.324034371115032,-1.0
1.14839,1.1505086768419623,-1.0,-0.002118676841962319,0.0011678571428571174,1.8141575405182333,-1.0
1.14818,1.1504850674198237,-1.0,-0.0023050674198237253,0.0011121428571428155,2.0726360871890406,-1.0
1.14828,1.1504650985534246,-1.0,-0.002185098553424636,0.0010185714285713926,2.1452580468405316,-1.0
1.1487,1.1504385811358582,-1.0,-0.0017385811358581194,0.0010978571428571188,1.5836132662338456,-1.0
1.14774,1.1502812931726363,-1.0,-0.002541293172636294,0.0011042857142857005,2.301300415065237,-1.0
1.14816,1.150257194034765,-1.0,-0.0020971940347649376,0.0010321428571428465,2.031883493889926,-1.0
1.14792,1.150235397261227,-1.0,-0.0023153972612268703,0.0009864285714285628,2.347252835421902,-1.0
1.1487,1.1502209100506882,-1.0,-0.0015209100506881068,0.001016428571428569,1.4963275270297645,-1.0
1.14963,1.1501967493264007,-1.0,-0.0005667493264007728,0.00104785714285714,0.5408650695031247,-1.0
1.14931,1.1501773868200038,-1.0,-0.0008673868200037571,0.0010485714285714462,0.8272081389681468,-1.0
1.15025,1.149297005318993,1.0,0.0009529946810069578,0.0010407142857142995,0.9157121162729741,1.0
1.14954,1.1492887595475196,1.0,0.0002512404524803724,0.001031428571428572,0.24358492622750774,1.0
1.14865,1.1492781360911168,1.0,-0.0006281360911168932,0.0010142857142857137,0.619289103918064,1.0
1.14838,1.1492610290174052,1.0,-0.0008810290174052771,0.000982142857142852,0.8970477268126504,1.0
1.14793,1.150153947519566,-1.0,-0.0022239475195660052,0.0009907142857142892,2.2447920168654623,-1.0
1.14712,1.1498189740510545,-1.0,-0.00269897405105457,0.0010671428571428696,2.5291590839868503,-1.0
1.148,1.1498074029516903,-1.0,-0.0018074029516903511,0.0011271428571428663,1.603526066138448,-1.0
1.14782,1.1497929825128266,-1.0,-0.0019729825128265155,0.0010871428571428737,1.814832797606491,-1.0
1.14753,1.1497737259246503,-1.0,-0.002243725924650386,0.001037857142857154,2.1618832033795643,-1.0
1.14667,1.1494791101095747,-1.0,-0.0028091101095746307,0.0010707142857142899,2.62358515904234,-1.0
1.14684,1.1494698262330747,-1.0,-0.002629826233074617,0.0010592857142857229,2.482641083145269,-1.0
1.14599,1.1490094784246492,-1.0,-0.0030194784246491135,0.0010550000000000123,2.8620648574872782,-1.0
1.14511,1.1485616103948666,-1.0,-0.003451610394866522,0.001046428571428591,3.298467271544738,-1.0
1.14565,1.1485471312423572,-1.0,-0.0028971312423571316,0.0010321428571428623,2.8069091621453035,-1.0
1.14524,1.1485193820510373,-1.0,-0.003279382051037283,0.001016428571428569,3.22637728141406,-1.0
1.14492,1.1483630582629853,-1.0,-0.00344305826298541,0.0010057142857142765,3.4234954319457516,-1.0
1.14467,1.1481649105493767,-1.0,-0.003494910549376673,0.0009749999999999957,3.584523640386347,-1.0
1.14528,1.1480977803861925,-1.0,-0.0028177803861924033,0.0010164285714285848,2.7722365008217236,-1.0
1.14458,1.1480018367525944,-1.0,-0.0034218367525944426,0.0010028571428571467,3.4120879299374653,-1.0
1.14411,1.1476910360895707,-1.0,-0.0035810360895707216,0.0009514285714285713,3.7638517457950535,-1.0
1.14326,1.1473026756091016,-1.0,-0.004042675609101654,0.00097214285714285,4.158520097532959,-1.0
1.1426,1.14698322424278,-1.0,-0.004383224242779926,0.0010085714285714062,4.345973045249315,-1.0
1.14183,1.1465762754997861,-1.0,-0.004746275499786234,0.0010285714285713946,4.614434513681214,-1.0
1.1414,1.1462348677774705,-1.0,-0.004834867777470553,0.0009878571428571276,4.894298545523412,-1.0
1.14125,1.1460746536200406,-1.0,-0.0048246536200404755,0.0010071428571428414,4.79043621847998,-1.0
1.14094,1.1458419897099734,-1.0,-0.004901989709973353,0.0009957142857142584,4.923088661379399,-1.0
1.14104,1.1457752523310372,-1.0,-0.00473525233103711,0.0009685714285714139,4.888903586616559,-1.0
1.14198,1.1457191165892562,-1.0,-0.003739116589256186,0.0010249999999999901,3.6479186236646073,-1.0
1.14219,1.1456925233705633,-1.0,-0.0035025233705632264,0.0010192857142857306,3.4362527812112393,-1.0
1.14201,1.1456097590754029,-1.0,-0.0035997590754028863,0.0010042857142857273,3.584397372378361,-1.0
1.14259,1.1455804346454541,-1.0,-0.002990434645454121,0.0010271428571428614,2.9114106423058077,-1.0
1.14263,1.1455305164581122,-1.0,-0.002900516458112179,0.0009735714285714149,2.979253882140211,-1.0
1.14164,1.1454659259717581,-1.0,-0.003825925971758126,0.0010128571428571487,3.7773599156991158,-1.0
1.14234,1.1453928438347436,-1.0,-0.0030528438347436904,0.0010428571428571548,2.9273844990692584,-1.0
1.14182,1.1453621597467318,-1.0,-0.0035421597467317767,0.0010392857142857345,3.4082636738311964,-1.0
1.14248,1.1452937629493514,-1.0,-0.0028137629493514282,0.0010092857142857284,2.7878755336814893,-1.0
1.14266,1.145288834538834,-1.0,-0.0026288345388338907,0.0009864285714285945,2.665002428940884,-1.0
1.14235,1.1452512741557577,-1.0,-0.0029012741557576938,0.0010064285714285828,2.8827422413489887,-1.0
1.14226,1.145197738988464,-1.0,-0.002937738988463945,0.001015000000000004,2.8943241265654516,-1.0
1.1419,1.1451739402366372,-1.0,-0.003273940236637296,0.0010307142857142976,3.1763799939654622,-1.0
1.14148,1.1451125842548207,-1.0,-0.0036325842548206033,0.0010499999999999954,3.4596040522101137,-1.0
1.1421,1.1450589445579071,-1.0,-0.0029589445579072393,0.0010128571428571487,2.921383907665805,-1.0
1.14248,1.1450307774065553,-1.0,-0.0025507774065554045,0.0009857142857142723,2.5877451950562427,-1.0
1.14236,1.1449787264916944,-1.0,-0.0026187264916943676,0.0009614285714285734,2.7237868412868553,-1.0
1.14178,1.1449281172710952,-1.0,-0.0031481172710952077,0.000944285714285715,3.3338609527483265,-1.0
1.14201,1.1449149676344352,-1.0,-0.0029049676344352626,0.0009642857142857191,3.01255902830322,-1.0
1.14265,1.1448590384472341,-1.0,-0.0022090384472341906,0.0009378571428571332,2.3554103778582625,-1.0
1.14179,1.1448097051933739,-1.0,-0.0030197051933738006,0.0009485714285714256,3.183424149641065,-1.0
1.14122,1.1447151061771472,-1.0,-0.0034951061771473224,0.0009057142857142875,3.8589500378598123,-1.0
1.14145,1.1446704508335441,-1.0,-0.003220450833544053,0.0009128571428571597,3.527880412333013,-1.0
1.14213,1.1446157041287848,-1.0,-0.0024857041287846826,0.0009457142857142957,2.628388051584984,-1.0
1.14256,1.1445711609656972,-1.0,-0.0020111609656972007,0.0009350000000000033,2.1509742948633086,-1.0
1.14335,1.1437726270663768,1.0,-0.0004226270663767462,0.0009542857142857171,0.44287267434688843,1.0
1.14367,1.1438888887504632,1.0,-0.00021888875046327527,0.0009649999999999936,0.2268277206873334,1.0
1.14336,1.1438329350167513,1.0,-0.0004729350167513857,0.0009514285714285713,0.49707884643539046,1.0
1.14369,1.1438011983247878,1.0,-0.00011119832478767577,0.0009585714285714118,0.11600421363841193,1.0
1.1434,1.1437575091079633,1.0,-0.00035750910796328306,0.0009649999999999936,0.37047575954744605,1.0
1.14375,1.1438214005822047,1.0,-7.14005822046726e-05,0.0009928571428571287,0.07191425545794465,1.0
1.14294,1.1437517508113502,1.0,-0.0008117508113500982,0.0009914285714285637,0.8187688298920363,1.0
1.14228,1.1437006178469047,1.0,-0.001420617846904726,0.0010071428571428573,1.4105425430259688,1.0
1.14277,1.143651350232482,1.0,-0.0008813502324820366,0.0009892857142857242,0.8908955418590894,1.0
1.14376,1.1435809220460462,1.0,0.00017907795395388781,0.0009714285714285754,0.18434495259958963,1.0
1.14442,1.1438432748291059,1.0,0.0005767251708941323,0.0009914285714285637,0.5817112674724724,1.0
1.14484,1.1440162942834058,1.0,0.0008237057165942918,0.0010021428571428403,0.8219444071504118,1.0
1.14386,1.1439804919657361,1.0,-0.00012049196573604704,0.0010307142857142817,0.11690142205853535,1.0
1.14455,1.1439574368761292,1.0,0.0005925631238707929,0.0010542857142857218,0.5620517435088782,1.0
1.14384,1.1439143894803592,1.0,-7.43894803592049e-05,0.0010285714285714423,0.07232310590478158,1.0
1.14443,1.1438765206114945,1.0,0.0005534793885055844,0.0010435714285714453,0.5303703928184844,1.0
1.14534,1.1440026694385539,1.0,0.0013373305614461373,0.0010671428571428696,1.2531879424528583,1.0
1.14606,1.1443661454085492,1.0,0.001693854591450883,0.001066428571428595,1.5883432203825743,1.0
1.14525,1.1443664864104321,1.0,0.0008835135895679525,0.0011207142857143002,0.7883486458859895,1.0
1.14506,1.144355367187587,1.0,0.0007046328124129531,0.0011321428571428674,0.6223886040240538,1.0
1.1447,1.1443280411596848,1.0,0.0003719588403152674,0.001123571428571446,0.3310504618190504,1.0
1.14401,1.1442949580676236,1.0,-0.00028495806762363074,0.001137857142857143,0.2504339577357709,1.0
1.14402,1.1442733806603116,1.0,-0.00025338066031155293,0.0011171428571428482,0.22681133275970392,1.0
1.14337,1.145052999539554,-1.0,-0.0016829995395539754,0.001119999999999994,1.5026781603160575,-1.0
1.1437,1.1450392074567906,-1.0,-0.0013392074567906143,0.0010878571428571324,1.231050846688692,-1.0
1.14452,1.1450353817602688,-1.0,-0.0005153817602687738,0.0010992857142857154,0.4688333101860186,-1.0
1.14415,1.1450257909677446,-1.0,-0.0008757909677445941,0.0010564285714285613,0.8290110580408678,-1.0
1.14456,1.144997077580435,-1.0,-0.0004370775804349858,0.001044285714285704,0.418542142687405,-1.0
1.14377,1.144970084068878,-1.0,-0.001200084068877949,0.0010692857142856932,1.122323110507122,-1.0
1.14285,1.1447040775822914,-1.0,-0.0018540775822915023,0.0010699999999999837,1.7327827871883463,-1.0
1.14221,1.1443812484329299,-1.0,-0.0021712484329299286,0.0010678571428571284,2.033276124482904,-1.0
1.14321,1.1443626046561057,-1.0,-0.0011526046561056713,0.001089999999999988,1.0574354643171413,-1.0
1.1428,1.1443368438304953,-1.0,-0.001536843830495238,0.0010585714285714168,1.4518092865677175,-1.0
1.14286,1.1443180022859911,-1.0,-0.0014580022859911335,0.0010228571428571348,1.4254212293209518,-1.0
1.14383,1.1442799642587838,-1.0,-0.0004499642587838526,0.001073571428571404,0.4191283847620812,-1.0
1.14416,1.1442449230814233,-1.0,-8.492308142327154e-05,0.0010564285714285613,0.08038696010316518,-1.0
1.14462,1.1432550266050474,1.0,0.0013649733949525622,0.0011000000000000057,1.240884904502323,1.0
1.14479,1.1433154807297072,1.0,0.00147451927029274,0.0010828571428571315,1.3616932575262914,1.0
1.1446,1.1433136424590935,1.0,0.0012863575409065575,0.0010742857142857101,1.1974072854183428,1.0
1.14415,1.1432852494929193,1.0,0.0008647505070806805,0.0010364285714285573,0.834356106073721,1.0
1.14349,1.1432631683822203,1.0,0.00022683161777958816,0.0010685714285714187,0.21227557813598016,1.0
1.14432,1.1432378857121601,1.0,0.001082114287839886,0.0011064285714285557,0.978024533877251,1.0
1.14336,1.1432158630523857,1.0,0.00014413694761428175,0.0011399999999999982,0.12643591895989648,1.0
1.14284,1.1431931317371697,1.0,-0.00035313173716966517,0.0011242857142857046,0.31409430243807845,1.0
1.14267,1.1431643570026764,1.0,-0.0004943570026763044,0.0011071428571428463,0.44651600241731165,1.0
1.1421,1.1440161856864561,-1.0,-0.0019161856864562399,0.0010842857142856963,1.7672331759148752,-1.0
1.14146,1.1437170548513427,-1.0,-0.0022570548513427546,0.0011207142857142685,2.0139431433268995,-1.0
1.14224,1.1436874727552098,-1.0,-0.0014474727552098443,0.0011599999999999863,1.2478213406981564,-1.0
1.1421,1.1436740523533957,-1.0,-0.001574052353395805,0.0011050000000000068,1.4244817677790003,-1.0
1.14155,1.14366264145875,-1.0,-0.0021126414587500086,0.001135000000000013,1.8613581134361097,-1.0
1.14173,1.1436449209286548,-1.0,-0.0019149209286548619,0.001089285714285729,1.7579601967978822,-1.0
1.14103,1.1433079231883467,-1.0,-0.002277923188346742,0.0011064285714286034,2.0588072715851173,-1.0
1.14008,1.1428352989467152,-1.0,-0.0027552989467152234,0.001170000000000036,2.3549563647137934,-1.0
1.14001,1.1426672638934092,-1.0,-0.0026572638934092563,0.0011435714285714818,2.3236536232184792,-1.0
1.13939,1.142328611403117,-1.0,-0.0029386114031171306,0.001104285714285764,2.6610970015289763,-1.0
1.14025,1.1422895284141985,-1.0,-0.0020395284141985215,0.0011135714285714757,1.8315200640653042,-1.0
1.1401,1.1422441383818536,-1.0,-0.0021441383818536774,0.0010478571428571876,2.046212498019782,-1.0
1.14086,1.1422139949675651,-1.0,-0.0013539949675651641,0.0010464285714286228,1.29392010552296,-1.0
1.14146,1.1411139034586482,1.0,0.00034609654135175916,0.001076428571428629,0.32152299793791433,1.0
1.14205,1.1413832934602302,1.0,0.0006667065397698568,0.0010785714285715,0.618138513693866,1.0
1.14142,1.1413586714359227,1.0,6.132856407736753e-05,0.0010350000000000875,0.059254651282475694,1.0
1.14156,1.1413462194686623,1.0,0.0002137805313375818,0.0009950000000000792,0.21485480536438673,1.0
1.14105,1.1413303349551915,1.0,-0.0002803349551916412,0.000999285714285774,0.28053533757560706,1.0
1.14054,1.1413094215179247,1.0,-0.0007694215179245845,0.00098285714285719,0.7828416606790455,1.0
1.13986,1.1412716377276944,1.0,-0.0014116377276942593,0.0010471428571428973,1.3480851424092,1.0
1.13995,1.1412430995276717,1.0,-0.0012930995276716484,0.0010085714285714698,1.2821100132721202,1.0
1.13922,1.14192064716751,-1.0,-0.002700647167510173,0.0009871428571428848,2.7358220220796934,-1.0
1.13958,1.1419002734809867,-1.0,-0.0023202734809866232,0.0010192857142857306,2.276372020589503,-1.0
1.14051,1.1418825773069916,-1.0,-0.0013725773069916958,0.0010764285714285813,1.2751215857918756,-1.0
1.14034,1.1418688173384983,-1.0,-0.0015288173384984116,0.0009814285714285934,1.5577469242341546,-1.0
1.13947,1.1418514700585711,-1.0,-0.0023814700585711446,0.0010250000000000062,2.3233854229962247,-1.0
1.13866,1.1415744176612723,-1.0,-0.002914417661272317,0.001026428571428571,2.8393769838422034,-1.0
1.13841,1.1414492787209094,-1.0,-0.0030392787209094774,0.0010121428571428584,3.002815955732719,-1.0
1.13806,1.1411929700538606,-1.0,-0.0031329700538604843,0.0009699999999999946,3.2298660349077335,-1.0
1.13781,1.1410459904427919,-1.0,-0.0032359904427918806,0.0009835714285714012,3.2900411183070144,-1.0
1.13863,1.141036454843618,-1.0,-0.002406454843618011,0.0010199999999999734,2.3592694545275235,-1.0
1.13771,1.140972952811298,-1.0,-0.003262952811297959,0.0010314285714285562,3.1635276563831094,-1.0
1.13871,1.1409465943203605,-1.0,-0.0022365943203603855,0.0010578571428571262,2.114268770090877,-1.0
1.13934,1.1409371102471788,-1.0,-0.0015971102471787901,0.001065714285714273,1.4986289182642982,-1.0
1.1403,1.1400554909262475,1.0,0.000244509073752619,0.0011235714285713985,0.21761773887709837,1.0
1.1404,1.1401625998379377,1.0,0.00023740016206241776,0.0010921428571428432,0.2173709789976384,1.0
1.14118,1.1405781214913353,1.0,0.0006018785086647771,0.001093571428571408,0.5503787799678013,1.0
1.14147,1.1407657748204434,1.0,0.0007042251795565946,0.001021428571428554,0.6894512247407337,1.0
1.14165,1.1408714145313281,1.0,0.0007785854686719329,0.0010635714285714018,0.7320481236673831,1.0
1.14083,1.1408612202338708,1.0,-3.122023387081008e-05,0.001065714285714257,0.029295125616042413,1.0
1.13996,1.1408446684636733,1.0,-0.0008846684636731883,0.0010835714285714218,0.8164376065540352,1.0
1.13983,1.1408330960771234,1.0,-0.0010030960771234554,0.0010085714285714223,0.9945711812838856,1.0
1.13955,1.1417559772369712,-1.0,-0.002205977236971135,0.0010335714285714115,2.1343249010087355,-1.0
1.13941,1.1416737025999244,-1.0,-0.0022637025999243665,0.001029285714285701,2.199294684173598,-1.0
1.14029,1.14166092526643,-1.0,-0.001370925266430012,0.0010499999999999954,1.3056431108857314,-1.0
1.13954,1.1416469484544407,-1.0,-0.0021069484544407047,0.0010750000000000007,1.9599520506425148,-1.0
1.14032,1.14164138817709,-1.0,-0.0013213881770899327,0.0010714285714285804,1.2332956319505937,-1.0
1.14113,1.1416385110119878,-1.0,-0.0005085110119877889,0.0010407142857142837,0.48861730733212483,-1.0
1.14048,1.141632178396626,-1.0,-0.001152178396625958,0.0010250000000000062,1.124076484513123,-1.0
1.14125,1.1416220733824094,-1.0,-0.0003720733824092992,0.0010535714285714157,0.353154396863068,-1.0
1.14037,1.1416119309410755,-1.0,-0.0012419309410753865,0.0010814285714285665,1.1484169864633744,-1.0
1.14112,1.1416169572828694,-1.0,-0.0004969572828694702,0.001090714285714294,0.4556255376668323,-1.0
1.1413,1.1416156501334995,-1.0,-0.0003156501334995454,0.0010964285714285854,0.2878893725728716,-1.0
1.14207,1.1408367264506505,1.0,0.001233273549349434,0.0011135714285714598,1.1074938865228732,1.0
1.14146,1.1408306704901978,1.0,0.0006293295098021012,0.0010742857142857418,0.5858120436987494,1.0
1.14168,1.1408268276886493,1.0,0.0008531723113507361,0.0011292857142857374,0.7554973029038622,1.0
1.14168,1.1408156305561497,1.0,0.0008643694438503768,0.001107142857142878,0.7807207879938741,1.0
1.14173,1.1408601193724226,1.0,0.000869880627577313,0.0010714285714285962,0.8118885857388067,1.0
1.14104,1.140855025394209,1.0,0.0001849746057911439,0.0010764285714285973,0.17184104054916735,1.0
1.14009,1.140831496749608,1.0,-0.0007414967496079949,0.0011100000000000237,0.6680150897369181,1.0
1.14047,1.1408194748178215,1.0,-0.00034947481782143797,0.0010714285714285962,0.32617649663333453,1.0
1.14027,1.1408069859642913,1.0,-0.0005369859642914143,0.0010585714285714642,0.5072741902887684,1.0
1.14039,1.140797161870244,1.0,-0.0004071618702439217,0.0009921428571429017,0.4103863342991107,1.0
1.14012,1.1407855155003745,1.0,-0.000665515500374525,0.0009692857142857678,0.6866040534445715,1.0
1.14073,1.1407713810551117,1.0,-4.138105511164447e-05,0.0009414285714286168,0.04395559723543207,1.0
1.14121,1.1407658320904406,1.0,0.0004441679095594786,0.0009385714285714553,0.47323825980460604,1.0
1.14131,1.1407389345490695,1.0,0.0005710654509305524,0.0009057142857143192,0.6305139048128894,1.0
1.14035,1.1407275444120204,1.0,-0.0003775444120204252,0.0008914285714285906,0.42352738527931405,1.0
1.14049,1.1407036523102985,1.0,-0.0002136523102984622,0.0008821428571428631,0.24219695094562355,1.0
1.13981,1.1416088366883748,-1.0,-0.001798836688374772,0.0009078571428571587,1.9814094128439315,-1.0
1.13911,1.1413115924104535,-1.0,-0.002201592410453479,0.0009671428571428807,2.276388016716983,-1.0
1.13835,1.140936851942408,-1.0,-0.0025868519424079306,0.001023571428571457,2.5272803345226813,-1.0
1.13797,1.1406910045954826,-1.0,-0.0027210045954826345,0.0010028571428571784,2.7132524456378584,-1.0
1.13811,1.1406623795612125,-1.0,-0.00255237956121257,0.0009142857142857405,2.7916651450761685,-1.0
1.13869,1.1406418997404466,-1.0,-0.0019518997404466276,0.0009321428571428735,2.093992058716652,-1.0
1.13783,1.14052517192379,-1.0,-0.002695171923790207,0.0009585714285714435,2.811654764013585,-1.0
1.13794,1.1404970489383595,-1.0,-0.0025570489383595074,0.0009742857142857211,2.6245370335068072,-1.0
1.13874,1.1404661359003834,-1.0,-0.0017261359003832855,0.0009778571428571573,1.7652229806695137,-1.0
1.13849,1.1404290089034572,-1.0,-0.0019390089034572178,0.0009800000000000284,1.9785805137317976,-1.0
1.13888,1.140397960695776,-1.0,-0.0015179606957760328,0.0009600000000000243,1.581209058099994,-1.0
1.13816,1.14038068359772,-1.0,-0.0022206835977198747,0.001013571428571439,2.190949285981531,-1.0
1.13778,1.1402420894705811,-1.0,-0.0024620894705811303,0.0009942857142857411,2.4762394100671616,-1.0
1.13702,1.1398520607101923,-1.0,-0.0028320607101923745,0.001028571428571474,2.7533923571313537,-1.0
1.13784,1.1398158126130613,-1.0,-0.001975812613061345,0.0010471428571428814,1.886860612746125,-1.0
1.13813,1.1397959719821897,-1.0,-0.0016659719821896513,0.0009935714285714508,1.6767510963806322,-1.0
1.13844,1.1397800017985837,-1.0,-0.0013400017985838453,0.0009528571428571521,1.4062987391434523,-1.0
1.13848,1.1397687277028203,-1.0,-0.0012887277028204025,0.0009149999999999991,1.4084455768529003,-1.0
1.13934,1.1389288033997775,1.0,0.0004111966002224854,0.000977142857142867,0.4208152341458142,1.0
1.1393,1.1389079199145469,1.0,0.0003920800854531059,0.000957857142857169,0.4093304396974894,1.0
1.13922,1.1389007955924262,1.0,0.0003192044075737144,0.0009107142857143044,0.350498957335836,1.0
1.13902,1.1388657674794818,1.0,0.0001542325205181605,0.0008864285714285895,0.17399317383192608,1.0
1.13908,1.1388990431647072,1.0,0.0001809568352928448,0.0008600000000000037,0.21041492475912094,1.0
1.13933,1.1390362593059835,1.0,0.0002937406940164422,0.0008228571428571252,0.35697653786721173,1.0
1.13948,1.1390949780119715,1.0,0.0003850219880285888,0.0008385714285714187,0.45914036051109935,1.0
1.13962,1.1391248535389153,1.0,0.0004951464610847278,0.000816428571428575,0.6064786050031635,1.0
1.13927,1.1391009258566438,1.0,0.00016907414335620707,0.0008128571428571389,0.20799982486703958,1.0
1.13924,1.1390695140121467,1.0,0.00017048598785329716,0.0007735714285714053,0.22038816527666039,1.0
1.1396,1.1390543244791393,1.0,0.0005456755208606001,0.0007271428571428469,0.7504378479418968,1.0
1.1386,1.139041566252526,1.0,-0.00044156625252589343,0.0008078571428571379,0.546589525673081,1.0
1.13958,1.1390277527032935,1.0,0.0005522472967065539,0.0008964285714285758,0.6160527612662723,1.0
1.13894,1.1390120520956444,1.0,-7.205209564431492e-05,0.0009464285714285703,0.07613051615248378,1.0
1.13833,1.1390018368126837,1.0,-0.0006718368126836793,0.0009285714285714056,0.7235165675055187,1.0
1.13825,1.1389791239273648,1.0,-0.0007291239273647943,0.0009171428571428228,0.7949949363790889,1.0
1.13919,1.1389607884595294,1.0,0.00022921154047050862,0.0009692857142856726,0.23647469171608393,1.0
1.13881,1.1389517923234629,1.0,-0.00014179232346278603,0.000986428571428531,0.1437431229890721,1.0
1.13831,1.1389260647910082,1.0,-0.0006160647910082862,0.0009964285714285331,0.6182729085388056,1.0
1.13907,1.1389165349225157,1.0,0.00015346507748437155,0.0010585714285714007,0.14497375740764226,1.0
1.13877,1.138909518977295,1.0,-0.00013951897729502782,0.0010578571428571104,0.13188829724040846,1.0
1.1396,1.1389067430478357,1.0,0.0006932569521642673,0.0010992857142856677,0.6306431013840256,1.0
1.1388,1.1389047551340443,1.0,-0.0001047551340442876,0.0011035714285713785,0.09492374605955295,1.0
1.13787,1.1399050589497635,-1.0,-0.002035058949763524,0.0011785714285713939,1.7267166846478894,-1.0
1.13778,1.1397908421338485,-1.0,-0.0020108421338485005,0.0011642857142856813,1.7271036732441598,-1.0
1.13795,1.1397714931572809,-1.0,-0.0018214931572808624,0.0010814285714285349,1.684339775556997,-1.0
1.13861,1.1397685604261678,-1.0,-0.0011585604261679094,0.0010364285714285254,1.1178391430979637,-1.0
1.1391,1.1397508286469842,-1.0,-0.0006508286469841806,0.0010385714285713968,0.6266575693107846,-1.0
1.13933,1.1397376624030862,-1.0,-0.0004076624030862064,0.0009871428571428373,0.41297204364739537,-1.0
1.13972,1.1397239559588326,-1.0,-3.955958832513318e-06,0.0010221428571428287,0.0038702602135002088,-1.0
1.14027,1.1388167272418253,1.0,0.0014532727581746396,0.001024285714285684,1.4188158029599411,1.0
1.14052,1.138954683336872,1.0,0.0015653166631279802,0.0010528571428571251,1.486732244490644,1.0
1.14036,1.1389584195141298,1.0,0.0014015804858702463,0.0010399999999999774,1.3476735441060355,1.0
1.14053,1.1390886657256485,1.0,0.0014413342743515578,0.0009971428571428393,1.445464171985829,1.0
1.14074,1.1392199741942057,1.0,0.001520025805794356,0.000999999999999985,1.5200258057943787,1.0
1.14169,1.1396075091159246,1.0,0.0020824908840755274,0.0010071428571428573,2.0677214451813746,1.0
1.14098,1.139608634263697,1.0,0.0013713657363030318,0.001026428571428571,1.3360556929883407,1.0
1.14106,1.139612524703487,1.0,0.0014474752965130122,0.0009221428571428396,1.5696866112457442,1.0
1.14131,1.1396247353805258,1.0,0.0016852646194742693,0.0009428571428571183,1.787401869139423,1.0
1.14049,1.139640780195752,1.0,0.0008492198042480137,0.0009928571428571128,0.8553292992426296,1.0
1.14086,1.1396571272753397,1.0,0.0012028727246602422,0.0009642857142856874,1.24742356631436,1.0
1.14067,1.1396707039970881,1.0,0.0009992960029119313,0.0009121428571428217,1.0955476930906485,1.0
1.14033,1.1396814077936237,1.0,0.0006485922063763638,0.0009278571428571152,0.699021623500336,1.0
1.14129,1.1396884250310824,1.0,0.0016015749689175518,0.0009221428571428396,1.7367970228385865,1.0
1.14041,1.1397028635857025,1.0,0.0007071364142974268,0.0009049999999999812,0.7813662036435818,1.0
1.1398,1.1397122955834238,1.0,8.770441657612871e-05,0.0009121428571428217,0.09615206202551681,1.0
1.13889,1.1403528571905146,-1.0,-0.0014628571905146437,0.0009971428571428234,1.467048758395824,-1.0
1.138,1.1399254162878487,-1.0,-0.0019254162878488135,0.001040714285714252,1.8500911482418847,-1.0
1.13748,1.1396277742300067,-1.0,-0.0021477742300066716,0.0010499999999999796,2.0454992666730605,-1.0
1.13843,1.1396115026101215,-1.0,-0.0011815026101213988,0.001045714285714253,1.1298522227937229,-1.0
1.13851,1.1395912838754867,-1.0,-0.0010812838754867826,0.0009992857142856945,1.082056773181934,-1.0
1.13946,1.1395769644474154,-1.0,-0.00011696444741549072,0.0011085714285714113,0.10550916648304741,-1.0
1.13938,1.1395648168954553,-1.0,-0.00018481689545524205,0.0010907142857142624,0.16944574566951173,-1.0
1.14004,1.1386716465693874,1.0,0.00136835343061259,0.0010799999999999699,1.2669939172339149,1.0
1.13952,1.1386700035182775,1.0,0.0008499964817225703,0.0010857142857142613,0.7828914963234376,1.0
1.14002,1.1387103358535875,1.0,0.001309664146412537,0.0011128571428571218,1.1768483985735472,1.0
1.13934,1.1387101155398223,1.0,0.0006298844601777542,0.0011285714285713994,0.5581254710435941,1.0
1.1386,1.1386971835518798,1.0,-9.718355187970928e-05,0.0011271428571428346,0.08622114868922416,1.0
1.13831,1.1386943544031576,1.0,-0.00038435440315764957,0.0010964285714285538,0.3505512471796209,1.0
1.13824,1.1386897499250788,1.0,-0.00044974992507884615,0.001044285714285704,0.4306770828388446,1.0
1.1391,1.1386788483014647,1.0,0.00042115169853529366,0.00101857142857144,0.4134729158130466,1.0
1.13935,1.138672915867767,1.0,0.0006770841322329968,0.0010021428571428562,0.6756363400756924,1.0
1.13836,1.1386508075688844,1.0,-0.00029080756888433257,0.0010285714285714104,0.2827295808597728,1.0
1.13887,1.138641612626175,1.0,0.00022838737382513408,0.0009914285714285479,0.23036190443457874,1.0
1.13857,1.1386359161844188,1.0,-6.591618441875724e-05,0.000997857142857114,0.06605773671171282,1.0
1.13912,1.1386216261472881,1.0,0.0004983738527117865,0.000945714285714264,0.526981415254167,1.0
1.13898,1.1386018589207083,1.0,0.00037814107929179386,0.0009464285714285703,0.3995452913271789,1.0
1.13994,1.1385947967888312,1.0,0.0013452032111687107,0.0009635714285714446,1.396059670597601,1.0
1.14063,1.138908958295191,1.0,0.0017210417048090232,0.0009914285714285795,1.7359210279053408,1.0
1.14121,1.1392257803021284,1.0,0.0019842196978716586,0.000988571428571434,2.007158653916407,1.0
1.14132,1.1393921734320358,1.0,0.001927826567964086,0.0009414285714285851,2.0477672193851904,1.0
1.14036,1.1393833151601114,1.0,0.000976684839888664,0.0009507142857142968,1.0273168864343454,1.0
1.14055,1.1393790049092187,1.0,0.0011709950907812239,0.0009492857142857318,1.2335538954805743,1.0
1.1402,1.1393806613539343,1.0,0.0008193386460657592,0.0009964285714285806,0.8222753437219014,1.0
1.1411,1.1393902481967786,1.0,0.0017097518032214154,0.0010242857142856998,1.6692137548884347,1.0
1.1407,1.1393902832424545,1.0,0.0013097167575455426,0.001031428571428572,1.2698084906951237,1.0
1.14126,1.1393967162636949,1.0,0.0018632837363050658,0.0010214285714285859,1.8241938677112275,1.0
1.14096,1.139385934259617,1.0,0.0015740657403828795,0.0010000000000000167,1.574065740382853,1.0
1.1418,1.1395595360192528,1.0,0.002240463980747176,0.001010000000000019,2.2182811690565685,1.0
1.14151,1.1395722441459815,1.0,0.0019377558540185635,0.0010078571428571634,1.922649323618663,1.0
1.14212,1.1397448074675558,1.0,0.002375192532444226,0.0010328571428571528,2.2996331572765447,1.0
1.1425,1.1399468512447446,1.0,0.0025531487552554744,0.0009957142857142903,2.564137917760149,1.0
1.14325,1.140298915983435,1.0,0.0029510840165651864,0.0009928571428571603,2.972314836828193,1.0
1.14282,1.1403023724110883,1.0,0.0025176275889116084,0.0009885714285714498,2.5467331101706474,1.0
1.14208,1.1403238785105216,1.0,0.0017561214894783461,0.0010564285714285773,1.6623191922039695,1.0
1.1423,1.1403409508609,1.0,0.0019590491391001663,0.0010342857142857178,1.8941082836603753,1.0
1.14245,1.1403488652827882,1.0,0.002101134717211739,0.0010342857142857178,2.031483842608028,1.0
1.14306,1.1403687083735212,1.0,0.0026912916264787423,0.0010364285714285731,2.596697640985688,1.0
1.14317,1.1404464622203958,1.0,0.0027235377796042126,0.0009635714285714288,2.8265032553342455,1.0
1.14361,1.1407018870064825,1.0,0.0029081129935175642,0.0009421428571428438,3.086700675454623,1.0
1.1436,1.1407569782733344,1.0,0.0028430217266655067,0.0009114285714285472,3.1193028348995417,1.0
1.14445,1.1411407324573255,1.0,0.0033092675426744655,0.0009557142857142661,3.4626117785832187,1.0
1.14373,1.141171041725767,1.0,0.0025589582742329142,0.0009892857142856926,2.5866726237733997,1.0
1.14312,1.1411847014571153,1.0,0.0019352985428846559,0.0009842857142856915,1.966195907139754,1.0
1.14301,1.141227307696353,1.0,0.0017826923036470266,0.000945714285714264,1.8850220733428205,1.0
1.14207,1.142024873011294,-1.0,4.512698870584586e-05,0.0009835714285714012,0.045880743782270125,-1.0
1.14187,1.141945943899362,-1.0,-7.594389936205204e-05,0.0009692857142856726,0.07835037517087504,-1.0
1.14222,1.1419492660561936,-1.0,0.0002707339438063894,0.0009507142857142334,0.2847689867234906,-1.0
1.14321,1.14197645361471,-1.0,0.001233546385290163,0.0009664285714285269,1.2763968510024448,-1.0
1.14225,1.1419861751703508,-1.0,0.00026382482964915077,0.001009285714285665,0.2613975665313723,-1.0
1.14313,1.142014063148502,-1.0,0.0011159368514979118,0.001091428571428521,1.0224552304300711,-1.0
1.14257,1.1420290445660348,-1.0,0.0005409554339652622,0.0010892857142856815,0.49661482462386225,-1.0
1.143,1.142039117444774,-1.0,0.0009608825552260836,0.001124999999999979,0.8541178268676457,-1.0
1.14338,1.1420669168197395,-1.0,0.001313083180260577,0.0011392857142857077,1.1525494999152466,-1.0
1.14364,1.1421065152997603,-1.0,0.001533484700239729,0.0011407142857142885,1.3443197121700785,-1.0
1.1436,1.1421137927553833,-1.0,0.0014862072446166774,0.001088571428571423,1.3652822457108655,-1.0
1.14379,1.1421327269067532,-1.0,0.0016572730932469248,0.0010364285714285731,1.5990229707413446,-1.0
1.14286,1.142151405003438,-1.0,0.0007085949965619509,0.001065714285714273,0.6649014713047876,-1.0
1.14257,1.1421621747287114,-1.0,0.0004078252712886865,0.001114999999999993,0.3657625751468064,-1.0
1.14342,1.1421921844234342,-1.0,0.001227815576565927,0.0011171428571428482,1.0990676516574882,-1.0
1.14354,1.1422250737715987,-1.0,0.0013149262284013474,0.001085714285714277,1.2111162630012506,-1.0
1.14354,1.1422393656687446,-1.0,0.0013006343312553792,0.0010664285714285634,1.2196169214718986,-1.0
1.14286,1.142252790151872,-1.0,0.0006072098481280097,0.0010364285714285573,0.5858675309298589,-1.0
1.14263,1.1422726677609085,-1.0,0.00035733223909151235,0.0009857142857142723,0.3625109671942928,-1.0
1.14232,1.1422957641150484,-1.0,2.4235884951595565e-05,0.0009185714285714035,0.0263843226533707,-1.0
1.14293,1.1423173903183912,-1.0,0.0006126096816088111,0.0009328571428571163,0.6567025683402451,-1.0
1.14307,1.1423455747269635,-1.0,0.0007244252730365108,0.000891428571428543,0.8126565562909835,-1.0
1.14374,1.1423641218902243,-1.0,0.0013758781097756856,0.0009085714285714015,1.5143312528978123,-1.0
1.14384,1.1423857388031653,-1.0,0.001454261196834672,0.000896428571428544,1.622283406827572,-1.0
1.14294,1.142403895349374,-1.0,0.0005361046506260347,0.0009585714285714118,0.5592745982686004,-1.0
1.14203,1.142423120746198,-1.0,-0.0003931207461977948,0.0010007142857142595,0.39284014609345264,-1.0
1.14193,1.142401968586004,-1.0,-0.0004719685860041789,0.0009435714285714088,0.5001938080286634,-1.0
1.1411,1.1420668311735143,-1.0,-0.0009668311735142598,0.0009607142857142513,1.0063670207583735,-1.0
1.14031,1.1416811640758735,-1.0,-0.0013711640758735655,0.0009221428571428238,1.486932382821891,-1.0
1.13958,1.141342052178667,-1.0,-0.001762052178666984,0.0009585714285714118,1.838206445703294,-1.0
1.13952,1.1412631741149963,-1.0,-0.0017431741149962487,0.0009764285714285606,1.7852551287452636,-1.0
1.14,1.1412548677109984,-1.0,-0.0012548677109984752,0.000970714285714285,1.292726118762227,-1.0
1.14065,1.1412680924579255,-1.0,-0.0006180924579255453,0.0010000000000000009,0.6180924579255448,-1.0
1.14028,1.1412773049076868,-1.0,-0.0009973049076867913,0.0010235714285714412,0.9743383606151365,-1.0
1.14022,1.141271374741231,-1.0,-0.0010513747412310703,0.0009964285714285806,1.0551431094792005,-1.0
1.14097,1.141273140673892,-1.0,-0.0003031406738920328,0.0010571428571428676,0.2867546915194877,-1.0
1.14132,1.1412773457192253,-1.0,4.265428077454558e-05,0.00102142857142857,0.0417594357233314,-1.0
1.14107,1.1412801284590108,-1.0,-0.00021012845901080546,0.001057857142857142,0.19863595044910726,-1.0
1.14073,1.1412818593778964,-1.0,-0.0005518593778963687,0.0010100000000000029,0.5463954236597695,-1.0
1.13997,1.1412777398186833,-1.0,-0.0013077398186833733,0.001020000000000005,1.2820978614542813,-1.0
1.14017,1.1412728503127554,-1.0,-0.0011028503127554767,0.0010207142857142954,1.0804691657506318,-1.0
1.13979,1.141270795275675,-1.0,-0.0014807952756750176,0.0009700000000000106,1.526593067706187,-1.0
1.13961,1.1412652444346874,-1.0,-0.0016552444346873418,0.0009535714285714583,1.735836860346222,-1.0
1.13996,1.1412544960237918,-1.0,-0.0012944960237917247,0.0009342857142857446,1.3855462028351344,-1.0
1.13911,1.1410037182512092,-1.0,-0.0018937182512090978,0.0009614285714286051,1.9696920889246983,-1.0
1.13952,1.141002774415282,-1.0,-0.0014827744152818845,0.000964285714285735,1.5376919862182175,-1.0
1.14026,1.141003458815208,-1.0,-0.0007434588152079868,0.000964285714285735,0.7709943268823402,-1.0
1.13929,1.1409905196787717,-1.0,-0.001700519678771828,0.0009700000000000106,1.7531130708987726,-1.0
1.14024,1.1409854388000285,-1.0,-0.0007454388000285306,0.0009978571428571614,0.7470395991695944,-1.0
1.14002,1.1409845500164097,-1.0,-0.0009645500164097154,0.0009592857142857339,1.0054877311791317,-1.0
1.1409,1.140988448262663,-1.0,-8.84482626630767e-05,0.0010007142857143072,0.08838513042705548,-1.0
1.14082,1.1410072132155784,-1.0,-0.00018721321557846338,0.0009842857142857392,0.19020210581265753,-1.0
1.14083,1.141028906581734,-1.0,-0.00019890658173404852,0.0009378571428571648,0.21208622576364158,-1.0
1.14094,1.1410533943955463,-1.0,-0.0001133943955462513,0.0008992857142857373,0.12609384731115786,-1.0
1.14165,1.1405035322633967,1.0,0.0011464677366033182,0.0009335714285714383,1.2280450124289433,1.0
1.14213,1.14078143649717,1.0,0.0013485635028300802,0.000936428571428584,1.4401135804440022,1.0
1.14229,1.1409236379292667,1.0,0.0013663620707333735,0.0009257142857142916,1.4760084097428323,1.0
1.14139,1.1409394161815976,1.0,0.0004505838184023503,0.0009471428571428449,0.47572952169177873,1.0
1.14081,1.1409467971067129,1.0,-0.00013679710671277157,0.0009421428571428438,0.14519783881568074,1.0
1.14101,1.1409607153380936,1.0,4.928466190645686e-05,0.000944285714285715,0.05219253151969709,1.0
1.14129,1.1409607986866472,1.0,0.0003292013133526783,0.0009171428571428544,0.35894224197332636,1.0
1.14049,1.1418497173252207,-1.0,-0.0013597173252206662,0.0009021428571428672,1.5072084365074516,-1.0
1.13995,1.1416191856505598,-1.0,-0.0016691856505597347,0.0008942857142857205,1.8665015261849938,-1.0
1.14087,1.1416246461684674,-1.0,-0.0007546461684673211,0.0009385714285714235,0.8040370135877133,-1.0
1.14139,1.141631805720864,-1.0,-0.0002418057208641855,0.0009485714285714256,0.2549156695857385,-1.0
1.14073,1.1416378716054052,-1.0,-0.000907871605405175,0.0009807142857142712,0.9257248707700392,-1.0
1.14105,1.1416587235884896,-1.0,-0.0006087235884897346,0.001039285714285687,0.5857134184781105,-1.0
1.14131,1.1416816793984483,-1.0,-0.000371679398448288,0.001011428571428552,0.3674796312341901,-1.0
1.14132,1.1416886107331394,-1.0,-0.0003686107331395405,0.0009457142857142799,0.3897696573983081,-1.0
1.14191,1.1408153073426468,1.0,0.0010946926573531801,0.000970714285714285,1.1277187051467648,1.0
1.14114,1.1408376965012121,1.0,0.00030230349878790364,0.0010035714285714212,0.3012276856249596,1.0
1.14082,1.1408398776059574,1.0,-1.987760595745236e-05,0.0009792857142857222,0.020298065893824272,1.0
1.14104,1.1408387222958982,1.0,0.0002012777041018321,0.0009564285714285882,0.21044718875471247,1.0
1.14191,1.1408523702747877,1.0,0.0010576297252122835,0.0009742857142857211,1.085543706229609,1.0
1.14196,1.1409630933555555,1.0,0.0009969066444446284,0.000936428571428584,1.064583754555653,1.0
1.14183,1.1409667150725467,1.0,0.000863284927453245,0.0008992857142857215,0.9599673538002648,1.0
1.14273,1.1412907269466916,1.0,0.0014392730533083764,0.0009407142857142947,1.529978948087857,1.0
1.14214,1.1412950102748565,1.0,0.0008449897251434635,0.0009185714285714511,0.9198955017113685,1.0
1.1412,1.1413013715450147,1.0,-0.00010137154501466128,0.0009357142857143096,0.10833600230574211,1.0
1.1404,1.142086828959183,-1.0,-0.0016868289591829289,0.0009100000000000298,1.8536581969042567,-1.0
1.14101,1.1420847114784278,-1.0,-0.0010747114784277478,0.000928571428571469,1.157381592152909,-1.0
1.14026,1.1420425288813132,-1.0,-0.001782528881313139,0.0009721428571428817,1.8336079602045052,-1.0
1.1412,1.1420408157336233,-1.0,-0.000840815733623268,0.0010928571428571651,0.7693738739036282,-1.0
1.14216,1.142044491246216,-1.0,0.0001155087537840771,0.001123571428571446,0.10280499383198057,-1.0
1.14228,1.1420497911355114,-1.0,0.00023020886448854583,0.0010935714285714398,0.21051104525405673,-1.0
1.14219,1.1420460714259693,-1.0,0.00014392857403078274,0.0011035714285714418,0.1304207143320993,-1.0
1.14134,1.1420445084624635,-1.0,-0.0007045084624635045,0.001162857142857148,0.6058426581381462,-1.0
1.14164,1.1420396544421356,-1.0,-0.00039965444213563295,0.0011042857142857323,0.3619121726972037,-1.0
1.1409,1.1420337779214922,-1.0,-0.0011337779214921628,0.0011900000000000085,0.9527545558757603,-1.0
1.14135,1.142029958291616,-1.0,-0.0006799582916159341,0.0012428571428571647,0.5470928783116615,-1.0
1.14185,1.1420295324880032,-1.0,-0.00017953248800317567,0.0012214285714285797,0.14698566269265745,-1.0
1.14227,1.1420333034978893,-1.0,0.00023669650211055604,0.0011899999999999927,0.19890462362231723,-1.0
1.14269,1.1411238474332697,1.0,0.0015661525667303167,0.0011142857142857026,1.4055215342451706,1.0
1.14254,1.1411382186106342,1.0,0.0014017813893656417,0.0010771428571428401,1.3013885577665314,1.0
1.14167,1.1411278371221738,1.0,0.0005421628778261578,0.0010942857142856985,0.49544910506307566,1.0
1.14097,1.141104396074787,1.0,-0.00013439607478704652,0.001097142857142844,0.1224964223319449,1.0
1.14142,1.1410957520765002,1.0,0.0003242479234999429,0.0010349999999999923,0.3132830178743433,1.0
1.14174,1.1410837591367473,1.0,0.0006562408632526662,0.0009592857142857181,0.6840932304942137,1.0
1.14124,1.1410783246865634,1.0,0.00016167531343658226,0.001002142857142872,0.16132960713557506,1.0
1.14025,1.1419248553192196,-1.0,-0.0016748553192196258,0.0010342857142857178,1.6193352533891354,-1.0
1.14119,1.1419221979190146,-1.0,-0.0007321979190146877,0.0010585714285714326,0.6916849437385687,-1.0
1.14154,1.141921516177715,-1.0,-0.00038151617771498003,0.0010949999999999888,0.3484166006529534,-1.0
1.14208,1.1419227537875845,-1.0,0.00015724621241552938,0.0010742857142857101,0.1463728041102008,-1.0
1.14269,1.1409921262203864,1.0,0.0016978737796136123,0.0010414285714285582,1.6303314756235168,1.0
1.14282,1.1411397700557115,1.0,0.0016802299442884028,0.000978571428571416,1.7170233007326967,1.0
1.14317,1.141309628475026,1.0,0.0018603715249740915,0.0009978571428571456,1.8643665962517688,1.0
1.14387,1.1416383785167263,1.0,0.0022316214832736048,0.0010421428571428645,2.141377708418797,1.0
1.14427,1.1418535577539615,1.0,0.0024164422460384305,0.0010864285714285834,2.2242071955646057,1.0
1.1433,1.1418440219078043,1.0,0.0014559780921956644,0.0011028571428571515,1.3201873892965765,1.0
1.1425,1.1418281346794248,1.0,0.0006718653205752823,0.0011050000000000226,0.6080229145477543,1.0
1.1426,1.1418362662555706,1.0,0.0007637337444295067,0.0010928571428571651,0.6988413347720834,1.0
1.14311,1.1418383201838873,1.0,0.0012716798161127585,0.0011228571428571557,1.132539276436286,1.0
1.14314,1.1418460736309008,1.0,0.0012939263690991964,0.0010699999999999996,1.2092769804665393,1.0
1.14362,1.1418580068394082,1.0,0.0017619931605918904,0.00102142857142857,1.725028269110944,1.0
1.14262,1.1418417906227782,1.0,0.000778209377221728,0.0010028571428571467,0.7759922564888996,1.0
1.14285,1.1418285383081002,1.0,0.001021461691899761,0.000985714285714304,1.0362654845359702,1.0
1.14369,1.141844921119436,1.0,0.0018450788805641771,0.0010007142857143072,1.843761907772871,1.0
1.14408,1.1418603519252208,1.0,0.002219648074779146,0.0010357142857142984,2.143108485993632,1.0
1.14482,1.142114671465368,1.0,0.002705328534631901,0.0010850000000000185,2.4933903544994056,1.0
1.14565,1.1425071178641515,1.0,0.003142882135848568,0.0011014285714285865,2.8534597861140956,1.0
1.14559,1.1425765924458862,1.0,0.003013407554113945,0.0010521428571428665,2.864066921764756,1.0
1.14525,1.1425971511723838,1.0,0.0026528488276162943,0.0010685714285714504,2.4826125392130587,1.0
1.14533,1.142622954626392,1.0,0.002707045373607997,0.0009564285714285882,2.8303685758410224,1.0
1.14606,1.142930034074432,1.0,0.0031299659255681345,0.0009564285714285882,3.2725558594438473,1.0
1.14694,1.1433591192559045,1.0,0.0035808807440955714,0.0010014285714285817,3.5757724976702914,1.0
1.147,1.1435254381350948,1.0,0.0034745618649052457,0.0009478571428571511,3.665702042854033,1.0
1.14768,1.1439131312398758,1.0,0.00376686876012422,0.0009721428571428817,3.8748098928536185,1.0
1.14756,1.143957058295429,1.0,0.0036029417045708723,0.0009735714285714625,3.7007471653698056,1.0
1.14764,1.1440315963274004,1.0,0.003608403672599625,0.0009242857142857426,3.9039916086857187,1.0
1.14803,1.1442832668275598,1.0,0.003746733172440342,0.0009392857142857298,3.988917445944024,1.0
1.1489,1.1447213658389948,1.0,0.004178634161005279,0.0009292857142857278,4.49660862829155,1.0
1.14932,1.145060467104162,1.0,0.004259532895837914,0.0008692857142857312,4.900037842377127,1.0
1.14885,1.14511966184211,1.0,0.003730338157889923,0.0008592857142857291,4.341208163795347,1.0
1.14831,1.1451444257819712,1.0,0.003165574218028766,0.0008542857142857281,3.7055216598998335,1.0
1.14835,1.1451760882561617,1.0,0.003173911743838298,0.0008421428571428706,3.768851943489013,1.0
1.14907,1.1451843371882902,1.0,0.003885662811709878,0.0008299999999999974,4.681521459891433,1.0
1.14864,1.1451961478367179,1.0,0.003443852163282246,0.0008735714285714259,3.9422673986877834,1.0
1.14846,1.1452552105130127,1.0,0.003204789486987325,0.0008642857142856984,3.7080208940349895,1.0
1.14747,1.1462489282603747,-1.0,0.001221071739625268,0.0009057142857142716,1.3481864633086764,-1.0
1.14794,1.1463008710788678,-1.0,0.0016391289211321602,0.0009742857142857053,1.682390388258831,-1.0
1.14709,1.1461597191455164,-1.0,0.000930280854483545,0.0009992857142856945,0.9309458157805495,-1.0
1.14722,1.1461947242921506,-1.0,0.0010252757078492714,0.0010107142857142617,1.0144070607696212,-1.0
1.14681,1.146033298759753,-1.0,0.0007767012402470908,0.0010085714285714062,0.7701003798484073,-1.0
1.14764,1.146079772259357,-1.0,0.0015602277406430165,0.0010371428571428476,1.5043518160469995,-1.0
1.14862,1.1461011678812372,-1.0,0.0025188321187628038,0.0010414285714285582,2.4186316641069756,-1.0
1.14895,1.1451071972010238,1.0,0.003842802798976086,0.0010799999999999857,3.5581507397927195,1.0
1.14875,1.1451281565568565,1.0,0.0036218434431434243,0.0010864285714285518,3.3337152007895368,1.0
1.14937,1.1453620978976669,1.0,0.00400790210233315,0.001083571428571406,3.6987890199515667,1.0
1.14994,1.1457399941732136,1.0,0.004200005826786368,0.0011071428571428304,3.7935536500006823,1.0
1.149,1.145780087476235,1.0,0.0032199125237650783,0.0011192857142856877,2.876756562393884,1.0
1.14935,1.1457998571506407,1.0,0.0035501428493593945,0.0011392857142856919,3.1161128458327587,1.0
1.14958,1.145833910343807,1.0,0.0037460896561929413,0.0011099999999999919,3.3748555461197918,1.0
1.15024,1.1460481537375196,1.0,0.00419184626248037,0.0010364285714285731,4.044510522034809,1.0
1.14948,1.1460815247787708,1.0,0.003398475221229269,0.0010299999999999912,3.2994905060478623,1.0
1.15022,1.1461314093742416,1.0,0.004088590625758393,0.001032857142857137,3.958524810554483,1.0
1.14924,1.1461756343556098,1.0,0.0030643656443902767,0.0010864285714285676,2.820586391943723,1.0
1.14968,1.146217708874441,1.0,0.0034622911255590694,0.0010849999999999868,3.1910517286259092,1.0
1.15014,1.1462785755689335,1.0,0.003861424431066407,0.0010628571428571273,3.633060620627049,1.0
1.15083,1.1464832195134391,1.0,0.004346780486560897,0.0010771428571428401,4.035472600255539,1.0
1.15014,1.146523185763325,1.0,0.0036168142366750367,0.0010892857142856974,3.320354053341069,1.0
1.15095,1.1465958698650858,1.0,0.004354130134914147,0.0011085714285714113,3.9276947093298333,1.0
1.15048,1.1466199635099283,1.0,0.0038600364900716055,0.0011014285714285549,3.5045726887810176,1.0
1.14975,1.1466761566548804,1.0,0.00307384334511962,0.0011257142857142854,2.7305714994717443,1.0
1.14944,1.1467053322339653,1.0,0.002734667766034704,0.001102142857142861,2.4812280443607078,1.0
1.14971,1.1467191819536557,1.0,0.002990818046344268,0.001090714285714294,2.7420728650176445,1.0
1.14996,1.1467513630995,1.0,0.003208636900499995,0.001090714285714294,2.9417758092337647,1.0
1.15059,1.1467630275065899,1.0,0.00382697249341013,0.0011028571428571357,3.4700527789988453,1.0
1.15118,1.1470602540130441,1.0,0.004119745986955969,0.001103571428571426,3.7331031597012108,1.0
1.15096,1.1470897250911913,1.0,0.0038702749088086463,0.001069285714285709,3.6194955727001545,1.0
1.15173,1.1474032848067233,1.0,0.0043267151932766534,0.0010499999999999954,4.120681136453974,1.0
1.1517,1.14749652270554,1.0,0.004203477294459912,0.0010514285714285604,3.997872426796154,1.0
1.15234,1.1478981966648951,1.0,0.004441803335104799,0.0010628571428571273,4.179116041093286,1.0
1.15248,1.1480744102534817,1.0,0.004405589746518279,0.0009921428571428384,4.4404792261524175,1.0
1.15336,1.1484784371697971,1.0,0.004881562830202801,0.0010192857142856987,4.789199693261406,1.0
1.15288,1.1485587347722208,1.0,0.004321265227779092,0.0009828571428571267,4.396636132914846,1.0
1.15319,1.148568764123378,1.0,0.0046212358766219985,0.0009757142857142702,4.736259317182212,1.0
1.15228,1.1485990110748037,1.0,0.0036809889251963046,0.0009885714285714023,3.7235437104587885,1.0
1.15163,1.1486235217084746,1.0,0.0030064782915253385,0.0009864285714285468,3.04784185962026,1.0
1.1511,1.1496370091518053,-1.0,0.0014629908481946785,0.001017857142857118,1.437324342086035,-1.0
1.15188,1.149676402365871,-1.0,0.0022035976341290286,0.0010678571428571124,2.0635696908232295,-1.0
1.15261,1.1497447208130884,-1.0,0.0028652791869114846,0.0010849999999999868,2.6408103105175296,-1.0
1.15285,1.149854273090766,-1.0,0.0029957269092339978,0.0010699999999999837,2.7997447749850872,-1.0
1.15249,1.1499206401532664,-1.0,0.0025693598467335654,0.0010542857142856901,2.437062185248695,-1.0
1.15329,1.1489380095231767,1.0,0.00435199047682322,0.0010692857142856774,4.069997773916311,1.0
1.15324,1.149042302969256,1.0,0.004197697030744019,0.0010592857142856912,3.962761863143462,1.0
1.15416,1.1494744267827959,1.0,0.0046855732172041975,0.001084999999999971,4.318500661017809,1.0
1.15508,1.1499583809192906,1.0,0.005121619080709516,0.0011235714285714143,4.5583386605171095,1.0
1.15538,1.150215638834585,1.0,0.005164361165415077,0.0010649999999999826,4.849165413535363,1.0
1.15575,1.1505009029055246,1.0,0.005249097094475408,0.0010464285714285593,5.016202001546523,1.0
1.15509,1.1505385712808758,1.0,0.004551428719124173,0.0010471428571428496,4.346521287021752,1.0
1.15516,1.1506269356447794,1.0,0.004533064355220606,0.0010100000000000029,4.48818252992138,1.0
1.15424,1.1506910577610383,1.0,0.0035489422389616276,0.0010428571428571548,3.4030952976343984,1.0
1.1552,1.1507620395273355,1.0,0.004437960472664537,0.0010242857142857315,4.332736863131275,1.0
1.15429,1.1508363454380324,1.0,0.0034536545619676673,0.0010307142857142976,3.350739006759999,1.0
1.15488,1.1508929482689678,1.0,0.003987051731032087,0.000998571428571436,3.992755667700201,1.0
1.1552,1.1509546011488474,1.0,0.004245398851152604,0.0009885714285714498,4.294478606657167,1.0
1.15538,1.1510035889182093,1.0,0.004376411081790765,0.0009850000000000295,4.443056935828055,1.0
1.15559,1.1510875028888783,1.0,0.004502497111121606,0.0009371428571429062,4.8044938685746335,1.0
1.15659,1.1516002843418012,1.0,0.0049897156581988344,0.0009807142857143347,5.087838253079402,1.0
1.15681,1.151825576889934,1.0,0.004984423110065972,0.0009335714285714859,5.339091319121601,1.0
1.15605,1.1519164542163212,1.0,0.00413354578367886,0.0009314285714286148,4.437855902722496,1.0
1.15514,1.1520108744162458,1.0,0.003129125583754222,0.0009678571428571869,3.233044883583551,1.0
1.1543,1.1527753342441804,-1.0,0.0015246657558196652,0.0010150000000000517,1.5021337495759484,-1.0
1.15457,1.1527812758689693,-1.0,0.0017887241310308166,0.0009985714285714678,1.7912831068977433,-1.0
1.15416,1.1527003438092556,-1.0,0.0014596561907445071,0.00101214285714289,1.442144436868203,-1.0
1.15454,1.1527344646833524,-1.0,0.0018055353166475108,0.000998571428571436,1.8081183428515712,-1.0
1.15441,1.152816327671177,-1.0,0.0015936723288230148,0.0009757142857142861,1.63333913642183,-1.0
1.15476,1.1528997588193715,-1.0,0.0018602411806285524,0.0009621428571428638,1.9334355255233522,-1.0
1.15512,1.1529210976152884,-1.0,0.002198902384711543,0.0009392857142857139,2.341036759388716,-1.0
1.15493,1.152977516638766,-1.0,0.001952483361234103,0.00092285714285713,2.115694044680946,-1.0
1.15394,1.1528898435383346,-1.0,0.0010501564616653969,0.000983571428571417,1.06769720140274,-1.0
1.15401,1.1529838623948876,-1.0,0.0010261376051123872,0.0009707142857142534,1.0570953989384768,-1.0
1.15426,1.1530865729349036,-1.0,0.0011734270650964884,0.0009071428571428207,1.29354164656311,-1.0
1.15414,1.1531363079469217,-1.0,0.0010036920530782645,0.0009064285714285303,1.1073040774701608,-1.0
1.15424,1.1531562024287734,-1.0,0.0010837975712265635,0.0008778571428571048,1.2345944668163178,-1.0
1.1547,1.153191187821124,-1.0,0.0015088121788759956,0.0008564285714285358,1.7617489995216695,-1.0
1.15513,1.15327614481524,-1.0,0.0018538551847600004,0.0008199999999999637,2.2607990058049787,-1.0
1.15608,1.1525818665631469,1.0,0.0034981334368531236,0.0008792857142856857,3.9783808380134302,1.0
1.15646,1.152826167177917,1.0,0.003633832822083072,0.0008921428571428334,4.073151281758555,1.0
1.15595,1.152871770846358,1.0,0.003078229153641976,0.0008992857142857057,3.4229712590141443,1.0
1.15502,1.152943814404886,1.0,0.0020761855951139108,0.0009371428571428428,2.2154419460057313,1.0
1.15583,1.1530331417507351,1.0,0.0027968582492647887,0.0009578571428571214,2.9199116696277345,1.0
1.15613,1.153112062149459,1.0,0.0030179378505410526,0.0009892857142856926,3.0506230980199036,1.0
1.15612,1.1531516126359254,1.0,0.002968387364074676,0.0010042857142856956,2.9557199926775417,1.0
1.15702,1.1533737732595788,1.0,0.0036462267404211435,0.00099857142857142,3.651443087689302,1.0
1.15628,1.1534118844617838,1.0,0.0028681155382161982,0.001042857142857139,2.7502477763717073,1.0
1.15632,1.1534600499296184,1.0,0.002859950070381645,0.0010457142857142848,2.734924930692832,1.0
1.15603,1.1535267312588608,1.0,0.002503268741139042,0.0010128571428571487,2.471492410151367,1.0
1.15564,1.153575218071706,1.0,0.0020647819282939572,0.0010100000000000029,2.0443385428652983,1.0
1.15599,1.153648646348067,1.0,0.002341353651932998,0.0009978571428571456,2.346381612531273,1.0
1.15651,1.1536854553691147,1.0,0.0028245446308852173,0.001030000000000007,2.742276340665241,1.0
1.1573,1.15404895739918,1.0,0.0032510426008200977,0.000987142857142869,3.293386136865472,1.0
1.15687,1.1541263963062551,1.0,0.0027436036937449337,0.0009685714285714456,2.832629182332478,1.0
1.15713,1.1541753704994662,1.0,0.002954629500533823,0.0009371428571428744,3.152805869472009,1.0
1.15758,1.1543557158945994,1.0,0.0032242841054006544,0.0009135714285714501,3.529318019984996,1.0
1.15807,1.1546606224738096,1.0,0.0034093775261903048,0.0008550000000000184,3.9875760540236627,1.0
1.1582,1.1547667252381744,1.0,0.0034332747618255333,0.0008357142857143047,4.108192022697126,1.0
1.15832,1.1549149711148843,1.0,0.003405028885115735,0.0008314285714285941,4.095395566290292,1.0
1.1575,1.1549464202830861,1.0,0.002553579716913834,0.0008407142857143057,3.0373930362610726,1.0
1.1576,1.1550095100817388,1.0,0.002590489918261163,0.00078214285714289,3.3120419046260055,1.0
1.15728,1.155029517608995,1.0,0.0022504823910050042,0.0007964285714286026,2.825717800364917,1.0
1.15714,1.1551167590529614,1.0,0.0020232409470386514,0.0008235714285714632,2.456667238381607,1.0
1.15712,1.1552131617096733,1.0,0.0019068382903266734,0.0008128571428571707,2.3458467543561086,1.0
1.15735,1.1552783929589818,1.0,0.002071607041018275,0.000836428571428595,2.4767291694496185,1.0
1.15668,1.155327625052979,1.0,0.0013523749470210067,0.0008271428571428675,1.634995618160091,1.0
1.15764,1.1553709799669836,1.0,0.0022690200330164334,0.0008750000000000067,2.593165752018761,1.0
1.15815,1.1553918771630833,1.0,0.0027581228369166766,0.0008892857142857194,3.101503591713514,1.0
1.15898,1.1555951935612625,1.0,0.0033848064387373977,0.0009014285714285768,3.7549358274424156,1.0
1.15955,1.1559320189580982,1.0,0.0036179810419019187,0.0009028571428571418,4.0072574831192185,1.0
1.16031,1.156345792205964,1.0,0.0039642077940360565,0.0009250000000000012,4.285630047606542,1.0
1.15932,1.1563553369842108,1.0,0.0029646630157891263,0.0009792857142857222,3.027372882643868,1.0
1.15858,1.1563791895008124,1.0,0.002200810499187522,0.0010392857142857187,2.1176183497336893,1.0
1.15871,1.1564152312984899,1.0,0.0022947687015100193,0.000993571428571419,2.3096162344457642,1.0
1.15965,1.1564465340211618,1.0,0.003203465978838249,0.001049285714285705,3.0529968484503662,1.0
1.16054,1.1564852919957915,1.0,0.004054708004208374,0.0010985714285714249,3.690891551295021,1.0
1.16036,1.1565533544235183,1.0,0.003806645576481804,0.001089999999999988,3.492335391267749,1.0
1.16008,1.156642516247846,1.0,0.0034374837521540247,0.0011200000000000099,3.0691819215660665,1.0
1.16036,1.1567280982274362,1.0,0.0036319017725638947,0.001110000000000008,3.2719835788863683,1.0
1.16126,1.1571482770123445,1.0,0.004111722987655497,0.001141428571428579,3.602260439748221,1.0
1.1606,1.157228274097629,1.0,0.0033717259023711144,0.0011078571428571524,3.0434663206444355,1.0
1.16079,1.1572571791662276,1.0,0.0035328208337723765,0.0010821428571428568,3.264652915697247,1.0
1.16156,1.1574785208997542,1.0,0.0040814791002457,0.0010942857142856985,3.7298111882141396,1.0
1.16107,1.1575644439274386,1.0,0.003505556072561422,0.0011014285714285707,3.182735733843057,1.0
1.16026,1.1575920429082112,1.0,0.0026679570917889084,0.001118571428571429,2.385146825354068,1.0
1.15975,1.1576418778582407,1.0,0.002108122141759372,0.0010928571428571335,1.9290006525902916,1.0
1.16073,1.1576627113191864,1.0,0.003067288680813629,0.0011042857142857005,2.777622350025313,1.0
1.16167,1.1577090251014601,1.0,0.00396097489853986,0.0011585714285714216,3.418843932155263,1.0
1.16151,1.1577746568031826,1.0,0.0037353431968174533,0.0011107142857142665,3.3630099521186656,1.0
1.16218,1.158081290908803,1.0,0.004098709091197028,0.0011035714285714102,3.7140406004374986,1.0
1.16199,1.1581417924442685,1.0,0.0038482075557315643,0.0011157142857142674,3.44909768119352,1.0
1.16145,1.1582263973530669,1.0,0.0032236026469332213,0.00112928571428569,2.8545500984861527,1.0
1.16054,1.158304508337253,1.0,0.0022354916627469468,0.0011628571428571322,1.9224129777922323,1.0
1.16045,1.158342409034963,1.0,0.0021075909650369873,0.0011071428571428463,1.9036305490656846,1.0
1.16067,1.1583943315804435,1.0,0.00227566841955662,0.0011028571428571357,2.063429914105757,1.0
1.16133,1.158447240282105,1.0,0.002882759717894867,0.0011228571428571396,2.567343260211721,1.0
1.16095,1.158474529735964,1.0,0.0024754702640359394,0.0010842857142857282,2.28304240424919,1.0
1.16074,1.158504364851147,1.0,0.0022356351488530546,0.001074285714285726,2.081043356645108,1.0
1.16073,1.1585248155241987,1.0,0.002205184475801314,0.001007142857142873,2.1895448695899224,1.0
1.16001,1.1585831256297172,1.0,0.0014268743702827713,0.0010028571428571625,1.4228092011366387,1.0
1.15906,1.1592342253141772,-1.0,-0.0001742253141772121,0.0010114285714285837,0.1722566665593884,-1.0
1.15987,1.15926867273114,-1.0,0.0006013272688598637,0.0009900000000000147,0.6074012816766209,-1.0
1.15921,1.1593137670040354,-1.0,-0.00010376700403535999,0.0010150000000000198,0.10223350151266794,-1.0
1.15926,1.1593660760981064,-1.0,-0.00010607609810642238,0.0009621428571428638,0.11024984212991114,-1.0
1.15971,1.1594139567022808,-1.0,0.00029604329771926174,0.000949285714285716,0.31185900436942493,-1.0
1.15943,1.1594477486630916,-1.0,-1.7748663091676775e-05,0.0009149999999999991,0.01939744600183256,-1.0
1.16,1.159475521647904,-1.0,0.0005244783520959029,0.0008671428571428441,0.6048350024170305,-1.0
1.15923,1.1594195091915807,-1.0,-0.00018950919158067236,0.0008928571428571397,0.2122502945703538,-1.0
1.15873,1.1592099567742986,-1.0,-0.0004799567742985733,0.0008949999999999791,0.5362645522889212,-1.0
1.15879,1.1591991152159475,-1.0,-0.00040911521594755307,0.000863571428571408,0.47374797545623487,-1.0
1.15845,1.159029934445425,-1.0,-0.0005799344454249233,0.0008721428571428451,0.6649535000777264,-1.0
1.15909,1.1590658070282045,-1.0,2.4192971795455875e-05,0.0008778571428571366,0.0275591216547099,-1.0
1.15997,1.159088217200006,-1.0,0.0008817827999938466,0.0009664285714285585,0.9124138359138224,-1.0
1.16058,1.1583354296511115,1.0,0.002244570348888475,0.0009714285714285596,2.3105871238558113,1.0
1.15988,1.1583701651711464,1.0,0.0015098348288535846,0.000949285714285716,1.590495681260357,1.0
1.15916,1.158380669630826,1.0,0.0007793303691738807,0.000960714285714283,0.8111988972813651,1.0
1.1583,1.1593885169585751,-1.0,-0.0010885169585750365,0.0009992857142857106,1.089295026451077,-1.0
1.15897,1.15940464503533,-1.0,-0.00043464503532986143,0.001064285714285724,0.4083913083636245,-1.0
1.1593,1.1594253222295272,-1.0,-0.00012532222952721384,0.0010771428571428718,0.11634689743905635,-1.0
1.15968,1.1594341019762107,-1.0,0.0002458980237893815,0.0011014285714285865,0.22325371809671168,-1.0
1.16036,1.1594448263930162,-1.0,0.0009151736069838989,0.0011342857142857385,0.8068281169883068,-1.0
1.16034,1.159467797715231,-1.0,0.0008722022847689193,0.0010992857142857312,0.7934263799067369,-1.0
1.15954,1.1595046558378663,-1.0,3.534416213368807e-05,0.0011457142857143213,0.030849019318679404,-1.0
1.16005,1.1595178554646786,-1.0,0.000532144535321466,0.0011828571428571838,0.4498806458031562,-1.0
1.16092,1.1585142777087423,1.0,0.0024057222912576837,0.001228571428571452,1.9581460510236588,1.0
1.16154,1.1588216931515376,1.0,0.002718306848462415,0.0012692857142857189,2.1416035947368415,1.0
1.16136,1.1588366704379047,1.0,0.0025233295620952223,0.001200714285714301,2.1015237280983143,1.0
1.16118,1.1588759571180514,1.0,0.0023040428819487424,0.001151428571428581,2.001029798218494,1.0
1.16098,1.1589258133732843,1.0,0.0020541866267156372,0.0010828571428571632,1.8970061196582046,1.0
1.16039,1.1589422184072915,1.0,0.0014477815927085302,0.0010564285714285931,1.3704491073643683,1.0
1.16102,1.1589824543607525,1.0,0.0020375456392474067,0.001008571428571454,2.020229387355735,1.0
1.16201,1.1594127237143468,1.0,0.002597276285653205,0.0010207142857143112,2.54456738972316,1.0
1.16283,1.1597833196377871,1.0,0.0030466803622128946,0.001085714285714309,2.806152965196027,1.0
1.16193,1.1598504214056833,1.0,0.0020795785943166223,0.0010985714285714568,1.8929844161529237,1.0
1.16215,1.1598725800029817,1.0,0.0022774199970183595,0.0010771428571428876,2.114315647099213,1.0
1.16124,1.1599011101768324,1.0,0.001338889823167655,0.0011142857142857501,1.2015677900222157,1.0
1.16165,1.159911254852151,1.0,0.0017387451478489968,0.0010528571428571728,1.6514540074549025,1.0
1.1615,1.1599454855921407,1.0,0.0015545144078592532,0.0010035714285714528,1.5489823281159445,1.0
1.16213,1.1599772028244726,1.0,0.002152797175527521,0.0009692857142857518,2.2210140351793757,1.0
1.16283,1.1601331296515363,1.0,0.0026968703484637757,0.0009450000000000529,2.8538310565752645,1.0
1.16196,1.160179069514654,1.0,0.0017809304853459995,0.00098285714285719,1.8119932263693894,1.0
1.16154,1.1602098979230564,1.0,0.0013301020769436178,0.0010264285714286186,1.2958544938907302,1.0
1.16097,1.1602478913943992,1.0,0.0007221086056008463,0.0010685714285714662,0.6757700854553137,1.0
1.16046,1.1611379611261787,-1.0,-0.0006779611261786833,0.0010771428571428876,0.6294068810677254,-1.0
1.16012,1.1609157223671436,-1.0,-0.0007957223671435365,0.001057857142857174,0.7522021026339759,-1.0
1.15961,1.1606697323987403,-1.0,-0.001059732398740243,0.0010228571428571667,1.0360512278186491,-1.0
1.1594,1.1605113249353975,-1.0,-0.0011113249353975618,0.000941428571428601,1.1804665474632305,-1.0
1.1596,1.1605260087056992,-1.0,-0.000926008705699255,0.0009092857142857394,1.0183913495513912,-1.0
1.15965,1.1605470854011926,-1.0,-0.0008970854011924878,0.0008842857142857342,1.0144746055488325,-1.0
1.1588,1.1602308155323464,-1.0,-0.0014308155323463634,0.0008978571428571566,1.593589296169354,-1.0
1.15833,1.1600241934658073,-1.0,-0.0016941934658072366,0.000903571428571448,1.8749967210514469,-1.0
1.15755,1.1596979751982206,-1.0,-0.0021479751982205197,0.000975714285714302,2.2014387097428094,-1.0
1.15766,1.1596624197247194,-1.0,-0.002002419724719484,0.0009257142857142916,2.1631077273204165,-1.0
1.15842,1.159677708799585,-1.0,-0.0012577087995850889,0.0009321428571428576,1.3492661451487535,-1.0
1.15837,1.1596953196507314,-1.0,-0.0013253196507314602,0.0008792857142857015,1.5072684898652082,-1.0
1.15821,1.159700813252773,-1.0,-0.0014908132527731155,0.0008557142857142771,1.7421857711872977,-1.0
1.15746,1.159601628753916,-1.0,-0.0021416287539159917,0.0008499999999999856,2.5195632399012093,-1.0
1.15768,1.1595851862201916,-1.0,-0.0019051862201915348,0.0008264285714285613,2.3053247262473477,-1.0
1.15818,1.1595863897405978,-1.0,-0.0014063897405978132,0.0008399999999999837,1.6742735007117149,-1.0
1.15785,1.1595854364528777,-1.0,-0.001735436452877659,0.000835714285714273,2.0765906273750083,-1.0
1.15827,1.1595860917497514,-1.0,-0.0013160917497514468,0.0008464285714285655,1.5548763288202856,-1.0
1.15884,1.1595779059261204,-1.0,-0.0007379059261203302,0.000878571428571427,0.8398929240394017,-1.0
1.15898,1.159596797107844,-1.0,-0.0006167971078441248,0.0008642857142856984,0.7136495462659426,-1.0
1.15834,1.1596016111812288,-1.0,-0.0012616111812289166,0.0008457142857142592,1.4917699778045088,-1.0
1.15799,1.1596057982536427,-1.0,-0.001615798253642664,0.0008292857142856912,1.9484216667526209,-1.0
1.15809,1.1596192219212944,-1.0,-0.0015292219212943436,0.000774999999999986,1.9731895758637048,-1.0
1.15871,1.1596299222455755,-1.0,-0.0009199222455755773,0.0008385714285714028,1.0970111957460373,-1.0
1.15859,1.1596184613903904,-1.0,-0.0010284613903903672,0.0007814285714285361,1.3161297500425768,-1.0
1.15915,1.1596177911328756,-1.0,-0.0004677911328756501,0.0008242857142856901,0.5675109064349475,-1.0
1.15818,1.1596086553037206,-1.0,-0.0014286553037206051,0.000868571428571409,1.6448334088888916,-1.0
1.15872,1.1596020465434798,-1.0,-0.0008820465434797864,0.0008607142857142781,1.0247843658686404,-1.0
1.15853,1.1595986738041386,-1.0,-0.0010686738041385535,0.0008749999999999909,1.2213414904440738,-1.0
1.1576,1.1595876482912613,-1.0,-0.0019876482912613014,0.0009271428571428565,2.143842532947476,-1.0
1.15733,1.159544314080603,-1.0,-0.0022143140806030193,0.0008842857142857184,2.50407085043959,-1.0
1.1575,1.1595325707756106,-1.0,-0.002032570775610587,0.000888571428571429,2.287459072230563,-1.0
1.15782,1.1595270921867469,-1.0,-0.0017070921867468059,0.0008542857142857122,1.998268446024694,-1.0
1.15815,1.1595158818830047,-1.0,-0.0013658818830046826,0.0008921428571428651,1.5310125189804151,-1.0
1.15741,1.1595115959494096,-1.0,-0.002101595949409507,0.0009064285714285937,2.3185455706644897,-1.0
1.15665,1.1592442333517654,-1.0,-0.0025942333517654514,0.0009585714285714435,2.70635372017256,-1.0
1.15737,1.1592325882717098,-1.0,-0.0018625882717098197,0.0009857142857142881,1.8895823046331457,-1.0
1.15729,1.1592219236937837,-1.0,-0.0019319236937838102,0.0009464285714285861,2.041277865130032,-1.0
1.15723,1.159202581523292,-1.0,-0.0019725815232920496,0.0009621428571428796,2.0501960895388307,-1.0
1.15707,1.159182985437414,-1.0,-0.0021129854374140056,0.0009235714285714362,2.2878419275944184,-1.0
1.15714,1.1591628568441688,-1.0,-0.0020228568441686967,0.0009021428571428672,2.2422799539478575,-1.0
1.15759,1.1591613188445908,-1.0,-0.001571318844590941,0.0009078571428571428,1.730799671461304,-1.0
1.15851,1.1591515258871814,-1.0,-0.0006415258871814711,0.0009157142857142896,0.7005742917738345,-1.0
1.15835,1.1591404421841016,-1.0,-0.0007904421841016251,0.0008685714285714249,0.9100485672222696,-1.0
1.15758,1.1591208821084615,-1.0,-0.0015408821084614832,0.0009428571428571342,1.6342689029137094,-1.0
1.15691,1.1591061650769534,-1.0,-0.0021961650769533048,0.000960714285714283,2.285971083817573,-1.0
1.15738,1.1590659958283562,-1.0,-0.0016859958283561571,0.000987142857142853,1.7079552530380822,-1.0
1.1579,1.1590501517741865,-1.0,-0.0011501517741865364,0.0009678571428571393,1.1883486965764996,-1.0
1.15808,1.15902932852588,-1.0,-0.0009493285258799222,0.0009257142857142757,1.0255092100554826,-1.0
1.15806,1.1590125702944394,-1.0,-0.0009525702944392922,0.0008557142857142771,1.1131873223831572,-1.0
1.1578,1.1590001388925848,-1.0,-0.0012001388925848566,0.0008192857142857049,1.4648600258228583,-1.0
1.15761,1.1589772700126384,-1.0,-0.0013672700126383663,0.0008392857142857091,1.6290876746329572,-1.0
1.15697,1.1589572350609756,-1.0,-0.001987235060975534,0.0008799999999999919,2.2582216601994913,-1.0
1.15716,1.1589290796186018,-1.0,-0.0017690796186018432,0.0008764285714285716,2.0185097522759414,-1.0
1.1578,1.1589135769611014,-1.0,-0.0011135769611014812,0.0009107142857142726,1.222751172974193,-1.0
1.15793,1.1588968708491256,-1.0,-0.0009668708491257227,0.000889999999999994,1.086371740590707,-1.0
1.15873,1.1580513385660236,1.0,0.0006786614339764352,0.0008828571428571376,0.7687103621092354,1.0
1.15815,1.1580442578509889,1.0,0.00010574214901115653,0.0008928571428571397,0.11843120689249573,1.0
1.15756,1.158027949055325,1.0,-0.00046794905532498987,0.0008692857142857153,0.5383144432662161,1.0
1.15758,1.1580255234481847,1.0,-0.00044552344818460377,0.0008492857142857112,0.5245860617817053,1.0
1.15776,1.1580234916970218,1.0,-0.00026349169702188924,0.0008171428571428655,0.3224548739778332,1.0
1.15757,1.1580129941743849,1.0,-0.00044299417438486977,0.0008242857142857377,0.5374279411948008,1.0
1.15683,1.1588380234368951,-1.0,-0.002008023436895101,0.0008657142857143109,2.319499019515726,-1.0
1.15676,1.1587553634635979,-1.0,-0.0019953634635978545,0.0008778571428571683,2.272993367808719,-1.0
1.15597,1.158382565390586,-1.0,-0.0024125653905859856,0.0009221428571428872,2.616259912331735,-1.0
1.15563,1.1581945975073986,-1.0,-0.0025645975073986804,0.0009292857142857436,2.7597513530807376,-1.0
1.15529,1.158010095723581,-1.0,-0.0027200957235811174,0.0009042857142857384,3.008004749615689,-1.0
1.1546,1.1576958419580063,-1.0,-0.0030958419580062735,0.0009550000000000233,3.241719327755181,-1.0
1.15394,1.157402992704935,-1.0,-0.0034629927049349973,0.0009485714285714573,3.650745321467507,-1.0
1.1533,1.1570667501855163,-1.0,-0.00376675018551631,0.0009700000000000264,3.8832476139342345,-1.0
1.15341,1.1570209230655832,-1.0,-0.0036109230655831936,0.0009721428571428817,3.714395511988496,-1.0
1.15248,1.1565992930744056,-1.0,-0.004119293074405617,0.0010078571428571634,4.087179521026043,-1.0
1.15334,1.1565814901047506,-1.0,-0.0032414901047506106,0.0010392857142857187,3.1189595509627734,-1.0
1.15298,1.1565364306924097,-1.0,-0.003556430692409851,0.0010521428571428665,3.380178526390867,-1.0
1.15314,1.156506448727987,-1.0,-0.0033664487279869704,0.0010821428571428568,3.1109097156315246,-1.0
1.15252,1.1564621051971757,-1.0,-0.003942105197175749,0.0011114285714285568,3.5468812828059906,-1.0
1.15201,1.156176475083372,-1.0,-0.00416647508337209,0.0010849999999999868,3.8400692012646456,-1.0
1.15183,1.1559614590395435,-1.0,-0.004131459039543595,0.0010792857142856954,3.82795675404443,-1.0
1.15215,1.1559255742566372,-1.0,-0.0037755742566372152,0.001055714285714271,3.5763220292910525,-1.0
1.15287,1.1558877204980837,-1.0,-0.003017720498083687,0.0010992857142856996,2.7451648455602458,-1.0
1.15291,1.1558472424979669,-1.0,-0.0029372424979667855,0.0010749999999999846,2.7323186027598396,-1.0
1.15352,1.1558052154009477,-1.0,-0.0022852154009476155,0.001065714285714289,2.1443039955272467,-1.0
1.15431,1.1549089272914626,1.0,-0.0005989272914626032,0.001087142857142858,0.5509186649458895,1.0
1.15438,1.1549763960086001,1.0,-0.0005963960086001752,0.0010571428571428518,0.5641583865136821,1.0
1.15462,1.155130792283427,1.0,-0.0005107922834270973,0.0010242857142857156,0.49868144825518496,1.0
1.1543,1.1550983733362865,1.0,-0.0007983733362864065,0.0009821428571428678,0.8128892151279686,1.0
1.15386,1.1550751967494806,1.0,-0.0012151967494804516,0.0009600000000000243,1.2658299473754384,1.0
1.15397,1.155022896003631,1.0,-0.0010528960036311208,0.0009478571428571511,1.110817185443524,1.0
1.15338,1.1549855026975502,1.0,-0.0016055026975501097,0.0009264285714285661,1.7330021407634282,1.0
1.15247,1.155859632604879,-1.0,-0.0033896326048787895,0.0009614285714285575,3.5256208371696687,-1.0
1.15263,1.155799701732883,-1.0,-0.0031697017328828903,0.0009635714285714128,3.2895347857940096,-1.0
1.15273,1.155769388254392,-1.0,-0.0030393882543919837,0.0009435714285714088,3.2211533354646984,-1.0
1.1518,1.1553266948672605,-1.0,-0.003526694867260538,0.0009864285714285468,3.5752156510969417,-1.0
1.15203,1.1552764693881863,-1.0,-0.0032464693881861795,0.0008985714285714153,3.612923007520444,-1.0
1.15267,1.1552060347056723,-1.0,-0.0025360347056722077,0.0009214285714285651,2.752285727086136,-1.0
1.15248,1.1551608049109463,-1.0,-0.002680804910946355,0.0008928571428571239,3.0025015002599815,-1.0
1.15342,1.155102843496298,-1.0,-0.0016828434962981031,0.0008471428571428399,1.9864931659505838,-1.0
1.15423,1.154350889258618,1.0,-0.00012088925861797328,0.0008992857142857057,0.13442808742268803,1.0
1.15404,1.1543197753023833,1.0,-0.0002797753023833227,0.0008857142857142833,0.3158753414005265,1.0
1.15444,1.1544652012682755,1.0,-2.5201268275543143e-05,0.0008878571428571387,0.028384372957168596,1.0
1.15444,1.1544832486728767,1.0,-4.324867287675005e-05,0.0008428571428571452,0.05131198476902534,1.0
1.15444,1.1545473041835024,1.0,-0.00010730418350246573,0.0008028571428571528,0.13365289760093432,1.0
1.15534,1.154873384222004,1.0,0.0004666157779960045,0.000855714285714293,0.5452938974911525,1.0
1.15505,1.1548439417018133,1.0,0.000206058298186651,0.0008178571428571559,0.2519490108832374,1.0
1.15476,1.154822233921728,1.0,-6.223392172799436e-05,0.0008021428571428782,0.07758458630381995,1.0
1.15382,1.1547795076129026,1.0,-0.0009595076129025326,0.0009100000000000298,1.0544039702225287,1.0
1.15353,1.1556388810805154,-1.0,-0.0021088810805154345,0.0008714285714286023,2.4200274694438555,-1.0
1.15428,1.1556222991338494,-1.0,-0.0013422991338494228,0.0009278571428571628,1.4466657331710173,-1.0
1.15404,1.155610300484077,-1.0,-0.0015703004840770252,0.000897142857142882,1.750334934480712,-1.0
1.15389,1.1555893003872355,-1.0,-0.001699300387235425,0.0008935714285714459,1.901695077641526,-1.0
1.15333,1.155404938225228,-1.0,-0.0020749382252280846,0.0009014285714285927,2.3018332134066957,-1.0
1.15312,1.15529360396405,-1.0,-0.002173603964050086,0.0008764285714285876,2.4800697226324893,-1.0
1.15286,1.1550896396352286,-1.0,-0.0022296396352285974,0.0008885714285714449,2.5092407470417837,-1.0
1.15315,1.155074809527213,-1.0,-0.0019248095272130783,0.0008728571428571515,2.2051827644012136,-1.0
1.15248,1.1548433773442606,-1.0,-0.00236337734426062,0.0009021428571428672,2.619737357058457,-1.0
1.15178,1.1545086440883616,-1.0,-0.002728644088361598,0.0009685714285714456,2.817184162025199,-1.0
1.15246,1.1544855713224202,-1.0,-0.0020255713224202054,0.0009371428571428904,2.1614328135580694,-1.0
1.1522,1.1544543402418728,-1.0,-0.0022543402418728764,0.0009092857142857553,2.479242999702973,-1.0
1.15174,1.1543890731789839,-1.0,-0.002649073178983885,0.0009264285714286137,2.8594467622029835,-1.0
1.15179,1.1543535857597393,-1.0,-0.002563585759739251,0.0008471428571429034,3.0261551969938916,-1.0
1.15133,1.15406669682947,-1.0,-0.0027366968294699756,0.0008464285714286131,3.233228321736521,-1.0
1.15057,1.1536831960523939,-1.0,-0.0031131960523937963,0.0008535714285714693,3.6472589735155703,-1.0
1.15136,1.1536260420722368,-1.0,-0.002266042072236907,0.0009164285714285958,2.472688153648936,-1.0
1.1516,1.1535882885419473,-1.0,-0.001988288541947325,0.0009250000000000329,2.149501126429464,-1.0
1.15166,1.1535482776799446,-1.0,-0.0018882776799447054,0.0009128571428571755,2.068535799626364,-1.0
1.1518,1.153538243755169,-1.0,-0.0017382437551689556,0.0008721428571428927,1.993072282748926,-1.0
1.15185,1.1534956417513524,-1.0,-0.0016456417513524002,0.0008721428571428769,1.8868947189953384,-1.0
1.15199,1.153471580203302,-1.0,-0.0014815802033019132,0.0008685714285714566,1.7057666814330688,-1.0
1.1513,1.1534451925433453,-1.0,-0.002145192543345331,0.0008871428571428799,2.4180914337225334,-1.0
1.15122,1.1533941829187793,-1.0,-0.002174182918779355,0.000844285714285726,2.5751743538841407,-1.0
1.15065,1.1533505671101225,-1.0,-0.002700567110122565,0.0008500000000000016,3.177137776614776,-1.0
1.14976,1.1529638082249298,-1.0,-0.0032038082249299382,0.0009192857142857098,3.485106072184876,-1.0
1.14962,1.152821773261243,-1.0,-0.003201773261242824,0.0009007142857142865,3.554704651657375,-1.0
1.14864,1.1523341917469638,-1.0,-0.0036941917469637264,0.0009571428571428468,3.8596033177233378,-1.0
1.14859,1.1521798135109766,-1.0,-0.003589813510976647,0.0009107142857142885,3.9417560120527773,-1.0
1.14911,1.1521310722991402,-1.0,-0.0030210722991401706,0.0008778571428571366,3.441416776888746,-1.0
1.14993,1.1520967256198498,-1.0,-0.002166725619849874,0.0008692857142857153,2.4925356349957437,-1.0
1.14912,1.1520504213426237,-1.0,-0.002930421342623779,0.0009192857142857098,3.1877155242216864,-1.0
1.14932,1.151989983941489,-1.0,-0.002669983941489207,0.0008942857142857046,2.9856050463937143,-1.0
1.15027,1.1519491623916802,-1.0,-0.0016791623916803111,0.000994999999999984,1.687600393648581,-1.0
1.15087,1.151135722583668,1.0,-0.0002657225836679711,0.0010235714285714253,0.2596033615737339,1.0
1.15053,1.1511081713710825,1.0,-0.0005781713710824032,0.0010235714285714253,0.5648568873100956,1.0
1.15135,1.1513503221757608,1.0,-3.221757607363429e-07,0.0010085714285714223,0.00031943772310969045,1.0
1.15102,1.151292092811813,1.0,-0.0002720928118131738,0.0010007142857142912,0.27189859852850906,1.0
1.15092,1.1512568806957622,1.0,-0.00033688069576220947,0.0009664285714285903,0.3485831293917842,1.0
1.1515,1.151422591320041,1.0,7.740867995886802e-05,0.0009171428571428862,0.08440198749409018,1.0
1.15093,1.1513702379842226,1.0,-0.0004402379842225468,0.000969285714285736,0.45418804562384063,1.0
1.15039,1.1513491473310207,1.0,-0.0009591473310206489,0.0009685714285714615,0.9902701057734976,1.0
1.14955,1.1523005466267229,-1.0,-0.002750546626722805,0.0010457142857143006,2.6303041512376177,-1.0
1.15046,1.1522666808632642,-1.0,-0.0018066808632641873,0.0010771428571428876,1.6772899261072882,-1.0
1.1513,1.1522425121217834,-1.0,-0.0009425121217834231,0.0011107142857143299,0.848563968165106,-1.0
1.15221,1.151254005252263,1.0,0.000955994747736888,0.0011278571428571884,0.847620422312596,1.0
1.15284,1.1515279876500162,1.0,0.0013120123499839043,0.001177857142857183,1.11389768949509,1.0
1.15227,1.151490413438197,1.0,0.0007795865618029918,0.0010935714285714715,0.7128812452803042,1.0
1.15234,1.1514711084220288,1.0,0.0008688915779710982,0.0010985714285714726,0.7909286145380291,1.0
1.1523,1.1514281660002808,1.0,0.0008718339997193514,0.0010885714285714704,0.8008973750702395,1.0
1.15222,1.1514266708387442,1.0,0.0007933291612558513,0.0010421428571428962,0.7612479957218301,1.0
1.15215,1.151386357284181,1.0,0.0007636427158190795,0.0010764285714285973,0.7094225628047018,1.0
1.15295,1.1517130520643222,1.0,0.0012369479356777457,0.0010957142857142951,1.1288964210878938,1.0
1.1522,1.151705051772758,1.0,0.0004949482272418315,0.0010985714285714249,0.45053804820452953,1.0
1.15133,1.1517004353019926,1.0,-0.0003704353019926554,0.0010807142857142762,0.34276895095156784,1.0
1.15112,1.1516811665207893,1.0,-0.0005611665207894134,0.0010242857142856998,0.5478613173676359,1.0
1.15052,1.1524008067058775,-1.0,-0.0018808067058775357,0.0010407142857142837,1.8072267592508957,-1.0
1.14965,1.1520386658429116,-1.0,-0.0023886658429115304,0.001085714285714277,2.200086960576427,-1.0
1.14877,1.1516126478611777,-1.0,-0.002842647861177605,0.001065714285714273,2.6673639448047552,-1.0
1.14874,1.1514672800932062,-1.0,-0.002727280093206108,0.0009785714285714317,2.7870015551011234,-1.0
1.14777,1.1509872970420552,-1.0,-0.0032172970420552005,0.0009735714285714467,3.304633792279675,-1.0
1.14874,1.1509717832276507,-1.0,-0.0022317832276506078,0.0010235714285714412,2.180388359184098,-1.0
1.14844,1.150959277362253,-1.0,-0.002519277362253103,0.0010157142857142945,2.4803012005304597,-1.0
1.14943,1.1509547346716866,-1.0,-0.0015247346716866783,0.0010914285714285685,1.3970082070427718,-1.0
1.14997,1.1497890850065229,1.0,0.00018091499347705486,0.0011421428571428535,0.15839961905433247,1.0
1.15049,1.1500317124702484,1.0,0.0004582875297516331,0.0011592857142857119,0.3953188796378852,1.0
1.14969,1.15002371140407,1.0,-0.00033371140406979194,0.0011978571428571552,0.2785903194381061,1.0
1.15036,1.1500089095482582,1.0,0.0003510904517418645,0.0012350000000000178,0.28428376659259874,1.0
1.14988,1.1499958949613545,1.0,-0.00011589496135444577,0.001197857142857171,0.09675190572225417,1.0
1.15055,1.1500522468090177,1.0,0.0004977531909822197,0.0012128571428571741,0.41039721282396324,1.0
1.15005,1.1500420781927532,1.0,7.921807246846768e-06,0.0011850000000000233,0.006685069406621614,1.0
1.1498,1.1500319049577195,1.0,-0.0002319049577195198,0.001130000000000028,0.20522562630045493,1.0
1.14948,1.1500250735030484,1.0,-0.0005450735030483322,0.0010871428571428737,0.5013816716607448,1.0
1.15006,1.1500169275807162,1.0,4.307241928391825e-05,0.001129999999999996,0.03811718520700744,1.0
1.15042,1.150036350305541,1.0,0.0003836496944589207,0.001087142857142858,0.3528972222355379,1.0
1.14994,1.1500140318166232,1.0,-7.403181662324343e-05,0.0010635714285714335,0.06960681213736758,1.0
1.15013,1.149995224990257,1.0,0.00013477500974312662,0.0010499999999999954,0.12835715213631163,1.0
1.14976,1.149968845476381,1.0,-0.00020884547638111428,0.0009807142857142872,0.21295241582924948,1.0
1.14914,1.1499413157337646,1.0,-0.0008013157337645183,0.0009892857142857242,0.8099942435164724,1.0
1.14841,1.1499219538501846,1.0,-0.0015119538501846552,0.0010100000000000029,1.4969840100838128,1.0
1.14851,1.1499002940647813,1.0,-0.0013902940647814166,0.0009592857142857181,1.4493013333536675,1.0
